date,hour_start,hour_end,hours,start_iso,end_iso
2022-02-25,07:19,08:26,73.1,2022-02-25T07:19:07,2022-02-28T08:26:56
2022-02-28,08:31,08:43,0.2,2022-02-28T08:31:05,2022-02-28T08:43:38
2022-02-28,10:51,11:10,0.3,2022-02-28T10:51:23,2022-02-28T11:10:09
2022-02-28,12:29,12:57,0.5,2022-02-28T12:29:15,2022-02-28T12:57:45
2022-02-28,13:11,13:37,0.4,2022-02-28T13:11:29,2022-02-28T13:37:00
2022-02-28,18:41,19:32,0.9,2022-02-28T18:41:52,2022-02-28T19:32:54
2022-02-28,19:43,21:45,2.0,2022-02-28T19:43:21,2022-02-28T21:45:28
2022-02-28,23:09,23:48,0.6,2022-02-28T23:09:11,2022-02-28T23:48:08
2022-03-01,02:28,02:41,0.2,2022-03-01T02:28:25,2022-03-01T02:41:14
2022-03-01,07:00,09:23,2.4,2022-03-01T07:00:30,2022-03-01T09:23:50
2022-03-01,09:29,09:53,0.4,2022-03-01T09:29:02,2022-03-01T09:53:18
2022-03-01,10:58,11:20,0.4,2022-03-01T10:58:17,2022-03-01T11:20:21
2022-03-01,12:37,13:00,0.4,2022-03-01T12:37:51,2022-03-01T13:00:03
2022-03-01,14:05,15:45,1.7,2022-03-01T14:05:32,2022-03-01T15:45:28
2022-03-01,16:21,16:33,0.2,2022-03-01T16:21:23,2022-03-01T16:33:52
2022-03-01,17:08,18:25,1.3,2022-03-01T17:08:20,2022-03-01T18:25:07
2022-03-01,22:04,23:49,1.7,2022-03-01T22:04:27,2022-03-01T23:49:05
2022-03-02,07:33,08:28,0.9,2022-03-02T07:33:28,2022-03-02T08:28:42
2022-03-02,09:36,10:53,1.3,2022-03-02T09:36:43,2022-03-02T10:53:03
2022-03-02,12:35,12:56,0.3,2022-03-02T12:35:35,2022-03-02T12:56:06
2022-03-02,12:57,14:34,1.6,2022-03-02T12:57:35,2022-03-02T14:34:37
2022-03-02,15:30,16:28,1.0,2022-03-02T15:30:05,2022-03-02T16:28:51
2022-03-02,20:24,21:24,1.0,2022-03-02T20:24:58,2022-03-02T21:24:01
2022-03-02,22:17,23:15,1.0,2022-03-02T22:17:54,2022-03-02T23:15:26
2022-03-03,01:21,02:37,1.3,2022-03-03T01:21:28,2022-03-03T02:37:37
2022-03-03,02:43,07:16,4.6,2022-03-03T02:43:16,2022-03-03T07:16:21
2022-03-03,07:28,11:10,3.7,2022-03-03T07:28:29,2022-03-03T11:10:19
2022-03-03,17:59,18:19,0.3,2022-03-03T17:59:48,2022-03-03T18:19:23
2022-03-03,21:52,23:52,2.0,2022-03-03T21:52:57,2022-03-03T23:52:40
2022-03-04,02:32,03:00,0.5,2022-03-04T02:32:11,2022-03-04T03:00:25
2022-03-04,07:52,10:09,2.3,2022-03-04T07:52:21,2022-03-04T10:09:29
2022-03-04,10:30,12:10,1.7,2022-03-04T10:30:15,2022-03-04T12:10:08
2022-03-04,13:30,17:00,3.5,2022-03-04T13:30:49,2022-03-04T17:00:51
2022-03-04,18:03,19:36,1.5,2022-03-04T18:03:38,2022-03-04T19:36:37
2022-03-04,20:57,21:30,0.5,2022-03-04T20:57:58,2022-03-04T21:30:30
2022-03-04,22:15,08:43,10.5,2022-03-04T22:15:51,2022-03-05T08:43:00
2022-03-05,09:18,11:09,1.9,2022-03-05T09:18:01,2022-03-05T11:09:20
2022-03-05,11:13,11:55,0.7,2022-03-05T11:13:28,2022-03-05T11:55:48
2022-03-05,15:49,17:46,2.0,2022-03-05T15:49:12,2022-03-05T17:46:41
2022-03-05,17:51,18:00,0.2,2022-03-05T17:51:40,2022-03-05T18:00:41
2022-03-05,23:38,00:21,0.7,2022-03-05T23:38:35,2022-03-06T00:21:26
2022-03-06,01:56,03:19,1.4,2022-03-06T01:56:29,2022-03-06T03:19:43
2022-03-06,10:25,10:51,0.4,2022-03-06T10:25:30,2022-03-06T10:51:36
2022-03-06,10:57,11:48,0.9,2022-03-06T10:57:39,2022-03-06T11:48:48
2022-03-06,12:12,13:54,1.7,2022-03-06T12:12:39,2022-03-06T13:54:59
2022-03-06,20:00,21:56,1.9,2022-03-06T20:00:19,2022-03-06T21:56:39
2022-03-06,23:50,01:21,1.5,2022-03-06T23:50:06,2022-03-07T01:21:43
2022-03-07,05:00,08:11,3.2,2022-03-07T05:00:58,2022-03-07T08:11:29
2022-03-07,14:50,18:23,3.5,2022-03-07T14:50:18,2022-03-07T18:23:12
2022-03-07,19:50,21:13,1.4,2022-03-07T19:50:16,2022-03-07T21:13:49
2022-03-08,11:38,12:12,0.6,2022-03-08T11:38:50,2022-03-08T12:12:16
2022-03-08,15:37,16:25,0.8,2022-03-08T15:37:00,2022-03-08T16:25:58
2022-03-08,22:54,23:20,0.4,2022-03-08T22:54:11,2022-03-08T23:20:52
2022-03-09,00:07,00:39,0.5,2022-03-09T00:07:21,2022-03-09T00:39:15
2022-03-09,04:37,06:21,1.7,2022-03-09T04:37:44,2022-03-09T06:21:57
2022-03-09,08:46,09:23,0.6,2022-03-09T08:46:37,2022-03-09T09:23:06
2022-03-09,10:32,11:06,0.6,2022-03-09T10:32:36,2022-03-09T11:06:03
2022-03-09,12:42,13:36,0.9,2022-03-09T12:42:05,2022-03-09T13:36:36
2022-03-09,13:43,14:13,0.5,2022-03-09T13:43:38,2022-03-09T14:13:56
2022-03-09,15:47,16:39,0.9,2022-03-09T15:47:50,2022-03-09T16:39:23
2022-03-09,18:48,20:07,1.3,2022-03-09T18:48:44,2022-03-09T20:07:32
2022-03-09,20:41,21:08,0.4,2022-03-09T20:41:43,2022-03-09T21:08:41
2022-03-09,23:52,01:28,1.6,2022-03-09T23:52:59,2022-03-10T01:28:55
2022-03-10,04:23,07:45,3.4,2022-03-10T04:23:12,2022-03-10T07:45:50
2022-03-10,08:40,09:31,0.9,2022-03-10T08:40:00,2022-03-10T09:31:51
2022-03-10,12:51,13:52,1.0,2022-03-10T12:51:41,2022-03-10T13:52:48
2022-03-10,14:02,15:09,1.1,2022-03-10T14:02:24,2022-03-10T15:09:07
2022-03-10,23:06,00:26,1.3,2022-03-10T23:06:58,2022-03-11T00:26:15
2022-03-11,02:28,02:53,0.4,2022-03-11T02:28:30,2022-03-11T02:53:42
2022-03-11,03:48,07:57,4.1,2022-03-11T03:48:32,2022-03-11T07:57:11
2022-03-11,09:00,10:05,1.1,2022-03-11T09:00:09,2022-03-11T10:05:20
2022-03-11,10:58,12:29,1.5,2022-03-11T10:58:32,2022-03-11T12:29:24
2022-03-11,13:21,14:56,1.6,2022-03-11T13:21:49,2022-03-11T14:56:20
2022-03-11,16:02,16:31,0.5,2022-03-11T16:02:56,2022-03-11T16:31:49
2022-03-11,18:58,20:17,1.3,2022-03-11T18:58:53,2022-03-11T20:17:30
2022-03-11,21:15,21:36,0.4,2022-03-11T21:15:32,2022-03-11T21:36:59
2022-03-11,23:07,00:11,1.1,2022-03-11T23:07:09,2022-03-12T00:11:01
2022-03-12,02:45,04:23,1.6,2022-03-12T02:45:19,2022-03-12T04:23:42
2022-03-12,05:21,08:07,2.8,2022-03-12T05:21:34,2022-03-12T08:07:28
2022-03-12,14:23,14:47,0.4,2022-03-12T14:23:47,2022-03-12T14:47:39
2022-03-12,15:52,16:42,0.8,2022-03-12T15:52:03,2022-03-12T16:42:18
2022-03-13,03:30,06:32,3.0,2022-03-13T03:30:59,2022-03-13T06:32:37
2022-03-13,10:59,12:23,1.4,2022-03-13T10:59:30,2022-03-13T12:23:48
2022-03-13,14:29,15:50,1.4,2022-03-13T14:29:04,2022-03-13T15:50:12
2022-03-13,16:15,17:34,1.3,2022-03-13T16:15:05,2022-03-13T17:34:31
2022-03-13,18:19,21:15,2.9,2022-03-13T18:19:45,2022-03-13T21:15:52
2022-03-14,02:16,07:38,5.4,2022-03-14T02:16:56,2022-03-14T07:38:31
2022-03-14,11:26,13:02,1.6,2022-03-14T11:26:53,2022-03-14T13:02:02
2022-03-14,16:33,16:57,0.4,2022-03-14T16:33:18,2022-03-14T16:57:26
2022-03-14,17:11,17:43,0.5,2022-03-14T17:11:24,2022-03-14T17:43:39
2022-03-14,19:23,20:42,1.3,2022-03-14T19:23:25,2022-03-14T20:42:19
2022-03-14,21:32,22:04,0.5,2022-03-14T21:32:26,2022-03-14T22:04:41
2022-03-14,23:29,00:33,1.1,2022-03-14T23:29:43,2022-03-15T00:33:29
2022-03-15,03:45,06:06,2.3,2022-03-15T03:45:42,2022-03-15T06:06:18
2022-03-15,07:18,08:14,0.9,2022-03-15T07:18:09,2022-03-15T08:14:42
2022-03-15,09:10,09:31,0.4,2022-03-15T09:10:16,2022-03-15T09:31:56
2022-03-15,10:26,12:22,1.9,2022-03-15T10:26:32,2022-03-15T12:22:30
2022-03-15,12:32,13:03,0.5,2022-03-15T12:32:29,2022-03-15T13:03:59
2022-03-15,18:19,20:52,2.6,2022-03-15T18:19:17,2022-03-15T20:52:24
2022-03-16,01:33,05:41,4.1,2022-03-16T01:33:43,2022-03-16T05:41:55
2022-03-16,06:12,06:54,0.7,2022-03-16T06:12:43,2022-03-16T06:54:27
2022-03-16,07:31,08:26,0.9,2022-03-16T07:31:49,2022-03-16T08:26:37
2022-03-16,09:09,12:44,3.6,2022-03-16T09:09:43,2022-03-16T12:44:14
2022-03-16,13:33,15:10,1.6,2022-03-16T13:33:18,2022-03-16T15:10:33
2022-03-16,17:47,19:24,1.6,2022-03-16T17:47:11,2022-03-16T19:24:44
2022-03-16,22:31,23:00,0.5,2022-03-16T22:31:17,2022-03-16T23:00:07
2022-03-16,23:43,00:20,0.6,2022-03-16T23:43:13,2022-03-17T00:20:58
2022-03-17,03:21,05:09,1.8,2022-03-17T03:21:25,2022-03-17T05:09:50
2022-03-17,10:19,10:49,0.5,2022-03-17T10:19:01,2022-03-17T10:49:34
2022-03-17,11:05,12:19,1.2,2022-03-17T11:05:57,2022-03-17T12:19:59
2022-03-17,12:45,13:46,1.0,2022-03-17T12:45:52,2022-03-17T13:46:43
2022-03-17,14:14,15:18,1.1,2022-03-17T14:14:55,2022-03-17T15:18:55
2022-03-17,16:17,16:34,0.3,2022-03-17T16:17:26,2022-03-17T16:34:10
2022-03-17,23:19,23:49,0.5,2022-03-17T23:19:44,2022-03-17T23:49:59
2022-03-18,03:28,04:11,0.7,2022-03-18T03:28:25,2022-03-18T04:11:56
2022-03-18,05:18,06:37,1.3,2022-03-18T05:18:21,2022-03-18T06:37:33
2022-03-18,07:48,08:56,1.1,2022-03-18T07:48:01,2022-03-18T08:56:09
2022-03-18,10:46,11:50,1.1,2022-03-18T10:46:53,2022-03-18T11:50:44
2022-03-18,17:00,17:42,0.7,2022-03-18T17:00:09,2022-03-18T17:42:08
2022-03-18,17:48,18:27,0.7,2022-03-18T17:48:10,2022-03-18T18:27:15
2022-03-18,19:02,19:47,0.7,2022-03-18T19:02:14,2022-03-18T19:47:12
2022-03-18,21:12,22:02,0.8,2022-03-18T21:12:37,2022-03-18T22:02:12
2022-03-19,04:29,06:06,1.6,2022-03-19T04:29:00,2022-03-19T06:06:15
2022-03-19,06:45,07:19,0.6,2022-03-19T06:45:42,2022-03-19T07:19:36
2022-03-19,10:03,10:42,0.7,2022-03-19T10:03:42,2022-03-19T10:42:52
2022-03-19,11:45,13:35,1.8,2022-03-19T11:45:36,2022-03-19T13:35:05
2022-03-19,23:00,23:28,0.5,2022-03-19T23:00:55,2022-03-19T23:28:38
2022-03-19,23:30,00:09,0.6,2022-03-19T23:30:34,2022-03-20T00:09:30
2022-03-20,01:04,01:26,0.4,2022-03-20T01:04:53,2022-03-20T01:26:19
2022-03-20,04:59,06:31,1.5,2022-03-20T04:59:10,2022-03-20T06:31:41
2022-03-20,11:31,12:54,1.4,2022-03-20T11:31:03,2022-03-20T12:54:25
2022-03-20,16:32,16:59,0.4,2022-03-20T16:32:30,2022-03-20T16:59:09
2022-03-20,21:17,00:05,2.8,2022-03-20T21:17:57,2022-03-21T00:05:27
2022-03-21,01:32,02:17,0.7,2022-03-21T01:32:28,2022-03-21T02:17:15
2022-03-21,04:55,06:06,1.2,2022-03-21T04:55:51,2022-03-21T06:06:43
2022-03-21,06:49,07:44,0.9,2022-03-21T06:49:03,2022-03-21T07:44:20
2022-03-21,10:41,11:42,1.0,2022-03-21T10:41:25,2022-03-21T11:42:46
2022-03-21,12:44,14:18,1.6,2022-03-21T12:44:14,2022-03-21T14:18:23
2022-03-21,16:13,18:56,2.7,2022-03-21T16:13:12,2022-03-21T18:56:01
2022-03-21,19:47,21:03,1.3,2022-03-21T19:47:37,2022-03-21T21:03:34
2022-03-21,23:30,00:17,0.8,2022-03-21T23:30:05,2022-03-22T00:17:13
2022-03-22,04:33,05:16,0.7,2022-03-22T04:33:47,2022-03-22T05:16:04
2022-03-22,06:13,08:16,2.1,2022-03-22T06:13:32,2022-03-22T08:16:47
2022-03-22,08:33,09:07,0.6,2022-03-22T08:33:16,2022-03-22T09:07:48
2022-03-22,10:46,11:56,1.2,2022-03-22T10:46:26,2022-03-22T11:56:26
2022-03-22,12:05,14:30,2.4,2022-03-22T12:05:34,2022-03-22T14:30:25
2022-03-22,15:15,16:29,1.2,2022-03-22T15:15:12,2022-03-22T16:29:46
2022-03-22,17:31,19:46,2.3,2022-03-22T17:31:19,2022-03-22T19:46:50
2022-03-22,20:27,21:07,0.7,2022-03-22T20:27:03,2022-03-22T21:07:18
2022-03-23,06:45,07:48,1.1,2022-03-23T06:45:36,2022-03-23T07:48:38
2022-03-23,10:54,11:53,1.0,2022-03-23T10:54:35,2022-03-23T11:53:00
2022-03-23,12:20,13:33,1.2,2022-03-23T12:20:15,2022-03-23T13:33:07
2022-03-23,13:59,15:01,1.0,2022-03-23T13:59:29,2022-03-23T15:01:58
2022-03-23,18:37,20:34,1.9,2022-03-23T18:37:48,2022-03-23T20:34:22
2022-03-23,21:49,22:46,1.0,2022-03-23T21:49:18,2022-03-23T22:46:21
2022-03-24,00:32,01:53,1.4,2022-03-24T00:32:52,2022-03-24T01:53:57
2022-03-24,07:49,08:47,1.0,2022-03-24T07:49:43,2022-03-24T08:47:41
2022-03-24,11:27,12:04,0.6,2022-03-24T11:27:53,2022-03-24T12:04:09
2022-03-24,12:14,12:27,0.2,2022-03-24T12:14:16,2022-03-24T12:27:37
2022-03-24,12:31,12:45,0.2,2022-03-24T12:31:27,2022-03-24T12:45:31
2022-03-24,19:30,21:02,1.5,2022-03-24T19:30:56,2022-03-24T21:02:57
2022-03-25,00:08,00:30,0.4,2022-03-25T00:08:41,2022-03-25T00:30:50
2022-03-25,06:39,09:06,2.4,2022-03-25T06:39:51,2022-03-25T09:06:19
2022-03-25,12:56,13:52,0.9,2022-03-25T12:56:20,2022-03-25T13:52:31
2022-03-25,14:22,15:14,0.9,2022-03-25T14:22:32,2022-03-25T15:14:13
2022-03-25,17:43,21:35,3.9,2022-03-25T17:43:39,2022-03-25T21:35:31
2022-03-25,23:25,00:35,1.2,2022-03-25T23:25:04,2022-03-26T00:35:12
2022-03-26,05:48,06:38,0.8,2022-03-26T05:48:08,2022-03-26T06:38:57
2022-03-26,10:59,11:54,0.9,2022-03-26T10:59:24,2022-03-26T11:54:25
2022-03-26,13:16,16:28,3.2,2022-03-26T13:16:32,2022-03-26T16:28:51
2022-03-26,16:47,18:56,2.2,2022-03-26T16:47:13,2022-03-26T18:56:44
2022-03-27,01:29,02:02,0.5,2022-03-27T01:29:57,2022-03-27T02:02:25
2022-03-27,16:27,16:59,0.5,2022-03-27T16:27:10,2022-03-27T16:59:51
2022-03-27,17:17,17:44,0.4,2022-03-27T17:17:49,2022-03-27T17:44:00
2022-03-27,20:15,00:05,3.8,2022-03-27T20:15:36,2022-03-28T00:05:08
2022-03-28,00:12,01:56,1.7,2022-03-28T00:12:02,2022-03-28T01:56:19
2022-03-28,03:40,05:07,1.5,2022-03-28T03:40:31,2022-03-28T05:07:54
2022-03-28,12:49,13:22,0.6,2022-03-28T12:49:06,2022-03-28T13:22:57
2022-03-28,15:06,17:43,2.6,2022-03-28T15:06:57,2022-03-28T17:43:35
2022-03-28,20:22,21:45,1.4,2022-03-28T20:22:37,2022-03-28T21:45:48
2022-03-28,23:57,00:00,0.1,2022-03-28T23:57:00,2022-03-29T00:00:58
2022-03-29,03:42,04:30,0.8,2022-03-29T03:42:29,2022-03-29T04:30:05
2022-03-29,07:44,08:40,0.9,2022-03-29T07:44:31,2022-03-29T08:40:30
2022-03-29,11:03,12:13,1.2,2022-03-29T11:03:51,2022-03-29T12:13:55
2022-03-29,12:55,15:07,2.2,2022-03-29T12:55:29,2022-03-29T15:07:59
2022-03-29,15:21,17:45,2.4,2022-03-29T15:21:18,2022-03-29T17:45:26
2022-03-29,20:24,21:08,0.7,2022-03-29T20:24:53,2022-03-29T21:08:45
2022-03-29,23:05,00:13,1.1,2022-03-29T23:05:26,2022-03-30T00:13:20
2022-03-30,01:03,01:29,0.4,2022-03-30T01:03:55,2022-03-30T01:29:44
2022-03-30,05:14,06:33,1.3,2022-03-30T05:14:34,2022-03-30T06:33:27
2022-03-30,06:55,07:35,0.7,2022-03-30T06:55:58,2022-03-30T07:35:06
2022-03-30,08:05,08:37,0.5,2022-03-30T08:05:14,2022-03-30T08:37:28
2022-03-30,11:41,11:53,0.2,2022-03-30T11:41:40,2022-03-30T11:53:34
2022-03-30,17:26,18:57,1.5,2022-03-30T17:26:06,2022-03-30T18:57:55
2022-03-30,22:17,23:33,1.3,2022-03-30T22:17:08,2022-03-30T23:33:33
2022-03-31,16:41,17:37,0.9,2022-03-31T16:41:59,2022-03-31T17:37:18
2022-03-31,20:35,21:17,0.7,2022-03-31T20:35:13,2022-03-31T21:17:04
2022-03-31,21:53,23:03,1.2,2022-03-31T21:53:54,2022-03-31T23:03:51
2022-04-01,00:31,01:14,0.7,2022-04-01T00:31:38,2022-04-01T01:14:37
2022-04-01,19:35,20:04,0.5,2022-04-01T19:35:48,2022-04-01T20:04:18
2022-04-02,03:37,06:58,3.4,2022-04-02T03:37:16,2022-04-02T06:58:56
2022-04-02,16:55,18:01,1.1,2022-04-02T16:55:46,2022-04-02T18:01:12
2022-04-03,04:21,06:41,2.3,2022-04-03T04:21:00,2022-04-03T06:41:31
2022-04-03,11:02,12:01,1.0,2022-04-03T11:02:47,2022-04-03T12:01:08
2022-04-03,20:10,20:52,0.7,2022-04-03T20:10:12,2022-04-03T20:52:06
2022-04-03,21:48,22:31,0.7,2022-04-03T21:48:03,2022-04-03T22:31:47
2022-04-04,03:26,04:16,0.8,2022-04-04T03:26:31,2022-04-04T04:16:00
2022-04-04,07:42,08:02,0.3,2022-04-04T07:42:22,2022-04-04T08:02:37
2022-04-04,18:17,20:12,1.9,2022-04-04T18:17:02,2022-04-04T20:12:27
2022-04-04,22:40,23:53,1.2,2022-04-04T22:40:10,2022-04-04T23:53:58
2022-04-05,05:36,06:12,0.6,2022-04-05T05:36:41,2022-04-05T06:12:55
2022-04-05,16:02,16:38,0.6,2022-04-05T16:02:48,2022-04-05T16:38:43
2022-04-05,22:11,22:58,0.8,2022-04-05T22:11:44,2022-04-05T22:58:48
2022-04-06,04:46,04:59,0.2,2022-04-06T04:46:33,2022-04-06T04:59:03
2022-04-06,12:59,13:31,0.5,2022-04-06T12:59:23,2022-04-06T13:31:50
2022-04-07,00:01,00:20,0.3,2022-04-07T00:01:54,2022-04-07T00:20:38
2022-04-07,02:16,02:31,0.2,2022-04-07T02:16:48,2022-04-07T02:31:38
2022-04-07,13:04,13:31,0.4,2022-04-07T13:04:27,2022-04-07T13:31:16
2022-04-07,20:00,20:31,0.5,2022-04-07T20:00:55,2022-04-07T20:31:21
2022-04-08,08:39,09:55,1.3,2022-04-08T08:39:01,2022-04-08T09:55:46
2022-04-09,21:19,22:17,1.0,2022-04-09T21:19:58,2022-04-09T22:17:09
2022-04-10,15:17,16:31,1.2,2022-04-10T15:17:34,2022-04-10T16:31:30
2022-04-11,03:44,04:26,0.7,2022-04-11T03:44:06,2022-04-11T04:26:00
2022-04-11,23:02,00:00,1.0,2022-04-11T23:02:20,2022-04-12T00:00:55
2022-04-12,02:36,03:06,0.5,2022-04-12T02:36:46,2022-04-12T03:06:35
2022-04-12,11:21,11:43,0.4,2022-04-12T11:21:03,2022-04-12T11:43:37
2022-04-12,22:32,23:09,0.6,2022-04-12T22:32:29,2022-04-12T23:09:58
2022-04-13,15:23,15:35,0.2,2022-04-13T15:23:19,2022-04-13T15:35:35
2022-04-14,10:38,12:41,2.1,2022-04-14T10:38:15,2022-04-14T12:41:48
2022-04-14,13:50,14:39,0.8,2022-04-14T13:50:48,2022-04-14T14:39:44
2022-04-14,17:54,18:18,0.4,2022-04-14T17:54:57,2022-04-14T18:18:11
2022-04-14,22:03,23:07,1.1,2022-04-14T22:03:33,2022-04-14T23:07:59
2022-04-15,00:12,02:16,2.1,2022-04-15T00:12:54,2022-04-15T02:16:54
2022-04-15,05:44,06:03,0.3,2022-04-15T05:44:27,2022-04-15T06:03:20
2022-04-15,11:42,12:53,1.2,2022-04-15T11:42:10,2022-04-15T12:53:47
2022-04-15,22:28,23:28,1.0,2022-04-15T22:28:54,2022-04-15T23:28:25
2022-04-16,05:21,07:16,1.9,2022-04-16T05:21:21,2022-04-16T07:16:25
2022-04-16,09:53,10:53,1.0,2022-04-16T09:53:46,2022-04-16T10:53:03
2022-04-16,15:05,15:36,0.5,2022-04-16T15:05:34,2022-04-16T15:36:24
2022-04-16,20:38,20:45,0.1,2022-04-16T20:38:10,2022-04-16T20:45:02
2022-04-16,21:32,22:10,0.6,2022-04-16T21:32:43,2022-04-16T22:10:53
2022-04-17,05:24,06:52,1.5,2022-04-17T05:24:37,2022-04-17T06:52:03
2022-04-18,06:33,09:08,2.6,2022-04-18T06:33:49,2022-04-18T09:08:32
2022-04-18,09:57,10:44,0.8,2022-04-18T09:57:58,2022-04-18T10:44:00
2022-04-18,12:42,13:38,0.9,2022-04-18T12:42:33,2022-04-18T13:38:14
2022-04-18,21:16,23:13,1.9,2022-04-18T21:16:18,2022-04-18T23:13:15
2022-04-19,01:32,02:11,0.7,2022-04-19T01:32:07,2022-04-19T02:11:24
2022-04-20,20:14,20:51,0.6,2022-04-20T20:14:45,2022-04-20T20:51:21
2022-04-20,22:34,23:09,0.6,2022-04-20T22:34:24,2022-04-20T23:09:51
2022-04-21,17:09,17:52,0.7,2022-04-21T17:09:33,2022-04-21T17:52:37
2022-04-21,19:57,21:01,1.1,2022-04-21T19:57:42,2022-04-21T21:01:06
2022-04-22,13:01,13:31,0.5,2022-04-22T13:01:04,2022-04-22T13:31:19
2022-04-22,22:03,23:07,1.1,2022-04-22T22:03:55,2022-04-22T23:07:59
2022-04-23,13:15,13:31,0.3,2022-04-23T13:15:24,2022-04-23T13:31:14
2022-04-23,13:51,15:19,1.5,2022-04-23T13:51:48,2022-04-23T15:19:46
2022-04-23,22:26,23:37,1.2,2022-04-23T22:26:46,2022-04-23T23:37:27
2022-04-24,18:51,20:50,2.0,2022-04-24T18:51:26,2022-04-24T20:50:02
2022-04-24,20:55,21:26,0.5,2022-04-24T20:55:00,2022-04-24T21:26:39
2022-04-25,06:55,09:36,2.7,2022-04-25T06:55:30,2022-04-25T09:36:36
2022-04-25,11:26,11:48,0.4,2022-04-25T11:26:22,2022-04-25T11:48:58
2022-04-25,11:49,12:05,0.3,2022-04-25T11:49:12,2022-04-25T12:05:51
2022-04-25,20:50,22:10,1.3,2022-04-25T20:50:47,2022-04-25T22:10:39
2022-04-27,09:17,09:40,0.4,2022-04-27T09:17:10,2022-04-27T09:40:57
2022-04-27,18:14,18:41,0.5,2022-04-27T18:14:02,2022-04-27T18:41:06
2022-04-28,00:54,01:31,0.6,2022-04-28T00:54:43,2022-04-28T01:31:59
2022-04-28,07:37,08:05,0.5,2022-04-28T07:37:37,2022-04-28T08:05:34
2022-04-28,18:22,21:17,2.9,2022-04-28T18:22:41,2022-04-28T21:17:58
2022-04-29,07:51,08:16,0.4,2022-04-29T07:51:06,2022-04-29T08:16:48
2022-04-29,22:41,23:36,0.9,2022-04-29T22:41:27,2022-04-29T23:36:35
2022-05-03,18:16,18:28,0.2,2022-05-03T18:16:20,2022-05-03T18:28:25
2022-05-03,18:58,21:32,2.6,2022-05-03T18:58:41,2022-05-03T21:32:09
2022-05-03,23:24,23:41,0.3,2022-05-03T23:24:29,2022-05-03T23:41:54
2022-05-04,19:45,23:16,3.5,2022-05-04T19:45:02,2022-05-04T23:16:09
2022-05-05,03:26,04:25,1.0,2022-05-05T03:26:32,2022-05-05T04:25:03
2022-05-05,10:13,11:16,1.1,2022-05-05T10:13:06,2022-05-05T11:16:35
2022-05-05,20:13,22:15,2.0,2022-05-05T20:13:31,2022-05-05T22:15:41
2022-05-06,12:49,13:11,0.4,2022-05-06T12:49:26,2022-05-06T13:11:30
2022-05-06,14:35,15:18,0.7,2022-05-06T14:35:02,2022-05-06T15:18:23
2022-05-06,17:47,17:55,0.1,2022-05-06T17:47:49,2022-05-06T17:55:24
2022-05-07,01:14,01:26,0.2,2022-05-07T01:14:34,2022-05-07T01:26:25
2022-05-07,04:18,04:28,0.2,2022-05-07T04:18:26,2022-05-07T04:28:59
2022-05-07,04:33,04:51,0.3,2022-05-07T04:33:15,2022-05-07T04:51:06
2022-05-07,13:39,15:44,2.1,2022-05-07T13:39:49,2022-05-07T15:44:53
2022-05-08,01:51,02:34,0.7,2022-05-08T01:51:25,2022-05-08T02:34:47
2022-05-08,07:35,08:03,0.5,2022-05-08T07:35:22,2022-05-08T08:03:49
2022-05-08,08:21,08:39,0.3,2022-05-08T08:21:22,2022-05-08T08:39:55
2022-05-08,09:30,09:52,0.4,2022-05-08T09:30:57,2022-05-08T09:52:27
2022-05-08,11:50,12:12,0.4,2022-05-08T11:50:23,2022-05-08T12:12:36
2022-05-08,17:49,19:01,1.2,2022-05-08T17:49:29,2022-05-08T19:01:59
2022-05-08,21:49,22:04,0.2,2022-05-08T21:49:23,2022-05-08T22:04:11
2022-05-09,11:08,11:24,0.3,2022-05-09T11:08:28,2022-05-09T11:24:05
2022-05-09,15:50,16:15,0.4,2022-05-09T15:50:02,2022-05-09T16:15:32
2022-05-09,19:47,20:11,0.4,2022-05-09T19:47:03,2022-05-09T20:11:31
2022-05-10,18:56,19:41,0.7,2022-05-10T18:56:09,2022-05-10T19:41:07
2022-05-12,00:33,01:04,0.5,2022-05-12T00:33:25,2022-05-12T01:04:39
2022-05-12,17:10,18:08,1.0,2022-05-12T17:10:40,2022-05-12T18:08:47
2022-05-12,21:39,23:25,1.8,2022-05-12T21:39:01,2022-05-12T23:25:35
2022-05-12,23:41,01:13,1.5,2022-05-12T23:41:01,2022-05-13T01:13:12
2022-05-13,03:02,03:34,0.5,2022-05-13T03:02:31,2022-05-13T03:34:48
2022-05-13,20:52,22:29,1.6,2022-05-13T20:52:25,2022-05-13T22:29:56
2022-05-14,11:15,11:35,0.3,2022-05-14T11:15:22,2022-05-14T11:35:36
2022-05-14,15:22,15:30,0.1,2022-05-14T15:22:30,2022-05-14T15:30:11
2022-05-15,21:36,22:21,0.8,2022-05-15T21:36:09,2022-05-15T22:21:39
2022-05-16,08:54,09:33,0.6,2022-05-16T08:54:51,2022-05-16T09:33:22
2022-05-17,00:19,01:11,0.9,2022-05-17T00:19:32,2022-05-17T01:11:49
2022-05-17,02:49,05:28,2.6,2022-05-17T02:49:53,2022-05-17T05:28:16
2022-05-17,21:50,23:03,1.2,2022-05-17T21:50:17,2022-05-17T23:03:27
2022-05-18,18:35,21:14,2.6,2022-05-18T18:35:41,2022-05-18T21:14:23
2022-05-18,21:52,22:40,0.8,2022-05-18T21:52:24,2022-05-18T22:40:37
2022-05-20,06:05,06:32,0.4,2022-05-20T06:05:49,2022-05-20T06:32:16
2022-05-20,08:17,09:15,1.0,2022-05-20T08:17:23,2022-05-20T09:15:08
2022-05-20,14:55,15:27,0.5,2022-05-20T14:55:34,2022-05-20T15:27:03
2022-05-20,15:52,16:11,0.3,2022-05-20T15:52:24,2022-05-20T16:11:43
2022-05-20,16:35,19:01,2.4,2022-05-20T16:35:58,2022-05-20T19:01:41
2022-05-21,04:40,05:11,0.5,2022-05-21T04:40:05,2022-05-21T05:11:36
2022-05-21,10:41,12:02,1.3,2022-05-21T10:41:29,2022-05-21T12:02:00
2022-05-21,12:41,13:10,0.5,2022-05-21T12:41:21,2022-05-21T13:10:30
2022-05-22,13:08,14:19,1.2,2022-05-22T13:08:20,2022-05-22T14:19:23
2022-05-22,16:38,18:11,1.5,2022-05-22T16:38:52,2022-05-22T18:11:15
2022-05-22,23:57,00:45,0.8,2022-05-22T23:57:01,2022-05-23T00:45:54
2022-05-23,00:47,02:18,1.5,2022-05-23T00:47:29,2022-05-23T02:18:14
2022-05-23,03:34,04:17,0.7,2022-05-23T03:34:55,2022-05-23T04:17:56
2022-05-23,16:27,18:17,1.8,2022-05-23T16:27:28,2022-05-23T18:17:07
2022-05-23,20:23,20:45,0.4,2022-05-23T20:23:11,2022-05-23T20:45:57
2022-05-23,23:51,00:16,0.4,2022-05-23T23:51:13,2022-05-24T00:16:57
2022-05-24,13:02,15:19,2.3,2022-05-24T13:02:30,2022-05-24T15:19:13
2022-05-25,03:32,03:46,0.2,2022-05-25T03:32:37,2022-05-25T03:46:50
2022-05-25,04:36,06:31,1.9,2022-05-25T04:36:48,2022-05-25T06:31:40
2022-05-25,19:33,21:49,2.3,2022-05-25T19:33:06,2022-05-25T21:49:47
2022-05-27,03:19,03:48,0.5,2022-05-27T03:19:28,2022-05-27T03:48:58
2022-05-27,20:47,21:31,0.7,2022-05-27T20:47:09,2022-05-27T21:31:31
2022-05-27,21:40,22:20,0.7,2022-05-27T21:40:00,2022-05-27T22:20:10
2022-05-28,00:02,00:39,0.6,2022-05-28T00:02:20,2022-05-28T00:39:57
2022-05-28,10:29,10:47,0.3,2022-05-28T10:29:44,2022-05-28T10:47:52
2022-05-28,20:20,21:18,1.0,2022-05-28T20:20:58,2022-05-28T21:18:22
2022-05-29,05:05,05:41,0.6,2022-05-29T05:05:42,2022-05-29T05:41:38
2022-05-29,12:51,13:22,0.5,2022-05-29T12:51:27,2022-05-29T13:22:36
2022-05-29,22:56,23:19,0.4,2022-05-29T22:56:06,2022-05-29T23:19:47
2022-06-01,01:11,01:31,0.3,2022-06-01T01:11:28,2022-06-01T01:31:51
2022-06-01,15:49,16:19,0.5,2022-06-01T15:49:47,2022-06-01T16:19:55
2022-06-01,21:12,23:19,2.1,2022-06-01T21:12:24,2022-06-01T23:19:49
2022-06-02,05:43,06:17,0.6,2022-06-02T05:43:11,2022-06-02T06:17:07
2022-06-03,13:28,13:52,0.4,2022-06-03T13:28:09,2022-06-03T13:52:20
2022-06-03,13:55,14:41,0.8,2022-06-03T13:55:25,2022-06-03T14:41:16
2022-06-03,22:18,23:23,1.1,2022-06-03T22:18:48,2022-06-03T23:23:09
2022-06-04,21:46,23:06,1.3,2022-06-04T21:46:16,2022-06-04T23:06:53
2022-06-05,02:43,03:13,0.5,2022-06-05T02:43:58,2022-06-05T03:13:06
2022-06-05,05:01,07:26,2.4,2022-06-05T05:01:31,2022-06-05T07:26:36
2022-06-06,01:17,02:10,0.9,2022-06-06T01:17:25,2022-06-06T02:10:11
2022-06-06,10:21,13:09,2.8,2022-06-06T10:21:05,2022-06-06T13:09:20
2022-06-07,02:11,02:41,0.5,2022-06-07T02:11:25,2022-06-07T02:41:13
2022-06-07,18:02,18:06,0.1,2022-06-07T18:02:44,2022-06-07T18:06:28
2022-06-07,19:44,20:47,1.0,2022-06-07T19:44:58,2022-06-07T20:47:34
2022-06-08,16:22,17:10,0.8,2022-06-08T16:22:28,2022-06-08T17:10:28
2022-06-09,00:43,01:35,0.9,2022-06-09T00:43:08,2022-06-09T01:35:01
2022-06-09,13:16,14:23,1.1,2022-06-09T13:16:00,2022-06-09T14:23:54
2022-06-10,20:54,21:09,0.2,2022-06-10T20:54:04,2022-06-10T21:09:01
2022-06-10,21:19,21:42,0.4,2022-06-10T21:19:41,2022-06-10T21:42:43
2022-06-11,21:02,22:14,1.2,2022-06-11T21:02:01,2022-06-11T22:14:16
2022-06-12,23:23,23:54,0.5,2022-06-12T23:23:53,2022-06-12T23:54:23
2022-06-13,12:56,13:46,0.8,2022-06-13T12:56:50,2022-06-13T13:46:58
2022-06-14,09:25,10:00,0.6,2022-06-14T09:25:05,2022-06-14T10:00:35
2022-06-14,12:27,13:51,1.4,2022-06-14T12:27:21,2022-06-14T13:51:41
2022-06-15,00:50,01:27,0.6,2022-06-15T00:50:33,2022-06-15T01:27:57
2022-06-16,10:37,11:08,0.5,2022-06-16T10:37:22,2022-06-16T11:08:02
2022-06-16,15:58,16:15,0.3,2022-06-16T15:58:15,2022-06-16T16:15:54
2022-06-16,23:24,00:40,1.3,2022-06-16T23:24:51,2022-06-17T00:40:00
2022-06-18,04:31,05:45,1.2,2022-06-18T04:31:18,2022-06-18T05:45:53
2022-06-18,11:26,11:33,0.1,2022-06-18T11:26:10,2022-06-18T11:33:49
2022-06-18,12:31,12:58,0.5,2022-06-18T12:31:07,2022-06-18T12:58:53
2022-06-18,19:29,20:00,0.5,2022-06-18T19:29:38,2022-06-18T20:00:17
2022-06-19,07:41,08:13,0.5,2022-06-19T07:41:11,2022-06-19T08:13:48
2022-06-20,16:02,16:32,0.5,2022-06-20T16:02:37,2022-06-20T16:32:42
2022-06-20,20:56,21:25,0.5,2022-06-20T20:56:36,2022-06-20T21:25:08
2022-06-21,08:49,08:51,0.0,2022-06-21T08:49:37,2022-06-21T08:51:12
2022-06-22,23:59,00:18,0.3,2022-06-22T23:59:02,2022-06-23T00:18:21
2022-06-23,00:28,00:41,0.2,2022-06-23T00:28:06,2022-06-23T00:41:44
2022-06-23,08:34,09:32,1.0,2022-06-23T08:34:21,2022-06-23T09:32:21
2022-06-23,17:43,17:58,0.2,2022-06-23T17:43:39,2022-06-23T17:58:20
2022-06-23,19:34,19:58,0.4,2022-06-23T19:34:15,2022-06-23T19:58:23
2022-06-24,21:46,23:02,1.3,2022-06-24T21:46:55,2022-06-24T23:02:30
2022-06-25,03:20,05:02,1.7,2022-06-25T03:20:00,2022-06-25T05:02:45
2022-06-25,05:04,07:01,2.0,2022-06-25T05:04:08,2022-06-25T07:01:57
2022-06-25,18:28,19:47,1.3,2022-06-25T18:28:27,2022-06-25T19:47:06
2022-06-26,04:39,05:03,0.4,2022-06-26T04:39:47,2022-06-26T05:03:57
2022-06-26,05:47,07:21,1.6,2022-06-26T05:47:36,2022-06-26T07:21:19
2022-06-26,10:40,13:05,2.4,2022-06-26T10:40:50,2022-06-26T13:05:53
2022-06-26,18:38,19:04,0.4,2022-06-26T18:38:22,2022-06-26T19:04:00
2022-06-27,00:37,01:31,0.9,2022-06-27T00:37:24,2022-06-27T01:31:41
2022-06-27,11:28,12:00,0.5,2022-06-27T11:28:09,2022-06-27T12:00:17
2022-06-27,15:40,16:15,0.6,2022-06-27T15:40:02,2022-06-27T16:15:13
2022-06-28,10:22,11:18,0.9,2022-06-28T10:22:26,2022-06-28T11:18:40
2022-06-28,16:43,17:45,1.0,2022-06-28T16:43:00,2022-06-28T17:45:10
2022-06-28,20:48,21:46,1.0,2022-06-28T20:48:40,2022-06-28T21:46:48
2022-07-05,02:51,04:42,1.8,2022-07-05T02:51:58,2022-07-05T04:42:55
2022-07-05,19:16,20:20,1.1,2022-07-05T19:16:56,2022-07-05T20:20:18
2022-07-06,02:45,03:49,1.1,2022-07-06T02:45:11,2022-07-06T03:49:22
2022-07-07,03:10,04:05,0.9,2022-07-07T03:10:48,2022-07-07T04:05:15
2022-07-10,22:54,01:07,2.2,2022-07-10T22:54:40,2022-07-11T01:07:14
2022-07-12,04:32,05:48,1.3,2022-07-12T04:32:59,2022-07-12T05:48:42
2022-07-13,14:18,15:19,1.0,2022-07-13T14:18:10,2022-07-13T15:19:52
2022-07-14,10:04,12:23,2.3,2022-07-14T10:04:01,2022-07-14T12:23:16
2022-07-14,15:05,15:20,0.3,2022-07-14T15:05:18,2022-07-14T15:20:28
2022-07-14,22:21,00:08,1.8,2022-07-14T22:21:46,2022-07-15T00:08:56
2022-07-15,18:27,18:33,0.1,2022-07-15T18:27:35,2022-07-15T18:33:49
2022-07-15,19:59,21:48,1.8,2022-07-15T19:59:24,2022-07-15T21:48:11
2022-07-16,04:04,05:34,1.5,2022-07-16T04:04:01,2022-07-16T05:34:20
2022-07-16,16:21,17:52,1.5,2022-07-16T16:21:33,2022-07-16T17:52:13
2022-07-18,17:30,18:01,0.5,2022-07-18T17:30:05,2022-07-18T18:01:12
2022-07-18,23:25,00:02,0.6,2022-07-18T23:25:49,2022-07-19T00:02:32
2022-07-23,04:36,06:00,1.4,2022-07-23T04:36:24,2022-07-23T06:00:56
2022-07-24,08:09,09:30,1.4,2022-07-24T08:09:25,2022-07-24T09:30:57
2022-07-24,10:40,11:48,1.1,2022-07-24T10:40:48,2022-07-24T11:48:14
2022-07-24,23:05,23:43,0.6,2022-07-24T23:05:13,2022-07-24T23:43:43
2022-07-25,17:19,18:57,1.6,2022-07-25T17:19:07,2022-07-25T18:57:47
2022-07-25,22:03,23:21,1.3,2022-07-25T22:03:02,2022-07-25T23:21:41
2022-07-26,23:12,00:38,1.4,2022-07-26T23:12:02,2022-07-27T00:38:41
2022-07-27,09:40,10:43,1.1,2022-07-27T09:40:31,2022-07-27T10:43:55
2022-07-28,04:09,05:18,1.2,2022-07-28T04:09:00,2022-07-28T05:18:35
2022-07-28,05:37,06:04,0.5,2022-07-28T05:37:35,2022-07-28T06:04:56
2022-07-28,06:09,06:11,0.0,2022-07-28T06:09:48,2022-07-28T06:11:00
2022-07-28,06:20,06:53,0.5,2022-07-28T06:20:28,2022-07-28T06:53:04
2022-07-28,12:21,12:54,0.6,2022-07-28T12:21:30,2022-07-28T12:54:52
2022-07-29,09:26,10:43,1.3,2022-07-29T09:26:53,2022-07-29T10:43:06
2022-07-30,09:22,09:51,0.5,2022-07-30T09:22:52,2022-07-30T09:51:30
2022-07-31,15:36,15:57,0.4,2022-07-31T15:36:24,2022-07-31T15:57:26
2022-07-31,21:51,23:07,1.3,2022-07-31T21:51:53,2022-07-31T23:07:32
2022-08-02,16:54,18:20,1.4,2022-08-02T16:54:44,2022-08-02T18:20:03
2022-08-05,01:48,02:14,0.4,2022-08-05T01:48:56,2022-08-05T02:14:35
2022-08-05,19:27,20:03,0.6,2022-08-05T19:27:40,2022-08-05T20:03:42
2022-08-05,21:37,22:00,0.4,2022-08-05T21:37:16,2022-08-05T22:00:56
2022-08-07,20:05,21:40,1.6,2022-08-07T20:05:48,2022-08-07T21:40:15
2022-08-08,08:01,08:30,0.5,2022-08-08T08:01:25,2022-08-08T08:30:37
2022-08-08,10:26,10:44,0.3,2022-08-08T10:26:47,2022-08-08T10:44:37
2022-08-08,13:07,13:34,0.4,2022-08-08T13:07:58,2022-08-08T13:34:03
2022-08-08,18:26,19:09,0.7,2022-08-08T18:26:00,2022-08-08T19:09:30
2022-08-11,13:09,14:01,0.9,2022-08-11T13:09:02,2022-08-11T14:01:21
2022-08-11,19:13,19:30,0.3,2022-08-11T19:13:00,2022-08-11T19:30:37
2022-08-11,21:09,21:46,0.6,2022-08-11T21:09:12,2022-08-11T21:46:07
2022-08-12,04:25,04:46,0.4,2022-08-12T04:25:14,2022-08-12T04:46:19
2022-08-13,01:53,02:19,0.4,2022-08-13T01:53:37,2022-08-13T02:19:34
2022-08-13,08:01,08:16,0.2,2022-08-13T08:01:58,2022-08-13T08:16:55
2022-08-15,23:30,00:30,1.0,2022-08-15T23:30:21,2022-08-16T00:30:03
2022-08-16,00:38,02:06,1.5,2022-08-16T00:38:04,2022-08-16T02:06:15
2022-08-16,12:57,13:58,1.0,2022-08-16T12:57:38,2022-08-16T13:58:03
2022-08-16,14:02,14:30,0.5,2022-08-16T14:02:16,2022-08-16T14:30:15
2022-08-17,02:26,03:30,1.1,2022-08-17T02:26:07,2022-08-17T03:30:08
2022-08-18,04:49,05:06,0.3,2022-08-18T04:49:07,2022-08-18T05:06:41
2022-08-18,23:30,00:17,0.8,2022-08-18T23:30:24,2022-08-19T00:17:35
2022-08-19,17:07,17:57,0.8,2022-08-19T17:07:30,2022-08-19T17:57:08
2022-08-19,18:52,19:06,0.2,2022-08-19T18:52:49,2022-08-19T19:06:13
2022-08-20,01:47,02:15,0.5,2022-08-20T01:47:45,2022-08-20T02:15:18
2022-08-20,09:44,10:10,0.4,2022-08-20T09:44:01,2022-08-20T10:10:47
2022-08-20,11:02,12:28,1.4,2022-08-20T11:02:44,2022-08-20T12:28:34
2022-08-20,14:14,15:01,0.8,2022-08-20T14:14:00,2022-08-20T15:01:16
2022-08-21,03:12,03:56,0.7,2022-08-21T03:12:55,2022-08-21T03:56:34
2022-08-22,10:20,10:36,0.3,2022-08-22T10:20:45,2022-08-22T10:36:35
2022-08-22,15:42,16:03,0.4,2022-08-22T15:42:08,2022-08-22T16:03:24
2022-08-23,07:19,07:38,0.3,2022-08-23T07:19:57,2022-08-23T07:38:13
2022-08-24,06:32,07:29,1.0,2022-08-24T06:32:00,2022-08-24T07:29:20
2022-08-24,10:38,11:24,0.8,2022-08-24T10:38:53,2022-08-24T11:24:55
2022-08-24,12:36,14:15,1.7,2022-08-24T12:36:02,2022-08-24T14:15:59
2022-08-24,15:45,16:30,0.8,2022-08-24T15:45:15,2022-08-24T16:30:55
2022-08-24,16:51,17:58,1.1,2022-08-24T16:51:44,2022-08-24T17:58:55
2022-08-24,18:23,19:05,0.7,2022-08-24T18:23:35,2022-08-24T19:05:13
2022-08-24,19:17,20:27,1.2,2022-08-24T19:17:39,2022-08-24T20:27:59
2022-08-25,02:46,03:33,0.8,2022-08-25T02:46:27,2022-08-25T03:33:49
2022-08-26,02:22,02:48,0.4,2022-08-26T02:22:18,2022-08-26T02:48:54
2022-08-28,19:19,19:51,0.5,2022-08-28T19:19:34,2022-08-28T19:51:51
2022-08-31,11:45,12:21,0.6,2022-08-31T11:45:28,2022-08-31T12:21:59
2022-09-02,14:17,14:50,0.6,2022-09-02T14:17:29,2022-09-02T14:50:57
2022-09-02,18:41,19:09,0.5,2022-09-02T18:41:23,2022-09-02T19:09:02
2022-09-02,23:47,00:09,0.4,2022-09-02T23:47:21,2022-09-03T00:09:07
2022-09-04,06:09,07:33,1.4,2022-09-04T06:09:45,2022-09-04T07:33:41
2022-09-06,07:29,08:30,1.0,2022-09-06T07:29:42,2022-09-06T08:30:37
2022-09-07,08:34,08:51,0.3,2022-09-07T08:34:42,2022-09-07T08:51:11
2022-09-07,19:26,19:50,0.4,2022-09-07T19:26:47,2022-09-07T19:50:31
2022-09-09,20:37,20:54,0.3,2022-09-09T20:37:52,2022-09-09T20:54:30
2022-09-11,05:56,06:12,0.3,2022-09-11T05:56:46,2022-09-11T06:12:20
2022-09-11,10:30,11:49,1.3,2022-09-11T10:30:57,2022-09-11T11:49:52
2022-09-11,19:11,20:43,1.5,2022-09-11T19:11:43,2022-09-11T20:43:20
2022-09-14,16:34,16:51,0.3,2022-09-14T16:34:39,2022-09-14T16:51:21
2022-09-14,16:55,17:54,1.0,2022-09-14T16:55:23,2022-09-14T17:54:05
2022-09-15,13:03,13:30,0.4,2022-09-15T13:03:47,2022-09-15T13:30:41
2022-09-15,14:47,15:20,0.5,2022-09-15T14:47:36,2022-09-15T15:20:03
2022-09-15,16:47,17:25,0.6,2022-09-15T16:47:47,2022-09-15T17:25:33
2022-09-16,13:04,13:21,0.3,2022-09-16T13:04:13,2022-09-16T13:21:29
2022-09-16,13:27,14:22,0.9,2022-09-16T13:27:00,2022-09-16T14:22:31
2022-09-16,22:10,22:35,0.4,2022-09-16T22:10:12,2022-09-16T22:35:25
2022-09-20,05:00,05:14,0.2,2022-09-20T05:00:23,2022-09-20T05:14:15
2022-09-22,11:43,12:13,0.5,2022-09-22T11:43:36,2022-09-22T12:13:58
2022-09-22,17:27,17:34,0.1,2022-09-22T17:27:13,2022-09-22T17:34:17
2022-09-26,13:33,14:02,0.5,2022-09-26T13:33:07,2022-09-26T14:02:32
2022-09-28,18:20,18:47,0.4,2022-09-28T18:20:39,2022-09-28T18:47:12
2022-09-30,21:00,21:30,0.5,2022-09-30T21:00:13,2022-09-30T21:30:56
2022-10-01,04:11,04:43,0.5,2022-10-01T04:11:30,2022-10-01T04:43:23
2022-10-01,15:45,16:23,0.6,2022-10-01T15:45:35,2022-10-01T16:23:14
2022-10-03,07:25,08:23,1.0,2022-10-03T07:25:37,2022-10-03T08:23:49
2022-10-04,14:35,15:52,1.3,2022-10-04T14:35:36,2022-10-04T15:52:17
2022-10-05,02:22,05:03,2.7,2022-10-05T02:22:08,2022-10-05T05:03:45
2022-10-05,05:56,07:46,1.8,2022-10-05T05:56:51,2022-10-05T07:46:52
2022-10-06,05:38,06:07,0.5,2022-10-06T05:38:36,2022-10-06T06:07:26
2022-10-06,15:45,16:14,0.5,2022-10-06T15:45:56,2022-10-06T16:14:07
2022-10-09,18:11,19:33,1.4,2022-10-09T18:11:21,2022-10-09T19:33:18
2022-10-09,21:53,22:21,0.5,2022-10-09T21:53:53,2022-10-09T22:21:12
2022-10-10,06:47,12:24,5.6,2022-10-10T06:47:04,2022-10-10T12:24:30
2022-10-10,15:14,17:09,1.9,2022-10-10T15:14:07,2022-10-10T17:09:30
2022-10-11,07:52,13:00,5.1,2022-10-11T07:52:04,2022-10-11T13:00:27
2022-10-12,01:09,01:36,0.4,2022-10-12T01:09:05,2022-10-12T01:36:03
2022-10-12,02:15,02:46,0.5,2022-10-12T02:15:24,2022-10-12T02:46:06
2022-10-12,05:21,05:25,0.1,2022-10-12T05:21:59,2022-10-12T05:25:10
2022-10-12,07:34,07:52,0.3,2022-10-12T07:34:01,2022-10-12T07:52:50
2022-10-12,19:45,21:15,1.5,2022-10-12T19:45:47,2022-10-12T21:15:37
2022-10-13,05:02,06:14,1.2,2022-10-13T05:02:11,2022-10-13T06:14:18
2022-10-13,15:37,16:49,1.2,2022-10-13T15:37:14,2022-10-13T16:49:19
2022-10-13,18:52,19:01,0.2,2022-10-13T18:52:02,2022-10-13T19:01:18
2022-10-15,07:07,08:07,1.0,2022-10-15T07:07:34,2022-10-15T08:07:36
2022-10-15,12:35,12:55,0.3,2022-10-15T12:35:44,2022-10-15T12:55:03
2022-10-16,01:45,02:13,0.5,2022-10-16T01:45:05,2022-10-16T02:13:17
2022-10-16,08:15,08:25,0.2,2022-10-16T08:15:49,2022-10-16T08:25:08
2022-10-16,12:27,13:28,1.0,2022-10-16T12:27:19,2022-10-16T13:28:52
2022-10-17,06:23,09:31,3.1,2022-10-17T06:23:49,2022-10-17T09:31:52
2022-10-17,12:40,15:13,2.5,2022-10-17T12:40:20,2022-10-17T15:13:07
2022-10-17,19:11,21:53,2.7,2022-10-17T19:11:54,2022-10-17T21:53:09
2022-10-17,22:39,00:49,2.2,2022-10-17T22:39:35,2022-10-18T00:49:17
2022-10-18,05:11,06:05,0.9,2022-10-18T05:11:01,2022-10-18T06:05:22
2022-10-18,06:25,10:01,3.6,2022-10-18T06:25:47,2022-10-18T10:01:42
2022-10-19,12:49,16:20,3.5,2022-10-19T12:49:39,2022-10-19T16:20:50
2022-10-20,01:12,01:17,0.1,2022-10-20T01:12:05,2022-10-20T01:17:11
2022-10-20,09:30,11:33,2.1,2022-10-20T09:30:00,2022-10-20T11:33:34
2022-10-21,07:46,08:22,0.6,2022-10-21T07:46:37,2022-10-21T08:22:14
2022-10-21,15:13,16:26,1.2,2022-10-21T15:13:43,2022-10-21T16:26:30
2022-10-22,01:38,03:31,1.9,2022-10-22T01:38:24,2022-10-22T03:31:31
2022-10-22,07:31,10:52,3.4,2022-10-22T07:31:16,2022-10-22T10:52:37
2022-10-22,11:15,12:40,1.4,2022-10-22T11:15:58,2022-10-22T12:40:22
2022-10-23,01:43,02:01,0.3,2022-10-23T01:43:48,2022-10-23T02:01:22
2022-10-24,13:22,14:48,1.4,2022-10-24T13:22:52,2022-10-24T14:48:35
2022-10-25,10:28,12:34,2.1,2022-10-25T10:28:19,2022-10-25T12:34:11
2022-10-26,08:40,09:34,0.9,2022-10-26T08:40:42,2022-10-26T09:34:33
2022-10-26,15:12,16:26,1.2,2022-10-26T15:12:00,2022-10-26T16:26:39
2022-10-26,17:46,18:30,0.7,2022-10-26T17:46:12,2022-10-26T18:30:55
2022-10-26,18:43,19:34,0.9,2022-10-26T18:43:09,2022-10-26T19:34:46
2022-10-26,21:30,23:09,1.7,2022-10-26T21:30:06,2022-10-26T23:09:52
2022-10-27,10:31,11:04,0.6,2022-10-27T10:31:16,2022-10-27T11:04:47
2022-10-27,11:45,13:18,1.5,2022-10-27T11:45:48,2022-10-27T13:18:01
2022-10-28,00:58,01:19,0.4,2022-10-28T00:58:36,2022-10-28T01:19:51
2022-10-28,19:37,19:58,0.4,2022-10-28T19:37:28,2022-10-28T19:58:33
2022-10-29,17:39,19:03,1.4,2022-10-29T17:39:50,2022-10-29T19:03:45
2022-10-31,01:00,01:23,0.4,2022-10-31T01:00:17,2022-10-31T01:23:28
2022-10-31,07:00,10:02,3.0,2022-10-31T07:00:48,2022-10-31T10:02:39
2022-11-01,09:10,10:39,1.5,2022-11-01T09:10:56,2022-11-01T10:39:54
2022-11-04,16:02,16:51,0.8,2022-11-04T16:02:29,2022-11-04T16:51:41
2022-11-05,09:07,10:34,1.4,2022-11-05T09:07:46,2022-11-05T10:34:06
2022-11-08,21:25,22:08,0.7,2022-11-08T21:25:20,2022-11-08T22:08:56
2022-11-09,12:59,14:25,1.4,2022-11-09T12:59:20,2022-11-09T14:25:59
2022-11-12,14:24,15:56,1.5,2022-11-12T14:24:00,2022-11-12T15:56:27
2022-11-12,23:23,23:53,0.5,2022-11-12T23:23:39,2022-11-12T23:53:25
2022-11-13,09:15,10:50,1.6,2022-11-13T09:15:50,2022-11-13T10:50:23
2022-11-13,12:07,13:44,1.6,2022-11-13T12:07:28,2022-11-13T13:44:40
2022-11-15,14:21,18:20,4.0,2022-11-15T14:21:51,2022-11-15T18:20:06
2022-11-15,23:39,00:25,0.8,2022-11-15T23:39:55,2022-11-16T00:25:07
2022-11-16,09:46,10:18,0.5,2022-11-16T09:46:34,2022-11-16T10:18:17
2022-11-17,08:00,10:56,2.9,2022-11-17T08:00:53,2022-11-17T10:56:25
2022-11-20,09:13,10:46,1.6,2022-11-20T09:13:19,2022-11-20T10:46:39
2022-11-23,12:46,15:08,2.4,2022-11-23T12:46:34,2022-11-23T15:08:22
2022-11-29,12:41,12:52,0.2,2022-11-29T12:41:41,2022-11-29T12:52:28
2022-12-01,14:19,15:36,1.3,2022-12-01T14:19:53,2022-12-01T15:36:27
2022-12-03,14:34,14:53,0.3,2022-12-03T14:34:41,2022-12-03T14:53:08
2022-12-05,13:10,16:10,3.0,2022-12-05T13:10:50,2022-12-05T16:10:41
2022-12-11,13:20,13:39,0.3,2022-12-11T13:20:09,2022-12-11T13:39:41
2022-12-12,00:24,00:54,0.5,2022-12-12T00:24:44,2022-12-12T00:54:20
2022-12-13,14:40,15:51,1.2,2022-12-13T14:40:40,2022-12-13T15:51:39
2022-12-14,05:55,09:07,3.2,2022-12-14T05:55:31,2022-12-14T09:07:35
2022-12-16,08:10,12:18,4.1,2022-12-16T08:10:02,2022-12-16T12:18:54
2022-12-17,11:23,13:06,1.7,2022-12-17T11:23:17,2022-12-17T13:06:43
2022-12-19,01:56,05:15,3.3,2022-12-19T01:56:57,2022-12-19T05:15:56
2022-12-19,05:24,05:50,0.4,2022-12-19T05:24:37,2022-12-19T05:50:21
2022-12-19,13:33,13:55,0.4,2022-12-19T13:33:33,2022-12-19T13:55:27
2022-12-21,12:24,14:23,2.0,2022-12-21T12:24:16,2022-12-21T14:23:20
2022-12-21,14:50,15:08,0.3,2022-12-21T14:50:15,2022-12-21T15:08:01
2022-12-22,11:18,11:42,0.4,2022-12-22T11:18:07,2022-12-22T11:42:26
2022-12-23,12:52,13:24,0.5,2022-12-23T12:52:25,2022-12-23T13:24:07
2022-12-24,11:53,12:11,0.3,2022-12-24T11:53:52,2022-12-24T12:11:04
2022-12-25,09:23,11:14,1.8,2022-12-25T09:23:29,2022-12-25T11:14:22
2022-12-25,14:26,16:20,1.9,2022-12-25T14:26:02,2022-12-25T16:20:11
2022-12-27,14:47,16:27,1.7,2022-12-27T14:47:03,2022-12-27T16:27:52
2022-12-28,09:08,09:27,0.3,2022-12-28T09:08:33,2022-12-28T09:27:42
2022-12-28,11:22,13:18,1.9,2022-12-28T11:22:06,2022-12-28T13:18:05
2022-12-29,06:01,10:46,4.7,2022-12-29T06:01:45,2022-12-29T10:46:08
2022-12-30,02:12,04:24,2.2,2022-12-30T02:12:09,2022-12-30T04:24:06
2022-12-30,11:47,12:20,0.6,2022-12-30T11:47:29,2022-12-30T12:20:35
2022-12-31,12:49,16:03,3.2,2022-12-31T12:49:17,2022-12-31T16:03:10
2023-01-01,00:35,04:50,4.3,2023-01-01T00:35:11,2023-01-01T04:50:49
2023-01-01,23:38,03:46,4.1,2023-01-01T23:38:35,2023-01-02T03:46:41
2023-01-04,10:36,12:34,2.0,2023-01-04T10:36:00,2023-01-04T12:34:09
2023-01-06,12:45,14:37,1.9,2023-01-06T12:45:13,2023-01-06T14:37:36
2023-01-14,09:35,11:03,1.5,2023-01-14T09:35:10,2023-01-14T11:03:06
2023-01-14,14:37,17:02,2.4,2023-01-14T14:37:54,2023-01-14T17:02:20
2023-01-19,10:14,11:45,1.5,2023-01-19T10:14:20,2023-01-19T11:45:45
2023-01-20,12:40,14:25,1.7,2023-01-20T12:40:21,2023-01-20T14:25:18
2023-01-24,14:36,15:15,0.7,2023-01-24T14:36:43,2023-01-24T15:15:57
2023-01-25,09:07,10:55,1.8,2023-01-25T09:07:14,2023-01-25T10:55:59
2023-01-25,14:01,15:42,1.7,2023-01-25T14:01:32,2023-01-25T15:42:20
2023-01-25,16:19,16:50,0.5,2023-01-25T16:19:01,2023-01-25T16:50:59
2023-01-25,20:07,20:37,0.5,2023-01-25T20:07:01,2023-01-25T20:37:43
2023-01-26,00:02,03:46,3.7,2023-01-26T00:02:37,2023-01-26T03:46:24
2023-01-26,07:45,12:08,4.4,2023-01-26T07:45:42,2023-01-26T12:08:07
2023-01-31,11:17,11:44,0.5,2023-01-31T11:17:50,2023-01-31T11:44:50
2023-01-31,12:48,13:04,0.3,2023-01-31T12:48:48,2023-01-31T13:04:59
2023-01-31,14:30,14:56,0.4,2023-01-31T14:30:03,2023-01-31T14:56:35
2023-02-03,10:30,12:13,1.7,2023-02-03T10:30:40,2023-02-03T12:13:58
2023-02-03,16:34,17:17,0.7,2023-02-03T16:34:58,2023-02-03T17:17:47
2023-02-04,09:05,10:55,1.8,2023-02-04T09:05:18,2023-02-04T10:55:59
2023-02-04,16:49,17:34,0.8,2023-02-04T16:49:08,2023-02-04T17:34:55
2023-02-08,15:41,15:49,0.1,2023-02-08T15:41:42,2023-02-08T15:49:00
2023-02-10,03:58,04:47,0.8,2023-02-10T03:58:36,2023-02-10T04:47:49
2023-02-10,08:27,11:57,3.5,2023-02-10T08:27:25,2023-02-10T11:57:51
2023-02-10,13:16,14:40,1.4,2023-02-10T13:16:25,2023-02-10T14:40:07
2023-02-10,16:32,18:26,1.9,2023-02-10T16:32:17,2023-02-10T18:26:08
2023-02-10,21:46,00:51,3.1,2023-02-10T21:46:25,2023-02-11T00:51:44
2023-02-14,09:10,10:59,1.8,2023-02-14T09:10:00,2023-02-14T10:59:52
2023-02-15,15:01,15:53,0.9,2023-02-15T15:01:49,2023-02-15T15:53:52
2023-02-16,02:35,04:41,2.1,2023-02-16T02:35:27,2023-02-16T04:41:19
2023-02-16,12:11,12:35,0.4,2023-02-16T12:11:35,2023-02-16T12:35:01
2023-02-17,13:42,14:15,0.6,2023-02-17T13:42:27,2023-02-17T14:15:50
2023-02-17,15:41,16:07,0.4,2023-02-17T15:41:15,2023-02-17T16:07:20
2023-02-18,08:30,09:36,1.1,2023-02-18T08:30:23,2023-02-18T09:36:54
2023-02-19,15:29,15:54,0.4,2023-02-19T15:29:49,2023-02-19T15:54:33
2023-02-20,11:34,13:07,1.5,2023-02-20T11:34:23,2023-02-20T13:07:14
2023-02-22,09:05,11:00,1.9,2023-02-22T09:05:31,2023-02-22T11:00:35
2023-02-23,11:29,11:52,0.4,2023-02-23T11:29:18,2023-02-23T11:52:12
2023-02-25,09:23,09:52,0.5,2023-02-25T09:23:25,2023-02-25T09:52:05
2023-02-25,15:55,16:18,0.4,2023-02-25T15:55:52,2023-02-25T16:18:15
2023-02-26,23:19,04:46,5.5,2023-02-26T23:19:34,2023-02-27T04:46:41
2023-02-27,08:24,09:23,1.0,2023-02-27T08:24:51,2023-02-27T09:23:07
2023-02-28,17:35,17:44,0.1,2023-02-28T17:35:16,2023-02-28T17:44:12
2023-02-28,23:52,01:21,1.5,2023-02-28T23:52:04,2023-03-01T01:21:50
2023-03-01,11:32,12:08,0.6,2023-03-01T11:32:34,2023-03-01T12:08:51
2023-03-01,19:04,19:22,0.3,2023-03-01T19:04:26,2023-03-01T19:22:07
2023-03-02,18:53,19:11,0.3,2023-03-02T18:53:31,2023-03-02T19:11:54
2023-03-03,09:08,10:53,1.7,2023-03-03T09:08:44,2023-03-03T10:53:24
2023-03-06,00:53,03:03,2.2,2023-03-06T00:53:05,2023-03-06T03:03:46
2023-03-06,09:06,10:49,1.7,2023-03-06T09:06:44,2023-03-06T10:49:36
2023-03-07,10:32,10:55,0.4,2023-03-07T10:32:20,2023-03-07T10:55:59
2023-03-07,12:22,12:41,0.3,2023-03-07T12:22:12,2023-03-07T12:41:21
2023-03-07,14:08,14:34,0.4,2023-03-07T14:08:33,2023-03-07T14:34:30
2023-03-09,00:57,07:49,6.9,2023-03-09T00:57:35,2023-03-09T07:49:23
2023-03-09,12:57,14:20,1.4,2023-03-09T12:57:54,2023-03-09T14:20:11
2023-03-10,09:12,10:34,1.4,2023-03-10T09:12:07,2023-03-10T10:34:41
2023-03-10,18:39,18:58,0.3,2023-03-10T18:39:00,2023-03-10T18:58:45
2023-03-13,10:49,11:48,1.0,2023-03-13T10:49:44,2023-03-13T11:48:28
2023-03-13,13:16,13:51,0.6,2023-03-13T13:16:09,2023-03-13T13:51:39
2023-03-14,10:03,11:10,1.1,2023-03-14T10:03:40,2023-03-14T11:10:30
2023-03-14,13:00,13:28,0.5,2023-03-14T13:00:45,2023-03-14T13:28:36
2023-03-14,14:30,14:55,0.4,2023-03-14T14:30:02,2023-03-14T14:55:05
2023-03-14,16:26,16:49,0.4,2023-03-14T16:26:04,2023-03-14T16:49:39
2023-03-14,19:11,20:06,0.9,2023-03-14T19:11:38,2023-03-14T20:06:10
2023-03-15,09:44,11:25,1.7,2023-03-15T09:44:00,2023-03-15T11:25:44
2023-03-15,12:59,13:17,0.3,2023-03-15T12:59:02,2023-03-15T13:17:57
2023-03-15,15:03,15:52,0.8,2023-03-15T15:03:21,2023-03-15T15:52:35
2023-03-16,09:05,10:36,1.5,2023-03-16T09:05:30,2023-03-16T10:36:42
2023-03-17,21:17,01:43,4.4,2023-03-17T21:17:05,2023-03-18T01:43:18
2023-03-18,09:07,11:14,2.1,2023-03-18T09:07:27,2023-03-18T11:14:14
2023-03-18,17:48,18:01,0.2,2023-03-18T17:48:38,2023-03-18T18:01:32
2023-03-20,09:09,10:41,1.5,2023-03-20T09:09:13,2023-03-20T10:41:20
2023-03-20,15:39,15:55,0.3,2023-03-20T15:39:21,2023-03-20T15:55:56
2023-03-22,00:12,04:31,4.3,2023-03-22T00:12:09,2023-03-22T04:31:26
2023-03-22,09:08,11:08,2.0,2023-03-22T09:08:51,2023-03-22T11:08:01
2023-03-23,09:07,11:04,2.0,2023-03-23T09:07:30,2023-03-23T11:04:33
2023-03-23,23:58,01:29,1.5,2023-03-23T23:58:30,2023-03-24T01:29:03
2023-03-27,22:10,00:36,2.4,2023-03-27T22:10:58,2023-03-28T00:36:06
2023-03-30,13:25,13:43,0.3,2023-03-30T13:25:29,2023-03-30T13:43:15
2023-03-30,21:57,00:32,2.6,2023-03-30T21:57:27,2023-03-31T00:32:22
2023-04-04,12:38,14:41,2.0,2023-04-04T12:38:48,2023-04-04T14:41:22
2023-04-07,19:28,19:50,0.4,2023-04-07T19:28:08,2023-04-07T19:50:55
2023-04-13,11:28,12:15,0.8,2023-04-13T11:28:15,2023-04-13T12:15:14
2023-04-19,22:07,23:01,0.9,2023-04-19T22:07:37,2023-04-19T23:01:48
2023-04-21,00:09,00:28,0.3,2023-04-21T00:09:06,2023-04-21T00:28:45
2023-04-21,00:39,03:34,2.9,2023-04-21T00:39:33,2023-04-21T03:34:41
2023-04-21,18:25,18:56,0.5,2023-04-21T18:25:28,2023-04-21T18:56:21
2023-04-28,04:01,06:13,2.2,2023-04-28T04:01:52,2023-04-28T06:13:51
2023-04-28,18:31,19:14,0.7,2023-04-28T18:31:30,2023-04-28T19:14:57
2023-05-01,03:41,06:32,2.9,2023-05-01T03:41:12,2023-05-01T06:32:49
2023-05-03,00:14,04:48,4.6,2023-05-03T00:14:09,2023-05-03T04:48:15
2023-05-03,16:28,16:41,0.2,2023-05-03T16:28:36,2023-05-03T16:41:37
2023-05-03,16:46,17:38,0.9,2023-05-03T16:46:18,2023-05-03T17:38:50
2023-05-04,02:21,06:03,3.7,2023-05-04T02:21:29,2023-05-04T06:03:07
2023-05-04,20:00,20:33,0.5,2023-05-04T20:00:17,2023-05-04T20:33:09
2023-05-05,17:05,18:03,1.0,2023-05-05T17:05:14,2023-05-05T18:03:20
2023-05-06,22:24,01:09,2.7,2023-05-06T22:24:23,2023-05-07T01:09:18
2023-05-07,23:34,03:09,3.6,2023-05-07T23:34:47,2023-05-08T03:09:01
2023-05-08,11:56,12:43,0.8,2023-05-08T11:56:42,2023-05-08T12:43:06
2023-05-09,04:03,06:04,2.0,2023-05-09T04:03:59,2023-05-09T06:04:03
2023-05-13,02:20,04:50,2.5,2023-05-13T02:20:56,2023-05-13T04:50:45
2023-05-13,22:11,00:11,2.0,2023-05-13T22:11:28,2023-05-14T00:11:02
2023-05-14,03:04,05:33,2.5,2023-05-14T03:04:46,2023-05-14T05:33:32
2023-05-15,19:58,20:15,0.3,2023-05-15T19:58:02,2023-05-15T20:15:03
2023-05-16,02:24,04:03,1.6,2023-05-16T02:24:37,2023-05-16T04:03:20
2023-05-16,04:21,05:33,1.2,2023-05-16T04:21:59,2023-05-16T05:33:23
2023-05-16,23:09,00:12,1.1,2023-05-16T23:09:13,2023-05-17T00:12:28
2023-05-17,23:19,23:45,0.4,2023-05-17T23:19:52,2023-05-17T23:45:09
2023-05-18,03:10,06:02,2.9,2023-05-18T03:10:45,2023-05-18T06:02:56
2023-05-18,20:51,21:23,0.5,2023-05-18T20:51:16,2023-05-18T21:23:18
2023-05-19,00:01,04:17,4.3,2023-05-19T00:01:30,2023-05-19T04:17:55
2023-05-20,00:41,03:01,2.3,2023-05-20T00:41:27,2023-05-20T03:01:32
2023-05-22,02:43,05:09,2.4,2023-05-22T02:43:04,2023-05-22T05:09:00
2023-05-22,23:03,23:15,0.2,2023-05-22T23:03:29,2023-05-22T23:15:39
2023-05-24,23:45,03:01,3.3,2023-05-24T23:45:17,2023-05-25T03:01:15
2023-05-26,03:02,05:34,2.5,2023-05-26T03:02:11,2023-05-26T05:34:03
2023-05-28,01:08,06:22,5.2,2023-05-28T01:08:20,2023-05-28T06:22:17
2023-05-29,00:40,04:58,4.3,2023-05-29T00:40:08,2023-05-29T04:58:46
2023-05-29,11:09,12:23,1.2,2023-05-29T11:09:14,2023-05-29T12:23:27
2023-05-29,16:55,17:52,0.9,2023-05-29T16:55:19,2023-05-29T17:52:06
2023-05-30,02:06,04:46,2.7,2023-05-30T02:06:07,2023-05-30T04:46:49
2023-06-01,02:49,04:03,1.2,2023-06-01T02:49:28,2023-06-01T04:03:02
2023-06-01,07:29,07:50,0.3,2023-06-01T07:29:46,2023-06-01T07:50:36
2023-06-01,10:14,10:35,0.3,2023-06-01T10:14:58,2023-06-01T10:35:38
2023-06-02,01:55,04:36,2.7,2023-06-02T01:55:54,2023-06-02T04:36:50
2023-06-02,22:47,23:15,0.5,2023-06-02T22:47:33,2023-06-02T23:15:24
2023-06-04,01:48,04:30,2.7,2023-06-04T01:48:51,2023-06-04T04:30:41
2023-06-06,00:54,04:07,3.2,2023-06-06T00:54:31,2023-06-06T04:07:07
2023-06-07,11:28,12:03,0.6,2023-06-07T11:28:42,2023-06-07T12:03:19
2023-06-08,20:17,21:06,0.8,2023-06-08T20:17:23,2023-06-08T21:06:36
2023-06-09,00:41,04:21,3.7,2023-06-09T00:41:43,2023-06-09T04:21:19
2023-06-10,03:31,04:11,0.7,2023-06-10T03:31:18,2023-06-10T04:11:24
2023-06-11,17:05,17:22,0.3,2023-06-11T17:05:09,2023-06-11T17:22:24
2023-06-13,02:46,04:37,1.9,2023-06-13T02:46:04,2023-06-13T04:37:42
2023-06-13,07:10,08:20,1.2,2023-06-13T07:10:01,2023-06-13T08:20:21
2023-06-14,20:21,20:45,0.4,2023-06-14T20:21:50,2023-06-14T20:45:26
2023-06-14,23:41,00:06,0.4,2023-06-14T23:41:15,2023-06-15T00:06:09
2023-06-15,03:26,04:52,1.4,2023-06-15T03:26:04,2023-06-15T04:52:01
2023-06-15,15:45,16:48,1.0,2023-06-15T15:45:37,2023-06-15T16:48:27
2023-06-15,18:14,18:37,0.4,2023-06-15T18:14:35,2023-06-15T18:37:08
2023-06-16,11:05,12:17,1.2,2023-06-16T11:05:53,2023-06-16T12:17:18
2023-06-20,02:52,06:30,3.6,2023-06-20T02:52:59,2023-06-20T06:30:23
2023-06-22,00:57,01:59,1.0,2023-06-22T00:57:26,2023-06-22T01:59:41
2023-06-23,01:33,03:43,2.2,2023-06-23T01:33:40,2023-06-23T03:43:44
2023-06-23,21:39,21:51,0.2,2023-06-23T21:39:55,2023-06-23T21:51:13
2023-06-23,22:46,23:11,0.4,2023-06-23T22:46:25,2023-06-23T23:11:01
2023-06-24,02:20,04:02,1.7,2023-06-24T02:20:23,2023-06-24T04:02:23
2023-06-24,05:47,06:47,1.0,2023-06-24T05:47:36,2023-06-24T06:47:37
2023-06-25,23:10,23:57,0.8,2023-06-25T23:10:59,2023-06-25T23:57:11
2023-07-02,02:29,03:20,0.9,2023-07-02T02:29:22,2023-07-02T03:20:24
2023-07-02,07:20,08:10,0.8,2023-07-02T07:20:28,2023-07-02T08:10:50
2023-07-06,01:28,03:15,1.8,2023-07-06T01:28:14,2023-07-06T03:15:52
2023-07-07,21:18,21:54,0.6,2023-07-07T21:18:19,2023-07-07T21:54:22
2023-07-11,04:25,05:25,1.0,2023-07-11T04:25:19,2023-07-11T05:25:58
2023-07-11,15:06,15:22,0.3,2023-07-11T15:06:05,2023-07-11T15:22:12
2023-07-11,19:11,19:41,0.5,2023-07-11T19:11:40,2023-07-11T19:41:19
2023-07-12,01:21,03:32,2.2,2023-07-12T01:21:10,2023-07-12T03:32:20
2023-07-13,00:14,03:10,2.9,2023-07-13T00:14:32,2023-07-13T03:10:01
2023-07-14,18:35,19:06,0.5,2023-07-14T18:35:33,2023-07-14T19:06:41
2023-07-16,18:53,19:03,0.2,2023-07-16T18:53:43,2023-07-16T19:03:15
2023-07-17,10:14,10:29,0.2,2023-07-17T10:14:34,2023-07-17T10:29:03
2023-07-19,00:05,00:53,0.8,2023-07-19T00:05:46,2023-07-19T00:53:16
2023-07-19,04:41,05:40,1.0,2023-07-19T04:41:11,2023-07-19T05:40:00
2023-07-20,18:51,19:11,0.3,2023-07-20T18:51:07,2023-07-20T19:11:04
2023-07-20,23:10,23:26,0.3,2023-07-20T23:10:37,2023-07-20T23:26:55
2023-07-21,10:37,12:01,1.4,2023-07-21T10:37:47,2023-07-21T12:01:43
2023-07-25,01:57,05:01,3.1,2023-07-25T01:57:14,2023-07-25T05:01:16
2023-07-26,13:30,14:48,1.3,2023-07-26T13:30:31,2023-07-26T14:48:13
2023-07-26,17:54,20:22,2.5,2023-07-26T17:54:56,2023-07-26T20:22:59
2023-07-28,12:20,12:30,0.2,2023-07-28T12:20:11,2023-07-28T12:30:31
2023-07-28,20:46,21:13,0.5,2023-07-28T20:46:39,2023-07-28T21:13:46
2023-07-31,00:08,00:52,0.7,2023-07-31T00:08:46,2023-07-31T00:52:08
2023-08-01,11:33,11:57,0.4,2023-08-01T11:33:23,2023-08-01T11:57:21
2023-08-01,13:14,13:36,0.4,2023-08-01T13:14:38,2023-08-01T13:36:35
2023-08-01,15:29,15:45,0.3,2023-08-01T15:29:40,2023-08-01T15:45:00
2023-08-01,19:40,20:02,0.4,2023-08-01T19:40:16,2023-08-01T20:02:19
2023-08-02,02:21,03:30,1.2,2023-08-02T02:21:00,2023-08-02T03:30:56
2023-08-02,07:28,07:51,0.4,2023-08-02T07:28:45,2023-08-02T07:51:18
2023-08-02,08:16,08:43,0.5,2023-08-02T08:16:19,2023-08-02T08:43:35
2023-08-03,01:06,04:06,3.0,2023-08-03T01:06:04,2023-08-03T04:06:45
2023-08-04,13:38,14:21,0.7,2023-08-04T13:38:03,2023-08-04T14:21:14
2023-08-05,09:27,10:03,0.6,2023-08-05T09:27:27,2023-08-05T10:03:11
2023-08-05,11:34,12:08,0.6,2023-08-05T11:34:49,2023-08-05T12:08:48
2023-08-05,18:15,19:39,1.4,2023-08-05T18:15:44,2023-08-05T19:39:33
2023-08-06,01:04,01:39,0.6,2023-08-06T01:04:00,2023-08-06T01:39:06
2023-08-08,17:52,18:25,0.5,2023-08-08T17:52:33,2023-08-08T18:25:32
2023-08-09,16:02,16:46,0.7,2023-08-09T16:02:05,2023-08-09T16:46:33
2023-08-09,17:40,18:06,0.4,2023-08-09T17:40:06,2023-08-09T18:06:50
2023-08-09,20:43,21:08,0.4,2023-08-09T20:43:50,2023-08-09T21:08:50
2023-08-09,23:23,23:47,0.4,2023-08-09T23:23:13,2023-08-09T23:47:49
2023-08-10,00:17,01:30,1.2,2023-08-10T00:17:51,2023-08-10T01:30:49
2023-08-10,03:57,04:07,0.2,2023-08-10T03:57:19,2023-08-10T04:07:54
2023-08-11,09:47,10:33,0.8,2023-08-11T09:47:02,2023-08-11T10:33:04
2023-08-14,01:02,01:33,0.5,2023-08-14T01:02:18,2023-08-14T01:33:38
2023-08-15,03:24,05:29,2.1,2023-08-15T03:24:19,2023-08-15T05:29:48
2023-08-15,15:25,16:25,1.0,2023-08-15T15:25:14,2023-08-15T16:25:47
2023-08-15,20:22,21:35,1.2,2023-08-15T20:22:53,2023-08-15T21:35:01
2023-08-17,16:19,17:01,0.7,2023-08-17T16:19:18,2023-08-17T17:01:19
2023-08-17,17:49,18:29,0.7,2023-08-17T17:49:56,2023-08-17T18:29:35
2023-08-17,19:09,19:35,0.4,2023-08-17T19:09:50,2023-08-17T19:35:24
2023-08-17,21:21,23:52,2.5,2023-08-17T21:21:08,2023-08-17T23:52:44
2023-08-18,13:18,13:34,0.3,2023-08-18T13:18:49,2023-08-18T13:34:54
2023-08-21,22:41,23:08,0.4,2023-08-21T22:41:44,2023-08-21T23:08:05
2023-08-22,12:49,13:22,0.5,2023-08-22T12:49:58,2023-08-22T13:22:12
2023-08-23,16:53,18:06,1.2,2023-08-23T16:53:29,2023-08-23T18:06:53
2023-08-24,15:25,16:23,1.0,2023-08-24T15:25:56,2023-08-24T16:23:50
2023-08-25,17:04,17:36,0.5,2023-08-25T17:04:06,2023-08-25T17:36:31
2023-08-25,18:00,18:42,0.7,2023-08-25T18:00:57,2023-08-25T18:42:59
2023-08-25,20:20,20:34,0.2,2023-08-25T20:20:15,2023-08-25T20:34:30
2023-08-25,21:39,21:50,0.2,2023-08-25T21:39:26,2023-08-25T21:50:46
2023-08-25,22:21,22:53,0.5,2023-08-25T22:21:12,2023-08-25T22:53:28
2023-08-25,23:25,23:47,0.4,2023-08-25T23:25:31,2023-08-25T23:47:27
2023-08-26,00:38,01:01,0.4,2023-08-26T00:38:17,2023-08-26T01:01:58
2023-08-27,03:32,06:24,2.9,2023-08-27T03:32:11,2023-08-27T06:24:00
2023-08-28,04:29,04:53,0.4,2023-08-28T04:29:54,2023-08-28T04:53:45
2023-08-30,02:15,02:16,0.0,2023-08-30T02:15:25,2023-08-30T02:16:10
2023-08-30,02:39,05:40,3.0,2023-08-30T02:39:37,2023-08-30T05:40:31
2023-09-01,04:33,05:28,0.9,2023-09-01T04:33:16,2023-09-01T05:28:18
2023-09-04,13:31,14:13,0.7,2023-09-04T13:31:48,2023-09-04T14:13:02
2023-09-06,04:42,06:36,1.9,2023-09-06T04:42:36,2023-09-06T06:36:54
2023-09-07,20:03,20:57,0.9,2023-09-07T20:03:13,2023-09-07T20:57:49
2023-09-08,08:55,09:15,0.3,2023-09-08T08:55:24,2023-09-08T09:15:55
2023-09-10,01:15,03:08,1.9,2023-09-10T01:15:01,2023-09-10T03:08:20
2023-09-16,11:18,11:51,0.5,2023-09-16T11:18:35,2023-09-16T11:51:25
2023-09-17,04:41,06:51,2.2,2023-09-17T04:41:32,2023-09-17T06:51:47
2023-09-18,03:55,05:58,2.0,2023-09-18T03:55:26,2023-09-18T05:58:07
2023-09-18,14:55,15:26,0.5,2023-09-18T14:55:44,2023-09-18T15:26:17
2023-09-20,02:11,04:04,1.9,2023-09-20T02:11:56,2023-09-20T04:04:31
2023-09-21,04:25,06:40,2.2,2023-09-21T04:25:58,2023-09-21T06:40:39
2023-09-21,07:15,08:03,0.8,2023-09-21T07:15:17,2023-09-21T08:03:44
2023-09-25,00:14,01:09,0.9,2023-09-25T00:14:20,2023-09-25T01:09:14
2023-09-26,14:23,14:53,0.5,2023-09-26T14:23:05,2023-09-26T14:53:54
2023-09-26,19:33,19:53,0.3,2023-09-26T19:33:33,2023-09-26T19:53:56
2023-09-29,18:40,19:44,1.1,2023-09-29T18:40:11,2023-09-29T19:44:31
2023-10-02,04:04,04:45,0.7,2023-10-02T04:04:49,2023-10-02T04:45:55
2023-10-17,16:12,17:22,1.2,2023-10-17T16:12:57,2023-10-17T17:22:32
2023-10-22,22:12,23:01,0.8,2023-10-22T22:12:31,2023-10-22T23:01:12
2023-10-28,10:53,12:55,2.0,2023-10-28T10:53:36,2023-10-28T12:55:36
2023-10-31,21:48,22:21,0.6,2023-10-31T21:48:05,2023-10-31T22:21:22
2023-10-31,23:25,23:44,0.3,2023-10-31T23:25:55,2023-10-31T23:44:02
2023-11-04,12:37,15:08,2.5,2023-11-04T12:37:44,2023-11-04T15:08:10
2023-11-06,15:04,16:31,1.4,2023-11-06T15:04:38,2023-11-06T16:31:27
2023-11-08,14:25,15:04,0.7,2023-11-08T14:25:07,2023-11-08T15:04:43
2023-11-10,10:29,14:06,3.6,2023-11-10T10:29:36,2023-11-10T14:06:38
2023-11-10,22:35,23:45,1.2,2023-11-10T22:35:04,2023-11-10T23:45:53
2023-11-11,08:02,09:12,1.2,2023-11-11T08:02:38,2023-11-11T09:12:45
2023-11-11,12:04,15:31,3.5,2023-11-11T12:04:18,2023-11-11T15:31:42
2023-11-13,12:45,12:56,0.2,2023-11-13T12:45:20,2023-11-13T12:56:51
2023-11-14,14:37,17:21,2.7,2023-11-14T14:37:57,2023-11-14T17:21:21
2023-11-15,00:07,00:21,0.2,2023-11-15T00:07:48,2023-11-15T00:21:05
2023-11-15,12:05,14:16,2.2,2023-11-15T12:05:07,2023-11-15T14:16:58
2023-11-16,08:09,08:20,0.2,2023-11-16T08:09:28,2023-11-16T08:20:02
2023-11-18,00:17,01:21,1.1,2023-11-18T00:17:11,2023-11-18T01:21:13
2023-11-18,04:10,05:00,0.8,2023-11-18T04:10:45,2023-11-18T05:00:37
2023-11-18,22:46,23:30,0.7,2023-11-18T22:46:33,2023-11-18T23:30:45
2023-11-18,23:35,02:01,2.4,2023-11-18T23:35:32,2023-11-19T02:01:05
2023-11-25,02:37,08:45,6.1,2023-11-25T02:37:07,2023-11-25T08:45:23
2023-11-25,14:39,15:13,0.6,2023-11-25T14:39:05,2023-11-25T15:13:44
2023-11-26,00:03,03:20,3.3,2023-11-26T00:03:42,2023-11-26T03:20:24
2023-11-27,12:22,14:04,1.7,2023-11-27T12:22:16,2023-11-27T14:04:14
2023-11-28,13:41,14:27,0.8,2023-11-28T13:41:49,2023-11-28T14:27:25
2023-11-28,21:37,22:01,0.4,2023-11-28T21:37:26,2023-11-28T22:01:23
2023-11-29,22:02,22:10,0.1,2023-11-29T22:02:40,2023-11-29T22:10:10
2023-12-01,07:04,07:49,0.8,2023-12-01T07:04:18,2023-12-01T07:49:52
2023-12-01,11:00,12:26,1.4,2023-12-01T11:00:14,2023-12-01T12:26:45
2023-12-02,12:07,13:48,1.7,2023-12-02T12:07:56,2023-12-02T13:48:12
2023-12-03,13:02,14:37,1.6,2023-12-03T13:02:24,2023-12-03T14:37:24
2023-12-03,14:47,15:00,0.2,2023-12-03T14:47:05,2023-12-03T15:00:52
2023-12-06,12:51,14:40,1.8,2023-12-06T12:51:58,2023-12-06T14:40:23
2023-12-07,12:41,13:47,1.1,2023-12-07T12:41:15,2023-12-07T13:47:33
2023-12-08,06:47,08:31,1.7,2023-12-08T06:47:27,2023-12-08T08:31:04
2023-12-10,10:16,11:24,1.1,2023-12-10T10:16:27,2023-12-10T11:24:15
2023-12-11,04:15,05:01,0.8,2023-12-11T04:15:15,2023-12-11T05:01:30
2023-12-13,03:00,03:37,0.6,2023-12-13T03:00:10,2023-12-13T03:37:33
2023-12-14,08:39,09:06,0.5,2023-12-14T08:39:53,2023-12-14T09:06:57
2023-12-14,11:06,12:41,1.6,2023-12-14T11:06:19,2023-12-14T12:41:33
2023-12-14,14:08,14:58,0.8,2023-12-14T14:08:23,2023-12-14T14:58:06
2023-12-14,15:35,16:14,0.6,2023-12-14T15:35:36,2023-12-14T16:14:32
2023-12-14,17:29,18:35,1.1,2023-12-14T17:29:35,2023-12-14T18:35:50
2023-12-15,23:30,03:46,4.3,2023-12-15T23:30:50,2023-12-16T03:46:41
2023-12-16,20:05,20:22,0.3,2023-12-16T20:05:49,2023-12-16T20:22:59
2023-12-19,22:56,00:28,1.5,2023-12-19T22:56:38,2023-12-20T00:28:53
2023-12-20,15:36,16:00,0.4,2023-12-20T15:36:37,2023-12-20T16:00:16
2023-12-20,20:23,21:05,0.7,2023-12-20T20:23:57,2023-12-20T21:05:12
2023-12-21,23:05,01:04,2.0,2023-12-21T23:05:52,2023-12-22T01:04:54
2023-12-22,13:47,14:43,0.9,2023-12-22T13:47:59,2023-12-22T14:43:10
2023-12-25,10:31,12:36,2.1,2023-12-25T10:31:22,2023-12-25T12:36:55
2023-12-26,05:18,05:35,0.3,2023-12-26T05:18:27,2023-12-26T05:35:53
2023-12-26,09:49,10:09,0.3,2023-12-26T09:49:00,2023-12-26T10:09:49
2023-12-26,11:16,12:52,1.6,2023-12-26T11:16:35,2023-12-26T12:52:59
2023-12-27,11:54,12:10,0.3,2023-12-27T11:54:19,2023-12-27T12:10:24
2023-12-28,09:20,09:37,0.3,2023-12-28T09:20:54,2023-12-28T09:37:22
2023-12-29,00:15,01:35,1.3,2023-12-29T00:15:23,2023-12-29T01:35:18
2023-12-29,04:51,05:29,0.6,2023-12-29T04:51:15,2023-12-29T05:29:40
2023-12-29,06:47,09:29,2.7,2023-12-29T06:47:27,2023-12-29T09:29:44
2023-12-29,14:45,15:49,1.1,2023-12-29T14:45:37,2023-12-29T15:49:55
2023-12-30,10:30,11:56,1.4,2023-12-30T10:30:01,2023-12-30T11:56:59
2023-12-31,10:42,11:48,1.1,2023-12-31T10:42:00,2023-12-31T11:48:41
2023-12-31,13:24,14:13,0.8,2023-12-31T13:24:53,2023-12-31T14:13:04
2023-12-31,19:29,21:30,2.0,2023-12-31T19:29:31,2023-12-31T21:30:17
2024-01-01,11:19,13:53,2.6,2024-01-01T11:19:44,2024-01-01T13:53:58
2024-01-01,14:55,15:35,0.7,2024-01-01T14:55:13,2024-01-01T15:35:29
2024-01-01,15:49,17:23,1.6,2024-01-01T15:49:42,2024-01-01T17:23:02
2024-01-02,02:23,03:56,1.5,2024-01-02T02:23:59,2024-01-02T03:56:09
2024-01-02,05:53,09:47,3.9,2024-01-02T05:53:54,2024-01-02T09:47:25
2024-01-02,18:34,19:11,0.6,2024-01-02T18:34:09,2024-01-02T19:11:52
2024-01-06,09:23,11:31,2.1,2024-01-06T09:23:56,2024-01-06T11:31:47
2024-01-07,09:53,11:03,1.2,2024-01-07T09:53:10,2024-01-07T11:03:23
2024-01-07,12:19,12:46,0.5,2024-01-07T12:19:28,2024-01-07T12:46:54
2024-01-08,06:10,08:23,2.2,2024-01-08T06:10:54,2024-01-08T08:23:56
2024-01-10,07:58,08:49,0.9,2024-01-10T07:58:27,2024-01-10T08:49:42
2024-01-11,13:30,14:46,1.3,2024-01-11T13:30:14,2024-01-11T14:46:12
2024-01-12,19:25,20:02,0.6,2024-01-12T19:25:00,2024-01-12T20:02:00
2024-01-12,23:24,00:00,0.6,2024-01-12T23:24:30,2024-01-13T00:00:19
2024-01-13,06:20,08:11,1.8,2024-01-13T06:20:32,2024-01-13T08:11:02
2024-01-13,11:51,13:12,1.4,2024-01-13T11:51:49,2024-01-13T13:12:57
2024-01-14,06:27,06:52,0.4,2024-01-14T06:27:36,2024-01-14T06:52:00
2024-01-14,12:29,12:56,0.4,2024-01-14T12:29:55,2024-01-14T12:56:00
2024-01-16,10:36,11:56,1.3,2024-01-16T10:36:54,2024-01-16T11:56:38
2024-01-17,10:28,12:08,1.7,2024-01-17T10:28:41,2024-01-17T12:08:34
2024-01-18,08:47,09:12,0.4,2024-01-18T08:47:05,2024-01-18T09:12:09
2024-01-18,11:43,13:17,1.6,2024-01-18T11:43:00,2024-01-18T13:17:33
2024-01-20,12:15,12:46,0.5,2024-01-20T12:15:32,2024-01-20T12:46:23
2024-01-22,12:08,13:26,1.3,2024-01-22T12:08:24,2024-01-22T13:26:07
2024-01-22,14:58,15:32,0.6,2024-01-22T14:58:01,2024-01-22T15:32:45
2024-01-23,05:43,08:14,2.5,2024-01-23T05:43:36,2024-01-23T08:14:53
2024-01-23,13:23,14:01,0.6,2024-01-23T13:23:13,2024-01-23T14:01:36
2024-01-23,14:47,17:41,2.9,2024-01-23T14:47:36,2024-01-23T17:41:46
2024-01-24,11:41,13:57,2.3,2024-01-24T11:41:04,2024-01-24T13:57:15
2024-01-26,13:26,14:24,1.0,2024-01-26T13:26:48,2024-01-26T14:24:23
2024-01-27,19:59,20:33,0.6,2024-01-27T19:59:33,2024-01-27T20:33:48
2024-01-28,19:58,20:32,0.6,2024-01-28T19:58:49,2024-01-28T20:32:41
2024-01-30,12:15,12:41,0.4,2024-01-30T12:15:04,2024-01-30T12:41:13
2024-01-31,12:06,12:39,0.5,2024-01-31T12:06:49,2024-01-31T12:39:48
2024-01-31,15:13,16:39,1.4,2024-01-31T15:13:57,2024-01-31T16:39:37
2024-02-03,11:39,12:15,0.6,2024-02-03T11:39:25,2024-02-03T12:15:41
2024-02-03,12:54,13:14,0.3,2024-02-03T12:54:38,2024-02-03T13:14:49
2024-02-07,05:54,08:49,2.9,2024-02-07T05:54:59,2024-02-07T08:49:06
2024-02-09,11:21,12:59,1.6,2024-02-09T11:21:36,2024-02-09T12:59:01
2024-02-11,01:54,03:54,2.0,2024-02-11T01:54:21,2024-02-11T03:54:10
2024-02-14,13:18,13:52,0.6,2024-02-14T13:18:14,2024-02-14T13:52:52
2024-02-15,04:47,07:02,2.2,2024-02-15T04:47:42,2024-02-15T07:02:14
2024-02-15,10:54,12:04,1.2,2024-02-15T10:54:11,2024-02-15T12:04:38
2024-02-16,14:58,15:38,0.7,2024-02-16T14:58:38,2024-02-16T15:38:06
2024-02-17,12:00,12:30,0.5,2024-02-17T12:00:01,2024-02-17T12:30:22
2024-02-19,12:03,13:28,1.4,2024-02-19T12:03:11,2024-02-19T13:28:23
2024-02-20,06:47,07:06,0.3,2024-02-20T06:47:59,2024-02-20T07:06:48
2024-02-21,12:11,13:21,1.2,2024-02-21T12:11:31,2024-02-21T13:21:14
2024-02-23,21:46,23:30,1.7,2024-02-23T21:46:27,2024-02-23T23:30:55
2024-02-26,12:39,13:26,0.8,2024-02-26T12:39:37,2024-02-26T13:26:08
2024-02-28,21:36,21:57,0.3,2024-02-28T21:36:37,2024-02-28T21:57:05
2024-03-03,19:31,19:42,0.2,2024-03-03T19:31:13,2024-03-03T19:42:21
2024-03-06,08:42,09:06,0.4,2024-03-06T08:42:27,2024-03-06T09:06:13
2024-03-07,17:54,18:15,0.4,2024-03-07T17:54:11,2024-03-07T18:15:51
2024-03-08,21:55,22:16,0.3,2024-03-08T21:55:40,2024-03-08T22:16:22
2024-03-10,01:25,01:55,0.5,2024-03-10T01:25:44,2024-03-10T01:55:35
2024-03-11,18:54,19:11,0.3,2024-03-11T18:54:49,2024-03-11T19:11:56
2024-03-12,00:28,00:41,0.2,2024-03-12T00:28:55,2024-03-12T00:41:47
2024-03-12,10:18,11:31,1.2,2024-03-12T10:18:34,2024-03-12T11:31:54
2024-03-12,11:55,12:12,0.3,2024-03-12T11:55:03,2024-03-12T12:12:31
2024-03-14,05:21,05:44,0.4,2024-03-14T05:21:44,2024-03-14T05:44:05
2024-03-14,08:29,09:09,0.7,2024-03-14T08:29:09,2024-03-14T09:09:07
2024-03-14,12:39,13:27,0.8,2024-03-14T12:39:37,2024-03-14T13:27:03
2024-03-15,01:58,02:51,0.9,2024-03-15T01:58:59,2024-03-15T02:51:19
2024-03-15,06:07,06:16,0.1,2024-03-15T06:07:50,2024-03-15T06:16:26
2024-03-15,13:42,14:16,0.6,2024-03-15T13:42:15,2024-03-15T14:16:06
2024-03-17,20:12,20:46,0.6,2024-03-17T20:12:42,2024-03-17T20:46:04
2024-03-18,15:59,16:12,0.2,2024-03-18T15:59:16,2024-03-18T16:12:28
2024-03-19,16:07,16:53,0.8,2024-03-19T16:07:44,2024-03-19T16:53:07
2024-03-20,12:20,12:46,0.4,2024-03-20T12:20:59,2024-03-20T12:46:14
2024-03-21,03:21,06:10,2.8,2024-03-21T03:21:01,2024-03-21T06:10:17
2024-03-21,13:01,13:10,0.2,2024-03-21T13:01:01,2024-03-21T13:10:36
2024-03-22,04:28,06:59,2.5,2024-03-22T04:28:07,2024-03-22T06:59:24
2024-03-24,03:41,06:00,2.3,2024-03-24T03:41:02,2024-03-24T06:00:59
2024-03-24,09:26,09:58,0.5,2024-03-24T09:26:31,2024-03-24T09:58:15
2024-03-25,10:29,11:03,0.6,2024-03-25T10:29:11,2024-03-25T11:03:56
2024-03-25,17:23,18:12,0.8,2024-03-25T17:23:25,2024-03-25T18:12:47
2024-03-26,20:17,20:37,0.3,2024-03-26T20:17:35,2024-03-26T20:37:10
2024-03-27,22:10,22:47,0.6,2024-03-27T22:10:07,2024-03-27T22:47:53
2024-03-28,12:08,13:10,1.0,2024-03-28T12:08:27,2024-03-28T13:10:33
2024-03-28,18:02,18:34,0.5,2024-03-28T18:02:46,2024-03-28T18:34:27
2024-03-29,02:04,02:38,0.6,2024-03-29T02:04:39,2024-03-29T02:38:45
2024-03-29,03:51,06:07,2.3,2024-03-29T03:51:56,2024-03-29T06:07:54
2024-03-30,11:19,11:35,0.3,2024-03-30T11:19:39,2024-03-30T11:35:33
2024-03-30,19:11,19:32,0.3,2024-03-30T19:11:19,2024-03-30T19:32:04
2024-03-30,23:19,23:33,0.2,2024-03-30T23:19:58,2024-03-30T23:33:30
2024-03-31,04:32,04:36,0.1,2024-03-31T04:32:21,2024-03-31T04:36:49
2024-03-31,04:38,06:37,2.0,2024-03-31T04:38:10,2024-03-31T06:37:13
2024-03-31,16:32,16:56,0.4,2024-03-31T16:32:21,2024-03-31T16:56:19
2024-03-31,17:50,18:16,0.4,2024-03-31T17:50:25,2024-03-31T18:16:23
2024-04-04,19:34,20:03,0.5,2024-04-04T19:34:48,2024-04-04T20:03:52
2024-04-05,16:32,18:01,1.5,2024-04-05T16:32:06,2024-04-05T18:01:04
2024-04-06,04:09,06:16,2.1,2024-04-06T04:09:58,2024-04-06T06:16:57
2024-04-08,13:22,14:05,0.7,2024-04-08T13:22:24,2024-04-08T14:05:24
2024-04-11,04:15,06:49,2.6,2024-04-11T04:15:37,2024-04-11T06:49:05
2024-04-12,19:34,19:54,0.3,2024-04-12T19:34:30,2024-04-12T19:54:57
2024-04-13,16:31,16:57,0.4,2024-04-13T16:31:38,2024-04-13T16:57:05
2024-04-16,16:33,16:50,0.3,2024-04-16T16:33:05,2024-04-16T16:50:24
2024-04-16,18:25,18:56,0.5,2024-04-16T18:25:44,2024-04-16T18:56:29
2024-04-17,08:48,09:28,0.7,2024-04-17T08:48:56,2024-04-17T09:28:31
2024-04-18,10:39,11:09,0.5,2024-04-18T10:39:10,2024-04-18T11:09:26
2024-04-19,04:40,06:14,1.6,2024-04-19T04:40:09,2024-04-19T06:14:29
2024-04-19,21:50,22:32,0.7,2024-04-19T21:50:20,2024-04-19T22:32:31
2024-04-19,22:34,22:46,0.2,2024-04-19T22:34:24,2024-04-19T22:46:13
2024-04-20,10:27,11:09,0.7,2024-04-20T10:27:50,2024-04-20T11:09:34
2024-04-20,13:17,13:45,0.5,2024-04-20T13:17:22,2024-04-20T13:45:02
2024-04-22,22:17,22:46,0.5,2024-04-22T22:17:44,2024-04-22T22:46:56
2024-04-23,03:33,04:03,0.5,2024-04-23T03:33:49,2024-04-23T04:03:10
2024-04-23,12:48,13:14,0.4,2024-04-23T12:48:12,2024-04-23T13:14:51
2024-04-25,10:28,10:54,0.4,2024-04-25T10:28:00,2024-04-25T10:54:22
2024-04-25,13:00,13:22,0.4,2024-04-25T13:00:17,2024-04-25T13:22:34
2024-04-25,13:52,14:24,0.5,2024-04-25T13:52:12,2024-04-25T14:24:55
2024-04-25,16:44,17:16,0.5,2024-04-25T16:44:44,2024-04-25T17:16:26
2024-04-26,22:56,23:59,1.1,2024-04-26T22:56:00,2024-04-26T23:59:09
2024-04-27,03:44,06:01,2.3,2024-04-27T03:44:27,2024-04-27T06:01:28
2024-05-03,15:06,15:33,0.4,2024-05-03T15:06:59,2024-05-03T15:33:01
2024-05-03,18:34,19:07,0.5,2024-05-03T18:34:39,2024-05-03T19:07:26
2024-05-03,20:35,20:53,0.3,2024-05-03T20:35:02,2024-05-03T20:53:57
2024-05-03,21:43,22:34,0.9,2024-05-03T21:43:19,2024-05-03T22:34:53
2024-05-04,15:31,15:39,0.1,2024-05-04T15:31:11,2024-05-04T15:39:12
2024-05-08,02:47,06:03,3.3,2024-05-08T02:47:14,2024-05-08T06:03:05
2024-05-08,06:25,06:54,0.5,2024-05-08T06:25:44,2024-05-08T06:54:08
2024-05-09,14:20,15:13,0.9,2024-05-09T14:20:31,2024-05-09T15:13:54
2024-05-10,13:04,13:38,0.6,2024-05-10T13:04:36,2024-05-10T13:38:59
2024-05-11,10:34,11:33,1.0,2024-05-11T10:34:38,2024-05-11T11:33:27
2024-05-12,09:46,10:14,0.5,2024-05-12T09:46:00,2024-05-12T10:14:19
2024-05-13,12:52,13:24,0.5,2024-05-13T12:52:54,2024-05-13T13:24:19
2024-05-13,14:47,15:34,0.8,2024-05-13T14:47:47,2024-05-13T15:34:10
2024-05-13,16:43,17:09,0.4,2024-05-13T16:43:13,2024-05-13T17:09:13
2024-05-16,08:16,08:45,0.5,2024-05-16T08:16:53,2024-05-16T08:45:42
2024-05-17,10:29,10:42,0.2,2024-05-17T10:29:15,2024-05-17T10:42:08
2024-05-19,11:14,11:57,0.7,2024-05-19T11:14:35,2024-05-19T11:57:02
2024-05-20,09:57,10:31,0.6,2024-05-20T09:57:59,2024-05-20T10:31:16
2024-05-20,18:13,18:48,0.6,2024-05-20T18:13:25,2024-05-20T18:48:48
2024-05-20,20:36,21:10,0.6,2024-05-20T20:36:51,2024-05-20T21:10:40
2024-05-22,09:31,09:51,0.3,2024-05-22T09:31:07,2024-05-22T09:51:28
2024-05-22,19:41,20:25,0.7,2024-05-22T19:41:22,2024-05-22T20:25:15
2024-05-23,00:25,00:45,0.3,2024-05-23T00:25:07,2024-05-23T00:45:58
2024-05-24,08:57,09:13,0.3,2024-05-24T08:57:27,2024-05-24T09:13:22
2024-05-24,13:25,13:48,0.4,2024-05-24T13:25:39,2024-05-24T13:48:35
2024-05-24,20:18,20:45,0.5,2024-05-24T20:18:11,2024-05-24T20:45:11
2024-05-24,22:28,23:01,0.5,2024-05-24T22:28:59,2024-05-24T23:01:08
2024-05-25,13:56,14:12,0.3,2024-05-25T13:56:04,2024-05-25T14:12:50
2024-05-25,19:13,19:26,0.2,2024-05-25T19:13:03,2024-05-25T19:26:41
2024-05-26,02:47,05:21,2.6,2024-05-26T02:47:53,2024-05-26T05:21:46
2024-05-26,09:15,09:47,0.5,2024-05-26T09:15:30,2024-05-26T09:47:51
2024-05-26,10:23,10:47,0.4,2024-05-26T10:23:33,2024-05-26T10:47:52
2024-05-28,20:16,20:30,0.2,2024-05-28T20:16:26,2024-05-28T20:30:54
2024-05-29,17:33,18:01,0.5,2024-05-29T17:33:22,2024-05-29T18:01:10
2024-05-30,03:29,05:47,2.3,2024-05-30T03:29:12,2024-05-30T05:47:04
2024-05-31,03:19,03:36,0.3,2024-05-31T03:19:08,2024-05-31T03:36:13
2024-05-31,04:50,05:15,0.4,2024-05-31T04:50:02,2024-05-31T05:15:45
2024-06-01,02:44,05:25,2.7,2024-06-01T02:44:51,2024-06-01T05:25:22
2024-06-01,08:39,09:00,0.3,2024-06-01T08:39:44,2024-06-01T09:00:21
2024-06-04,21:46,22:15,0.5,2024-06-04T21:46:49,2024-06-04T22:15:31
2024-06-05,07:13,07:44,0.5,2024-06-05T07:13:34,2024-06-05T07:44:08
2024-06-05,13:20,13:37,0.3,2024-06-05T13:20:33,2024-06-05T13:37:41
2024-06-05,15:35,16:09,0.6,2024-06-05T15:35:29,2024-06-05T16:09:56
2024-06-07,02:38,04:56,2.3,2024-06-07T02:38:28,2024-06-07T04:56:18
2024-06-10,18:44,19:03,0.3,2024-06-10T18:44:05,2024-06-10T19:03:04
2024-06-12,02:55,04:45,1.8,2024-06-12T02:55:36,2024-06-12T04:45:24
2024-06-12,06:14,06:46,0.5,2024-06-12T06:14:04,2024-06-12T06:46:34
2024-06-12,08:52,09:27,0.6,2024-06-12T08:52:17,2024-06-12T09:27:29
2024-06-14,03:00,04:42,1.7,2024-06-14T03:00:34,2024-06-14T04:42:50
2024-06-14,06:01,06:46,0.7,2024-06-14T06:01:48,2024-06-14T06:46:28
2024-06-14,10:14,10:41,0.5,2024-06-14T10:14:06,2024-06-14T10:41:57
2024-06-14,14:02,14:45,0.7,2024-06-14T14:02:27,2024-06-14T14:45:59
2024-06-14,14:49,15:10,0.4,2024-06-14T14:49:14,2024-06-14T15:10:18
2024-06-15,02:11,03:18,1.1,2024-06-15T02:11:46,2024-06-15T03:18:20
2024-06-15,09:21,09:38,0.3,2024-06-15T09:21:50,2024-06-15T09:38:12
2024-06-19,17:14,17:50,0.6,2024-06-19T17:14:24,2024-06-19T17:50:05
2024-06-20,01:51,04:25,2.6,2024-06-20T01:51:58,2024-06-20T04:25:01
2024-06-20,13:47,14:19,0.5,2024-06-20T13:47:35,2024-06-20T14:19:41
2024-06-21,13:57,14:24,0.5,2024-06-21T13:57:22,2024-06-21T14:24:56
2024-06-21,20:18,20:35,0.3,2024-06-21T20:18:19,2024-06-21T20:35:59
2024-06-21,23:38,00:04,0.4,2024-06-21T23:38:36,2024-06-22T00:04:11
2024-06-22,02:46,05:04,2.3,2024-06-22T02:46:42,2024-06-22T05:04:36
2024-06-23,04:52,05:39,0.8,2024-06-23T04:52:41,2024-06-23T05:39:57
2024-06-24,20:13,20:52,0.7,2024-06-24T20:13:42,2024-06-24T20:52:45
2024-06-24,21:45,22:08,0.4,2024-06-24T21:45:05,2024-06-24T22:08:04
2024-06-24,22:19,22:34,0.3,2024-06-24T22:19:01,2024-06-24T22:34:37
2024-06-25,17:22,18:07,0.8,2024-06-25T17:22:19,2024-06-25T18:07:34
2024-06-25,22:23,22:53,0.5,2024-06-25T22:23:23,2024-06-25T22:53:50
2024-06-27,02:35,03:40,1.1,2024-06-27T02:35:07,2024-06-27T03:40:35
2024-06-29,09:55,10:30,0.6,2024-06-29T09:55:19,2024-06-29T10:30:32
2024-06-29,19:26,19:42,0.3,2024-06-29T19:26:19,2024-06-29T19:42:57
2024-06-30,19:17,19:52,0.6,2024-06-30T19:17:39,2024-06-30T19:52:39
2024-06-30,21:17,21:24,0.1,2024-06-30T21:17:43,2024-06-30T21:24:19
2024-07-01,11:38,11:56,0.3,2024-07-01T11:38:41,2024-07-01T11:56:43
2024-07-01,13:50,14:02,0.2,2024-07-01T13:50:42,2024-07-01T14:02:18
2024-07-01,15:31,16:18,0.8,2024-07-01T15:31:04,2024-07-01T16:18:59
2024-07-01,16:28,17:18,0.8,2024-07-01T16:28:03,2024-07-01T17:18:42
2024-07-01,23:09,23:30,0.3,2024-07-01T23:09:08,2024-07-01T23:30:07
2024-07-02,03:29,03:56,0.4,2024-07-02T03:29:57,2024-07-02T03:56:23
2024-07-02,16:29,17:08,0.7,2024-07-02T16:29:08,2024-07-02T17:08:14
2024-07-04,04:12,04:50,0.6,2024-07-04T04:12:01,2024-07-04T04:50:57
2024-07-04,23:40,00:07,0.4,2024-07-04T23:40:58,2024-07-05T00:07:48
2024-07-05,01:29,02:18,0.8,2024-07-05T01:29:51,2024-07-05T02:18:13
2024-07-06,07:22,07:46,0.4,2024-07-06T07:22:11,2024-07-06T07:46:54
2024-07-08,02:01,03:49,1.8,2024-07-08T02:01:12,2024-07-08T03:49:57
2024-07-08,07:18,07:41,0.4,2024-07-08T07:18:04,2024-07-08T07:41:56
2024-07-08,09:52,11:34,1.7,2024-07-08T09:52:10,2024-07-08T11:34:54
2024-07-08,12:57,13:13,0.3,2024-07-08T12:57:33,2024-07-08T13:13:21
2024-07-08,13:21,14:06,0.7,2024-07-08T13:21:42,2024-07-08T14:06:41
2024-07-08,21:08,21:36,0.5,2024-07-08T21:08:31,2024-07-08T21:36:43
2024-07-09,17:57,18:12,0.3,2024-07-09T17:57:34,2024-07-09T18:12:50
2024-07-10,20:55,21:25,0.5,2024-07-10T20:55:09,2024-07-10T21:25:01
2024-07-11,15:29,15:59,0.5,2024-07-11T15:29:46,2024-07-11T15:59:04
2024-07-11,17:27,17:42,0.2,2024-07-11T17:27:53,2024-07-11T17:42:10
2024-07-11,20:19,21:26,1.1,2024-07-11T20:19:58,2024-07-11T21:26:47
2024-07-11,22:49,23:16,0.4,2024-07-11T22:49:50,2024-07-11T23:16:04
2024-07-12,21:23,21:43,0.3,2024-07-12T21:23:57,2024-07-12T21:43:47
2024-07-13,11:17,11:56,0.7,2024-07-13T11:17:02,2024-07-13T11:56:29
2024-07-14,15:03,15:11,0.1,2024-07-14T15:03:19,2024-07-14T15:11:18
2024-07-15,08:16,08:41,0.4,2024-07-15T08:16:01,2024-07-15T08:41:11
2024-07-15,22:18,22:31,0.2,2024-07-15T22:18:30,2024-07-15T22:31:30
2024-07-16,02:23,02:55,0.5,2024-07-16T02:23:31,2024-07-16T02:55:31
2024-07-16,12:01,12:51,0.8,2024-07-16T12:01:22,2024-07-16T12:51:02
2024-07-17,21:28,21:54,0.4,2024-07-17T21:28:01,2024-07-17T21:54:04
2024-07-17,22:41,23:06,0.4,2024-07-17T22:41:13,2024-07-17T23:06:40
2024-07-17,23:08,23:28,0.3,2024-07-17T23:08:56,2024-07-17T23:28:04
2024-07-21,02:46,04:28,1.7,2024-07-21T02:46:57,2024-07-21T04:28:00
2024-07-22,09:29,09:50,0.3,2024-07-22T09:29:37,2024-07-22T09:50:11
2024-07-22,23:55,00:21,0.4,2024-07-22T23:55:07,2024-07-23T00:21:55
2024-07-24,12:31,13:10,0.6,2024-07-24T12:31:40,2024-07-24T13:10:14
2024-07-25,02:40,04:21,1.7,2024-07-25T02:40:15,2024-07-25T04:21:49
2024-07-25,06:43,06:48,0.1,2024-07-25T06:43:51,2024-07-25T06:48:26
2024-07-26,00:09,00:27,0.3,2024-07-26T00:09:18,2024-07-26T00:27:46
2024-07-26,02:26,03:11,0.7,2024-07-26T02:26:59,2024-07-26T03:11:23
2024-07-30,20:05,20:23,0.3,2024-07-30T20:05:27,2024-07-30T20:23:24
2024-07-30,22:55,06:10,7.2,2024-07-30T22:55:52,2024-07-31T06:10:17
2024-07-31,06:33,07:51,1.3,2024-07-31T06:33:26,2024-07-31T07:51:45
2024-07-31,12:22,12:40,0.3,2024-07-31T12:22:53,2024-07-31T12:40:53
2024-08-01,00:12,00:33,0.3,2024-08-01T00:12:49,2024-08-01T00:33:48
2024-08-01,03:24,03:39,0.2,2024-08-01T03:24:21,2024-08-01T03:39:01
2024-08-01,03:41,04:02,0.3,2024-08-01T03:41:22,2024-08-01T04:02:01
2024-08-01,21:05,21:15,0.2,2024-08-01T21:05:28,2024-08-01T21:15:34
2024-08-02,10:46,11:12,0.4,2024-08-02T10:46:06,2024-08-02T11:12:44
2024-08-03,03:44,04:17,0.6,2024-08-03T03:44:06,2024-08-03T04:17:35
2024-08-05,18:13,18:27,0.2,2024-08-05T18:13:36,2024-08-05T18:27:29
2024-08-05,22:58,00:33,1.6,2024-08-05T22:58:59,2024-08-06T00:33:34
2024-08-06,23:15,23:23,0.1,2024-08-06T23:15:34,2024-08-06T23:23:13
2024-08-07,09:42,10:11,0.5,2024-08-07T09:42:48,2024-08-07T10:11:02
2024-08-08,06:21,07:02,0.7,2024-08-08T06:21:51,2024-08-08T07:02:38
2024-08-09,03:24,03:35,0.2,2024-08-09T03:24:53,2024-08-09T03:35:32
2024-08-10,19:59,20:17,0.3,2024-08-10T19:59:21,2024-08-10T20:17:23
2024-08-11,00:27,02:30,2.1,2024-08-11T00:27:01,2024-08-11T02:30:25
2024-08-11,02:58,05:20,2.4,2024-08-11T02:58:01,2024-08-11T05:20:24
2024-08-11,19:23,19:47,0.4,2024-08-11T19:23:31,2024-08-11T19:47:23
2024-08-12,18:27,18:51,0.4,2024-08-12T18:27:44,2024-08-12T18:51:03
2024-08-13,00:59,01:26,0.5,2024-08-13T00:59:00,2024-08-13T01:26:11
2024-08-13,03:09,03:29,0.3,2024-08-13T03:09:34,2024-08-13T03:29:38
2024-08-13,04:38,04:55,0.3,2024-08-13T04:38:22,2024-08-13T04:55:56
2024-08-13,07:20,07:46,0.4,2024-08-13T07:20:20,2024-08-13T07:46:29
2024-08-14,00:20,01:32,1.2,2024-08-14T00:20:25,2024-08-14T01:32:12
2024-08-14,19:42,19:52,0.2,2024-08-14T19:42:11,2024-08-14T19:52:11
2024-08-14,20:42,21:07,0.4,2024-08-14T20:42:08,2024-08-14T21:07:16
2024-08-15,00:02,00:24,0.4,2024-08-15T00:02:00,2024-08-15T00:24:04
2024-08-15,07:01,07:13,0.2,2024-08-15T07:01:47,2024-08-15T07:13:46
2024-08-15,13:45,14:08,0.4,2024-08-15T13:45:03,2024-08-15T14:08:11
2024-08-15,19:32,19:46,0.2,2024-08-15T19:32:30,2024-08-15T19:46:15
2024-08-16,00:06,00:51,0.7,2024-08-16T00:06:58,2024-08-16T00:51:41
2024-08-16,10:39,11:09,0.5,2024-08-16T10:39:29,2024-08-16T11:09:43
2024-08-16,12:03,12:10,0.1,2024-08-16T12:03:50,2024-08-16T12:10:43
2024-08-16,18:53,19:21,0.5,2024-08-16T18:53:57,2024-08-16T19:21:34
2024-08-16,22:52,23:01,0.2,2024-08-16T22:52:09,2024-08-16T23:01:16
2024-08-17,07:04,07:25,0.4,2024-08-17T07:04:32,2024-08-17T07:25:43
2024-08-17,12:59,13:28,0.5,2024-08-17T12:59:46,2024-08-17T13:28:37
2024-08-18,04:59,05:38,0.6,2024-08-18T04:59:25,2024-08-18T05:38:10
2024-08-18,06:51,07:42,0.9,2024-08-18T06:51:04,2024-08-18T07:42:52
2024-08-18,23:45,00:00,0.3,2024-08-18T23:45:03,2024-08-19T00:00:37
2024-08-19,02:41,02:56,0.2,2024-08-19T02:41:45,2024-08-19T02:56:17
2024-08-19,23:15,23:44,0.5,2024-08-19T23:15:53,2024-08-19T23:44:21
2024-08-20,05:47,06:13,0.4,2024-08-20T05:47:14,2024-08-20T06:13:24
2024-08-20,23:05,23:13,0.1,2024-08-20T23:05:16,2024-08-20T23:13:32
2024-08-21,04:15,04:30,0.2,2024-08-21T04:15:56,2024-08-21T04:30:43
2024-08-21,05:10,05:18,0.1,2024-08-21T05:10:50,2024-08-21T05:18:36
2024-08-21,06:48,07:14,0.4,2024-08-21T06:48:21,2024-08-21T07:14:36
2024-08-21,09:45,10:23,0.6,2024-08-21T09:45:11,2024-08-21T10:23:19
2024-08-23,00:39,01:19,0.7,2024-08-23T00:39:23,2024-08-23T01:19:00
2024-08-24,17:49,18:09,0.3,2024-08-24T17:49:05,2024-08-24T18:09:00
2024-08-24,21:11,21:28,0.3,2024-08-24T21:11:57,2024-08-24T21:28:35
2024-08-26,03:08,03:32,0.4,2024-08-26T03:08:30,2024-08-26T03:32:51
2024-08-26,05:57,13:43,7.8,2024-08-26T05:57:22,2024-08-26T13:43:22
2024-08-26,14:20,14:42,0.4,2024-08-26T14:20:24,2024-08-26T14:42:19
2024-08-27,00:06,00:47,0.7,2024-08-27T00:06:24,2024-08-27T00:47:07
2024-08-27,01:07,02:33,1.4,2024-08-27T01:07:03,2024-08-27T02:33:28
2024-08-27,03:16,05:59,2.7,2024-08-27T03:16:12,2024-08-27T05:59:38
2024-08-27,06:44,07:10,0.4,2024-08-27T06:44:16,2024-08-27T07:10:30
2024-08-28,21:24,21:42,0.3,2024-08-28T21:24:16,2024-08-28T21:42:43
2024-08-29,01:59,07:20,5.4,2024-08-29T01:59:43,2024-08-29T07:20:48
2024-08-29,07:55,08:25,0.5,2024-08-29T07:55:52,2024-08-29T08:25:48
2024-08-31,00:14,00:42,0.5,2024-08-31T00:14:02,2024-08-31T00:42:12
2024-08-31,00:45,01:26,0.7,2024-08-31T00:45:22,2024-08-31T01:26:47
2024-08-31,02:37,04:23,1.8,2024-08-31T02:37:01,2024-08-31T04:23:16
2024-08-31,07:31,08:13,0.7,2024-08-31T07:31:44,2024-08-31T08:13:02
2024-09-02,04:40,06:27,1.8,2024-09-02T04:40:03,2024-09-02T06:27:48
2024-09-03,01:10,01:26,0.3,2024-09-03T01:10:45,2024-09-03T01:26:48
2024-09-03,03:50,04:22,0.5,2024-09-03T03:50:47,2024-09-03T04:22:15
2024-09-04,02:41,07:05,4.4,2024-09-04T02:41:51,2024-09-04T07:05:15
2024-09-04,23:29,08:38,9.1,2024-09-04T23:29:21,2024-09-05T08:38:03
2024-09-05,12:15,12:46,0.5,2024-09-05T12:15:23,2024-09-05T12:46:26
2024-09-05,23:11,23:31,0.3,2024-09-05T23:11:34,2024-09-05T23:31:37
2024-09-05,23:37,23:45,0.1,2024-09-05T23:37:18,2024-09-05T23:45:12
2024-09-07,03:02,03:21,0.3,2024-09-07T03:02:44,2024-09-07T03:21:24
2024-09-09,00:33,01:38,1.1,2024-09-09T00:33:24,2024-09-09T01:38:40
2024-09-09,16:35,16:44,0.1,2024-09-09T16:35:46,2024-09-09T16:44:34
2024-09-10,04:03,06:00,2.0,2024-09-10T04:03:08,2024-09-10T06:00:24
2024-09-11,18:13,18:50,0.6,2024-09-11T18:13:57,2024-09-11T18:50:09
2024-09-11,20:12,20:47,0.6,2024-09-11T20:12:33,2024-09-11T20:47:36
2024-09-11,23:02,23:19,0.3,2024-09-11T23:02:06,2024-09-11T23:19:19
2024-09-12,02:30,03:55,1.4,2024-09-12T02:30:42,2024-09-12T03:55:33
2024-09-12,04:48,04:54,0.1,2024-09-12T04:48:08,2024-09-12T04:54:35
2024-09-13,21:57,22:01,0.1,2024-09-13T21:57:48,2024-09-13T22:01:14
2024-09-14,01:38,03:45,2.1,2024-09-14T01:38:02,2024-09-14T03:45:41
2024-09-15,21:54,22:20,0.4,2024-09-15T21:54:17,2024-09-15T22:20:09
2024-09-16,01:44,05:10,3.4,2024-09-16T01:44:18,2024-09-16T05:10:41
2024-09-17,00:32,01:23,0.9,2024-09-17T00:32:12,2024-09-17T01:23:22
2024-09-18,02:54,03:27,0.6,2024-09-18T02:54:02,2024-09-18T03:27:35
2024-09-20,21:18,21:52,0.6,2024-09-20T21:18:03,2024-09-20T21:52:24
2024-09-21,23:51,00:25,0.6,2024-09-21T23:51:57,2024-09-22T00:25:47
2024-09-22,21:58,22:25,0.5,2024-09-22T21:58:22,2024-09-22T22:25:59
2024-09-23,22:47,22:56,0.1,2024-09-23T22:47:45,2024-09-23T22:56:22
2024-09-24,14:29,14:45,0.3,2024-09-24T14:29:27,2024-09-24T14:45:05
2024-09-26,01:40,07:17,5.6,2024-09-26T01:40:20,2024-09-26T07:17:53
2024-09-26,09:59,10:34,0.6,2024-09-26T09:59:37,2024-09-26T10:34:03
2024-09-26,10:48,11:16,0.5,2024-09-26T10:48:47,2024-09-26T11:16:47
2024-09-26,11:36,12:10,0.6,2024-09-26T11:36:53,2024-09-26T12:10:49
2024-09-27,09:12,09:46,0.6,2024-09-27T09:12:35,2024-09-27T09:46:12
2024-09-27,16:55,17:35,0.7,2024-09-27T16:55:48,2024-09-27T17:35:46
2024-09-28,02:19,02:40,0.3,2024-09-28T02:19:28,2024-09-28T02:40:03
2024-09-28,03:35,06:02,2.5,2024-09-28T03:35:05,2024-09-28T06:02:31
2024-09-30,01:06,06:09,5.1,2024-09-30T01:06:00,2024-09-30T06:09:18
2024-09-30,08:47,09:06,0.3,2024-09-30T08:47:45,2024-09-30T09:06:53
2024-09-30,22:15,22:43,0.5,2024-09-30T22:15:32,2024-09-30T22:43:39
2024-10-01,13:14,13:31,0.3,2024-10-01T13:14:22,2024-10-01T13:31:02
2024-10-02,21:51,22:19,0.5,2024-10-02T21:51:31,2024-10-02T22:19:22
2024-10-02,23:14,04:49,5.6,2024-10-02T23:14:56,2024-10-03T04:49:45
2024-10-03,11:26,11:46,0.3,2024-10-03T11:26:46,2024-10-03T11:46:17
2024-10-03,13:38,13:47,0.1,2024-10-03T13:38:21,2024-10-03T13:47:13
2024-10-03,23:31,00:15,0.7,2024-10-03T23:31:02,2024-10-04T00:15:19
2024-10-04,09:22,09:52,0.5,2024-10-04T09:22:29,2024-10-04T09:52:49
2024-10-05,22:18,00:12,1.9,2024-10-05T22:18:47,2024-10-06T00:12:33
2024-10-06,01:24,04:17,2.9,2024-10-06T01:24:58,2024-10-06T04:17:58
2024-10-06,05:42,06:05,0.4,2024-10-06T05:42:17,2024-10-06T06:05:09
2024-10-06,09:12,09:41,0.5,2024-10-06T09:12:00,2024-10-06T09:41:46
2024-10-06,22:03,22:11,0.1,2024-10-06T22:03:12,2024-10-06T22:11:59
2024-10-06,23:10,00:17,1.1,2024-10-06T23:10:35,2024-10-07T00:17:00
2024-10-07,02:21,02:58,0.6,2024-10-07T02:21:20,2024-10-07T02:58:27
2024-10-07,03:30,04:03,0.6,2024-10-07T03:30:11,2024-10-07T04:03:18
2024-10-07,08:26,09:01,0.6,2024-10-07T08:26:35,2024-10-07T09:01:32
2024-10-08,08:09,08:38,0.5,2024-10-08T08:09:05,2024-10-08T08:38:13
2024-10-10,12:07,12:33,0.4,2024-10-10T12:07:11,2024-10-10T12:33:12
2024-10-11,03:16,06:24,3.1,2024-10-11T03:16:07,2024-10-11T06:24:53
2024-10-11,23:19,23:56,0.6,2024-10-11T23:19:06,2024-10-11T23:56:58
2024-10-13,04:56,05:05,0.2,2024-10-13T04:56:05,2024-10-13T05:05:57
2024-10-15,10:57,11:28,0.5,2024-10-15T10:57:36,2024-10-15T11:28:56
2024-10-15,22:36,00:52,2.3,2024-10-15T22:36:24,2024-10-16T00:52:03
2024-10-16,20:02,21:48,1.8,2024-10-16T20:02:15,2024-10-16T21:48:57
2024-10-16,22:01,22:26,0.4,2024-10-16T22:01:20,2024-10-16T22:26:51
2024-10-17,01:53,02:28,0.6,2024-10-17T01:53:36,2024-10-17T02:28:44
2024-10-17,03:30,04:11,0.7,2024-10-17T03:30:18,2024-10-17T04:11:04
2024-10-17,22:33,03:08,4.6,2024-10-17T22:33:31,2024-10-18T03:08:31
2024-10-19,02:41,06:06,3.4,2024-10-19T02:41:14,2024-10-19T06:06:16
2024-10-19,06:49,08:54,2.1,2024-10-19T06:49:41,2024-10-19T08:54:32
2024-10-19,23:37,01:25,1.8,2024-10-19T23:37:33,2024-10-20T01:25:29
2024-10-20,02:11,03:14,1.1,2024-10-20T02:11:17,2024-10-20T03:14:31
2024-10-21,00:07,05:13,5.1,2024-10-21T00:07:33,2024-10-21T05:13:20
2024-10-21,12:17,12:49,0.5,2024-10-21T12:17:01,2024-10-21T12:49:37
2024-10-23,21:51,00:42,2.8,2024-10-23T21:51:29,2024-10-24T00:42:23
2024-10-24,01:43,03:37,1.9,2024-10-24T01:43:14,2024-10-24T03:37:22
2024-10-24,05:38,06:38,1.0,2024-10-24T05:38:41,2024-10-24T06:38:05
2024-10-24,23:55,01:26,1.5,2024-10-24T23:55:51,2024-10-25T01:26:48
2024-10-25,03:10,05:31,2.4,2024-10-25T03:10:40,2024-10-25T05:31:41
2024-10-25,11:28,11:54,0.4,2024-10-25T11:28:45,2024-10-25T11:54:55
2024-10-25,20:55,21:57,1.0,2024-10-25T20:55:44,2024-10-25T21:57:06
2024-10-26,00:10,01:16,1.1,2024-10-26T00:10:20,2024-10-26T01:16:03
2024-10-26,03:29,08:59,5.5,2024-10-26T03:29:38,2024-10-26T08:59:29
2024-10-26,10:54,11:11,0.3,2024-10-26T10:54:11,2024-10-26T11:11:18
2024-10-26,23:00,02:20,3.3,2024-10-26T23:00:25,2024-10-27T02:20:42
2024-10-27,21:24,21:45,0.3,2024-10-27T21:24:08,2024-10-27T21:45:04
2024-10-27,22:23,23:32,1.1,2024-10-27T22:23:59,2024-10-27T23:32:47
2024-10-29,01:57,03:41,1.7,2024-10-29T01:57:07,2024-10-29T03:41:53
2024-10-29,04:20,06:51,2.5,2024-10-29T04:20:24,2024-10-29T06:51:21
2024-10-29,21:35,22:01,0.4,2024-10-29T21:35:00,2024-10-29T22:01:56
2024-10-30,03:26,05:36,2.2,2024-10-30T03:26:56,2024-10-30T05:36:25
2024-10-31,02:02,04:19,2.3,2024-10-31T02:02:43,2024-10-31T04:19:44
2024-10-31,05:33,05:46,0.2,2024-10-31T05:33:17,2024-10-31T05:46:54
2024-10-31,20:16,21:25,1.2,2024-10-31T20:16:28,2024-10-31T21:25:49
2024-11-01,02:20,04:42,2.4,2024-11-01T02:20:24,2024-11-01T04:42:55
2024-11-02,04:54,10:04,5.2,2024-11-02T04:54:15,2024-11-02T10:04:53
2024-11-02,10:30,10:55,0.4,2024-11-02T10:30:38,2024-11-02T10:55:27
2024-11-02,11:49,12:46,0.9,2024-11-02T11:49:31,2024-11-02T12:46:31
2024-11-02,13:02,13:15,0.2,2024-11-02T13:02:53,2024-11-02T13:15:25
2024-11-02,19:58,23:08,3.2,2024-11-02T19:58:26,2024-11-02T23:08:13
2024-11-03,00:18,02:16,2.0,2024-11-03T00:18:55,2024-11-03T02:16:55
2024-11-03,03:08,06:37,3.5,2024-11-03T03:08:18,2024-11-03T06:37:28
2024-11-03,23:21,23:55,0.6,2024-11-03T23:21:07,2024-11-03T23:55:15
2024-11-04,01:52,02:31,0.7,2024-11-04T01:52:00,2024-11-04T02:31:55
2024-11-04,22:59,02:39,3.7,2024-11-04T22:59:32,2024-11-05T02:39:16
2024-11-05,05:56,07:15,1.3,2024-11-05T05:56:50,2024-11-05T07:15:15
2024-11-05,07:57,08:12,0.3,2024-11-05T07:57:27,2024-11-05T08:12:40
2024-11-06,02:56,03:11,0.3,2024-11-06T02:56:07,2024-11-06T03:11:20
2024-11-06,14:09,14:32,0.4,2024-11-06T14:09:31,2024-11-06T14:32:18
2024-11-06,17:44,17:55,0.2,2024-11-06T17:44:14,2024-11-06T17:55:14
2024-11-07,00:13,08:13,8.0,2024-11-07T00:13:43,2024-11-07T08:13:52
2024-11-07,09:17,09:42,0.4,2024-11-07T09:17:42,2024-11-07T09:42:56
2024-11-07,21:37,07:34,9.9,2024-11-07T21:37:57,2024-11-08T07:34:48
2024-11-09,01:10,02:08,1.0,2024-11-09T01:10:25,2024-11-09T02:08:45
2024-11-09,17:01,17:29,0.5,2024-11-09T17:01:03,2024-11-09T17:29:09
2024-11-09,22:07,02:12,4.1,2024-11-09T22:07:23,2024-11-10T02:12:19
2024-11-10,03:57,04:33,0.6,2024-11-10T03:57:27,2024-11-10T04:33:18
2024-11-11,00:24,04:49,4.4,2024-11-11T00:24:08,2024-11-11T04:49:02
2024-11-11,06:52,08:56,2.1,2024-11-11T06:52:12,2024-11-11T08:56:53
2024-11-11,14:30,14:57,0.4,2024-11-11T14:30:28,2024-11-11T14:57:14
2024-11-11,21:26,22:06,0.7,2024-11-11T21:26:37,2024-11-11T22:06:05
2024-11-12,01:18,06:32,5.2,2024-11-12T01:18:02,2024-11-12T06:32:20
2024-11-12,07:09,07:27,0.3,2024-11-12T07:09:22,2024-11-12T07:27:49
2024-11-12,17:28,18:56,1.5,2024-11-12T17:28:59,2024-11-12T18:56:02
2024-11-13,06:36,08:53,2.3,2024-11-13T06:36:34,2024-11-13T08:53:04
2024-11-13,09:10,10:07,0.9,2024-11-13T09:10:45,2024-11-13T10:07:28
2024-11-16,01:19,04:05,2.8,2024-11-16T01:19:34,2024-11-16T04:05:49
2024-11-16,16:44,17:31,0.8,2024-11-16T16:44:57,2024-11-16T17:31:51
2024-11-16,18:41,19:15,0.6,2024-11-16T18:41:41,2024-11-16T19:15:25
2024-11-17,03:05,03:56,0.8,2024-11-17T03:05:39,2024-11-17T03:56:12
2024-11-17,05:38,09:26,3.8,2024-11-17T05:38:35,2024-11-17T09:26:59
2024-11-18,17:36,17:59,0.4,2024-11-18T17:36:48,2024-11-18T17:59:39
2024-11-19,00:30,01:26,0.9,2024-11-19T00:30:44,2024-11-19T01:26:35
2024-11-19,02:20,03:33,1.2,2024-11-19T02:20:51,2024-11-19T03:33:54
2024-11-19,23:29,00:28,1.0,2024-11-19T23:29:24,2024-11-20T00:28:49
2024-11-20,03:05,03:50,0.8,2024-11-20T03:05:27,2024-11-20T03:50:55
2024-11-20,05:37,08:06,2.5,2024-11-20T05:37:09,2024-11-20T08:06:52
2024-11-20,13:49,14:21,0.5,2024-11-20T13:49:29,2024-11-20T14:21:37
2024-11-21,05:04,07:38,2.6,2024-11-21T05:04:01,2024-11-21T07:38:48
2024-11-21,15:06,15:47,0.7,2024-11-21T15:06:42,2024-11-21T15:47:34
2024-11-22,10:05,10:46,0.7,2024-11-22T10:05:34,2024-11-22T10:46:44
2024-11-24,03:25,06:27,3.0,2024-11-24T03:25:31,2024-11-24T06:27:52
2024-11-24,15:22,15:54,0.5,2024-11-24T15:22:33,2024-11-24T15:54:33
2024-11-24,16:19,16:38,0.3,2024-11-24T16:19:57,2024-11-24T16:38:28
2024-11-24,22:19,02:17,4.0,2024-11-24T22:19:50,2024-11-25T02:17:33
2024-11-25,20:11,20:32,0.4,2024-11-25T20:11:26,2024-11-25T20:32:56
2024-11-25,21:46,03:11,5.4,2024-11-25T21:46:07,2024-11-26T03:11:17
2024-11-26,12:37,13:11,0.6,2024-11-26T12:37:01,2024-11-26T13:11:17
2024-11-26,15:43,16:09,0.4,2024-11-26T15:43:13,2024-11-26T16:09:16
2024-11-27,01:39,03:25,1.8,2024-11-27T01:39:19,2024-11-27T03:25:51
2024-11-27,05:35,05:41,0.1,2024-11-27T05:35:11,2024-11-27T05:41:49
2024-11-27,13:01,13:21,0.3,2024-11-27T13:01:12,2024-11-27T13:21:18
2024-11-27,23:40,23:41,0.0,2024-11-27T23:40:32,2024-11-27T23:41:21
2024-11-27,23:50,09:17,9.4,2024-11-27T23:50:38,2024-11-28T09:17:08
2024-11-28,22:41,23:25,0.7,2024-11-28T22:41:04,2024-11-28T23:25:29
2024-11-28,23:42,01:32,1.8,2024-11-28T23:42:26,2024-11-29T01:32:39
2024-11-30,03:38,03:52,0.2,2024-11-30T03:38:54,2024-11-30T03:52:24
2024-12-01,04:55,06:21,1.4,2024-12-01T04:55:58,2024-12-01T06:21:51
2024-12-01,07:29,08:03,0.6,2024-12-01T07:29:37,2024-12-01T08:03:32
2024-12-01,21:49,02:14,4.4,2024-12-01T21:49:29,2024-12-02T02:14:52
2024-12-02,06:31,07:06,0.6,2024-12-02T06:31:56,2024-12-02T07:06:26
2024-12-03,03:18,03:54,0.6,2024-12-03T03:18:21,2024-12-03T03:54:26
2024-12-03,10:28,11:04,0.6,2024-12-03T10:28:14,2024-12-03T11:04:41
2024-12-05,07:23,07:51,0.5,2024-12-05T07:23:20,2024-12-05T07:51:38
2024-12-05,21:55,23:48,1.9,2024-12-05T21:55:48,2024-12-05T23:48:37
2024-12-06,00:12,02:18,2.1,2024-12-06T00:12:46,2024-12-06T02:18:35
2024-12-06,13:37,14:07,0.5,2024-12-06T13:37:20,2024-12-06T14:07:46
2024-12-07,00:33,01:14,0.7,2024-12-07T00:33:12,2024-12-07T01:14:28
2024-12-07,23:57,01:01,1.1,2024-12-07T23:57:53,2024-12-08T01:01:08
2024-12-08,15:08,15:47,0.6,2024-12-08T15:08:53,2024-12-08T15:47:29
2024-12-08,19:14,19:41,0.4,2024-12-08T19:14:55,2024-12-08T19:41:29
2024-12-12,19:58,23:28,3.5,2024-12-12T19:58:59,2024-12-12T23:28:55
2024-12-13,07:00,10:04,3.1,2024-12-13T07:00:47,2024-12-13T10:04:01
2024-12-13,22:25,00:19,1.9,2024-12-13T22:25:58,2024-12-14T00:19:22
2024-12-14,01:10,02:38,1.5,2024-12-14T01:10:08,2024-12-14T02:38:36
2024-12-14,09:17,09:53,0.6,2024-12-14T09:17:48,2024-12-14T09:53:57
2024-12-15,16:31,17:03,0.5,2024-12-15T16:31:34,2024-12-15T17:03:11
2024-12-16,06:55,07:27,0.5,2024-12-16T06:55:15,2024-12-16T07:27:16
2024-12-17,06:12,06:22,0.2,2024-12-17T06:12:17,2024-12-17T06:22:05
2024-12-17,09:47,10:03,0.3,2024-12-17T09:47:23,2024-12-17T10:03:13
2024-12-17,22:09,22:23,0.2,2024-12-17T22:09:15,2024-12-17T22:23:52
2024-12-19,00:53,02:00,1.1,2024-12-19T00:53:22,2024-12-19T02:00:52
2024-12-19,04:24,04:41,0.3,2024-12-19T04:24:23,2024-12-19T04:41:36
2024-12-19,05:36,06:18,0.7,2024-12-19T05:36:04,2024-12-19T06:18:55
2024-12-20,00:34,00:49,0.2,2024-12-20T00:34:20,2024-12-20T00:49:08
2024-12-20,01:47,02:00,0.2,2024-12-20T01:47:45,2024-12-20T02:00:24
2024-12-20,06:35,07:47,1.2,2024-12-20T06:35:01,2024-12-20T07:47:23
2024-12-20,12:12,12:36,0.4,2024-12-20T12:12:39,2024-12-20T12:36:43
2024-12-21,01:58,02:10,0.2,2024-12-21T01:58:59,2024-12-21T02:10:41
2024-12-21,10:31,11:02,0.5,2024-12-21T10:31:21,2024-12-21T11:02:44
2024-12-21,17:44,17:55,0.2,2024-12-21T17:44:29,2024-12-21T17:55:48
2024-12-21,19:47,20:27,0.7,2024-12-21T19:47:53,2024-12-21T20:27:26
2024-12-22,00:13,00:45,0.5,2024-12-22T00:13:59,2024-12-22T00:45:10
2024-12-22,15:43,16:20,0.6,2024-12-22T15:43:25,2024-12-22T16:20:37
2024-12-22,21:03,22:36,1.6,2024-12-22T21:03:28,2024-12-22T22:36:51
2024-12-23,12:19,12:49,0.5,2024-12-23T12:19:01,2024-12-23T12:49:46
2024-12-23,17:40,18:23,0.7,2024-12-23T17:40:23,2024-12-23T18:23:48
2024-12-24,03:59,04:36,0.6,2024-12-24T03:59:24,2024-12-24T04:36:46
2024-12-24,05:23,06:13,0.8,2024-12-24T05:23:05,2024-12-24T06:13:17
2024-12-24,15:36,16:08,0.5,2024-12-24T15:36:46,2024-12-24T16:08:41
2024-12-24,23:44,02:37,2.9,2024-12-24T23:44:54,2024-12-25T02:37:41
2024-12-25,05:30,08:23,2.9,2024-12-25T05:30:04,2024-12-25T08:23:12
2024-12-25,09:56,10:18,0.4,2024-12-25T09:56:35,2024-12-25T10:18:46
2024-12-30,12:35,12:58,0.4,2024-12-30T12:35:33,2024-12-30T12:58:17
2024-12-31,02:56,03:39,0.7,2024-12-31T02:56:04,2024-12-31T03:39:01
2024-12-31,07:16,09:18,2.0,2024-12-31T07:16:59,2024-12-31T09:18:31
2025-01-01,06:47,09:34,2.8,2025-01-01T06:47:39,2025-01-01T09:34:01
2025-01-02,03:36,04:31,0.9,2025-01-02T03:36:34,2025-01-02T04:31:23
2025-01-02,14:15,14:49,0.6,2025-01-02T14:15:57,2025-01-02T14:49:58
2025-01-03,04:05,07:18,3.2,2025-01-03T04:05:35,2025-01-03T07:18:08
2025-01-03,08:38,09:05,0.5,2025-01-03T08:38:06,2025-01-03T09:05:34
2025-01-03,13:38,14:08,0.5,2025-01-03T13:38:00,2025-01-03T14:08:38
2025-01-03,16:19,17:21,1.0,2025-01-03T16:19:21,2025-01-03T17:21:24
2025-01-03,19:12,19:43,0.5,2025-01-03T19:12:06,2025-01-03T19:43:53
2025-01-03,23:01,23:30,0.5,2025-01-03T23:01:22,2025-01-03T23:30:30
2025-01-05,12:01,13:02,1.0,2025-01-05T12:01:57,2025-01-05T13:02:15
2025-01-05,16:21,16:42,0.3,2025-01-05T16:21:25,2025-01-05T16:42:02
2025-01-05,21:43,22:09,0.4,2025-01-05T21:43:43,2025-01-05T22:09:48
2025-01-06,01:43,02:22,0.6,2025-01-06T01:43:28,2025-01-06T02:22:04
2025-01-06,09:16,09:38,0.4,2025-01-06T09:16:17,2025-01-06T09:38:43
2025-01-08,01:21,02:00,0.6,2025-01-08T01:21:08,2025-01-08T02:00:01
2025-01-08,03:13,03:32,0.3,2025-01-08T03:13:15,2025-01-08T03:32:45
2025-01-08,05:21,05:59,0.6,2025-01-08T05:21:49,2025-01-08T05:59:29
2025-01-08,10:34,11:01,0.5,2025-01-08T10:34:12,2025-01-08T11:01:35
2025-01-10,02:01,02:19,0.3,2025-01-10T02:01:16,2025-01-10T02:19:54
2025-01-10,04:52,05:12,0.3,2025-01-10T04:52:27,2025-01-10T05:12:11
2025-01-11,01:05,01:47,0.7,2025-01-11T01:05:05,2025-01-11T01:47:53
2025-01-11,22:07,22:15,0.1,2025-01-11T22:07:55,2025-01-11T22:15:29
2025-01-12,00:06,02:30,2.4,2025-01-12T00:06:28,2025-01-12T02:30:21
2025-01-12,10:59,11:23,0.4,2025-01-12T10:59:33,2025-01-12T11:23:15
2025-01-12,13:55,14:22,0.5,2025-01-12T13:55:58,2025-01-12T14:22:58
2025-01-12,22:15,22:19,0.1,2025-01-12T22:15:32,2025-01-12T22:19:33
2025-01-12,23:12,23:18,0.1,2025-01-12T23:12:23,2025-01-12T23:18:44
2025-01-13,18:39,20:08,1.5,2025-01-13T18:39:32,2025-01-13T20:08:18
2025-01-13,23:06,01:13,2.1,2025-01-13T23:06:56,2025-01-14T01:13:04
2025-01-15,00:48,01:08,0.3,2025-01-15T00:48:53,2025-01-15T01:08:22
2025-01-15,05:44,08:15,2.5,2025-01-15T05:44:57,2025-01-15T08:15:13
2025-01-16,12:08,12:29,0.3,2025-01-16T12:08:35,2025-01-16T12:29:06
2025-01-16,22:34,23:27,0.9,2025-01-16T22:34:42,2025-01-16T23:27:30
2025-01-18,00:02,02:07,2.1,2025-01-18T00:02:34,2025-01-18T02:07:13
2025-01-18,04:54,05:46,0.9,2025-01-18T04:54:11,2025-01-18T05:46:20
2025-01-18,05:50,07:05,1.2,2025-01-18T05:50:34,2025-01-18T07:05:16
2025-01-18,21:38,22:09,0.5,2025-01-18T21:38:40,2025-01-18T22:09:01
2025-01-19,00:12,00:53,0.7,2025-01-19T00:12:11,2025-01-19T00:53:49
2025-01-19,15:53,16:29,0.6,2025-01-19T15:53:58,2025-01-19T16:29:32
2025-01-20,01:38,02:30,0.9,2025-01-20T01:38:15,2025-01-20T02:30:18
2025-01-20,11:47,12:14,0.4,2025-01-20T11:47:42,2025-01-20T12:14:37
2025-01-20,23:27,01:55,2.5,2025-01-20T23:27:23,2025-01-21T01:55:30
2025-01-21,18:15,18:47,0.5,2025-01-21T18:15:18,2025-01-21T18:47:23
2025-01-21,19:54,20:42,0.8,2025-01-21T19:54:12,2025-01-21T20:42:58
2025-01-22,08:21,08:40,0.3,2025-01-22T08:21:02,2025-01-22T08:40:33
2025-01-22,17:05,17:30,0.4,2025-01-22T17:05:49,2025-01-22T17:30:14
2025-01-23,03:56,04:48,0.9,2025-01-23T03:56:20,2025-01-23T04:48:43
2025-01-23,06:36,07:45,1.1,2025-01-23T06:36:36,2025-01-23T07:45:33
2025-01-24,02:03,03:41,1.6,2025-01-24T02:03:06,2025-01-24T03:41:39
2025-01-25,02:06,03:11,1.1,2025-01-25T02:06:34,2025-01-25T03:11:31
2025-01-25,18:32,18:40,0.1,2025-01-25T18:32:02,2025-01-25T18:40:14
2025-01-27,00:09,00:29,0.3,2025-01-27T00:09:17,2025-01-27T00:29:37
2025-01-27,02:29,03:13,0.7,2025-01-27T02:29:03,2025-01-27T03:13:49
2025-01-28,00:44,04:08,3.4,2025-01-28T00:44:15,2025-01-28T04:08:50
2025-01-28,11:18,11:32,0.2,2025-01-28T11:18:28,2025-01-28T11:32:26
2025-01-29,05:27,05:55,0.5,2025-01-29T05:27:51,2025-01-29T05:55:15
2025-01-29,09:03,09:17,0.2,2025-01-29T09:03:57,2025-01-29T09:17:35
2025-01-30,02:03,04:12,2.1,2025-01-30T02:03:47,2025-01-30T04:12:08
2025-01-31,03:57,04:48,0.9,2025-01-31T03:57:47,2025-01-31T04:48:58
2025-01-31,08:05,08:16,0.2,2025-01-31T08:05:50,2025-01-31T08:16:57
2025-02-01,00:43,01:51,1.1,2025-02-01T00:43:07,2025-02-01T01:51:27
2025-02-01,05:29,09:12,3.7,2025-02-01T05:29:50,2025-02-01T09:12:58
2025-02-02,09:21,09:40,0.3,2025-02-02T09:21:44,2025-02-02T09:40:05
2025-02-04,01:06,03:58,2.9,2025-02-04T01:06:36,2025-02-04T03:58:26
2025-02-04,05:00,06:04,1.1,2025-02-04T05:00:04,2025-02-04T06:04:58
2025-02-04,21:51,22:30,0.7,2025-02-04T21:51:19,2025-02-04T22:30:25
2025-02-04,23:24,05:22,6.0,2025-02-04T23:24:15,2025-02-05T05:22:26
2025-02-06,01:23,03:40,2.3,2025-02-06T01:23:29,2025-02-06T03:40:15
2025-02-06,10:31,11:02,0.5,2025-02-06T10:31:44,2025-02-06T11:02:37
2025-02-06,21:53,02:39,4.8,2025-02-06T21:53:22,2025-02-07T02:39:54
2025-02-07,20:54,03:57,7.0,2025-02-07T20:54:56,2025-02-08T03:57:48
2025-02-08,21:21,21:56,0.6,2025-02-08T21:21:10,2025-02-08T21:56:41
2025-02-09,00:02,04:02,4.0,2025-02-09T00:02:58,2025-02-09T04:02:35
2025-02-09,06:51,07:03,0.2,2025-02-09T06:51:08,2025-02-09T07:03:32
2025-02-09,22:45,02:11,3.4,2025-02-09T22:45:51,2025-02-10T02:11:45
2025-02-11,00:01,00:47,0.8,2025-02-11T00:01:00,2025-02-11T00:47:11
2025-02-11,02:01,08:03,6.0,2025-02-11T02:01:38,2025-02-11T08:03:49
2025-02-11,22:11,01:19,3.1,2025-02-11T22:11:57,2025-02-12T01:19:55
2025-02-12,04:26,05:07,0.7,2025-02-12T04:26:55,2025-02-12T05:07:47
2025-02-12,21:04,21:24,0.3,2025-02-12T21:04:05,2025-02-12T21:24:15
2025-02-14,00:16,01:48,1.5,2025-02-14T00:16:15,2025-02-14T01:48:52
2025-02-14,04:51,05:26,0.6,2025-02-14T04:51:12,2025-02-14T05:26:23
2025-02-15,23:05,04:18,5.2,2025-02-15T23:05:08,2025-02-16T04:18:38
2025-02-16,23:11,04:52,5.7,2025-02-16T23:11:58,2025-02-17T04:52:58
2025-02-17,15:30,15:55,0.4,2025-02-17T15:30:32,2025-02-17T15:55:18
2025-02-17,22:09,23:06,1.0,2025-02-17T22:09:21,2025-02-17T23:06:41
2025-02-18,01:10,04:28,3.3,2025-02-18T01:10:49,2025-02-18T04:28:56
2025-02-18,14:54,15:22,0.5,2025-02-18T14:54:55,2025-02-18T15:22:31
2025-02-18,21:27,05:15,7.8,2025-02-18T21:27:33,2025-02-19T05:15:58
2025-02-19,13:05,13:18,0.2,2025-02-19T13:05:50,2025-02-19T13:18:17
2025-02-19,21:41,05:00,7.3,2025-02-19T21:41:15,2025-02-20T05:00:07
2025-02-20,21:44,02:31,4.8,2025-02-20T21:44:50,2025-02-21T02:31:51
2025-02-21,21:38,01:14,3.6,2025-02-21T21:38:45,2025-02-22T01:14:34
2025-02-22,22:24,04:17,5.9,2025-02-22T22:24:46,2025-02-23T04:17:00
2025-02-23,04:57,05:21,0.4,2025-02-23T04:57:10,2025-02-23T05:21:13
2025-02-23,06:03,06:35,0.5,2025-02-23T06:03:51,2025-02-23T06:35:32
2025-02-23,22:33,02:11,3.6,2025-02-23T22:33:50,2025-02-24T02:11:29
2025-02-24,11:07,11:32,0.4,2025-02-24T11:07:21,2025-02-24T11:32:02
2025-02-24,22:16,01:33,3.3,2025-02-24T22:16:08,2025-02-25T01:33:05
2025-02-25,04:05,08:28,4.4,2025-02-25T04:05:46,2025-02-25T08:28:54
2025-02-25,22:18,02:24,4.1,2025-02-25T22:18:18,2025-02-26T02:24:37
2025-02-26,23:15,05:01,5.8,2025-02-26T23:15:28,2025-02-27T05:01:42
2025-02-28,00:37,02:34,2.0,2025-02-28T00:37:20,2025-02-28T02:34:26
2025-02-28,23:59,03:33,3.6,2025-02-28T23:59:39,2025-03-01T03:33:36
2025-03-01,22:52,00:55,2.1,2025-03-01T22:52:07,2025-03-02T00:55:15
2025-03-02,01:04,01:38,0.6,2025-03-02T01:04:45,2025-03-02T01:38:42
2025-03-03,03:14,04:54,1.7,2025-03-03T03:14:05,2025-03-03T04:54:11
2025-03-03,11:43,12:08,0.4,2025-03-03T11:43:42,2025-03-03T12:08:00
2025-03-04,22:42,02:43,4.0,2025-03-04T22:42:41,2025-03-05T02:43:21
2025-03-06,03:46,04:20,0.6,2025-03-06T03:46:51,2025-03-06T04:20:01
2025-03-06,17:18,17:37,0.3,2025-03-06T17:18:41,2025-03-06T17:37:46
2025-03-07,01:48,02:46,1.0,2025-03-07T01:48:47,2025-03-07T02:46:51
2025-03-07,03:33,08:09,4.6,2025-03-07T03:33:49,2025-03-07T08:09:06
2025-03-07,22:59,23:42,0.7,2025-03-07T22:59:36,2025-03-07T23:42:19
2025-03-08,14:53,15:27,0.6,2025-03-08T14:53:34,2025-03-08T15:27:08
2025-03-08,22:30,01:16,2.8,2025-03-08T22:30:57,2025-03-09T01:16:18
2025-03-09,23:51,03:20,3.5,2025-03-09T23:51:31,2025-03-10T03:20:17
2025-03-10,23:04,01:49,2.8,2025-03-10T23:04:10,2025-03-11T01:49:47
2025-03-12,00:45,01:49,1.1,2025-03-12T00:45:02,2025-03-12T01:49:02
2025-03-12,19:18,19:41,0.4,2025-03-12T19:18:24,2025-03-12T19:41:05
2025-03-12,23:39,02:41,3.0,2025-03-12T23:39:54,2025-03-13T02:41:45
2025-03-13,12:34,12:51,0.3,2025-03-13T12:34:41,2025-03-13T12:51:39
2025-03-14,17:53,18:13,0.3,2025-03-14T17:53:17,2025-03-14T18:13:37
2025-03-15,21:48,23:15,1.5,2025-03-15T21:48:17,2025-03-15T23:15:57
2025-03-17,00:29,02:58,2.5,2025-03-17T00:29:26,2025-03-17T02:58:21
2025-03-18,09:00,09:21,0.4,2025-03-18T09:00:07,2025-03-18T09:21:27
2025-03-18,20:26,02:18,5.9,2025-03-18T20:26:18,2025-03-19T02:18:20
2025-03-20,23:16,01:49,2.5,2025-03-20T23:16:32,2025-03-21T01:49:16
2025-03-21,21:23,00:52,3.5,2025-03-21T21:23:39,2025-03-22T00:52:30
2025-03-22,20:39,01:52,5.2,2025-03-22T20:39:07,2025-03-23T01:52:09
2025-03-24,00:00,01:36,1.6,2025-03-24T00:00:25,2025-03-24T01:36:23
2025-03-24,20:59,23:26,2.5,2025-03-24T20:59:16,2025-03-24T23:26:35
2025-03-26,21:03,21:29,0.4,2025-03-26T21:03:44,2025-03-26T21:29:16
2025-03-27,09:10,09:25,0.3,2025-03-27T09:10:03,2025-03-27T09:25:44
2025-03-28,00:13,00:40,0.5,2025-03-28T00:13:10,2025-03-28T00:40:58
2025-03-28,23:04,01:05,2.0,2025-03-28T23:04:11,2025-03-29T01:05:44
2025-03-29,01:15,02:17,1.0,2025-03-29T01:15:00,2025-03-29T02:17:55
2025-03-30,22:29,03:10,4.7,2025-03-30T22:29:33,2025-03-31T03:10:26
2025-03-31,04:14,04:51,0.6,2025-03-31T04:14:19,2025-03-31T04:51:44
2025-04-03,13:58,14:22,0.4,2025-04-03T13:58:09,2025-04-03T14:22:48
2025-04-03,18:16,18:49,0.6,2025-04-03T18:16:25,2025-04-03T18:49:38
2025-04-03,23:33,00:49,1.3,2025-04-03T23:33:42,2025-04-04T00:49:58
2025-04-04,19:58,20:27,0.5,2025-04-04T19:58:10,2025-04-04T20:27:57
2025-04-05,01:27,02:36,1.1,2025-04-05T01:27:52,2025-04-05T02:36:09
2025-04-06,01:56,04:22,2.4,2025-04-06T01:56:06,2025-04-06T04:22:44
2025-04-06,04:57,07:04,2.1,2025-04-06T04:57:00,2025-04-06T07:04:09
2025-04-06,20:14,20:45,0.5,2025-04-06T20:14:29,2025-04-06T20:45:06
2025-04-07,08:04,08:30,0.4,2025-04-07T08:04:50,2025-04-07T08:30:31
2025-04-09,08:51,09:27,0.6,2025-04-09T08:51:51,2025-04-09T09:27:53
2025-04-09,11:41,12:12,0.5,2025-04-09T11:41:58,2025-04-09T12:12:58
2025-04-09,17:25,17:48,0.4,2025-04-09T17:25:37,2025-04-09T17:48:11
2025-04-09,23:34,01:37,2.0,2025-04-09T23:34:47,2025-04-10T01:37:05
2025-04-10,07:01,07:26,0.4,2025-04-10T07:01:26,2025-04-10T07:26:24
2025-04-10,17:08,17:58,0.8,2025-04-10T17:08:49,2025-04-10T17:58:57
2025-04-10,20:59,21:22,0.4,2025-04-10T20:59:43,2025-04-10T21:22:31
2025-04-11,18:43,19:14,0.5,2025-04-11T18:43:59,2025-04-11T19:14:30
2025-04-12,04:11,05:17,1.1,2025-04-12T04:11:39,2025-04-12T05:17:21
2025-04-12,11:47,12:32,0.7,2025-04-12T11:47:44,2025-04-12T12:32:11
2025-04-12,22:59,01:11,2.2,2025-04-12T22:59:31,2025-04-13T01:11:08
2025-04-13,10:12,10:54,0.7,2025-04-13T10:12:06,2025-04-13T10:54:09
2025-04-13,23:35,00:01,0.4,2025-04-13T23:35:19,2025-04-14T00:01:34
2025-04-14,04:57,05:34,0.6,2025-04-14T04:57:28,2025-04-14T05:34:48
2025-04-14,07:39,08:22,0.7,2025-04-14T07:39:08,2025-04-14T08:22:21
2025-04-14,20:56,21:35,0.7,2025-04-14T20:56:46,2025-04-14T21:35:59
2025-04-15,23:50,00:31,0.7,2025-04-15T23:50:28,2025-04-16T00:31:25
2025-04-16,01:43,03:06,1.4,2025-04-16T01:43:38,2025-04-16T03:06:48
2025-04-16,13:36,14:06,0.5,2025-04-16T13:36:26,2025-04-16T14:06:49
2025-04-17,13:40,14:02,0.4,2025-04-17T13:40:32,2025-04-17T14:02:07
2025-04-18,01:14,02:42,1.5,2025-04-18T01:14:07,2025-04-18T02:42:20
2025-04-18,07:17,07:48,0.5,2025-04-18T07:17:01,2025-04-18T07:48:50
2025-04-18,12:04,12:36,0.5,2025-04-18T12:04:10,2025-04-18T12:36:25
2025-04-18,14:12,14:29,0.3,2025-04-18T14:12:20,2025-04-18T14:29:25
2025-04-19,17:10,18:00,0.8,2025-04-19T17:10:39,2025-04-19T18:00:49
2025-04-19,21:51,22:06,0.2,2025-04-19T21:51:56,2025-04-19T22:06:22
2025-04-21,04:40,05:47,1.1,2025-04-21T04:40:06,2025-04-21T05:47:50
2025-04-22,00:57,01:38,0.7,2025-04-22T00:57:48,2025-04-22T01:38:54
2025-04-23,01:08,02:19,1.2,2025-04-23T01:08:33,2025-04-23T02:19:37
2025-04-23,15:07,15:22,0.2,2025-04-23T15:07:20,2025-04-23T15:22:04
2025-04-23,15:31,15:53,0.4,2025-04-23T15:31:11,2025-04-23T15:53:30
2025-04-24,00:36,06:33,6.0,2025-04-24T00:36:17,2025-04-24T06:33:18
2025-04-26,06:38,07:21,0.7,2025-04-26T06:38:41,2025-04-26T07:21:49
2025-04-28,11:12,11:33,0.3,2025-04-28T11:12:23,2025-04-28T11:33:03
2025-04-28,14:04,14:27,0.4,2025-04-28T14:04:42,2025-04-28T14:27:34
2025-04-29,00:46,02:55,2.1,2025-04-29T00:46:22,2025-04-29T02:55:22
2025-04-30,03:19,04:47,1.5,2025-04-30T03:19:45,2025-04-30T04:47:42
2025-05-01,00:30,01:35,1.1,2025-05-01T00:30:15,2025-05-01T01:35:00
2025-05-02,04:35,04:49,0.2,2025-05-02T04:35:26,2025-05-02T04:49:58
2025-05-02,06:41,06:58,0.3,2025-05-02T06:41:53,2025-05-02T06:58:17
2025-05-03,05:47,06:06,0.3,2025-05-03T05:47:31,2025-05-03T06:06:26
2025-05-04,00:20,01:21,1.0,2025-05-04T00:20:53,2025-05-04T01:21:02
2025-05-05,01:59,02:31,0.5,2025-05-05T01:59:48,2025-05-05T02:31:08
2025-05-06,20:19,20:42,0.4,2025-05-06T20:19:54,2025-05-06T20:42:53
2025-05-06,23:18,23:40,0.4,2025-05-06T23:18:17,2025-05-06T23:40:31
2025-05-07,00:58,01:37,0.7,2025-05-07T00:58:54,2025-05-07T01:37:57
2025-05-07,04:00,05:12,1.2,2025-05-07T04:00:10,2025-05-07T05:12:54
2025-05-07,06:20,07:34,1.2,2025-05-07T06:20:51,2025-05-07T07:34:16
2025-05-07,09:36,12:44,3.1,2025-05-07T09:36:12,2025-05-07T12:44:07
2025-05-07,17:00,17:26,0.4,2025-05-07T17:00:32,2025-05-07T17:26:21
2025-05-07,21:12,21:38,0.4,2025-05-07T21:12:41,2025-05-07T21:38:51
2025-05-11,05:47,07:21,1.6,2025-05-11T05:47:52,2025-05-11T07:21:10
2025-05-11,13:47,14:18,0.5,2025-05-11T13:47:57,2025-05-11T14:18:24
2025-05-11,21:28,21:53,0.4,2025-05-11T21:28:23,2025-05-11T21:53:09
2025-05-13,19:34,20:08,0.6,2025-05-13T19:34:47,2025-05-13T20:08:01
2025-05-14,14:40,15:10,0.5,2025-05-14T14:40:17,2025-05-14T15:10:15
2025-05-15,02:13,03:38,1.4,2025-05-15T02:13:17,2025-05-15T03:38:08
2025-05-16,03:54,05:42,1.8,2025-05-16T03:54:13,2025-05-16T05:42:00
2025-05-16,06:28,06:38,0.2,2025-05-16T06:28:37,2025-05-16T06:38:51
2025-05-17,23:59,08:54,8.9,2025-05-17T23:59:52,2025-05-18T08:54:27
2025-05-21,03:31,04:57,1.4,2025-05-21T03:31:42,2025-05-21T04:57:13
2025-05-22,07:39,08:36,1.0,2025-05-22T07:39:18,2025-05-22T08:36:41
2025-05-23,07:49,08:21,0.5,2025-05-23T07:49:40,2025-05-23T08:21:45
2025-05-23,15:35,15:53,0.3,2025-05-23T15:35:38,2025-05-23T15:53:31
2025-05-23,21:54,05:10,7.3,2025-05-23T21:54:47,2025-05-24T05:10:45
2025-05-24,23:47,06:06,6.3,2025-05-24T23:47:59,2025-05-25T06:06:21
2025-05-25,06:43,07:03,0.3,2025-05-25T06:43:21,2025-05-25T07:03:34
2025-05-25,10:14,10:42,0.5,2025-05-25T10:14:21,2025-05-25T10:42:02
2025-05-25,17:14,17:34,0.3,2025-05-25T17:14:48,2025-05-25T17:34:57
2025-05-26,00:43,06:46,6.0,2025-05-26T00:43:18,2025-05-26T06:46:00
2025-05-27,20:03,20:47,0.7,2025-05-27T20:03:12,2025-05-27T20:47:08
2025-05-28,01:11,01:23,0.2,2025-05-28T01:11:29,2025-05-28T01:23:08
2025-05-28,02:21,03:03,0.7,2025-05-28T02:21:56,2025-05-28T03:03:41
2025-05-28,17:38,18:07,0.5,2025-05-28T17:38:58,2025-05-28T18:07:42
2025-05-31,19:02,19:30,0.5,2025-05-31T19:02:44,2025-05-31T19:30:36
2025-06-01,01:43,11:15,9.5,2025-06-01T01:43:01,2025-06-01T11:15:20
2025-06-01,18:26,18:59,0.6,2025-06-01T18:26:45,2025-06-01T18:59:50
2025-06-01,21:14,21:50,0.6,2025-06-01T21:14:46,2025-06-01T21:50:23
2025-06-02,02:49,03:06,0.3,2025-06-02T02:49:52,2025-06-02T03:06:13
2025-06-02,04:40,05:11,0.5,2025-06-02T04:40:27,2025-06-02T05:11:33
2025-06-03,09:50,10:24,0.6,2025-06-03T09:50:38,2025-06-03T10:24:28
2025-06-03,14:23,14:52,0.5,2025-06-03T14:23:54,2025-06-03T14:52:05
2025-06-03,15:28,15:51,0.4,2025-06-03T15:28:09,2025-06-03T15:51:09
2025-06-04,13:43,14:12,0.5,2025-06-04T13:43:50,2025-06-04T14:12:35
2025-06-05,17:50,18:11,0.4,2025-06-05T17:50:55,2025-06-05T18:11:59
2025-06-06,00:44,04:52,4.1,2025-06-06T00:44:36,2025-06-06T04:52:49
2025-06-07,02:40,03:18,0.6,2025-06-07T02:40:54,2025-06-07T03:18:39
2025-06-08,22:45,05:15,6.5,2025-06-08T22:45:41,2025-06-09T05:15:02
2025-06-09,08:54,09:30,0.6,2025-06-09T08:54:25,2025-06-09T09:30:08
2025-06-09,10:15,10:27,0.2,2025-06-09T10:15:17,2025-06-09T10:27:02
2025-06-10,00:02,05:09,5.1,2025-06-10T00:02:15,2025-06-10T05:09:53
2025-06-10,18:23,18:51,0.5,2025-06-10T18:23:33,2025-06-10T18:51:35
2025-06-10,23:02,23:26,0.4,2025-06-10T23:02:15,2025-06-10T23:26:36
2025-06-11,14:17,14:30,0.2,2025-06-11T14:17:35,2025-06-11T14:30:17
2025-06-14,23:04,02:40,3.6,2025-06-14T23:04:36,2025-06-15T02:40:58
2025-06-15,23:14,03:06,3.9,2025-06-15T23:14:13,2025-06-16T03:06:07
2025-06-16,21:06,06:06,9.0,2025-06-16T21:06:46,2025-06-17T06:06:28
2025-06-17,07:59,08:31,0.5,2025-06-17T07:59:00,2025-06-17T08:31:07
2025-06-18,11:42,12:01,0.3,2025-06-18T11:42:03,2025-06-18T12:01:35
2025-06-19,00:55,02:19,1.4,2025-06-19T00:55:40,2025-06-19T02:19:10
2025-06-19,09:04,09:26,0.4,2025-06-19T09:04:32,2025-06-19T09:26:11
2025-06-21,03:00,04:10,1.2,2025-06-21T03:00:00,2025-06-21T04:10:16
2025-06-21,16:22,16:23,0.0,2025-06-21T16:22:39,2025-06-21T16:23:42
2025-06-21,23:03,23:33,0.5,2025-06-21T23:03:49,2025-06-21T23:33:22
2025-06-22,23:53,03:34,3.7,2025-06-22T23:53:28,2025-06-23T03:34:56
2025-06-23,03:44,04:33,0.8,2025-06-23T03:44:24,2025-06-23T04:33:46
2025-06-23,23:37,00:52,1.3,2025-06-23T23:37:22,2025-06-24T00:52:30
2025-06-24,11:20,11:50,0.5,2025-06-24T11:20:20,2025-06-24T11:50:51
2025-06-26,23:09,05:26,6.3,2025-06-26T23:09:41,2025-06-27T05:26:01
2025-06-28,22:38,04:54,6.3,2025-06-28T22:38:36,2025-06-29T04:54:10
2025-07-01,13:53,14:11,0.3,2025-07-01T13:53:08,2025-07-01T14:11:21
2025-07-02,22:57,23:21,0.4,2025-07-02T22:57:24,2025-07-02T23:21:20
2025-07-03,17:15,19:24,2.1,2025-07-03T17:15:58,2025-07-03T19:24:41
2025-07-03,20:00,04:50,8.8,2025-07-03T20:00:28,2025-07-04T04:50:10
2025-07-04,05:04,08:43,3.7,2025-07-04T05:04:19,2025-07-04T08:43:25
2025-07-04,22:02,02:01,4.0,2025-07-04T22:02:05,2025-07-05T02:01:47
2025-07-05,03:51,04:29,0.6,2025-07-05T03:51:06,2025-07-05T04:29:49
2025-07-05,17:35,18:16,0.7,2025-07-05T17:35:55,2025-07-05T18:16:40
2025-07-05,21:46,22:06,0.3,2025-07-05T21:46:00,2025-07-05T22:06:24
2025-07-06,01:29,02:32,1.0,2025-07-06T01:29:48,2025-07-06T02:32:27
2025-07-06,05:56,06:14,0.3,2025-07-06T05:56:45,2025-07-06T06:14:09
2025-07-07,01:37,02:15,0.6,2025-07-07T01:37:11,2025-07-07T02:15:33
2025-07-07,07:48,08:04,0.3,2025-07-07T07:48:22,2025-07-07T08:04:25
2025-07-07,09:03,09:17,0.2,2025-07-07T09:03:33,2025-07-07T09:17:44
2025-07-08,22:50,05:06,6.3,2025-07-08T22:50:03,2025-07-09T05:06:13
2025-07-10,01:02,05:11,4.1,2025-07-10T01:02:49,2025-07-10T05:11:39
2025-07-10,06:05,06:25,0.3,2025-07-10T06:05:54,2025-07-10T06:25:41
2025-07-10,17:12,17:24,0.2,2025-07-10T17:12:43,2025-07-10T17:24:11
2025-07-11,20:09,21:12,1.1,2025-07-11T20:09:40,2025-07-11T21:12:44
2025-07-11,23:11,05:09,6.0,2025-07-11T23:11:43,2025-07-12T05:09:35
2025-07-12,17:23,18:44,1.3,2025-07-12T17:23:44,2025-07-12T18:44:31
2025-07-13,20:45,20:56,0.2,2025-07-13T20:45:11,2025-07-13T20:56:15
2025-07-14,14:16,14:29,0.2,2025-07-14T14:16:17,2025-07-14T14:29:31
2025-07-15,13:57,14:15,0.3,2025-07-15T13:57:48,2025-07-15T14:15:38
2025-07-15,16:01,16:18,0.3,2025-07-15T16:01:22,2025-07-15T16:18:30
2025-07-15,23:03,23:54,0.9,2025-07-15T23:03:03,2025-07-15T23:54:20
2025-07-16,17:22,17:36,0.2,2025-07-16T17:22:36,2025-07-16T17:36:26
2025-07-18,19:34,20:34,1.0,2025-07-18T19:34:36,2025-07-18T20:34:12
2025-07-18,21:31,00:55,3.4,2025-07-18T21:31:11,2025-07-19T00:55:52
2025-07-19,03:58,05:46,1.8,2025-07-19T03:58:35,2025-07-19T05:46:22
2025-07-20,22:57,07:00,8.0,2025-07-20T22:57:51,2025-07-21T07:00:34
2025-07-22,17:03,17:22,0.3,2025-07-22T17:03:31,2025-07-22T17:22:26
2025-07-24,03:58,04:19,0.4,2025-07-24T03:58:19,2025-07-24T04:19:54
2025-07-24,15:45,16:08,0.4,2025-07-24T15:45:26,2025-07-24T16:08:02
2025-07-24,23:05,23:32,0.4,2025-07-24T23:05:52,2025-07-24T23:32:16
2025-07-25,13:49,14:04,0.2,2025-07-25T13:49:28,2025-07-25T14:04:08
2025-07-26,01:26,03:01,1.6,2025-07-26T01:26:48,2025-07-26T03:01:04
2025-07-26,12:06,12:32,0.4,2025-07-26T12:06:42,2025-07-26T12:32:49
2025-07-27,22:15,04:50,6.6,2025-07-27T22:15:22,2025-07-28T04:50:41
2025-07-28,07:50,08:20,0.5,2025-07-28T07:50:59,2025-07-28T08:20:04
2025-07-28,08:46,09:13,0.5,2025-07-28T08:46:17,2025-07-28T09:13:40
2025-07-28,15:55,16:03,0.1,2025-07-28T15:55:09,2025-07-28T16:03:23
2025-07-29,18:41,19:12,0.5,2025-07-29T18:41:33,2025-07-29T19:12:52
2025-07-30,15:57,16:25,0.5,2025-07-30T15:57:11,2025-07-30T16:25:20
2025-07-30,22:47,03:18,4.5,2025-07-30T22:47:24,2025-07-31T03:18:38
2025-07-31,04:29,05:06,0.6,2025-07-31T04:29:00,2025-07-31T05:06:48
2025-07-31,05:35,05:51,0.3,2025-07-31T05:35:15,2025-07-31T05:51:09
2025-07-31,13:55,14:12,0.3,2025-07-31T13:55:33,2025-07-31T14:12:47
2025-07-31,21:09,21:22,0.2,2025-07-31T21:09:09,2025-07-31T21:22:58
2025-08-02,07:58,08:21,0.4,2025-08-02T07:58:12,2025-08-02T08:21:00
2025-08-02,13:48,14:11,0.4,2025-08-02T13:48:27,2025-08-02T14:11:58
2025-08-02,18:18,18:42,0.4,2025-08-02T18:18:46,2025-08-02T18:42:11
2025-08-03,01:05,01:36,0.5,2025-08-03T01:05:59,2025-08-03T01:36:49
2025-08-04,08:54,09:37,0.7,2025-08-04T08:54:19,2025-08-04T09:37:49
2025-08-04,10:02,10:29,0.5,2025-08-04T10:02:14,2025-08-04T10:29:41
2025-08-04,11:45,12:12,0.5,2025-08-04T11:45:09,2025-08-04T12:12:21
2025-08-04,21:08,21:36,0.5,2025-08-04T21:08:18,2025-08-04T21:36:24
2025-08-05,23:49,00:00,0.2,2025-08-05T23:49:39,2025-08-06T00:00:37
2025-08-07,13:14,13:27,0.2,2025-08-07T13:14:07,2025-08-07T13:27:46
2025-08-08,00:36,01:20,0.7,2025-08-08T00:36:02,2025-08-08T01:20:09
2025-08-08,08:58,09:29,0.5,2025-08-08T08:58:35,2025-08-08T09:29:26
2025-08-08,17:06,17:25,0.3,2025-08-08T17:06:15,2025-08-08T17:25:11
2025-08-09,13:41,13:54,0.2,2025-08-09T13:41:23,2025-08-09T13:54:33
2025-08-11,13:52,14:07,0.3,2025-08-11T13:52:19,2025-08-11T14:07:37
2025-08-12,02:56,03:34,0.6,2025-08-12T02:56:41,2025-08-12T03:34:38
2025-08-12,21:05,21:12,0.1,2025-08-12T21:05:38,2025-08-12T21:12:55
2025-08-12,23:35,00:13,0.6,2025-08-12T23:35:15,2025-08-13T00:13:49
2025-08-13,22:25,22:53,0.5,2025-08-13T22:25:37,2025-08-13T22:53:19
2025-08-14,01:04,01:23,0.3,2025-08-14T01:04:50,2025-08-14T01:23:41
2025-08-14,17:06,17:16,0.2,2025-08-14T17:06:38,2025-08-14T17:16:50
2025-08-14,20:07,20:31,0.4,2025-08-14T20:07:25,2025-08-14T20:31:39
2025-08-14,20:51,21:11,0.3,2025-08-14T20:51:00,2025-08-14T21:11:45
2025-08-15,00:32,00:43,0.2,2025-08-15T00:32:37,2025-08-15T00:43:35
2025-08-15,15:04,15:19,0.3,2025-08-15T15:04:13,2025-08-15T15:19:46
2025-08-15,19:31,19:47,0.3,2025-08-15T19:31:38,2025-08-15T19:47:40
2025-08-16,16:05,16:22,0.3,2025-08-16T16:05:00,2025-08-16T16:22:53
2025-08-17,22:36,23:38,1.0,2025-08-17T22:36:48,2025-08-17T23:38:42
2025-08-18,19:20,19:36,0.3,2025-08-18T19:20:23,2025-08-18T19:36:27
2025-08-19,03:27,04:04,0.6,2025-08-19T03:27:11,2025-08-19T04:04:14
2025-08-20,12:19,12:45,0.4,2025-08-20T12:19:44,2025-08-20T12:45:01
2025-08-20,22:35,06:28,7.9,2025-08-20T22:35:22,2025-08-21T06:28:25
2025-08-21,09:27,10:17,0.8,2025-08-21T09:27:03,2025-08-21T10:17:27
2025-08-21,13:04,14:19,1.2,2025-08-21T13:04:33,2025-08-21T14:19:06
2025-08-22,15:27,15:46,0.3,2025-08-22T15:27:39,2025-08-22T15:46:11
2025-08-23,05:59,06:32,0.5,2025-08-23T05:59:26,2025-08-23T06:32:20
2025-08-23,09:58,10:21,0.4,2025-08-23T09:58:27,2025-08-23T10:21:11
2025-08-25,14:58,15:12,0.2,2025-08-25T14:58:01,2025-08-25T15:12:59
2025-08-27,21:24,06:33,9.2,2025-08-27T21:24:06,2025-08-28T06:33:48
2025-08-28,07:22,09:33,2.2,2025-08-28T07:22:51,2025-08-28T09:33:44
2025-08-28,14:30,14:38,0.1,2025-08-28T14:30:27,2025-08-28T14:38:03
2025-08-29,09:55,10:09,0.2,2025-08-29T09:55:59,2025-08-29T10:09:05
2025-08-29,16:41,16:51,0.2,2025-08-29T16:41:36,2025-08-29T16:51:43
2025-08-29,22:35,06:24,7.8,2025-08-29T22:35:43,2025-08-30T06:24:36
2025-08-30,06:34,07:23,0.8,2025-08-30T06:34:16,2025-08-30T07:23:50
2025-08-30,07:53,08:04,0.2,2025-08-30T07:53:33,2025-08-30T08:04:05
2025-08-30,11:42,12:33,0.9,2025-08-30T11:42:12,2025-08-30T12:33:35
2025-09-01,10:17,10:40,0.4,2025-09-01T10:17:57,2025-09-01T10:40:57
2025-09-02,01:46,02:27,0.7,2025-09-02T01:46:05,2025-09-02T02:27:53
2025-09-02,09:20,13:00,3.7,2025-09-02T09:20:38,2025-09-02T13:00:04
2025-09-02,19:25,20:24,1.0,2025-09-02T19:25:05,2025-09-02T20:24:46
2025-09-02,22:25,02:25,4.0,2025-09-02T22:25:22,2025-09-03T02:25:13
2025-09-03,04:36,06:48,2.2,2025-09-03T04:36:16,2025-09-03T06:48:49
2025-09-04,14:51,15:19,0.5,2025-09-04T14:51:44,2025-09-04T15:19:55
2025-09-05,22:55,02:24,3.5,2025-09-05T22:55:46,2025-09-06T02:24:10
2025-09-06,14:32,14:53,0.3,2025-09-06T14:32:31,2025-09-06T14:53:10
2025-09-06,19:13,21:17,2.1,2025-09-06T19:13:53,2025-09-06T21:17:06
2025-09-06,21:47,05:19,7.5,2025-09-06T21:47:39,2025-09-07T05:19:54
2025-09-07,05:52,07:46,1.9,2025-09-07T05:52:44,2025-09-07T07:46:29
2025-09-07,18:30,19:16,0.8,2025-09-07T18:30:48,2025-09-07T19:16:19
2025-09-07,19:29,20:34,1.1,2025-09-07T19:29:34,2025-09-07T20:34:38
2025-09-08,02:34,03:21,0.8,2025-09-08T02:34:50,2025-09-08T03:21:01
2025-09-09,16:37,17:21,0.7,2025-09-09T16:37:03,2025-09-09T17:21:47
2025-09-09,23:27,07:08,7.7,2025-09-09T23:27:49,2025-09-10T07:08:43
2025-09-10,20:02,20:31,0.5,2025-09-10T20:02:03,2025-09-10T20:31:46
2025-09-11,10:56,11:15,0.3,2025-09-11T10:56:56,2025-09-11T11:15:01
2025-09-13,13:51,14:32,0.7,2025-09-13T13:51:51,2025-09-13T14:32:56
2025-09-14,12:09,12:30,0.4,2025-09-14T12:09:23,2025-09-14T12:30:29
2025-09-14,21:45,22:01,0.3,2025-09-14T21:45:46,2025-09-14T22:01:04
2025-09-16,01:06,01:16,0.2,2025-09-16T01:06:40,2025-09-16T01:16:16
2025-09-16,01:23,02:49,1.4,2025-09-16T01:23:17,2025-09-16T02:49:33
2025-09-17,01:53,02:10,0.3,2025-09-17T01:53:04,2025-09-17T02:10:31
2025-09-18,03:26,04:12,0.8,2025-09-18T03:26:04,2025-09-18T04:12:55
2025-09-18,17:38,17:56,0.3,2025-09-18T17:38:28,2025-09-18T17:56:14
2025-09-18,19:02,20:52,1.8,2025-09-18T19:02:18,2025-09-18T20:52:50
2025-09-19,01:09,01:44,0.6,2025-09-19T01:09:09,2025-09-19T01:44:18
2025-09-19,02:05,02:12,0.1,2025-09-19T02:05:13,2025-09-19T02:12:37
2025-09-19,18:55,19:29,0.6,2025-09-19T18:55:37,2025-09-19T19:29:06
2025-09-19,21:38,22:07,0.5,2025-09-19T21:38:38,2025-09-19T22:07:22
2025-09-20,04:27,07:10,2.7,2025-09-20T04:27:36,2025-09-20T07:10:01
2025-09-20,09:24,11:01,1.6,2025-09-20T09:24:45,2025-09-20T11:01:51
2025-09-20,12:39,12:50,0.2,2025-09-20T12:39:30,2025-09-20T12:50:49
2025-09-22,01:12,02:34,1.4,2025-09-22T01:12:41,2025-09-22T02:34:51
2025-09-22,13:26,14:01,0.6,2025-09-22T13:26:02,2025-09-22T14:01:27
2025-09-24,04:55,05:02,0.1,2025-09-24T04:55:17,2025-09-24T05:02:28
2025-09-24,12:28,13:08,0.7,2025-09-24T12:28:00,2025-09-24T13:08:26
2025-09-26,14:09,14:29,0.3,2025-09-26T14:09:29,2025-09-26T14:29:10
2025-09-27,02:56,03:14,0.3,2025-09-27T02:56:45,2025-09-27T03:14:03
2025-09-28,01:15,01:36,0.3,2025-09-28T01:15:59,2025-09-28T01:36:34
2025-09-28,02:25,09:13,6.8,2025-09-28T02:25:20,2025-09-28T09:13:10
2025-09-28,13:56,14:21,0.4,2025-09-28T13:56:43,2025-09-28T14:21:44
2025-09-29,18:40,19:00,0.3,2025-09-29T18:40:20,2025-09-29T19:00:13
2025-09-30,17:57,18:23,0.4,2025-09-30T17:57:18,2025-09-30T18:23:13
2025-10-01,07:20,08:50,1.5,2025-10-01T07:20:41,2025-10-01T08:50:44
2025-10-01,23:49,00:30,0.7,2025-10-01T23:49:54,2025-10-02T00:30:01
2025-10-02,06:39,09:29,2.8,2025-10-02T06:39:53,2025-10-02T09:29:40
2025-10-02,13:01,15:16,2.2,2025-10-02T13:01:23,2025-10-02T15:16:12
2025-10-02,15:40,16:13,0.6,2025-10-02T15:40:13,2025-10-02T16:13:19
2025-10-02,22:26,23:06,0.7,2025-10-02T22:26:44,2025-10-02T23:06:13
2025-10-03,00:50,03:50,3.0,2025-10-03T00:50:59,2025-10-03T03:50:33
2025-10-03,20:43,21:16,0.6,2025-10-03T20:43:20,2025-10-03T21:16:43
2025-10-04,14:48,15:25,0.6,2025-10-04T14:48:31,2025-10-04T15:25:57
2025-10-05,01:20,07:14,5.9,2025-10-05T01:20:44,2025-10-05T07:14:55
2025-10-06,02:15,02:41,0.4,2025-10-06T02:15:00,2025-10-06T02:41:57
2025-10-07,07:56,09:20,1.4,2025-10-07T07:56:18,2025-10-07T09:20:25
2025-10-07,16:15,16:43,0.5,2025-10-07T16:15:42,2025-10-07T16:43:03
2025-10-07,21:30,22:12,0.7,2025-10-07T21:30:27,2025-10-07T22:12:39
2025-10-07,23:15,23:36,0.4,2025-10-07T23:15:42,2025-10-07T23:36:56
2025-10-09,21:19,21:53,0.6,2025-10-09T21:19:04,2025-10-09T21:53:17
2025-10-09,23:19,04:08,4.8,2025-10-09T23:19:46,2025-10-10T04:08:29
2025-10-10,04:50,05:47,0.9,2025-10-10T04:50:58,2025-10-10T05:47:44
2025-10-10,06:21,07:27,1.1,2025-10-10T06:21:37,2025-10-10T07:27:44
2025-10-12,09:13,09:37,0.4,2025-10-12T09:13:35,2025-10-12T09:37:14
2025-10-12,10:44,10:53,0.2,2025-10-12T10:44:02,2025-10-12T10:53:45
2025-10-13,05:02,05:17,0.3,2025-10-13T05:02:29,2025-10-13T05:17:59
2025-10-13,22:16,22:38,0.4,2025-10-13T22:16:12,2025-10-13T22:38:49
2025-10-14,11:25,11:49,0.4,2025-10-14T11:25:31,2025-10-14T11:49:10
2025-10-15,16:35,16:48,0.2,2025-10-15T16:35:36,2025-10-15T16:48:00
2025-10-15,22:58,23:10,0.2,2025-10-15T22:58:44,2025-10-15T23:10:34
2025-10-16,05:17,06:46,1.5,2025-10-16T05:17:20,2025-10-16T06:46:06
2025-10-18,12:46,13:12,0.4,2025-10-18T12:46:29,2025-10-18T13:12:25
2025-10-20,12:17,12:34,0.3,2025-10-20T12:17:28,2025-10-20T12:34:54
2025-10-21,00:27,00:40,0.2,2025-10-21T00:27:34,2025-10-21T00:40:48
2025-10-21,03:55,04:50,0.9,2025-10-21T03:55:49,2025-10-21T04:50:22
2025-10-21,17:46,18:04,0.3,2025-10-21T17:46:59,2025-10-21T18:04:20
2025-10-21,23:57,00:28,0.5,2025-10-21T23:57:52,2025-10-22T00:28:59
2025-10-22,01:05,02:24,1.3,2025-10-22T01:05:47,2025-10-22T02:24:14
2025-10-22,03:28,03:57,0.5,2025-10-22T03:28:31,2025-10-22T03:57:52
2025-10-22,04:48,08:59,4.2,2025-10-22T04:48:01,2025-10-22T08:59:54
2025-10-22,22:55,23:51,0.9,2025-10-22T22:55:22,2025-10-22T23:51:50
2025-10-23,00:33,00:59,0.4,2025-10-23T00:33:00,2025-10-23T00:59:59
2025-10-23,08:45,09:02,0.3,2025-10-23T08:45:02,2025-10-23T09:02:33
2025-10-23,10:13,10:45,0.5,2025-10-23T10:13:34,2025-10-23T10:45:02
2025-10-24,22:08,22:29,0.3,2025-10-24T22:08:49,2025-10-24T22:29:46
2025-10-25,03:51,04:37,0.8,2025-10-25T03:51:18,2025-10-25T04:37:47
2025-10-26,02:27,03:05,0.6,2025-10-26T02:27:00,2025-10-26T03:05:12
2025-10-27,18:35,18:52,0.3,2025-10-27T18:35:44,2025-10-27T18:52:37
2025-10-28,16:45,17:04,0.3,2025-10-28T16:45:54,2025-10-28T17:04:02
2025-10-30,00:47,07:14,6.5,2025-10-30T00:47:30,2025-10-30T07:14:39
2025-11-01,19:06,19:40,0.6,2025-11-01T19:06:59,2025-11-01T19:40:48
2025-11-01,20:00,20:40,0.7,2025-11-01T20:00:16,2025-11-01T20:40:59
2025-11-02,19:43,20:15,0.5,2025-11-02T19:43:44,2025-11-02T20:15:23
2025-11-02,23:33,00:07,0.6,2025-11-02T23:33:51,2025-11-03T00:07:45
2025-11-03,10:09,10:32,0.4,2025-11-03T10:09:54,2025-11-03T10:32:33
2025-11-03,15:56,16:16,0.3,2025-11-03T15:56:03,2025-11-03T16:16:24
2025-11-03,18:25,18:45,0.3,2025-11-03T18:25:35,2025-11-03T18:45:49
2025-11-04,03:20,03:38,0.3,2025-11-04T03:20:34,2025-11-04T03:38:13
2025-11-05,04:18,04:41,0.4,2025-11-05T04:18:27,2025-11-05T04:41:07
2025-11-06,01:42,02:11,0.5,2025-11-06T01:42:34,2025-11-06T02:11:03
2025-11-06,11:03,12:07,1.1,2025-11-06T11:03:56,2025-11-06T12:07:51
2025-11-06,16:40,16:55,0.2,2025-11-06T16:40:50,2025-11-06T16:55:35
2025-11-07,00:47,01:17,0.5,2025-11-07T00:47:11,2025-11-07T01:17:45
2025-11-07,23:23,00:15,0.9,2025-11-07T23:23:29,2025-11-08T00:15:20
2025-11-08,00:53,02:48,1.9,2025-11-08T00:53:36,2025-11-08T02:48:55
2025-11-08,03:50,06:59,3.2,2025-11-08T03:50:13,2025-11-08T06:59:56
2025-11-09,12:15,12:38,0.4,2025-11-09T12:15:57,2025-11-09T12:38:17
2025-11-09,23:07,23:33,0.4,2025-11-09T23:07:35,2025-11-09T23:33:18
2025-11-10,00:29,01:07,0.6,2025-11-10T00:29:51,2025-11-10T01:07:51
2025-11-11,07:10,07:43,0.6,2025-11-11T07:10:29,2025-11-11T07:43:58
2025-11-13,14:47,15:07,0.3,2025-11-13T14:47:20,2025-11-13T15:07:16
2025-11-13,23:50,05:01,5.2,2025-11-13T23:50:06,2025-11-14T05:01:09
2025-11-14,07:01,07:21,0.3,2025-11-14T07:01:50,2025-11-14T07:21:17
2025-11-14,21:20,21:50,0.5,2025-11-14T21:20:07,2025-11-14T21:50:01
2025-11-15,09:42,09:56,0.2,2025-11-15T09:42:00,2025-11-15T09:56:28
2025-11-15,17:06,17:34,0.5,2025-11-15T17:06:29,2025-11-15T17:34:47
2025-11-16,04:55,05:20,0.4,2025-11-16T04:55:24,2025-11-16T05:20:58
2025-11-17,23:45,00:00,0.2,2025-11-17T23:45:24,2025-11-18T00:00:14
2025-11-18,00:12,00:28,0.3,2025-11-18T00:12:36,2025-11-18T00:28:06
2025-11-19,02:44,07:50,5.1,2025-11-19T02:44:59,2025-11-19T07:50:51
2025-11-19,10:26,11:07,0.7,2025-11-19T10:26:28,2025-11-19T11:07:09
2025-11-20,19:02,19:24,0.4,2025-11-20T19:02:31,2025-11-20T19:24:04
2025-11-24,12:12,12:38,0.4,2025-11-24T12:12:22,2025-11-24T12:38:17
2025-11-25,00:52,03:19,2.5,2025-11-25T00:52:56,2025-11-25T03:19:56
2025-11-25,05:36,08:33,3.0,2025-11-25T05:36:36,2025-11-25T08:33:52
2025-11-27,05:15,05:34,0.3,2025-11-27T05:15:03,2025-11-27T05:34:59
2025-11-28,02:19,02:41,0.4,2025-11-28T02:19:21,2025-11-28T02:41:23
2025-11-28,12:01,12:33,0.5,2025-11-28T12:01:07,2025-11-28T12:33:38
2025-11-28,18:45,19:19,0.6,2025-11-28T18:45:37,2025-11-28T19:19:04
2025-11-28,22:55,09:27,10.5,2025-11-28T22:55:57,2025-11-29T09:27:22
2025-11-29,23:01,00:28,1.5,2025-11-29T23:01:32,2025-11-30T00:28:56
2025-12-03,23:09,23:46,0.6,2025-12-03T23:09:44,2025-12-03T23:46:37
2025-12-05,00:07,01:47,1.7,2025-12-05T00:07:54,2025-12-05T01:47:02
2025-12-06,00:29,08:39,8.2,2025-12-06T00:29:57,2025-12-06T08:39:23
2025-12-06,11:18,11:29,0.2,2025-12-06T11:18:51,2025-12-06T11:29:40
2025-12-07,01:20,02:30,1.2,2025-12-07T01:20:50,2025-12-07T02:30:27
2025-12-07,22:45,23:38,0.9,2025-12-07T22:45:45,2025-12-07T23:38:04
2025-12-10,06:00,06:11,0.2,2025-12-10T06:00:21,2025-12-10T06:11:57
2025-12-11,01:25,01:51,0.4,2025-12-11T01:25:24,2025-12-11T01:51:22
2025-12-13,01:01,02:02,1.0,2025-12-13T01:01:28,2025-12-13T02:02:03
2025-12-13,02:23,03:23,1.0,2025-12-13T02:23:08,2025-12-13T03:23:48
2025-12-13,06:39,07:15,0.6,2025-12-13T06:39:35,2025-12-13T07:15:35
2025-12-16,22:34,23:50,1.3,2025-12-16T22:34:42,2025-12-16T23:50:57
2025-12-23,06:03,10:26,4.4,2025-12-23T06:03:22,2025-12-23T10:26:23
2025-12-23,14:38,16:29,1.9,2025-12-23T14:38:46,2025-12-23T16:29:57
2025-12-25,03:09,03:51,0.7,2025-12-25T03:09:13,2025-12-25T03:51:19
2025-12-25,05:53,06:22,0.5,2025-12-25T05:53:54,2025-12-25T06:22:57
2025-12-25,12:07,12:18,0.2,2025-12-25T12:07:46,2025-12-25T12:18:43
2025-12-26,10:34,10:58,0.4,2025-12-26T10:34:37,2025-12-26T10:58:22
2025-12-27,01:27,11:21,9.9,2025-12-27T01:27:52,2025-12-27T11:21:24
2025-12-27,12:12,13:31,1.3,2025-12-27T12:12:39,2025-12-27T13:31:22
2025-12-27,13:53,14:16,0.4,2025-12-27T13:53:49,2025-12-27T14:16:40
2025-12-27,15:39,17:55,2.3,2025-12-27T15:39:31,2025-12-27T17:55:51
2025-12-31,01:21,01:50,0.5,2025-12-31T01:21:40,2025-12-31T01:50:07
2025-12-31,22:41,22:59,0.3,2025-12-31T22:41:17,2025-12-31T22:59:32
2026-01-02,22:34,23:28,0.9,2026-01-02T22:34:41,2026-01-02T23:28:48
2026-01-03,03:07,03:23,0.3,2026-01-03T03:07:41,2026-01-03T03:23:07
2026-01-04,08:28,08:40,0.2,2026-01-04T08:28:51,2026-01-04T08:40:06
2026-01-04,19:19,19:40,0.4,2026-01-04T19:19:43,2026-01-04T19:40:56
2026-01-05,01:33,05:45,4.2,2026-01-05T01:33:47,2026-01-05T05:45:36
2026-01-06,03:02,03:18,0.3,2026-01-06T03:02:59,2026-01-06T03:18:50
2026-01-08,22:44,22:59,0.3,2026-01-08T22:44:10,2026-01-08T22:59:55
2026-01-08,23:26,04:36,5.2,2026-01-08T23:26:43,2026-01-09T04:36:36
2026-01-09,19:21,19:37,0.3,2026-01-09T19:21:31,2026-01-09T19:37:56
2026-01-09,22:58,00:57,2.0,2026-01-09T22:58:57,2026-01-10T00:57:52
2026-01-10,02:00,02:19,0.3,2026-01-10T02:00:53,2026-01-10T02:19:26
2026-01-11,01:08,02:04,0.9,2026-01-11T01:08:06,2026-01-11T02:04:25
2026-01-11,17:16,17:50,0.6,2026-01-11T17:16:41,2026-01-11T17:50:38
2026-01-12,01:24,01:56,0.5,2026-01-12T01:24:40,2026-01-12T01:56:55
2026-01-12,03:53,04:38,0.7,2026-01-12T03:53:24,2026-01-12T04:38:06
2026-01-12,14:26,14:42,0.3,2026-01-12T14:26:57,2026-01-12T14:42:55
2026-01-13,00:07,00:49,0.7,2026-01-13T00:07:11,2026-01-13T00:49:50
2026-01-13,01:05,02:09,1.1,2026-01-13T01:05:53,2026-01-13T02:09:24
2026-01-13,02:10,02:10,0.0,2026-01-13T02:10:02,2026-01-13T02:10:49
2026-01-13,04:15,08:46,4.5,2026-01-13T04:15:40,2026-01-13T08:46:01
2026-01-14,00:05,00:26,0.4,2026-01-14T00:05:11,2026-01-14T00:26:41
2026-01-14,07:40,08:32,0.9,2026-01-14T07:40:04,2026-01-14T08:32:37
2026-01-14,09:27,09:51,0.4,2026-01-14T09:27:15,2026-01-14T09:51:18
2026-01-14,15:16,17:46,2.5,2026-01-14T15:16:54,2026-01-14T17:46:07
2026-01-15,06:40,07:00,0.3,2026-01-15T06:40:06,2026-01-15T07:00:46
2026-01-15,08:37,09:32,0.9,2026-01-15T08:37:31,2026-01-15T09:32:19
2026-01-15,15:19,15:44,0.4,2026-01-15T15:19:03,2026-01-15T15:44:13
2026-01-15,18:32,19:10,0.6,2026-01-15T18:32:35,2026-01-15T19:10:14
2026-01-15,23:53,00:10,0.3,2026-01-15T23:53:41,2026-01-16T00:10:38
2026-01-16,08:12,08:19,0.1,2026-01-16T08:12:00,2026-01-16T08:19:46
2026-01-16,18:06,18:20,0.2,2026-01-16T18:06:13,2026-01-16T18:20:44
2026-01-16,18:46,19:03,0.3,2026-01-16T18:46:18,2026-01-16T19:03:45
2026-01-17,01:33,02:46,1.2,2026-01-17T01:33:16,2026-01-17T02:46:18
2026-01-17,06:33,07:49,1.3,2026-01-17T06:33:32,2026-01-17T07:49:56
2026-01-18,02:17,02:57,0.7,2026-01-18T02:17:21,2026-01-18T02:57:26
2026-01-19,01:57,02:14,0.3,2026-01-19T01:57:45,2026-01-19T02:14:01
2026-01-19,09:50,10:02,0.2,2026-01-19T09:50:02,2026-01-19T10:02:41
2026-01-19,10:07,10:37,0.5,2026-01-19T10:07:41,2026-01-19T10:37:29
2026-01-20,01:30,03:51,2.3,2026-01-20T01:30:32,2026-01-20T03:51:00
2026-01-20,04:56,08:41,3.8,2026-01-20T04:56:02,2026-01-20T08:41:20
2026-01-20,12:20,12:44,0.4,2026-01-20T12:20:33,2026-01-20T12:44:20
2026-01-20,12:45,12:59,0.2,2026-01-20T12:45:57,2026-01-20T12:59:29
2026-01-20,15:08,16:01,0.9,2026-01-20T15:08:49,2026-01-20T16:01:43
2026-01-20,16:22,16:43,0.3,2026-01-20T16:22:45,2026-01-20T16:43:16
2026-01-20,17:10,17:30,0.3,2026-01-20T17:10:52,2026-01-20T17:30:56
2026-01-22,10:48,11:27,0.7,2026-01-22T10:48:10,2026-01-22T11:27:36
2026-01-22,13:10,13:59,0.8,2026-01-22T13:10:11,2026-01-22T13:59:26
2026-01-22,19:26,20:01,0.6,2026-01-22T19:26:18,2026-01-22T20:01:57
2026-01-23,16:47,17:00,0.2,2026-01-23T16:47:28,2026-01-23T17:00:00
2026-01-24,01:02,04:53,3.8,2026-01-24T01:02:48,2026-01-24T04:53:45
2026-01-24,06:49,06:54,0.1,2026-01-24T06:49:01,2026-01-24T06:54:10
2026-01-24,07:16,08:06,0.8,2026-01-24T07:16:28,2026-01-24T08:06:44
2026-01-24,09:59,10:06,0.1,2026-01-24T09:59:30,2026-01-24T10:06:22
2026-01-24,15:37,16:17,0.7,2026-01-24T15:37:20,2026-01-24T16:17:46
2026-01-24,19:40,20:14,0.6,2026-01-24T19:40:42,2026-01-24T20:14:40
2026-01-26,14:08,18:41,4.6,2026-01-26T14:08:21,2026-01-26T18:41:30
2026-01-27,00:09,00:41,0.5,2026-01-27T00:09:53,2026-01-27T00:41:02
2026-01-28,01:01,02:40,1.6,2026-01-28T01:01:48,2026-01-28T02:40:38
2026-02-01,14:03,14:58,0.9,2026-02-01T14:03:40,2026-02-01T14:58:02
2026-02-03,00:24,07:44,7.3,2026-02-03T00:24:02,2026-02-03T07:44:32
2026-02-03,09:56,10:37,0.7,2026-02-03T09:56:11,2026-02-03T10:37:52
2026-02-03,15:07,15:29,0.4,2026-02-03T15:07:38,2026-02-03T15:29:32
2026-02-03,18:57,19:19,0.4,2026-02-03T18:57:05,2026-02-03T19:19:39
2026-02-05,01:53,04:21,2.5,2026-02-05T01:53:11,2026-02-05T04:21:09
2026-02-05,13:49,14:10,0.3,2026-02-05T13:49:47,2026-02-05T14:10:07
2026-02-06,05:11,06:23,1.2,2026-02-06T05:11:35,2026-02-06T06:23:54
2026-02-06,08:53,09:51,1.0,2026-02-06T08:53:35,2026-02-06T09:51:53
2026-02-07,00:19,00:37,0.3,2026-02-07T00:19:45,2026-02-07T00:37:52
2026-02-07,03:46,07:28,3.7,2026-02-07T03:46:59,2026-02-07T07:28:41
2026-02-07,11:22,11:49,0.4,2026-02-07T11:22:35,2026-02-07T11:49:22
2026-02-08,17:25,17:59,0.6,2026-02-08T17:25:35,2026-02-08T17:59:51
2026-02-08,20:54,21:37,0.7,2026-02-08T20:54:26,2026-02-08T21:37:47
2026-02-09,19:03,19:22,0.3,2026-02-09T19:03:44,2026-02-09T19:22:01
2026-02-10,18:58,19:17,0.3,2026-02-10T18:58:50,2026-02-10T19:17:34
2026-02-11,10:58,11:12,0.2,2026-02-11T10:58:54,2026-02-11T11:12:53
2026-02-11,14:38,15:40,1.0,2026-02-11T14:38:25,2026-02-11T15:40:44
2026-02-12,02:15,05:20,3.1,2026-02-12T02:15:40,2026-02-12T05:20:16
2026-02-12,12:23,12:48,0.4,2026-02-12T12:23:47,2026-02-12T12:48:03
2026-02-12,19:35,20:06,0.5,2026-02-12T19:35:41,2026-02-12T20:06:57
2026-02-13,17:51,18:33,0.7,2026-02-13T17:51:00,2026-02-13T18:33:48
2026-02-13,19:32,19:57,0.4,2026-02-13T19:32:29,2026-02-13T19:57:33
2026-02-13,22:39,23:40,1.0,2026-02-13T22:39:28,2026-02-13T23:40:35
2026-02-15,08:54,09:17,0.4,2026-02-15T08:54:12,2026-02-15T09:17:49
2026-02-15,19:12,19:42,0.5,2026-02-15T19:12:31,2026-02-15T19:42:57
2026-02-16,03:17,03:57,0.7,2026-02-16T03:17:44,2026-02-16T03:57:45
2026-02-17,04:50,07:26,2.6,2026-02-17T04:50:53,2026-02-17T07:26:28
2026-02-17,13:17,13:38,0.3,2026-02-17T13:17:52,2026-02-17T13:38:30
2026-02-18,15:28,16:01,0.6,2026-02-18T15:28:15,2026-02-18T16:01:39
2026-02-19,22:37,23:03,0.4,2026-02-19T22:37:35,2026-02-19T23:03:56
2026-02-21,12:52,13:20,0.5,2026-02-21T12:52:57,2026-02-21T13:20:40
2026-02-21,15:05,15:20,0.3,2026-02-21T15:05:07,2026-02-21T15:20:54
2026-02-22,03:56,07:57,4.0,2026-02-22T03:56:52,2026-02-22T07:57:22
2026-02-23,20:33,20:46,0.2,2026-02-23T20:33:57,2026-02-23T20:46:54
2026-02-26,03:31,06:44,3.2,2026-02-26T03:31:44,2026-02-26T06:44:27
2026-02-26,06:54,07:33,0.6,2026-02-26T06:54:35,2026-02-26T07:33:12
2026-02-26,15:18,15:43,0.4,2026-02-26T15:18:25,2026-02-26T15:43:36
2026-02-27,11:24,11:55,0.5,2026-02-27T11:24:11,2026-02-27T11:55:25
2026-02-27,23:37,23:55,0.3,2026-02-27T23:37:37,2026-02-27T23:55:27
2026-02-28,13:07,13:27,0.3,2026-02-28T13:07:14,2026-02-28T13:27:19
2026-03-01,20:00,20:08,0.1,2026-03-01T20:00:04,2026-03-01T20:08:59
2026-03-02,09:46,10:06,0.3,2026-03-02T09:46:12,2026-03-02T10:06:53
2026-03-02,21:44,22:16,0.5,2026-03-02T21:44:48,2026-03-02T22:16:57
2026-03-06,18:48,19:36,0.8,2026-03-06T18:48:45,2026-03-06T19:36:44
2026-03-06,22:26,22:58,0.5,2026-03-06T22:26:55,2026-03-06T22:58:21
2026-03-07,00:48,04:24,3.6,2026-03-07T00:48:24,2026-03-07T04:24:42
2026-03-09,16:08,16:38,0.5,2026-03-09T16:08:55,2026-03-09T16:38:00
2026-03-12,13:39,14:01,0.4,2026-03-12T13:39:36,2026-03-12T14:01:26
2026-03-14,03:07,06:49,3.7,2026-03-14T03:07:05,2026-03-14T06:49:28
2026-03-14,07:26,08:06,0.7,2026-03-14T07:26:56,2026-03-14T08:06:34
2026-03-14,12:57,13:27,0.5,2026-03-14T12:57:49,2026-03-14T13:27:00
2026-03-15,09:40,09:45,0.1,2026-03-15T09:40:08,2026-03-15T09:45:42
2026-03-16,08:26,09:57,1.5,2026-03-16T08:26:47,2026-03-16T09:57:03
2026-03-16,11:10,11:24,0.2,2026-03-16T11:10:28,2026-03-16T11:24:45
2026-03-16,11:25,11:44,0.3,2026-03-16T11:25:58,2026-03-16T11:44:40
2026-03-16,22:34,23:17,0.7,2026-03-16T22:34:18,2026-03-16T23:17:12
2026-03-18,02:50,03:24,0.6,2026-03-18T02:50:18,2026-03-18T03:24:07
2026-03-18,07:45,08:12,0.5,2026-03-18T07:45:02,2026-03-18T08:12:58
2026-03-18,09:17,10:14,0.9,2026-03-18T09:17:50,2026-03-18T10:14:26
2026-03-18,18:22,18:42,0.3,2026-03-18T18:22:24,2026-03-18T18:42:11
2026-03-21,23:49,01:10,1.3,2026-03-21T23:49:51,2026-03-22T01:10:07
2026-03-22,02:20,02:32,0.2,2026-03-22T02:20:51,2026-03-22T02:32:29
2026-03-22,13:16,13:48,0.5,2026-03-22T13:16:17,2026-03-22T13:48:26
2026-03-23,02:06,02:33,0.4,2026-03-23T02:06:24,2026-03-23T02:33:16
2026-03-24,00:19,01:32,1.2,2026-03-24T00:19:16,2026-03-24T01:32:08
2026-03-24,02:51,05:51,3.0,2026-03-24T02:51:12,2026-03-24T05:51:25
2026-03-24,12:35,17:16,4.7,2026-03-24T12:35:50,2026-03-24T17:16:54
2026-03-25,16:49,17:21,0.5,2026-03-25T16:49:48,2026-03-25T17:21:45
2026-03-28,21:00,21:28,0.5,2026-03-28T21:00:09,2026-03-28T21:28:34
2026-03-29,04:12,04:53,0.7,2026-03-29T04:12:08,2026-03-29T04:53:04
2026-03-29,08:32,08:59,0.4,2026-03-29T08:32:22,2026-03-29T08:59:19
2026-03-29,11:22,11:50,0.5,2026-03-29T11:22:12,2026-03-29T11:50:15
2026-03-30,01:45,02:28,0.7,2026-03-30T01:45:17,2026-03-30T02:28:23
2026-03-30,04:52,05:34,0.7,2026-03-30T04:52:10,2026-03-30T05:34:55
2026-03-30,12:54,13:21,0.5,2026-03-30T12:54:40,2026-03-30T13:21:45
2026-03-30,14:03,14:26,0.4,2026-03-30T14:03:39,2026-03-30T14:26:05
2026-03-30,17:25,17:54,0.5,2026-03-30T17:25:55,2026-03-30T17:54:14
2026-03-30,21:57,22:24,0.4,2026-03-30T21:57:24,2026-03-30T22:24:19
2026-03-31,23:28,23:41,0.2,2026-03-31T23:28:53,2026-03-31T23:41:37
2026-04-01,04:39,05:05,0.4,2026-04-01T04:39:31,2026-04-01T05:05:31
2026-04-02,00:08,00:34,0.4,2026-04-02T00:08:19,2026-04-02T00:34:28
2026-04-02,14:15,14:53,0.6,2026-04-02T14:15:56,2026-04-02T14:53:26
2026-04-02,15:01,15:34,0.6,2026-04-02T15:01:11,2026-04-02T15:34:53
2026-04-03,03:51,04:25,0.6,2026-04-03T03:51:46,2026-04-03T04:25:30
2026-04-03,10:16,11:54,1.6,2026-04-03T10:16:12,2026-04-03T11:54:02
2026-04-03,15:26,15:54,0.5,2026-04-03T15:26:10,2026-04-03T15:54:16
2026-04-04,06:29,07:22,0.9,2026-04-04T06:29:32,2026-04-04T07:22:10
2026-04-06,21:38,21:56,0.3,2026-04-06T21:38:21,2026-04-06T21:56:39
2026-04-09,08:58,09:29,0.5,2026-04-09T08:58:10,2026-04-09T09:29:58
2026-04-10,00:47,01:01,0.2,2026-04-10T00:47:29,2026-04-10T01:01:40
2026-04-10,09:11,09:32,0.4,2026-04-10T09:11:37,2026-04-10T09:32:49
2026-04-11,03:52,04:26,0.6,2026-04-11T03:52:47,2026-04-11T04:26:15
2026-04-13,14:01,14:26,0.4,2026-04-13T14:01:12,2026-04-13T14:26:25
2026-04-14,15:07,15:21,0.2,2026-04-14T15:07:51,2026-04-14T15:21:05
2026-04-15,06:17,07:09,0.9,2026-04-15T06:17:43,2026-04-15T07:09:13
2026-04-15,19:29,21:02,1.6,2026-04-15T19:29:41,2026-04-15T21:02:56
2026-04-16,02:31,05:02,2.5,2026-04-16T02:31:33,2026-04-16T05:02:13
2026-04-16,06:26,07:26,1.0,2026-04-16T06:26:41,2026-04-16T07:26:46
2026-04-17,19:52,20:10,0.3,2026-04-17T19:52:31,2026-04-17T20:10:53
2026-04-17,22:06,22:27,0.3,2026-04-17T22:06:51,2026-04-17T22:27:04
2026-04-20,00:59,01:18,0.3,2026-04-20T00:59:19,2026-04-20T01:18:52
2026-04-20,02:51,04:26,1.6,2026-04-20T02:51:17,2026-04-20T04:26:48
2026-04-20,15:48,16:18,0.5,2026-04-20T15:48:52,2026-04-20T16:18:41
2026-04-21,11:08,11:32,0.4,2026-04-21T11:08:53,2026-04-21T11:32:21
2026-04-22,17:17,17:43,0.4,2026-04-22T17:17:02,2026-04-22T17:43:35
2026-04-24,09:09,09:48,0.6,2026-04-24T09:09:27,2026-04-24T09:48:25
2026-04-25,03:26,05:26,2.0,2026-04-25T03:26:45,2026-04-25T05:26:34
2026-04-25,16:12,16:50,0.6,2026-04-25T16:12:54,2026-04-25T16:50:37
2026-04-25,23:44,00:09,0.4,2026-04-25T23:44:08,2026-04-26T00:09:15
2026-04-28,14:08,14:57,0.8,2026-04-28T14:08:35,2026-04-28T14:57:50
2026-04-29,13:04,13:34,0.5,2026-04-29T13:04:55,2026-04-29T13:34:57
2026-04-30,02:35,03:22,0.8,2026-04-30T02:35:49,2026-04-30T03:22:06
2026-04-30,15:34,15:58,0.4,2026-04-30T15:34:03,2026-04-30T15:58:07
2026-04-30,15:58,16:12,0.2,2026-04-30T15:58:10,2026-04-30T16:12:17
2026-05-02,09:50,10:09,0.3,2026-05-02T09:50:54,2026-05-02T10:09:02
2026-05-02,13:33,14:08,0.6,2026-05-02T13:33:07,2026-05-02T14:08:34
2026-05-02,17:11,19:03,1.9,2026-05-02T17:11:08,2026-05-02T19:03:28
2026-05-02,21:11,00:33,3.4,2026-05-02T21:11:39,2026-05-03T00:33:03
2026-05-03,23:47,00:28,0.7,2026-05-03T23:47:46,2026-05-04T00:28:01
2026-05-04,23:33,23:58,0.4,2026-05-04T23:33:57,2026-05-04T23:58:37
2026-05-05,03:11,04:19,1.1,2026-05-05T03:11:06,2026-05-05T04:19:06
2026-05-05,04:32,05:16,0.7,2026-05-05T04:32:45,2026-05-05T05:16:40
2026-05-05,15:46,16:01,0.3,2026-05-05T15:46:15,2026-05-05T16:01:20
2026-05-07,01:26,02:14,0.8,2026-05-07T01:26:26,2026-05-07T02:14:13
2026-05-07,14:37,14:51,0.2,2026-05-07T14:37:22,2026-05-07T14:51:29
2026-05-07,18:35,18:53,0.3,2026-05-07T18:35:47,2026-05-07T18:53:24
2026-05-07,22:44,23:05,0.4,2026-05-07T22:44:44,2026-05-07T23:05:53
2026-05-08,09:14,09:23,0.2,2026-05-08T09:14:28,2026-05-08T09:23:45
2026-05-12,03:24,05:40,2.3,2026-05-12T03:24:58,2026-05-12T05:40:26
2026-05-13,05:49,06:01,0.2,2026-05-13T05:49:30,2026-05-13T06:01:35
2026-05-13,11:52,12:08,0.3,2026-05-13T11:52:19,2026-05-13T12:08:26
2026-05-13,12:26,13:57,1.5,2026-05-13T12:26:36,2026-05-13T13:57:16
2026-05-13,19:01,20:14,1.2,2026-05-13T19:01:31,2026-05-13T20:14:19
2026-05-13,20:22,20:47,0.4,2026-05-13T20:22:57,2026-05-13T20:47:16
2026-05-14,00:50,08:43,7.9,2026-05-14T00:50:35,2026-05-14T08:43:13
2026-05-15,06:13,07:14,1.0,2026-05-15T06:13:15,2026-05-15T07:14:25
2026-05-15,11:39,12:44,1.1,2026-05-15T11:39:19,2026-05-15T12:44:34
2026-05-15,16:04,16:27,0.4,2026-05-15T16:04:18,2026-05-15T16:27:32
2026-05-15,18:26,18:40,0.2,2026-05-15T18:26:55,2026-05-15T18:40:37
2026-05-15,22:24,22:49,0.4,2026-05-15T22:24:04,2026-05-15T22:49:01
2026-05-16,10:47,11:06,0.3,2026-05-16T10:47:30,2026-05-16T11:06:34
2026-05-16,22:30,22:33,0.0,2026-05-16T22:30:48,2026-05-16T22:33:02
2026-05-16,23:01,23:25,0.4,2026-05-16T23:01:15,2026-05-16T23:25:45
2026-05-17,13:20,14:06,0.8,2026-05-17T13:20:49,2026-05-17T14:06:59
2026-05-17,17:03,17:14,0.2,2026-05-17T17:03:55,2026-05-17T17:14:40
2026-05-17,20:58,22:21,1.4,2026-05-17T20:58:34,2026-05-17T22:21:55
2026-05-18,23:18,23:35,0.3,2026-05-18T23:18:15,2026-05-18T23:35:36
2026-05-19,09:55,10:27,0.5,2026-05-19T09:55:54,2026-05-19T10:27:10
2026-05-19,11:46,12:01,0.2,2026-05-19T11:46:02,2026-05-19T12:01:02
2026-05-19,18:55,19:08,0.2,2026-05-19T18:55:14,2026-05-19T19:08:58
2026-05-19,19:32,20:43,1.2,2026-05-19T19:32:11,2026-05-19T20:43:11
2026-05-21,16:58,17:19,0.3,2026-05-21T16:58:33,2026-05-21T17:19:17
2026-05-23,04:02,04:28,0.4,2026-05-23T04:02:15,2026-05-23T04:28:40
2026-05-23,07:02,08:27,1.4,2026-05-23T07:02:10,2026-05-23T08:27:40
2026-05-23,21:08,22:27,1.3,2026-05-23T21:08:18,2026-05-23T22:27:09
2026-05-23,23:05,23:58,0.9,2026-05-23T23:05:13,2026-05-23T23:58:27
2026-05-24,00:32,05:41,5.2,2026-05-24T00:32:01,2026-05-24T05:41:06
2026-05-24,07:31,07:46,0.3,2026-05-24T07:31:54,2026-05-24T07:46:56
2026-05-25,10:50,11:07,0.3,2026-05-25T10:50:50,2026-05-25T11:07:26
2026-05-26,14:11,14:32,0.4,2026-05-26T14:11:00,2026-05-26T14:32:26
2026-05-26,17:42,18:06,0.4,2026-05-26T17:42:41,2026-05-26T18:06:27
2026-05-27,06:35,06:50,0.2,2026-05-27T06:35:49,2026-05-27T06:50:06
2026-05-27,12:24,13:15,0.9,2026-05-27T12:24:10,2026-05-27T13:15:44
2026-05-27,21:55,22:29,0.6,2026-05-27T21:55:47,2026-05-27T22:29:16
2026-05-28,22:39,23:49,1.2,2026-05-28T22:39:08,2026-05-28T23:49:30
2026-05-29,03:07,03:45,0.6,2026-05-29T03:07:15,2026-05-29T03:45:58
2026-05-29,15:00,15:39,0.6,2026-05-29T15:00:31,2026-05-29T15:39:26
2026-05-29,18:07,18:17,0.2,2026-05-29T18:07:20,2026-05-29T18:17:53
2026-05-29,19:08,20:10,1.0,2026-05-29T19:08:53,2026-05-29T20:10:13
2026-05-30,17:57,18:21,0.4,2026-05-30T17:57:46,2026-05-30T18:21:36
2026-05-30,22:41,23:04,0.4,2026-05-30T22:41:12,2026-05-30T23:04:51
2026-05-31,00:54,01:17,0.4,2026-05-31T00:54:00,2026-05-31T01:17:36
2026-06-01,20:13,20:38,0.4,2026-06-01T20:13:59,2026-06-01T20:38:58
2026-06-01,21:49,22:22,0.5,2026-06-01T21:49:55,2026-06-01T22:22:19
2026-06-02,01:31,04:39,3.1,2026-06-02T01:31:18,2026-06-02T04:39:13
2026-06-02,05:58,06:47,0.8,2026-06-02T05:58:36,2026-06-02T06:47:50
2026-06-02,07:15,07:48,0.6,2026-06-02T07:15:19,2026-06-02T07:48:56
2026-06-02,12:59,13:28,0.5,2026-06-02T12:59:13,2026-06-02T13:28:01
2026-06-02,21:17,21:41,0.4,2026-06-02T21:17:07,2026-06-02T21:41:50
2026-06-03,16:51,17:09,0.3,2026-06-03T16:51:45,2026-06-03T17:09:30
2026-06-03,23:26,23:56,0.5,2026-06-03T23:26:09,2026-06-03T23:56:06
2026-06-04,08:04,08:10,0.1,2026-06-04T08:04:50,2026-06-04T08:10:40
2026-06-04,09:19,09:35,0.3,2026-06-04T09:19:27,2026-06-04T09:35:27
2026-06-05,00:01,00:16,0.2,2026-06-05T00:01:43,2026-06-05T00:16:19
2026-06-05,17:08,17:22,0.2,2026-06-05T17:08:38,2026-06-05T17:22:42
2026-06-06,14:35,14:46,0.2,2026-06-06T14:35:32,2026-06-06T14:46:18
2026-06-07,01:09,01:30,0.3,2026-06-07T01:09:30,2026-06-07T01:30:02
2026-06-07,03:34,03:47,0.2,2026-06-07T03:34:56,2026-06-07T03:47:21
2026-06-08,00:51,01:28,0.6,2026-06-08T00:51:41,2026-06-08T01:28:27
2026-06-08,10:34,11:13,0.7,2026-06-08T10:34:40,2026-06-08T11:13:54
2026-06-09,20:27,20:48,0.4,2026-06-09T20:27:35,2026-06-09T20:48:40
2026-06-11,23:29,23:43,0.2,2026-06-11T23:29:41,2026-06-11T23:43:51
2026-06-12,22:11,22:30,0.3,2026-06-12T22:11:57,2026-06-12T22:30:48
2026-06-14,21:56,22:10,0.2,2026-06-14T21:56:52,2026-06-14T22:10:20
2026-06-15,00:38,05:22,4.7,2026-06-15T00:38:45,2026-06-15T05:22:41
2026-06-18,00:34,00:56,0.4,2026-06-18T00:34:28,2026-06-18T00:56:48
2026-06-18,01:21,02:38,1.3,2026-06-18T01:21:34,2026-06-18T02:38:51
2026-06-18,04:02,05:42,1.7,2026-06-18T04:02:03,2026-06-18T05:42:11
2026-06-18,07:28,07:44,0.3,2026-06-18T07:28:18,2026-06-18T07:44:53
2026-06-20,14:29,16:22,1.9,2026-06-20T14:29:03,2026-06-20T16:22:49
2026-06-20,18:31,18:55,0.4,2026-06-20T18:31:31,2026-06-20T18:55:17
2026-06-21,00:52,01:29,0.6,2026-06-21T00:52:20,2026-06-21T01:29:39
2026-06-21,03:40,04:07,0.5,2026-06-21T03:40:06,2026-06-21T04:07:33
2026-06-21,10:32,11:11,0.6,2026-06-21T10:32:51,2026-06-21T11:11:49
2026-06-21,12:18,12:40,0.4,2026-06-21T12:18:12,2026-06-21T12:40:43
2026-06-22,15:34,15:57,0.4,2026-06-22T15:34:43,2026-06-22T15:57:48
2026-06-23,01:20,03:31,2.2,2026-06-23T01:20:05,2026-06-23T03:31:21
2026-06-23,22:03,22:18,0.3,2026-06-23T22:03:09,2026-06-23T22:18:41
2026-06-23,23:12,23:30,0.3,2026-06-23T23:12:28,2026-06-23T23:30:23
2026-06-25,20:52,21:38,0.8,2026-06-25T20:52:28,2026-06-25T21:38:23
2026-06-26,00:50,01:53,1.1,2026-06-26T00:50:46,2026-06-26T01:53:52
2026-06-26,02:53,03:14,0.3,2026-06-26T02:53:41,2026-06-26T03:14:12
2026-06-26,09:19,09:59,0.7,2026-06-26T09:19:27,2026-06-26T09:59:07
2026-06-26,19:09,19:24,0.3,2026-06-26T19:09:12,2026-06-26T19:24:49
2026-06-27,21:54,22:22,0.5,2026-06-27T21:54:48,2026-06-27T22:22:04
2026-06-28,01:53,03:11,1.3,2026-06-28T01:53:33,2026-06-28T03:11:42
2026-06-28,05:09,05:16,0.1,2026-06-28T05:09:57,2026-06-28T05:16:08
2026-06-30,20:23,20:53,0.5,2026-06-30T20:23:44,2026-06-30T20:53:36
2026-07-01,19:41,19:44,0.0,2026-07-01T19:41:32,2026-07-01T19:44:19
2026-07-01,19:52,07:05,11.2,2026-07-01T19:52:38,2026-07-02T07:05:50
2026-07-02,10:47,11:20,0.5,2026-07-02T10:47:58,2026-07-02T11:20:42
2026-07-02,11:48,12:10,0.4,2026-07-02T11:48:56,2026-07-02T12:10:21
2026-07-05,12:45,12:48,0.0,2026-07-05T12:45:56,2026-07-05T12:48:13
2026-07-06,01:12,05:09,3.9,2026-07-06T01:12:39,2026-07-06T05:09:36
2026-07-06,08:14,09:22,1.1,2026-07-06T08:14:37,2026-07-06T09:22:30
2026-07-06,22:28,22:43,0.2,2026-07-06T22:28:38,2026-07-06T22:43:19
2026-07-06,22:59,23:14,0.3,2026-07-06T22:59:45,2026-07-06T23:14:55
2026-07-07,20:04,20:20,0.3,2026-07-07T20:04:10,2026-07-07T20:20:22
2026-07-08,00:31,01:44,1.2,2026-07-08T00:31:52,2026-07-08T01:44:58
2026-07-08,04:46,04:53,0.1,2026-07-08T04:46:20,2026-07-08T04:53:22
2026-07-08,05:29,08:05,2.6,2026-07-08T05:29:20,2026-07-08T08:05:48
2026-07-08,11:42,11:49,0.1,2026-07-08T11:42:56,2026-07-08T11:49:11
2026-07-08,12:16,12:38,0.4,2026-07-08T12:16:34,2026-07-08T12:38:06
2026-07-08,13:10,14:52,1.7,2026-07-08T13:10:46,2026-07-08T14:52:06
2026-07-08,16:50,17:31,0.7,2026-07-08T16:50:39,2026-07-08T17:31:21
2026-07-11,03:40,05:02,1.4,2026-07-11T03:40:20,2026-07-11T05:02:03
2026-07-14,00:15,01:06,0.8,2026-07-14T00:15:34,2026-07-14T01:06:33
2026-07-14,15:07,15:25,0.3,2026-07-14T15:07:39,2026-07-14T15:25:32
2026-07-14,17:47,18:05,0.3,2026-07-14T17:47:23,2026-07-14T18:05:38
2026-07-15,17:52,18:05,0.2,2026-07-15T17:52:17,2026-07-15T18:05:15
2026-07-15,19:30,19:54,0.4,2026-07-15T19:30:17,2026-07-15T19:54:23
2026-07-16,00:46,01:47,1.0,2026-07-16T00:46:02,2026-07-16T01:47:02
2026-07-17,05:00,05:31,0.5,2026-07-17T05:00:27,2026-07-17T05:31:22
2026-07-17,08:31,09:01,0.5,2026-07-17T08:31:41,2026-07-17T09:01:59
2026-07-18,00:44,01:04,0.3,2026-07-18T00:44:42,2026-07-18T01:04:51
2026-07-18,01:34,02:05,0.5,2026-07-18T01:34:11,2026-07-18T02:05:52
2026-07-19,01:21,03:13,1.9,2026-07-19T01:21:16,2026-07-19T03:13:41
2026-07-19,06:24,06:47,0.4,2026-07-19T06:24:53,2026-07-19T06:47:47
2026-07-19,09:55,10:16,0.3,2026-07-19T09:55:08,2026-07-19T10:16:03
2026-07-19,15:16,15:38,0.4,2026-07-19T15:16:53,2026-07-19T15:38:47
2026-07-20,00:26,00:41,0.3,2026-07-20T00:26:14,2026-07-20T00:41:31
2026-07-21,18:42,19:21,0.6,2026-07-21T18:42:56,2026-07-21T19:21:10
2026-07-21,19:46,21:09,1.4,2026-07-21T19:46:20,2026-07-21T21:09:06
2026-07-22,04:01,04:07,0.1,2026-07-22T04:01:41,2026-07-22T04:07:06
2026-07-22,10:12,10:34,0.4,2026-07-22T10:12:23,2026-07-22T10:34:36
2026-07-23,11:36,11:49,0.2,2026-07-23T11:36:39,2026-07-23T11:49:31
2026-07-24,06:53,07:00,0.1,2026-07-24T06:53:07,2026-07-24T07:00:02
2026-07-24,08:58,09:24,0.4,2026-07-24T08:58:55,2026-07-24T09:24:50
2026-07-24,11:23,12:06,0.7,2026-07-24T11:23:12,2026-07-24T12:06:29
2026-07-24,12:47,12:48,0.0,2026-07-24T12:47:28,2026-07-24T12:48:03
2026-07-24,12:50,12:59,0.1,2026-07-24T12:50:37,2026-07-24T12:59:21
2026-07-25,02:27,02:57,0.5,2026-07-25T02:27:03,2026-07-25T02:57:24
2026-07-25,03:33,04:06,0.6,2026-07-25T03:33:12,2026-07-25T04:06:13
2026-07-25,07:03,07:34,0.5,2026-07-25T07:03:57,2026-07-25T07:34:16
2026-07-26,00:20,01:12,0.9,2026-07-26T00:20:12,2026-07-26T01:12:44
2026-07-26,02:49,03:20,0.5,2026-07-26T02:49:05,2026-07-26T03:20:45
2026-07-27,07:39,07:47,0.1,2026-07-27T07:39:13,2026-07-27T07:47:39
2026-07-27,09:24,09:39,0.2,2026-07-27T09:24:47,2026-07-27T09:39:03
2026-07-27,11:51,12:07,0.3,2026-07-27T11:51:49,2026-07-27T12:07:12
2026-07-27,21:19,21:29,0.2,2026-07-27T21:19:10,2026-07-27T21:29:49
2026-07-28,00:12,00:31,0.3,2026-07-28T00:12:16,2026-07-28T00:31:58
2026-07-28,00:45,01:20,0.6,2026-07-28T00:45:47,2026-07-28T01:20:27
2026-07-30,01:08,06:12,5.1,2026-07-30T01:08:08,2026-07-30T06:12:33
2026-07-31,06:55,07:12,0.3,2026-07-31T06:55:11,2026-07-31T07:12:30
2026-07-31,08:59,09:53,0.9,2026-07-31T08:59:17,2026-07-31T09:53:41
2026-07-31,12:36,12:49,0.2,2026-07-31T12:36:18,2026-07-31T12:49:59
2026-07-31,20:06,20:32,0.4,2026-07-31T20:06:57,2026-07-31T20:32:15
2026-08-01,01:28,02:47,1.3,2026-08-01T01:28:57,2026-08-01T02:47:43
2026-08-01,03:17,03:54,0.6,2026-08-01T03:17:48,2026-08-01T03:54:24
2026-08-01,11:18,11:29,0.2,2026-08-01T11:18:34,2026-08-01T11:29:54
2026-08-02,03:13,03:28,0.2,2026-08-02T03:13:26,2026-08-02T03:28:23
2026-08-02,16:24,16:37,0.2,2026-08-02T16:24:01,2026-08-02T16:37:13
2026-08-02,19:42,19:54,0.2,2026-08-02T19:42:10,2026-08-02T19:54:26
2026-08-03,12:10,12:21,0.2,2026-08-03T12:10:03,2026-08-03T12:21:27
2026-08-04,04:50,06:27,1.6,2026-08-04T04:50:16,2026-08-04T06:27:14
2026-08-04,18:06,18:44,0.6,2026-08-04T18:06:53,2026-08-04T18:44:23
2026-08-04,19:27,21:05,1.6,2026-08-04T19:27:48,2026-08-04T21:05:52
2026-08-05,00:18,01:45,1.5,2026-08-05T00:18:57,2026-08-05T01:45:59
2026-08-05,04:52,05:15,0.4,2026-08-05T04:52:00,2026-08-05T05:15:57
2026-08-05,09:50,09:59,0.2,2026-08-05T09:50:18,2026-08-05T09:59:59
2026-08-06,01:28,01:45,0.3,2026-08-06T01:28:50,2026-08-06T01:45:23
2026-08-07,01:02,01:23,0.3,2026-08-07T01:02:56,2026-08-07T01:23:27
2026-08-07,17:45,18:12,0.4,2026-08-07T17:45:57,2026-08-07T18:12:39
2026-08-08,00:39,01:10,0.5,2026-08-08T00:39:29,2026-08-08T01:10:58
2026-08-08,03:00,03:35,0.6,2026-08-08T03:00:44,2026-08-08T03:35:01
2026-08-08,18:23,19:06,0.7,2026-08-08T18:23:31,2026-08-08T19:06:38
2026-08-08,22:55,23:26,0.5,2026-08-08T22:55:10,2026-08-08T23:26:10
2026-08-10,00:16,00:35,0.3,2026-08-10T00:16:12,2026-08-10T00:35:22
2026-08-10,03:36,03:57,0.3,2026-08-10T03:36:48,2026-08-10T03:57:41
2026-08-10,07:10,07:22,0.2,2026-08-10T07:10:59,2026-08-10T07:22:57
2026-08-10,13:33,13:52,0.3,2026-08-10T13:33:22,2026-08-10T13:52:20
2026-08-11,00:26,01:05,0.7,2026-08-11T00:26:01,2026-08-11T01:05:20
2026-08-11,03:13,03:24,0.2,2026-08-11T03:13:53,2026-08-11T03:24:41
2026-08-11,19:16,19:29,0.2,2026-08-11T19:16:05,2026-08-11T19:29:02
2026-08-12,05:51,07:53,2.0,2026-08-12T05:51:03,2026-08-12T07:53:02
2026-08-12,09:34,10:51,1.3,2026-08-12T09:34:54,2026-08-12T10:51:24
2026-08-12,12:53,14:33,1.7,2026-08-12T12:53:43,2026-08-12T14:33:12
2026-08-16,01:57,02:34,0.6,2026-08-16T01:57:07,2026-08-16T02:34:16
2026-08-16,02:46,03:21,0.6,2026-08-16T02:46:46,2026-08-16T03:21:51
2026-08-16,06:31,07:59,1.5,2026-08-16T06:31:00,2026-08-16T07:59:22
2026-08-16,09:21,10:06,0.8,2026-08-16T09:21:21,2026-08-16T10:06:48
2026-08-16,11:31,11:39,0.1,2026-08-16T11:31:44,2026-08-16T11:39:52
2026-08-17,09:58,10:21,0.4,2026-08-17T09:58:07,2026-08-17T10:21:33
2026-08-18,01:10,01:19,0.1,2026-08-18T01:10:28,2026-08-18T01:19:26
2026-08-18,02:14,02:23,0.1,2026-08-18T02:14:53,2026-08-18T02:23:21
2026-08-18,03:32,03:49,0.3,2026-08-18T03:32:56,2026-08-18T03:49:48
2026-08-18,06:02,08:29,2.4,2026-08-18T06:02:56,2026-08-18T08:29:08
2026-08-18,09:27,09:46,0.3,2026-08-18T09:27:06,2026-08-18T09:46:26
2026-08-18,12:28,13:04,0.6,2026-08-18T12:28:20,2026-08-18T13:04:25
2026-08-18,14:19,14:44,0.4,2026-08-18T14:19:19,2026-08-18T14:44:28
2026-08-18,17:23,17:45,0.4,2026-08-18T17:23:28,2026-08-18T17:45:40
2026-08-18,18:29,20:15,1.8,2026-08-18T18:29:01,2026-08-18T20:15:24
2026-08-18,21:26,21:57,0.5,2026-08-18T21:26:52,2026-08-18T21:57:23
2026-08-19,23:51,08:36,8.8,2026-08-19T23:51:02,2026-08-20T08:36:20
2026-08-20,09:06,11:10,2.1,2026-08-20T09:06:34,2026-08-20T11:10:57
2026-08-20,12:18,12:46,0.5,2026-08-20T12:18:46,2026-08-20T12:46:00
2026-08-20,15:16,15:33,0.3,2026-08-20T15:16:26,2026-08-20T15:33:13
2026-08-20,17:03,18:55,1.9,2026-08-20T17:03:11,2026-08-20T18:55:35
2026-08-20,19:42,19:43,0.0,2026-08-20T19:42:52,2026-08-20T19:43:37
2026-08-20,19:46,20:31,0.7,2026-08-20T19:46:10,2026-08-20T20:31:01
2026-08-22,00:56,01:36,0.7,2026-08-22T00:56:54,2026-08-22T01:36:32
2026-08-22,02:54,03:10,0.3,2026-08-22T02:54:49,2026-08-22T03:10:06
2026-08-22,04:01,04:39,0.6,2026-08-22T04:01:55,2026-08-22T04:39:11
2026-08-22,11:37,12:14,0.6,2026-08-22T11:37:17,2026-08-22T12:14:29
2026-08-22,12:45,13:03,0.3,2026-08-22T12:45:30,2026-08-22T13:03:30
2026-08-23,20:56,21:24,0.5,2026-08-23T20:56:00,2026-08-23T21:24:04
2026-08-24,21:23,21:38,0.3,2026-08-24T21:23:02,2026-08-24T21:38:22
2026-08-24,23:59,00:43,0.7,2026-08-24T23:59:25,2026-08-25T00:43:06
2026-08-25,23:54,00:41,0.8,2026-08-25T23:54:25,2026-08-26T00:41:41
2026-08-26,20:55,21:28,0.6,2026-08-26T20:55:27,2026-08-26T21:28:58
2026-08-27,01:45,02:03,0.3,2026-08-27T01:45:23,2026-08-27T02:03:53
2026-08-27,02:24,03:58,1.6,2026-08-27T02:24:45,2026-08-27T03:58:34
2026-08-27,04:14,07:20,3.1,2026-08-27T04:14:05,2026-08-27T07:20:18
2026-08-27,08:13,09:39,1.4,2026-08-27T08:13:39,2026-08-27T09:39:58
2026-08-27,09:54,11:08,1.2,2026-08-27T09:54:41,2026-08-27T11:08:51
2026-08-27,11:22,11:35,0.2,2026-08-27T11:22:12,2026-08-27T11:35:07
2026-08-27,11:58,12:42,0.7,2026-08-27T11:58:19,2026-08-27T12:42:14
2026-08-27,14:45,16:13,1.5,2026-08-27T14:45:08,2026-08-27T16:13:05
2026-08-27,16:28,16:50,0.4,2026-08-27T16:28:11,2026-08-27T16:50:04
2026-08-27,17:06,17:30,0.4,2026-08-27T17:06:34,2026-08-27T17:30:57
2026-08-27,17:51,21:11,3.3,2026-08-27T17:51:02,2026-08-27T21:11:07
2026-08-27,21:27,21:51,0.4,2026-08-27T21:27:50,2026-08-27T21:51:43
2026-08-27,23:55,00:41,0.8,2026-08-27T23:55:21,2026-08-28T00:41:02
2026-08-28,02:27,02:39,0.2,2026-08-28T02:27:58,2026-08-28T02:39:26
2026-08-28,03:32,03:46,0.2,2026-08-28T03:32:15,2026-08-28T03:46:58
2026-08-28,03:49,04:00,0.2,2026-08-28T03:49:47,2026-08-28T04:00:11
2026-08-28,05:05,07:18,2.2,2026-08-28T05:05:20,2026-08-28T07:18:42
2026-08-28,08:04,08:46,0.7,2026-08-28T08:04:08,2026-08-28T08:46:49
2026-08-28,09:17,09:36,0.3,2026-08-28T09:17:15,2026-08-28T09:36:31
2026-08-28,10:05,10:27,0.4,2026-08-28T10:05:31,2026-08-28T10:27:00
2026-08-28,10:56,11:41,0.8,2026-08-28T10:56:37,2026-08-28T11:41:52
2026-08-28,14:17,14:47,0.5,2026-08-28T14:17:41,2026-08-28T14:47:05
2026-08-28,16:45,19:09,2.4,2026-08-28T16:45:01,2026-08-28T19:09:52
2026-08-28,20:04,21:08,1.1,2026-08-28T20:04:54,2026-08-28T21:08:26
2026-08-28,22:25,23:28,1.1,2026-08-28T22:25:30,2026-08-28T23:28:49
2026-08-29,00:53,01:01,0.1,2026-08-29T00:53:11,2026-08-29T01:01:12
2026-08-29,03:44,07:08,3.4,2026-08-29T03:44:59,2026-08-29T07:08:39
2026-08-29,07:29,11:54,4.4,2026-08-29T07:29:08,2026-08-29T11:54:06
2026-08-29,12:53,13:07,0.2,2026-08-29T12:53:06,2026-08-29T13:07:54
2026-08-29,15:50,16:01,0.2,2026-08-29T15:50:50,2026-08-29T16:01:53
2026-08-29,17:28,17:47,0.3,2026-08-29T17:28:16,2026-08-29T17:47:34
2026-08-29,18:22,18:45,0.4,2026-08-29T18:22:33,2026-08-29T18:45:49
2026-08-29,19:37,19:42,0.1,2026-08-29T19:37:57,2026-08-29T19:42:22
2026-08-29,21:41,22:59,1.3,2026-08-29T21:41:38,2026-08-29T22:59:55
2026-08-29,23:24,23:44,0.3,2026-08-29T23:24:12,2026-08-29T23:44:13
2026-08-30,00:14,00:41,0.5,2026-08-30T00:14:47,2026-08-30T00:41:56
2026-08-30,04:51,05:32,0.7,2026-08-30T04:51:03,2026-08-30T05:32:57
2026-08-30,08:42,10:04,1.4,2026-08-30T08:42:53,2026-08-30T10:04:04
2026-08-30,11:13,11:24,0.2,2026-08-30T11:13:32,2026-08-30T11:24:34
2026-08-30,12:22,13:45,1.4,2026-08-30T12:22:39,2026-08-30T13:45:02
2026-08-30,14:21,14:37,0.3,2026-08-30T14:21:55,2026-08-30T14:37:26
2026-08-30,15:03,15:36,0.6,2026-08-30T15:03:12,2026-08-30T15:36:50
2026-08-30,15:54,16:52,1.0,2026-08-30T15:54:48,2026-08-30T16:52:43
2026-08-30,18:19,19:31,1.2,2026-08-30T18:19:42,2026-08-30T19:31:36
2026-08-30,20:29,22:10,1.7,2026-08-30T20:29:50,2026-08-30T22:10:18
2026-08-30,22:44,22:56,0.2,2026-08-30T22:44:10,2026-08-30T22:56:59
2026-08-31,00:16,01:06,0.8,2026-08-31T00:16:00,2026-08-31T01:06:25
2026-08-31,05:13,05:30,0.3,2026-08-31T05:13:46,2026-08-31T05:30:19
2026-08-31,05:54,06:11,0.3,2026-08-31T05:54:28,2026-08-31T06:11:47
2026-08-31,07:56,08:44,0.8,2026-08-31T07:56:02,2026-08-31T08:44:55
2026-08-31,09:05,10:01,0.9,2026-08-31T09:05:49,2026-08-31T10:01:04
2026-08-31,10:13,10:19,0.1,2026-08-31T10:13:10,2026-08-31T10:19:12
2026-08-31,11:44,12:25,0.7,2026-08-31T11:44:44,2026-08-31T12:25:33
2026-08-31,13:36,13:42,0.1,2026-08-31T13:36:03,2026-08-31T13:42:29
2026-08-31,15:58,16:11,0.2,2026-08-31T15:58:14,2026-08-31T16:11:12
2026-08-31,18:44,18:50,0.1,2026-08-31T18:44:34,2026-08-31T18:50:45
2026-08-31,19:46,22:27,2.7,2026-08-31T19:46:15,2026-08-31T22:27:03
2026-08-31,23:32,00:15,0.7,2026-08-31T23:32:35,2026-09-01T00:15:04
2026-09-01,02:10,03:21,1.2,2026-09-01T02:10:40,2026-09-01T03:21:20
2026-09-01,09:49,10:35,0.8,2026-09-01T09:49:18,2026-09-01T10:35:23
2026-09-01,15:50,15:54,0.1,2026-09-01T15:50:04,2026-09-01T15:54:55
2026-09-01,17:37,18:07,0.5,2026-09-01T17:37:49,2026-09-01T18:07:28
2026-09-01,18:23,19:21,1.0,2026-09-01T18:23:56,2026-09-01T19:21:01
2026-09-01,19:32,20:21,0.8,2026-09-01T19:32:34,2026-09-01T20:21:45
2026-09-01,20:43,21:44,1.0,2026-09-01T20:43:51,2026-09-01T21:44:10
2026-09-02,03:33,03:38,0.1,2026-09-02T03:33:06,2026-09-02T03:38:10
2026-09-02,05:27,05:36,0.2,2026-09-02T05:27:03,2026-09-02T05:36:53
2026-09-02,06:17,06:33,0.3,2026-09-02T06:17:55,2026-09-02T06:33:30
2026-09-02,07:13,09:19,2.1,2026-09-02T07:13:03,2026-09-02T09:19:33
2026-09-02,10:08,10:46,0.6,2026-09-02T10:08:57,2026-09-02T10:46:52
2026-09-02,12:04,12:13,0.2,2026-09-02T12:04:38,2026-09-02T12:13:42
2026-09-02,12:30,13:33,1.1,2026-09-02T12:30:02,2026-09-02T13:33:08
