date,hour,district,matched_term,window_start,window_end,hours,post_url,post_text_short,post_id
2026-01-02,22,Дніпровський,ДВРЗ,2026-01-02T22:34:41,2026-01-02T23:28:48,0.9,https://t.me/kievreal1/108010,ДВРЗ,108010
2026-01-02,22,Дарницький,Бортничі,2026-01-02T22:34:41,2026-01-02T23:28:48,0.9,https://t.me/kievreal1/108012,Бортничі,108012
2026-01-02,22,Дарницький,ТЕЦ-5,2026-01-02T22:34:41,2026-01-02T23:28:48,0.9,https://t.me/kievreal1/108013,ТЕЦ-5,108013
2026-01-05,2,Деснянський,Троєщина,2026-01-05T01:33:47,2026-01-05T05:45:36,4.2,https://t.me/kievreal1/108134,1 шахед на Троєщину 6 шахедів на Вишгород,108134
2026-01-05,3,Оболонський,Оболонь,2026-01-05T01:33:47,2026-01-05T05:45:36,4.2,https://t.me/kievreal1/108141,"❗️ Фіксуємо повідомлення про загорання в оболонському районі внаслідок ворожої атаки, — КМВА",108141
2026-01-05,3,Оболонський,Оболонь,2026-01-05T01:33:47,2026-01-05T05:45:36,4.2,https://t.me/kievreal1/108145,"❗️ Фіксуємо повідомлення про загорання в оболонському районі внаслідок ворожої атаки, — КМВА",108145
2026-01-05,5,Оболонський,Оболонь,2026-01-05T01:33:47,2026-01-05T05:45:36,4.2,https://t.me/kievreal1/108155,⚡ Фото пошкодженого приватного медичного центру в Оболонському районі Києва,108155
2026-01-08,22,Дарницький,Рембаза,2026-01-08T22:44:10,2026-01-08T22:59:55,0.3,https://t.me/kievreal1/108398,На Рембазу,108398
2026-01-08,22,Деснянський,ТЕЦ-6,2026-01-08T22:44:10,2026-01-08T22:59:55,0.3,https://t.me/kievreal1/108400,Тец-6 уважно,108400
2026-01-08,22,Деснянський,ТЕЦ-6,2026-01-08T22:44:10,2026-01-08T22:59:55,0.3,https://t.me/kievreal1/108401,Тец-6 уважно,108401
2026-01-08,22,Деснянський,Троєщина,2026-01-08T22:44:10,2026-01-08T22:59:55,0.3,https://t.me/kievreal1/108402,Троєщина загалом обережно,108402
2026-01-08,22,Деснянський,Троєщина,2026-01-08T22:44:10,2026-01-08T22:59:55,0.3,https://t.me/kievreal1/108404,Троєщина загалом обережно,108404
2026-01-08,23,Оболонський,Оболонь,2026-01-08T23:26:43,2026-01-09T04:36:36,5.2,https://t.me/kievreal1/108417,"БПЛА на Вишгород, Оболонь",108417
2026-01-08,23,Деснянський,Троєщина,2026-01-08T23:26:43,2026-01-09T04:36:36,5.2,https://t.me/kievreal1/108418,Троя / ТЕЦ-6 - обережно,108418
2026-01-08,23,Дарницький,Дарниця,2026-01-08T23:26:43,2026-01-09T04:36:36,5.2,https://t.me/kievreal1/108422,У Дарницькому районі зафіксовано падіння цілі у дворі житлового будинку. Попередньо - без постраждалих та займання.,108422
2026-01-09,0,Дарницький,Осокорки,2026-01-08T23:26:43,2026-01-09T04:36:36,5.2,https://t.me/kievreal1/108423,"Осокорки, Позняки - обережно",108423
2026-01-09,0,Дніпровський,Дніпровський,2026-01-08T23:26:43,2026-01-09T04:36:36,5.2,https://t.me/kievreal1/108425,У Дніпровському районі внаслідок падіння уламків БпЛА виникло загоряння в нежитловій будівлі. У Печерському районі загоряння в житловому бу…,108425
2026-01-09,0,Печерський,Печерськ,2026-01-08T23:26:43,2026-01-09T04:36:36,5.2,https://t.me/kievreal1/108425,У Дніпровському районі внаслідок падіння уламків БпЛА виникло загоряння в нежитловій будівлі. У Печерському районі загоряння в житловому бу…,108425
2026-01-09,0,Дарницький,Рембаза,2026-01-08T23:26:43,2026-01-09T04:36:36,5.2,https://t.me/kievreal1/108428,Лісовий масив та Рембаза - обережно по БПЛА,108428
2026-01-09,0,Деснянський,Лісовий масив,2026-01-08T23:26:43,2026-01-09T04:36:36,5.2,https://t.me/kievreal1/108428,Лісовий масив та Рембаза - обережно по БПЛА,108428
2026-01-09,0,Дніпровський,ДВРЗ,2026-01-08T23:26:43,2026-01-09T04:36:36,5.2,https://t.me/kievreal1/108432,Шахед на ДВРЗ,108432
2026-01-09,0,Деснянський,Деснянський,2026-01-08T23:26:43,2026-01-09T04:36:36,5.2,https://t.me/kievreal1/108433,У Деснянському районі влучання БпЛА в дах житлового будинку на рівні 18 поверху Усі служби прямують на місце.,108433
2026-01-09,0,Печерський,Печерськ,2026-01-08T23:26:43,2026-01-09T04:36:36,5.2,https://t.me/kievreal1/108436,"У Печерському районі, де впали уламки БпЛА на 9-ти поверховий житловий будинок, сталося часткове руйнування фасаду будинку. Загорянь немає.…",108436
2026-01-09,0,Деснянський,ТЕЦ-6,2026-01-08T23:26:43,2026-01-09T04:36:36,5.2,https://t.me/kievreal1/108438,БПЛА на ТЕЦ-6,108438
2026-01-09,0,Дніпровський,Дніпровський,2026-01-08T23:26:43,2026-01-09T04:36:36,5.2,https://t.me/kievreal1/108439,"У Дніпровському районі частини БпЛА пошкодили багатоповерхівку, сталось займання в одній з квартир.",108439
2026-01-09,0,Голосіївський,Конча-Заспа,2026-01-08T23:26:43,2026-01-09T04:36:36,5.2,https://t.me/kievreal1/108442,"Конча-Заспа, Козин - обережно",108442
2026-01-09,0,Дарницький,Харківський масив,2026-01-08T23:26:43,2026-01-09T04:36:36,5.2,https://t.me/kievreal1/108443,Київ : БпЛА курсом на Вишгород 2х БпЛА курсом на Рембазу БпЛА курсом на ДВРЗ БпЛА курсом на Нижні Сади БпЛА курсом на Бортничі 2х БпЛА курс…,108443
2026-01-09,0,Дніпровський,ДВРЗ,2026-01-08T23:26:43,2026-01-09T04:36:36,5.2,https://t.me/kievreal1/108443,Київ : БпЛА курсом на Вишгород 2х БпЛА курсом на Рембазу БпЛА курсом на ДВРЗ БпЛА курсом на Нижні Сади БпЛА курсом на Бортничі 2х БпЛА курс…,108443
2026-01-09,0,Деснянський,Деснянський,2026-01-08T23:26:43,2026-01-09T04:36:36,5.2,https://t.me/kievreal1/108444,"Виклики медиків у Шевченківський район та в ще один житловий будинок у Деснянському районі. В іншому будинку в Деснянському районі, де було…",108444
2026-01-09,0,Шевченківський,Шевченківський,2026-01-08T23:26:43,2026-01-09T04:36:36,5.2,https://t.me/kievreal1/108444,"Виклики медиків у Шевченківський район та в ще один житловий будинок у Деснянському районі. В іншому будинку в Деснянському районі, де було…",108444
2026-01-09,0,Дарницький,Дарниця,2026-01-08T23:26:43,2026-01-09T04:36:36,5.2,https://t.me/kievreal1/108445,Рембаза - Дарниця обережно,108445
2026-01-09,0,Дарницький,Осокорки,2026-01-08T23:26:43,2026-01-09T04:36:36,5.2,https://t.me/kievreal1/108446,БпЛА курсом на Лісовий масив БпЛА курсом на Дарницю 2х БпЛА курсом на Осокорк БпЛА курсом на Нижні Сади БпЛА курсом на Бортничі 14х БпЛА ку…,108446
2026-01-09,0,Деснянський,Лісовий масив,2026-01-08T23:26:43,2026-01-09T04:36:36,5.2,https://t.me/kievreal1/108446,БпЛА курсом на Лісовий масив БпЛА курсом на Дарницю 2х БпЛА курсом на Осокорк БпЛА курсом на Нижні Сади БпЛА курсом на Бортничі 14х БпЛА ку…,108446
2026-01-09,0,Деснянський,Деснянський,2026-01-08T23:26:43,2026-01-09T04:36:36,5.2,https://t.me/kievreal1/108449,Внаслідок ворожого обстрілу зафіксовано пошкодження 5-поверхового житлового будинку в Деснянському районі. Попередньо - без потерпілих.,108449
2026-01-09,0,Дніпровський,Дніпровський,2026-01-08T23:26:43,2026-01-09T04:36:36,5.2,https://t.me/kievreal1/108450,Надійшла інформація про одну потерпілу особу в Дніпровському районі. Деталі уточнюються.,108450
2026-01-09,0,Голосіївський,Голосіїв,2026-01-08T23:26:43,2026-01-09T04:36:36,5.2,https://t.me/kievreal1/108453,Центр/Соломʼянка/Голосіїв - обережно,108453
2026-01-09,0,Солом'янський,Солом'янка,2026-01-08T23:26:43,2026-01-09T04:36:36,5.2,https://t.me/kievreal1/108453,Центр/Соломʼянка/Голосіїв - обережно,108453
2026-01-09,0,Дарницький,Дарниця,2026-01-08T23:26:43,2026-01-09T04:36:36,5.2,https://t.me/kievreal1/108454,БпЛА курсом на Центр 10х БпЛА курсом на Дарницький район Києва,108454
2026-01-09,1,Дарницький,Осокорки,2026-01-08T23:26:43,2026-01-09T04:36:36,5.2,https://t.me/kievreal1/108456,Позняки - Осокорки - Нижні сади - обережно,108456
2026-01-09,1,Дніпровський,Дніпровський,2026-01-08T23:26:43,2026-01-09T04:36:36,5.2,https://t.me/kievreal1/108458,Падіння повітряної цілі в дворі житлового будинку в Дніпровському районі. Попередньо - без пошкоджень. На ще одній локації в районі - пошко…,108458
2026-01-09,1,Голосіївський,Теремки,2026-01-08T23:26:43,2026-01-09T04:36:36,5.2,https://t.me/kievreal1/108460,"Теремки, Жуляни!",108460
2026-01-09,1,Солом'янський,Жуляни,2026-01-08T23:26:43,2026-01-09T04:36:36,5.2,https://t.me/kievreal1/108460,"Теремки, Жуляни!",108460
2026-01-09,1,Голосіївський,Конча-Заспа,2026-01-08T23:26:43,2026-01-09T04:36:36,5.2,https://t.me/kievreal1/108461,БпЛА курсом на Гатне 8х БпЛА курсом на Конча-Заспу 3х БпЛА курсом на Осокорки 6х БпЛА курсом на Бортничі,108461
2026-01-09,1,Дарницький,Осокорки,2026-01-08T23:26:43,2026-01-09T04:36:36,5.2,https://t.me/kievreal1/108461,БпЛА курсом на Гатне 8х БпЛА курсом на Конча-Заспу 3х БпЛА курсом на Осокорки 6х БпЛА курсом на Бортничі,108461
2026-01-09,1,Деснянський,Деснянський,2026-01-08T23:26:43,2026-01-09T04:36:36,5.2,https://t.me/kievreal1/108467,Внаслідок російської атаки зафіксовано займання на території торговельного центру в Деснянському районі.,108467
2026-01-09,1,Дніпровський,Дніпровський,2026-01-08T23:26:43,2026-01-09T04:36:36,5.2,https://t.me/kievreal1/108468,В Дніпровському районі внаслідок атаки пошкоджено незаселений приватний будинок.,108468
2026-01-09,1,Дарницький,Бортничі,2026-01-08T23:26:43,2026-01-09T04:36:36,5.2,https://t.me/kievreal1/108470,БпЛА курсом на Рембазу БпЛА курсом на Теличку 5х БпЛА курсом на Бортничі БпЛА курсом на Лісовий масив,108470
2026-01-09,1,Деснянський,Лісовий масив,2026-01-08T23:26:43,2026-01-09T04:36:36,5.2,https://t.me/kievreal1/108470,БпЛА курсом на Рембазу БпЛА курсом на Теличку 5х БпЛА курсом на Бортничі БпЛА курсом на Лісовий масив,108470
2026-01-09,1,Деснянський,Троєщина,2026-01-08T23:26:43,2026-01-09T04:36:36,5.2,https://t.me/kievreal1/108471,3 БПЛА повз Димерку на Трою,108471
2026-01-09,1,Деснянський,Троєщина,2026-01-08T23:26:43,2026-01-09T04:36:36,5.2,https://t.me/kievreal1/108472,"Київ : 3 шахеди на Бровари 3 шахеди на Лісовий масив 1 шахед на Троєщину 1 шахед на Русанівку Підтримати канал, буду вдячний Вам: https://b…",108472
2026-01-09,1,Дніпровський,Русанівка,2026-01-08T23:26:43,2026-01-09T04:36:36,5.2,https://t.me/kievreal1/108472,"Київ : 3 шахеди на Бровари 3 шахеди на Лісовий масив 1 шахед на Троєщину 1 шахед на Русанівку Підтримати канал, буду вдячний Вам: https://b…",108472
2026-01-09,1,Печерський,Печерськ,2026-01-08T23:26:43,2026-01-09T04:36:36,5.2,https://t.me/kievreal1/108475,Печерськ - обережно,108475
2026-01-09,1,Дарницький,Бортничі,2026-01-08T23:26:43,2026-01-09T04:36:36,5.2,https://t.me/kievreal1/108479,"Бортничі, Вишеньки - БПЛА до вас",108479
2026-01-09,1,Дніпровський,Дніпровський,2026-01-08T23:26:43,2026-01-09T04:36:36,5.2,https://t.me/kievreal1/108480,В Дніпровському районі внаслідок ворожої атаки пожежа на 7 поверсі житлового 9-ти поверхового будинку. В Печерському - пошкодження житловог…,108480
2026-01-09,1,Печерський,Печерськ,2026-01-08T23:26:43,2026-01-09T04:36:36,5.2,https://t.me/kievreal1/108480,В Дніпровському районі внаслідок ворожої атаки пожежа на 7 поверсі житлового 9-ти поверхового будинку. В Печерському - пошкодження житловог…,108480
2026-01-09,1,Дарницький,Бортничі,2026-01-08T23:26:43,2026-01-09T04:36:36,5.2,https://t.me/kievreal1/108482,По 2 БпЛА на Бровари /Бортничі,108482
2026-01-09,1,Дніпровський,ДВРЗ,2026-01-08T23:26:43,2026-01-09T04:36:36,5.2,https://t.me/kievreal1/108485,"БПЛА на Княжичі, ДВРЗ",108485
2026-01-09,2,Дарницький,Дарниця,2026-01-08T23:26:43,2026-01-09T04:36:36,5.2,https://t.me/kievreal1/108491,В Дарницькому районі внаслідок ураження ворожою ціллю займання на 15 поверсі 16-поверхового будинку.,108491
2026-01-09,2,Деснянський,Троєщина,2026-01-08T23:26:43,2026-01-09T04:36:36,5.2,https://t.me/kievreal1/108499,БПЛА на Трою,108499
2026-01-09,2,Печерський,Печерськ,2026-01-08T23:26:43,2026-01-09T04:36:36,5.2,https://t.me/kievreal1/108501,"У Печерському районі, де було влучання БпЛА в 24-поверхову нежитлову будівлю, сталося руйнування на рівні 23-24 поверхів і загоряння.",108501
2026-01-09,2,Шевченківський,Шевченківський,2026-01-08T23:26:43,2026-01-09T04:36:36,5.2,https://t.me/kievreal1/108503,У Шевченківському районі виникла пожежа внаслідок влучання БпЛА в нежитлову будівлю. Всі служби працюють на місці.,108503
2026-01-09,2,Дарницький,Бортничі,2026-01-08T23:26:43,2026-01-09T04:36:36,5.2,https://t.me/kievreal1/108507,Київ : БпЛА курсом на Жуляни БпЛА курсом на Святошин 5х БпЛА курсом на Троєщину 8х БпЛА курсом на Бортничі 8х БпЛА курсом на Бровари Підтри…,108507
2026-01-09,2,Деснянський,Троєщина,2026-01-08T23:26:43,2026-01-09T04:36:36,5.2,https://t.me/kievreal1/108507,Київ : БпЛА курсом на Жуляни БпЛА курсом на Святошин 5х БпЛА курсом на Троєщину 8х БпЛА курсом на Бортничі 8х БпЛА курсом на Бровари Підтри…,108507
2026-01-09,2,Святошинський,Святошин,2026-01-08T23:26:43,2026-01-09T04:36:36,5.2,https://t.me/kievreal1/108507,Київ : БпЛА курсом на Жуляни БпЛА курсом на Святошин 5х БпЛА курсом на Троєщину 8х БпЛА курсом на Бортничі 8х БпЛА курсом на Бровари Підтри…,108507
2026-01-09,2,Солом'янський,Жуляни,2026-01-08T23:26:43,2026-01-09T04:36:36,5.2,https://t.me/kievreal1/108507,Київ : БпЛА курсом на Жуляни БпЛА курсом на Святошин 5х БпЛА курсом на Троєщину 8х БпЛА курсом на Бортничі 8х БпЛА курсом на Бровари Підтри…,108507
2026-01-09,2,Дарницький,Бортничі,2026-01-08T23:26:43,2026-01-09T04:36:36,5.2,https://t.me/kievreal1/108509,БпЛА курсом на Жуляни БпЛА курсом на Нивки БпЛА курсом на Троєщину БпЛА курсом на Бортничі 10х БпЛА курсом на Бровари,108509
2026-01-09,2,Деснянський,Троєщина,2026-01-08T23:26:43,2026-01-09T04:36:36,5.2,https://t.me/kievreal1/108509,БпЛА курсом на Жуляни БпЛА курсом на Нивки БпЛА курсом на Троєщину БпЛА курсом на Бортничі 10х БпЛА курсом на Бровари,108509
2026-01-09,2,Солом'янський,Жуляни,2026-01-08T23:26:43,2026-01-09T04:36:36,5.2,https://t.me/kievreal1/108509,БпЛА курсом на Жуляни БпЛА курсом на Нивки БпЛА курсом на Троєщину БпЛА курсом на Бортничі 10х БпЛА курсом на Бровари,108509
2026-01-09,2,Шевченківський,Нивки,2026-01-08T23:26:43,2026-01-09T04:36:36,5.2,https://t.me/kievreal1/108509,БпЛА курсом на Жуляни БпЛА курсом на Нивки БпЛА курсом на Троєщину БпЛА курсом на Бортничі 10х БпЛА курсом на Бровари,108509
2026-01-09,2,Деснянський,Деснянський,2026-01-08T23:26:43,2026-01-09T04:36:36,5.2,https://t.me/kievreal1/108510,В Деснянському районі ворожа ціль впала на території оздоровчого закладу.,108510
2026-01-09,2,Дарницький,Осокорки,2026-01-08T23:26:43,2026-01-09T04:36:36,5.2,https://t.me/kievreal1/108513,2х БпЛА курсом на Поділ БпЛА курсом на Святошин БпЛА курсом на Осокорки 2х БпЛА курсом на Троєщину 6х БпЛА курсом на Бровари,108513
2026-01-09,2,Деснянський,Троєщина,2026-01-08T23:26:43,2026-01-09T04:36:36,5.2,https://t.me/kievreal1/108513,2х БпЛА курсом на Поділ БпЛА курсом на Святошин БпЛА курсом на Осокорки 2х БпЛА курсом на Троєщину 6х БпЛА курсом на Бровари,108513
2026-01-09,2,Подільський,Поділ,2026-01-08T23:26:43,2026-01-09T04:36:36,5.2,https://t.me/kievreal1/108513,2х БпЛА курсом на Поділ БпЛА курсом на Святошин БпЛА курсом на Осокорки 2х БпЛА курсом на Троєщину 6х БпЛА курсом на Бровари,108513
2026-01-09,2,Святошинський,Святошин,2026-01-08T23:26:43,2026-01-09T04:36:36,5.2,https://t.me/kievreal1/108513,2х БпЛА курсом на Поділ БпЛА курсом на Святошин БпЛА курсом на Осокорки 2х БпЛА курсом на Троєщину 6х БпЛА курсом на Бровари,108513
2026-01-09,2,Деснянський,Троєщина,2026-01-08T23:26:43,2026-01-09T04:36:36,5.2,https://t.me/kievreal1/108515,БпЛА курсом на Троєщину БпЛА курсом на Вишневе 2х БпЛА курсом на Вишеньки БпЛА курсом на Боярку 5х БпЛА курсом на Бровари,108515
2026-01-09,2,Голосіївський,Теремки,2026-01-08T23:26:43,2026-01-09T04:36:36,5.2,https://t.me/kievreal1/108517,"Жуляни, Теремки - обережно по БПЛА",108517
2026-01-09,2,Солом'янський,Жуляни,2026-01-08T23:26:43,2026-01-09T04:36:36,5.2,https://t.me/kievreal1/108517,"Жуляни, Теремки - обережно по БПЛА",108517
2026-01-09,2,Солом'янський,Жуляни,2026-01-08T23:26:43,2026-01-09T04:36:36,5.2,https://t.me/kievreal1/108518,БпЛА курсом на Жуляни БпЛА курсом на Вишневе 2х БпЛА курсом на Велику Димерку БпЛА курсом на Бориспіль 4х БпЛА курсом на Бровари,108518
2026-01-09,2,Дарницький,Дарниця,2026-01-08T23:26:43,2026-01-09T04:36:36,5.2,https://t.me/kievreal1/108519,"🤯 У Дарницькому районі, де БпЛА влучив у житловий будинок, сталося повторне влучання Загинув один медик та є поранені медпрацівники. Всі во…",108519
2026-01-09,2,Оболонський,Оболонь,2026-01-08T23:26:43,2026-01-09T04:36:36,5.2,https://t.me/kievreal1/108521,БпЛА курсом на Глеваху БпЛА курсом на Оболонь 3х БпЛА курсом на Велику Димерку БпЛА курсом на Бровари,108521
2026-01-09,2,Дарницький,Дарниця,2026-01-08T23:26:43,2026-01-09T04:36:36,5.2,https://t.me/kievreal1/108524,2х Групи КР курсом на Дарницький район,108524
2026-01-09,3,Деснянський,ТЕЦ-6,2026-01-08T23:26:43,2026-01-09T04:36:36,5.2,https://t.me/kievreal1/108535,Шахед на ТЕЦ-6,108535
2026-01-09,3,Дарницький,Дарниця,2026-01-08T23:26:43,2026-01-09T04:36:36,5.2,https://t.me/kievreal1/108537,В Дарницькому районі падіння цілі на відкритій території. Вибиті вікна в житловій будівлі. В Дніпровському районі влучання в нежитловій заб…,108537
2026-01-09,3,Дніпровський,Дніпровський,2026-01-08T23:26:43,2026-01-09T04:36:36,5.2,https://t.me/kievreal1/108537,В Дарницькому районі падіння цілі на відкритій території. Вибиті вікна в житловій будівлі. В Дніпровському районі влучання в нежитловій заб…,108537
2026-01-09,3,Подільський,Поділ,2026-01-08T23:26:43,2026-01-09T04:36:36,5.2,https://t.me/kievreal1/108539,Центр. Поділ,108539
2026-01-09,3,Дніпровський,Дніпровський,2026-01-08T23:26:43,2026-01-09T04:36:36,5.2,https://t.me/kievreal1/108540,В Дніпровському районі зазнав пошкоджень приватний житловий будинок. Деталі уточнюються.,108540
2026-01-09,3,Дніпровський,ДВРЗ,2026-01-08T23:26:43,2026-01-09T04:36:36,5.2,https://t.me/kievreal1/108542,Група КР курсом на ДВРЗ Група КР курсом на Нижні Сади,108542
2026-01-09,3,Голосіївський,Мишоловка,2026-01-08T23:26:43,2026-01-09T04:36:36,5.2,https://t.me/kievreal1/108545,Група КР курсом на Мишоловку Група КР курсом на Нижні Сади Група КР курсом на Бориспіль,108545
2026-01-09,3,Голосіївський,Деміївка,2026-01-08T23:26:43,2026-01-09T04:36:36,5.2,https://t.me/kievreal1/108547,Група КР курсом на Деміївку Група КР курсом на Бортничі Група КР курсом на Бориспіль,108547
2026-01-09,3,Дарницький,Бортничі,2026-01-08T23:26:43,2026-01-09T04:36:36,5.2,https://t.me/kievreal1/108547,Група КР курсом на Деміївку Група КР курсом на Бортничі Група КР курсом на Бориспіль,108547
2026-01-09,3,Дарницький,Осокорки,2026-01-08T23:26:43,2026-01-09T04:36:36,5.2,https://t.me/kievreal1/108548,Група КР курсом на Осокорки Група КР курсом на Бориспіль,108548
2026-01-09,3,Дарницький,ТЕЦ-5,2026-01-08T23:26:43,2026-01-09T04:36:36,5.2,https://t.me/kievreal1/108549,"Частина ракет на Жуляни, частина на ТЕЦ-5",108549
2026-01-09,3,Солом'янський,Жуляни,2026-01-08T23:26:43,2026-01-09T04:36:36,5.2,https://t.me/kievreal1/108549,"Частина ракет на Жуляни, частина на ТЕЦ-5",108549
2026-01-09,3,Дніпровський,Березняки,2026-01-08T23:26:43,2026-01-09T04:36:36,5.2,https://t.me/kievreal1/108550,2х Групи КР курсом на Святошин Група КР курсом на Березняки 2х Групи КР курсом на Бровари,108550
2026-01-09,3,Святошинський,Святошин,2026-01-08T23:26:43,2026-01-09T04:36:36,5.2,https://t.me/kievreal1/108550,2х Групи КР курсом на Святошин Група КР курсом на Березняки 2х Групи КР курсом на Бровари,108550
2026-01-09,4,Дарницький,Дарниця,2026-01-08T23:26:43,2026-01-09T04:36:36,5.2,https://t.me/kievreal1/108570,"🚊 Є затримки поїздів через пошкодження контактної мережі та знеструмлення на Київщині , — Укрзалізниця Вже прибули до Києва : №705/706 Пере…",108570
2026-01-09,23,Святошинський,Святошин,2026-01-09T22:58:57,2026-01-10T00:57:52,2.0,https://t.me/kievreal1/108701,БПЛА на Святошин,108701
2026-01-09,23,Святошинський,Святошин,2026-01-09T22:58:57,2026-01-10T00:57:52,2.0,https://t.me/kievreal1/108703,2х БпЛА курсом на Святошин БпЛА курсом на Ірпінь,108703
2026-01-09,23,Оболонський,Мінський масив,2026-01-09T22:58:57,2026-01-10T00:57:52,2.0,https://t.me/kievreal1/108710,Виноградар/Мінський масив обережно,108710
2026-01-09,23,Подільський,Виноградар,2026-01-09T22:58:57,2026-01-10T00:57:52,2.0,https://t.me/kievreal1/108710,Виноградар/Мінський масив обережно,108710
2026-01-09,23,Деснянський,Троєщина,2026-01-09T22:58:57,2026-01-10T00:57:52,2.0,https://t.me/kievreal1/108711,2 шахеди на Троєщину/Вишгород,108711
2026-01-09,23,Святошинський,Борщагівка,2026-01-09T22:58:57,2026-01-10T00:57:52,2.0,https://t.me/kievreal1/108721,"1 шахед на Борщагівки, 1 на Мощун",108721
2026-01-10,0,Оболонський,Оболонь,2026-01-09T22:58:57,2026-01-10T00:57:52,2.0,https://t.me/kievreal1/108729,Виліз БПЛА на Оболонь,108729
2026-01-11,1,Дарницький,Дарниця,2026-01-11T01:08:06,2026-01-11T02:04:25,0.9,https://t.me/kievreal1/108803,2 на Дарницький район,108803
2026-01-11,1,Дарницький,Бортничі,2026-01-11T01:08:06,2026-01-11T02:04:25,0.9,https://t.me/kievreal1/108806,1 на Бортничі,108806
2026-01-11,1,Голосіївський,Конча-Заспа,2026-01-11T01:08:06,2026-01-11T02:04:25,0.9,https://t.me/kievreal1/108811,1 на Конча-Заспу,108811
2026-01-11,17,Деснянський,Троєщина,2026-01-11T17:16:41,2026-01-11T17:50:38,0.6,https://t.me/kievreal1/108841,Троєщина,108841
2026-01-11,17,Оболонський,Оболонь,2026-01-11T17:16:41,2026-01-11T17:50:38,0.6,https://t.me/kievreal1/108842,Оболонь,108842
2026-01-12,1,Святошинський,Святошин,2026-01-12T01:24:40,2026-01-12T01:56:55,0.5,https://t.me/kievreal1/108869,БПЛА на Святошин,108869
2026-01-12,1,Святошинський,Святошин,2026-01-12T01:24:40,2026-01-12T01:56:55,0.5,https://t.me/kievreal1/108871,БПЛА на Святошин,108871
2026-01-12,1,Солом'янський,Шулявка,2026-01-12T01:24:40,2026-01-12T01:56:55,0.5,https://t.me/kievreal1/108873,Шахед на Шулявку,108873
2026-01-12,1,Солом'янський,Солом'янка,2026-01-12T01:24:40,2026-01-12T01:56:55,0.5,https://t.me/kievreal1/108877,У Соломʼянському районі пожежа в нежитловій будівлі внаслідок атаки БпЛА.,108877
2026-01-12,3,Деснянський,Троєщина,2026-01-12T03:53:24,2026-01-12T04:38:06,0.7,https://t.me/kievreal1/108891,БПЛА на Трою,108891
2026-01-12,4,Деснянський,Троєщина,2026-01-12T03:53:24,2026-01-12T04:38:06,0.7,https://t.me/kievreal1/108893,БПЛА на Трою,108893
2026-01-12,4,Оболонський,Оболонь,2026-01-12T03:53:24,2026-01-12T04:38:06,0.7,https://t.me/kievreal1/108896,Шахед на Оболонь,108896
2026-01-12,14,Оболонський,Оболонь,2026-01-12T14:26:57,2026-01-12T14:42:55,0.3,https://t.me/kievreal1/108960,Вишгород / Оболонь / Погреби,108960
2026-01-12,14,Голосіївський,Новосілки,2026-01-12T14:26:57,2026-01-12T14:42:55,0.3,https://t.me/kievreal1/108961,"Новосілки PS про всяк випадок, радимо підписатись на наш Instagram, якщо ворог здійснюватиме атаки в телеграмі – www.instagram.com/kiev_real",108961
2026-01-13,1,Деснянський,Троєщина,2026-01-13T01:05:53,2026-01-13T02:09:24,1.1,https://t.me/kievreal1/109021,Троя/ Бровари сховались,109021
2026-01-13,4,Голосіївський,Конча-Заспа,2026-01-13T04:15:40,2026-01-13T08:46:01,4.5,https://t.me/kievreal1/109046,1 шахед на Конча-Заспу,109046
2026-01-13,4,Дарницький,Осокорки,2026-01-13T04:15:40,2026-01-13T08:46:01,4.5,https://t.me/kievreal1/109049,1 шахед на Осокорки,109049
2026-01-13,4,Дарницький,Бортничі,2026-01-13T04:15:40,2026-01-13T08:46:01,4.5,https://t.me/kievreal1/109050,1 шахед на Бортничі,109050
2026-01-13,7,Деснянський,Троєщина,2026-01-13T04:15:40,2026-01-13T08:46:01,4.5,https://t.me/kievreal1/109068,"Київ : 1 шахед на Троєщину 1 шахед на Вишгород Підтримати канал, буду вдячний Вам: https://base.monobank.ua/4jYdAKEbmcrmLL ➡",109068
2026-01-13,7,Оболонський,Оболонь,2026-01-13T04:15:40,2026-01-13T08:46:01,4.5,https://t.me/kievreal1/109071,1 шахед на Оболонь,109071
2026-01-14,7,Оболонський,Оболонь,2026-01-14T07:40:04,2026-01-14T08:32:37,0.9,https://t.me/kievreal1/109162,Шахед на Оболонь,109162
2026-01-14,8,Оболонський,Оболонь,2026-01-14T07:40:04,2026-01-14T08:32:37,0.9,https://t.me/kievreal1/109165,Внаслідок ворожої атаки горить квартира у багатоповерхівці в Оболонському районі.,109165
2026-01-14,8,Деснянський,Троєщина,2026-01-14T07:40:04,2026-01-14T08:32:37,0.9,https://t.me/kievreal1/109166,Троєщина,109166
2026-01-14,8,Оболонський,Оболонь,2026-01-14T07:40:04,2026-01-14T08:32:37,0.9,https://t.me/kievreal1/109169,Оболонь,109169
2026-01-14,8,Подільський,Виноградар,2026-01-14T07:40:04,2026-01-14T08:32:37,0.9,https://t.me/kievreal1/109170,Виноградар,109170
2026-01-14,8,Шевченківський,Нивки,2026-01-14T07:40:04,2026-01-14T08:32:37,0.9,https://t.me/kievreal1/109171,Нивки,109171
2026-01-14,8,Святошинський,Борщагівка,2026-01-14T07:40:04,2026-01-14T08:32:37,0.9,https://t.me/kievreal1/109172,Борщагівка,109172
2026-01-14,8,Солом'янський,Жуляни,2026-01-14T07:40:04,2026-01-14T08:32:37,0.9,https://t.me/kievreal1/109173,Жуляни,109173
2026-01-14,8,Голосіївський,Голосіїв,2026-01-14T07:40:04,2026-01-14T08:32:37,0.9,https://t.me/kievreal1/109174,Голосіїв,109174
2026-01-14,8,Дарницький,Осокорки,2026-01-14T07:40:04,2026-01-14T08:32:37,0.9,https://t.me/kievreal1/109175,Осокорки,109175
2026-01-14,8,Дарницький,ТЕЦ-5,2026-01-14T07:40:04,2026-01-14T08:32:37,0.9,https://t.me/kievreal1/109178,ТЕЦ-5,109178
2026-01-14,8,Оболонський,Оболонь,2026-01-14T07:40:04,2026-01-14T08:32:37,0.9,https://t.me/kievreal1/109181,Внаслідок ворожої атаки горить квартира у багатоповерхівці в Оболонському районі.,109181
2026-01-14,9,Оболонський,Оболонь,2026-01-14T09:27:15,2026-01-14T09:51:18,0.4,https://t.me/kievreal1/109190,Оболонь,109190
2026-01-14,9,Святошинський,Борщагівка,2026-01-14T09:27:15,2026-01-14T09:51:18,0.4,https://t.me/kievreal1/109195,Борщагівки,109195
2026-01-14,9,Солом'янський,Жуляни,2026-01-14T09:27:15,2026-01-14T09:51:18,0.4,https://t.me/kievreal1/109196,Жуляни,109196
2026-01-14,9,Шевченківський,Лук'янівка,2026-01-14T09:27:15,2026-01-14T09:51:18,0.4,https://t.me/kievreal1/109197,Лукʼянівка,109197
2026-01-14,9,Печерський,Печерськ,2026-01-14T09:27:15,2026-01-14T09:51:18,0.4,https://t.me/kievreal1/109198,Печерськ,109198
2026-01-14,9,Дарницький,Дарниця,2026-01-14T09:27:15,2026-01-14T09:51:18,0.4,https://t.me/kievreal1/109199,Дарниця,109199
2026-01-14,15,Оболонський,Оболонь,2026-01-14T15:16:54,2026-01-14T17:46:07,2.5,https://t.me/kievreal1/109221,Оболонь,109221
2026-01-14,15,Голосіївський,Конча-Заспа,2026-01-14T15:16:54,2026-01-14T17:46:07,2.5,https://t.me/kievreal1/109223,Конча-Заспа,109223
2026-01-14,15,Дніпровський,ДВРЗ,2026-01-14T15:16:54,2026-01-14T17:46:07,2.5,https://t.me/kievreal1/109228,ДВРЗ,109228
2026-01-14,15,Дарницький,Бортничі,2026-01-14T15:16:54,2026-01-14T17:46:07,2.5,https://t.me/kievreal1/109229,Бортничі,109229
2026-01-15,6,Деснянський,Троєщина,2026-01-15T06:40:06,2026-01-15T07:00:46,0.3,https://t.me/kievreal1/109277,На Трою/Оболонь,109277
2026-01-15,6,Оболонський,Оболонь,2026-01-15T06:40:06,2026-01-15T07:00:46,0.3,https://t.me/kievreal1/109277,На Трою/Оболонь,109277
2026-01-15,8,Деснянський,Троєщина,2026-01-15T08:37:31,2026-01-15T09:32:19,0.9,https://t.me/kievreal1/109293,Троєщина,109293
2026-01-15,9,Дарницький,Осокорки,2026-01-15T08:37:31,2026-01-15T09:32:19,0.9,https://t.me/kievreal1/109299,Осокорки,109299
2026-01-15,9,Дарницький,Позняки,2026-01-15T08:37:31,2026-01-15T09:32:19,0.9,https://t.me/kievreal1/109302,Позняки,109302
2026-01-15,9,Дарницький,Рембаза,2026-01-15T08:37:31,2026-01-15T09:32:19,0.9,https://t.me/kievreal1/109304,Рембаза,109304
2026-01-15,18,Деснянський,Троєщина,2026-01-15T18:32:35,2026-01-15T19:10:14,0.6,https://t.me/kievreal1/109341,Троєщина,109341
2026-01-15,18,Оболонський,Оболонь,2026-01-15T18:32:35,2026-01-15T19:10:14,0.6,https://t.me/kievreal1/109342,Оболонь,109342
2026-01-15,18,Шевченківський,Сирець,2026-01-15T18:32:35,2026-01-15T19:10:14,0.6,https://t.me/kievreal1/109344,Сирець,109344
2026-01-15,18,Солом'янський,Жуляни,2026-01-15T18:32:35,2026-01-15T19:10:14,0.6,https://t.me/kievreal1/109345,Жуляни,109345
2026-01-15,18,Святошинський,Борщагівка,2026-01-15T18:32:35,2026-01-15T19:10:14,0.6,https://t.me/kievreal1/109346,Борщагівки,109346
2026-01-16,8,Деснянський,Троєщина,2026-01-16T08:12:00,2026-01-16T08:19:46,0.1,https://t.me/kievreal1/109385,Троєщина,109385
2026-01-17,1,Оболонський,Оболонь,2026-01-17T01:33:16,2026-01-17T02:46:18,1.2,https://t.me/kievreal1/109453,"Близько 5 шахедів взяли курс на Київ , Оболонь Підтримати канал, буду вдячний Вам: https://base.monobank.ua/4jYdAKEbmcrmLL ➡",109453
2026-01-17,1,Святошинський,Борщагівка,2026-01-17T01:33:16,2026-01-17T02:46:18,1.2,https://t.me/kievreal1/109456,2 шахеди на Бородянку 1 шахед на Вишгород 1 шахед на Борщагівку,109456
2026-01-17,1,Оболонський,Оболонь,2026-01-17T01:33:16,2026-01-17T02:46:18,1.2,https://t.me/kievreal1/109457,БПЛА на Оболонь з Вишгорода,109457
2026-01-17,1,Оболонський,Пуща-Водиця,2026-01-17T01:33:16,2026-01-17T02:46:18,1.2,https://t.me/kievreal1/109460,Пуща-Водиця,109460
2026-01-17,6,Голосіївський,Конча-Заспа,2026-01-17T06:33:32,2026-01-17T07:49:56,1.3,https://t.me/kievreal1/109482,БпЛА курсом на Конча-Заспу,109482
2026-01-17,6,Дарницький,ТЕЦ-5,2026-01-17T06:33:32,2026-01-17T07:49:56,1.3,https://t.me/kievreal1/109484,"Київ : шахед на ТЕЦ-5 Підтримати канал, буду вдячний Вам: https://base.monobank.ua/4jYdAKEbmcrmLL ➡",109484
2026-01-17,6,Солом'янський,Жуляни,2026-01-17T06:33:32,2026-01-17T07:49:56,1.3,https://t.me/kievreal1/109485,Шахед на Жуляни,109485
2026-01-20,1,Деснянський,Троєщина,2026-01-20T01:30:32,2026-01-20T03:51:00,2.3,https://t.me/kievreal1/109643,5 шахедів на Троєщину,109643
2026-01-20,1,Дніпровський,Воскресенка,2026-01-20T01:30:32,2026-01-20T03:51:00,2.3,https://t.me/kievreal1/109644,Київ : БпЛА курсом на Воскресенку БпЛА курсом на Бориспіль 2х БпЛА курсом на Дударків,109644
2026-01-20,1,Печерський,Печерськ,2026-01-20T01:30:32,2026-01-20T03:51:00,2.3,https://t.me/kievreal1/109646,Печерський - до вас,109646
2026-01-20,1,Голосіївський,Мишоловка,2026-01-20T01:30:32,2026-01-20T03:51:00,2.3,https://t.me/kievreal1/109647,Тримає курс на Мишоловку,109647
2026-01-20,1,Дарницький,Осокорки,2026-01-20T01:30:32,2026-01-20T03:51:00,2.3,https://t.me/kievreal1/109649,"Київ : БпЛА курсом на Осокорки БпЛА курсом на Воскресенку БпЛА курсом на Бровари Підтримати канал, буду вдячний Вам: https://base.monobank.…",109649
2026-01-20,1,Дніпровський,Воскресенка,2026-01-20T01:30:32,2026-01-20T03:51:00,2.3,https://t.me/kievreal1/109649,"Київ : БпЛА курсом на Осокорки БпЛА курсом на Воскресенку БпЛА курсом на Бровари Підтримати канал, буду вдячний Вам: https://base.monobank.…",109649
2026-01-20,2,Дніпровський,Воскресенка,2026-01-20T01:30:32,2026-01-20T03:51:00,2.3,https://t.me/kievreal1/109658,БпЛА повз Бровари курсом на Воскресенку,109658
2026-01-20,2,Дніпровський,Дніпровський,2026-01-20T01:30:32,2026-01-20T03:51:00,2.3,https://t.me/kievreal1/109667,"У Дніпровському районі пошкоджено нежитлову забудову , – КМВА. На іншій локації горять автомобілі.",109667
2026-01-20,2,Дніпровський,Дніпровський,2026-01-20T01:30:32,2026-01-20T03:51:00,2.3,https://t.me/kievreal1/109674,У Дніпровському районі влучання в нежитлові будівлі. Також є повідомлення про падіння БпЛА на відкритій території. Там палають автівки.,109674
2026-01-20,5,Деснянський,Троєщина,2026-01-20T04:56:02,2026-01-20T08:41:20,3.8,https://t.me/kievreal1/109687,"4 летять на Троєщину, ТЕЦ-6",109687
2026-01-20,5,Оболонський,Мінський масив,2026-01-20T04:56:02,2026-01-20T08:41:20,3.8,https://t.me/kievreal1/109688,"Мінський масив, Виноградар - до вас",109688
2026-01-20,5,Подільський,Виноградар,2026-01-20T04:56:02,2026-01-20T08:41:20,3.8,https://t.me/kievreal1/109688,"Мінський масив, Виноградар - до вас",109688
2026-01-20,5,Оболонський,Мінський масив,2026-01-20T04:56:02,2026-01-20T08:41:20,3.8,https://t.me/kievreal1/109689,"Мінський масив, Виноградар - до вас",109689
2026-01-20,5,Подільський,Виноградар,2026-01-20T04:56:02,2026-01-20T08:41:20,3.8,https://t.me/kievreal1/109689,"Мінський масив, Виноградар - до вас",109689
2026-01-20,5,Дарницький,Осокорки,2026-01-20T04:56:02,2026-01-20T08:41:20,3.8,https://t.me/kievreal1/109694,"Через обстріл та проблеми з енергією в Києві робота метро змінена: 🔴 Червона лінія: „Академмістечко“ – „Арсенальна“ (інтервал 4,5–5 хв.). Д…",109694
2026-01-20,5,Дніпровський,Лівобережний,2026-01-20T04:56:02,2026-01-20T08:41:20,3.8,https://t.me/kievreal1/109694,"Через обстріл та проблеми з енергією в Києві робота метро змінена: 🔴 Червона лінія: „Академмістечко“ – „Арсенальна“ (інтервал 4,5–5 хв.). Д…",109694
2026-01-20,5,Печерський,Видубичі,2026-01-20T04:56:02,2026-01-20T08:41:20,3.8,https://t.me/kievreal1/109694,"Через обстріл та проблеми з енергією в Києві робота метро змінена: 🔴 Червона лінія: „Академмістечко“ – „Арсенальна“ (інтервал 4,5–5 хв.). Д…",109694
2026-01-20,5,Святошинський,Академмістечко,2026-01-20T04:56:02,2026-01-20T08:41:20,3.8,https://t.me/kievreal1/109694,"Через обстріл та проблеми з енергією в Києві робота метро змінена: 🔴 Червона лінія: „Академмістечко“ – „Арсенальна“ (інтервал 4,5–5 хв.). Д…",109694
2026-01-20,5,Шевченківський,Сирець,2026-01-20T04:56:02,2026-01-20T08:41:20,3.8,https://t.me/kievreal1/109694,"Через обстріл та проблеми з енергією в Києві робота метро змінена: 🔴 Червона лінія: „Академмістечко“ – „Арсенальна“ (інтервал 4,5–5 хв.). Д…",109694
2026-01-20,8,Дарницький,Дарниця,2026-01-20T04:56:02,2026-01-20T08:41:20,3.8,https://t.me/kievreal1/109715,"Наслідки ворожого обстрілу Києва, станом на 8:00 відомо про одну постраждалу Під ударом був Лівий берег столиці: • у Дніпровському районі в…",109715
2026-01-20,8,Деснянський,Деснянський,2026-01-20T04:56:02,2026-01-20T08:41:20,3.8,https://t.me/kievreal1/109715,"Наслідки ворожого обстрілу Києва, станом на 8:00 відомо про одну постраждалу Під ударом був Лівий берег столиці: • у Дніпровському районі в…",109715
2026-01-20,8,Дніпровський,Дніпровський,2026-01-20T04:56:02,2026-01-20T08:41:20,3.8,https://t.me/kievreal1/109715,"Наслідки ворожого обстрілу Києва, станом на 8:00 відомо про одну постраждалу Під ударом був Лівий берег столиці: • у Дніпровському районі в…",109715
2026-01-20,8,Дніпровський,Дніпровський,2026-01-20T04:56:02,2026-01-20T08:41:20,3.8,https://t.me/kievreal1/109723,У Дніпровському районі внаслідок падіння уламків пошкоджена будівля початкової школи . Без пожежі. Пошкоджені вікна в кількох житлових буди…,109723
2026-01-20,15,Дарницький,Осокорки,2026-01-20T15:08:49,2026-01-20T16:01:43,0.9,https://t.me/kievreal1/109788,Осокорки / Віта- Литовська - у ваш бік,109788
2026-01-20,15,Голосіївський,Конча-Заспа,2026-01-20T15:08:49,2026-01-20T16:01:43,0.9,https://t.me/kievreal1/109789,"Попередеьо, їх два Конча-Заспа один до вас. 🤫 якщо у вас premium, підтримайте, будь ласка, наш канал своїм голосом – t.me/kievreal1?boost",109789
2026-01-20,15,Дарницький,Осокорки,2026-01-20T15:08:49,2026-01-20T16:01:43,0.9,https://t.me/kievreal1/109792,Осокорки / Віта- Литовська - у ваш бік,109792
2026-01-22,11,Оболонський,Оболонь,2026-01-22T10:48:10,2026-01-22T11:27:36,0.7,https://t.me/kievreal1/109884,Оболонь,109884
2026-01-22,11,Подільський,Куренівка,2026-01-22T10:48:10,2026-01-22T11:27:36,0.7,https://t.me/kievreal1/109885,Куренівка,109885
2026-01-22,11,Солом'янський,Шулявка,2026-01-22T10:48:10,2026-01-22T11:27:36,0.7,https://t.me/kievreal1/109886,Шулявка,109886
2026-01-22,11,Солом'янський,Жуляни,2026-01-22T10:48:10,2026-01-22T11:27:36,0.7,https://t.me/kievreal1/109887,Жуляни,109887
2026-01-22,13,Деснянський,Троєщина,2026-01-22T13:10:11,2026-01-22T13:59:26,0.8,https://t.me/kievreal1/109900,Троєщина,109900
2026-01-22,19,Подільський,Виноградар,2026-01-22T19:26:18,2026-01-22T20:01:57,0.6,https://t.me/kievreal1/109929,"Виноградар, до вас БПЛА",109929
2026-01-22,19,Деснянський,Троєщина,2026-01-22T19:26:18,2026-01-22T20:01:57,0.6,https://t.me/kievreal1/109930,Троя,109930
2026-01-22,19,Оболонський,Оболонь,2026-01-22T19:26:18,2026-01-22T20:01:57,0.6,https://t.me/kievreal1/109932,Оболонь,109932
2026-01-22,19,Оболонський,Почайна,2026-01-22T19:26:18,2026-01-22T20:01:57,0.6,https://t.me/kievreal1/109933,Почайна,109933
2026-01-22,19,Печерський,Липки,2026-01-22T19:26:18,2026-01-22T20:01:57,0.6,https://t.me/kievreal1/109934,Липки,109934
2026-01-22,19,Солом'янський,Жуляни,2026-01-22T19:26:18,2026-01-22T20:01:57,0.6,https://t.me/kievreal1/109936,Жуляни,109936
2026-01-24,1,Деснянський,ТЕЦ-6,2026-01-24T01:02:48,2026-01-24T04:53:45,3.8,https://t.me/kievreal1/110022,ТЕЦ6 - тримає курс до вас,110022
2026-01-24,1,Шевченківський,Лук'янівка,2026-01-24T01:02:48,2026-01-24T04:53:45,3.8,https://t.me/kievreal1/110024,Лукʼянівка до вас,110024
2026-01-24,1,Солом'янський,Жуляни,2026-01-24T01:02:48,2026-01-24T04:53:45,3.8,https://t.me/kievreal1/110025,Курс в бік Жулян,110025
2026-01-24,1,Деснянський,Троєщина,2026-01-24T01:02:48,2026-01-24T04:53:45,3.8,https://t.me/kievreal1/110028,"Шахед на Троєщина, Ірпінь",110028
2026-01-24,1,Деснянський,Троєщина,2026-01-24T01:02:48,2026-01-24T04:53:45,3.8,https://t.me/kievreal1/110034,Київ : 3х БпЛА курсом на Троєщину 3х БпЛА курсом на Вишеньки 3х БпЛА курсом на Бориспіль 10х БпЛА курсом на Бровари,110034
2026-01-24,1,Дарницький,ТЕЦ-5,2026-01-24T01:02:48,2026-01-24T04:53:45,3.8,https://t.me/kievreal1/110054,На ТЕЦ5 шахед,110054
2026-01-24,1,Дарницький,ТЕЦ-5,2026-01-24T01:02:48,2026-01-24T04:53:45,3.8,https://t.me/kievreal1/110055,"ТЕЦ-5 і ТЕЦ-6 на Київщині - до вас шахед На магній, подякував 🤝 https://base.monobank.ua/4jYdAKEbmcrmLL ➡️",110055
2026-01-24,1,Деснянський,ТЕЦ-6,2026-01-24T01:02:48,2026-01-24T04:53:45,3.8,https://t.me/kievreal1/110055,"ТЕЦ-5 і ТЕЦ-6 на Київщині - до вас шахед На магній, подякував 🤝 https://base.monobank.ua/4jYdAKEbmcrmLL ➡️",110055
2026-01-24,1,Голосіївський,Конча-Заспа,2026-01-24T01:02:48,2026-01-24T04:53:45,3.8,https://t.me/kievreal1/110056,Київ : БпЛА курсом на Троєщину БпЛА курсом на Конча-Заспу 2х БпЛА курсом на Бориспіль БпЛА курсом на Печерськ 3х БпЛА курсом на Велику Диме…,110056
2026-01-24,1,Деснянський,Троєщина,2026-01-24T01:02:48,2026-01-24T04:53:45,3.8,https://t.me/kievreal1/110056,Київ : БпЛА курсом на Троєщину БпЛА курсом на Конча-Заспу 2х БпЛА курсом на Бориспіль БпЛА курсом на Печерськ 3х БпЛА курсом на Велику Диме…,110056
2026-01-24,1,Печерський,Печерськ,2026-01-24T01:02:48,2026-01-24T04:53:45,3.8,https://t.me/kievreal1/110056,Київ : БпЛА курсом на Троєщину БпЛА курсом на Конча-Заспу 2х БпЛА курсом на Бориспіль БпЛА курсом на Печерськ 3х БпЛА курсом на Велику Диме…,110056
2026-01-24,1,Печерський,Видубичі,2026-01-24T01:02:48,2026-01-24T04:53:45,3.8,https://t.me/kievreal1/110057,Видубичі - до вас,110057
2026-01-24,1,Голосіївський,Голосіїв,2026-01-24T01:02:48,2026-01-24T04:53:45,3.8,https://t.me/kievreal1/110058,Влучання в нежитлову забудову в Деснянському та в Голосіївському районах.,110058
2026-01-24,1,Деснянський,Деснянський,2026-01-24T01:02:48,2026-01-24T04:53:45,3.8,https://t.me/kievreal1/110058,Влучання в нежитлову забудову в Деснянському та в Голосіївському районах.,110058
2026-01-24,2,Дніпровський,Дніпровський,2026-01-24T01:02:48,2026-01-24T04:53:45,3.8,https://t.me/kievreal1/110060,У Соломʼянському районі влучання в офісну будівлю. У Дніпровському палають гаражі.,110060
2026-01-24,2,Солом'янський,Солом'янка,2026-01-24T01:02:48,2026-01-24T04:53:45,3.8,https://t.me/kievreal1/110060,У Соломʼянському районі влучання в офісну будівлю. У Дніпровському палають гаражі.,110060
2026-01-24,2,Голосіївський,Голосіїв,2026-01-24T01:02:48,2026-01-24T04:53:45,3.8,https://t.me/kievreal1/110064,В Голосіївському районі внаслідок ворожої атаки зафіксоване пошкодження вікон у приватному будинку.,110064
2026-01-24,2,Голосіївський,Феофанія,2026-01-24T01:02:48,2026-01-24T04:53:45,3.8,https://t.me/kievreal1/110067,"Київ : БпЛА курсом на Вишневе БпЛА курсом на Феофанію БпЛА курсом на Осокорки Підтримати канал, буду вдячний Вам: https://base.monobank.ua/…",110067
2026-01-24,2,Дарницький,Осокорки,2026-01-24T01:02:48,2026-01-24T04:53:45,3.8,https://t.me/kievreal1/110067,"Київ : БпЛА курсом на Вишневе БпЛА курсом на Феофанію БпЛА курсом на Осокорки Підтримати канал, буду вдячний Вам: https://base.monobank.ua/…",110067
2026-01-24,2,Дарницький,ТЕЦ-5,2026-01-24T01:02:48,2026-01-24T04:53:45,3.8,https://t.me/kievreal1/110068,2 шахеда на ТЕЦ5,110068
2026-01-24,2,Голосіївський,Голосіїв,2026-01-24T01:02:48,2026-01-24T04:53:45,3.8,https://t.me/kievreal1/110069,Двох постраждалих у тяжкому стані госпіталізували медики в Голосіївському районі.,110069
2026-01-24,2,Деснянський,ТЕЦ-6,2026-01-24T01:02:48,2026-01-24T04:53:45,3.8,https://t.me/kievreal1/110072,Курс на ТЕЦ-6,110072
2026-01-24,2,Деснянський,ТЕЦ-6,2026-01-24T01:02:48,2026-01-24T04:53:45,3.8,https://t.me/kievreal1/110076,ТЕЦ-6 - до вас шахед,110076
2026-01-24,2,Дарницький,ТЕЦ-5,2026-01-24T01:02:48,2026-01-24T04:53:45,3.8,https://t.me/kievreal1/110077,Шахед на ТЕЦ-5,110077
2026-01-24,2,Дарницький,Дарниця,2026-01-24T01:02:48,2026-01-24T04:53:45,3.8,https://t.me/kievreal1/110078,"В Дарницькому районі російський удар спричинив пошкодження будівлі приватного медзакладу. Пошкоджені вікна, відомо про травмовану особу.",110078
2026-01-24,2,Деснянський,Лісовий масив,2026-01-24T01:02:48,2026-01-24T04:53:45,3.8,https://t.me/kievreal1/110080,Київ БпЛА курсом на Лісовий масив,110080
2026-01-24,3,Дніпровський,ДВРЗ,2026-01-24T01:02:48,2026-01-24T04:53:45,3.8,https://t.me/kievreal1/110081,На ДВРЗ,110081
2026-01-24,3,Дарницький,Бортничі,2026-01-24T01:02:48,2026-01-24T04:53:45,3.8,https://t.me/kievreal1/110087,Київ : БпЛА курсом на Бортничі БпЛА курсом на Рембазу,110087
2026-01-24,3,Голосіївський,Голосіїв,2026-01-24T01:02:48,2026-01-24T04:53:45,3.8,https://t.me/kievreal1/110089,"1 загиблий, 4 постраждалих, 3 госпіталізовані, – мер. Наслідки ворожої атаки на столицю: ▪️ Деснянський район: Падіння уламків на нежитлову…",110089
2026-01-24,3,Дарницький,Дарниця,2026-01-24T01:02:48,2026-01-24T04:53:45,3.8,https://t.me/kievreal1/110089,"1 загиблий, 4 постраждалих, 3 госпіталізовані, – мер. Наслідки ворожої атаки на столицю: ▪️ Деснянський район: Падіння уламків на нежитлову…",110089
2026-01-24,3,Деснянський,Деснянський,2026-01-24T01:02:48,2026-01-24T04:53:45,3.8,https://t.me/kievreal1/110089,"1 загиблий, 4 постраждалих, 3 госпіталізовані, – мер. Наслідки ворожої атаки на столицю: ▪️ Деснянський район: Падіння уламків на нежитлову…",110089
2026-01-24,3,Дніпровський,Дніпровський,2026-01-24T01:02:48,2026-01-24T04:53:45,3.8,https://t.me/kievreal1/110089,"1 загиблий, 4 постраждалих, 3 госпіталізовані, – мер. Наслідки ворожої атаки на столицю: ▪️ Деснянський район: Падіння уламків на нежитлову…",110089
2026-01-24,3,Солом'янський,Солом'янка,2026-01-24T01:02:48,2026-01-24T04:53:45,3.8,https://t.me/kievreal1/110089,"1 загиблий, 4 постраждалих, 3 госпіталізовані, – мер. Наслідки ворожої атаки на столицю: ▪️ Деснянський район: Падіння уламків на нежитлову…",110089
2026-01-24,3,Печерський,Печерськ,2026-01-24T01:02:48,2026-01-24T04:53:45,3.8,https://t.me/kievreal1/110090,Шахед на Печерськ,110090
2026-01-24,3,Дарницький,Дарниця,2026-01-24T01:02:48,2026-01-24T04:53:45,3.8,https://t.me/kievreal1/110094,У Дарницькому районі - влучання в недобудований житловий багатоповерховий будинок. Пожежа на рівні 5-6 поверхів.,110094
2026-01-24,4,Деснянський,ТЕЦ-6,2026-01-24T01:02:48,2026-01-24T04:53:45,3.8,https://t.me/kievreal1/110095,Летить в бік ТЕЦ-6,110095
2026-01-26,14,Голосіївський,Деміївка,2026-01-26T14:08:21,2026-01-26T18:41:30,4.6,https://t.me/kievreal1/110279,Деміївка,110279
2026-01-26,14,Солом'янський,Жуляни,2026-01-26T14:08:21,2026-01-26T18:41:30,4.6,https://t.me/kievreal1/110280,Жуляни,110280
2026-01-26,14,Оболонський,Пріорка,2026-01-26T14:08:21,2026-01-26T18:41:30,4.6,https://t.me/kievreal1/110284,Пріорка,110284
2026-01-26,14,Дарницький,Дарниця,2026-01-26T14:08:21,2026-01-26T18:41:30,4.6,https://t.me/kievreal1/110285,Дарниця,110285
2026-01-26,14,Голосіївський,Теремки,2026-01-26T14:08:21,2026-01-26T18:41:30,4.6,https://t.me/kievreal1/110288,Теремки БПЛА,110288
2026-01-26,15,Дарницький,ТЕЦ-5,2026-01-26T14:08:21,2026-01-26T18:41:30,4.6,https://t.me/kievreal1/110289,ТЕЦ 5,110289
2026-01-26,15,Солом'янський,Жуляни,2026-01-26T14:08:21,2026-01-26T18:41:30,4.6,https://t.me/kievreal1/110290,Жуляни,110290
2026-01-26,15,Дніпровський,Русанівка,2026-01-26T14:08:21,2026-01-26T18:41:30,4.6,https://t.me/kievreal1/110291,Русанівка,110291
2026-01-26,16,Деснянський,Троєщина,2026-01-26T14:08:21,2026-01-26T18:41:30,4.6,https://t.me/kievreal1/110296,Троєщина,110296
2026-01-26,16,Оболонський,Оболонь,2026-01-26T14:08:21,2026-01-26T18:41:30,4.6,https://t.me/kievreal1/110301,Оболонь,110301
2026-01-26,16,Оболонський,Пуща-Водиця,2026-01-26T14:08:21,2026-01-26T18:41:30,4.6,https://t.me/kievreal1/110302,Пуща,110302
2026-01-26,17,Дарницький,Осокорки,2026-01-26T14:08:21,2026-01-26T18:41:30,4.6,https://t.me/kievreal1/110306,Осокорки,110306
2026-01-26,17,Святошинський,Академмістечко,2026-01-26T14:08:21,2026-01-26T18:41:30,4.6,https://t.me/kievreal1/110307,"Рух поїздів ""червоною"" лінією здійснюється: ▪️ у напрямку центру між станціями ""Академмістечко"" й ""Політехнічний інститут""; ▪️ у напрямку в…",110307
2026-01-26,17,Святошинський,Академмістечко,2026-01-26T14:08:21,2026-01-26T18:41:30,4.6,https://t.me/kievreal1/110312,"У напрямку центру міста рух поїздів ""червоною"" лінією здійснюється зі ст.м. ""Академмістечко"" до ст.м. ""Берестейська"" Із центру міста поїзди…",110312
2026-01-26,18,Деснянський,Троєщина,2026-01-26T14:08:21,2026-01-26T18:41:30,4.6,https://t.me/kievreal1/110315,"Троєщина, Вишневе",110315
2026-01-28,1,Деснянський,ТЕЦ-6,2026-01-28T01:01:48,2026-01-28T02:40:38,1.6,https://t.me/kievreal1/110383,Шахед на ТЕЦ-6,110383
2026-01-28,1,Деснянський,Троєщина,2026-01-28T01:01:48,2026-01-28T02:40:38,1.6,https://t.me/kievreal1/110384,Шахед біля Троєщини,110384
2026-02-03,0,Оболонський,Оболонь,2026-02-03T00:24:02,2026-02-03T07:44:32,7.3,https://t.me/kievreal1/110720,Шахед на Оболонь,110720
2026-02-03,0,Дніпровський,Соцмісто,2026-02-03T00:24:02,2026-02-03T07:44:32,7.3,https://t.me/kievreal1/110721,БпЛА курсом на Соцмісто БпЛА курсом на Мінський масив,110721
2026-02-03,0,Оболонський,Мінський масив,2026-02-03T00:24:02,2026-02-03T07:44:32,7.3,https://t.me/kievreal1/110721,БпЛА курсом на Соцмісто БпЛА курсом на Мінський масив,110721
2026-02-03,0,Дніпровський,Березняки,2026-02-03T00:24:02,2026-02-03T07:44:32,7.3,https://t.me/kievreal1/110723,БпЛА курсом на Березняки,110723
2026-02-03,0,Дніпровський,Русанівка,2026-02-03T00:24:02,2026-02-03T07:44:32,7.3,https://t.me/kievreal1/110724,Акустично шахед на наднизькій висоті над Лівобережним масивом/Русанівка,110724
2026-02-03,1,Дарницький,Дарниця,2026-02-03T00:24:02,2026-02-03T07:44:32,7.3,https://t.me/kievreal1/110741,У Дарницькому районі влучання в нежитлову забудову. У Дніпровському — загоряння в приміщенні дитсадка.,110741
2026-02-03,1,Дніпровський,Дніпровський,2026-02-03T00:24:02,2026-02-03T07:44:32,7.3,https://t.me/kievreal1/110741,У Дарницькому районі влучання в нежитлову забудову. У Дніпровському — загоряння в приміщенні дитсадка.,110741
2026-02-03,2,Дніпровський,ДВРЗ,2026-02-03T00:24:02,2026-02-03T07:44:32,7.3,https://t.me/kievreal1/110759,БПЛА на ДВРЗ,110759
2026-02-03,2,Дарницький,Дарниця,2026-02-03T00:24:02,2026-02-03T07:44:32,7.3,https://t.me/kievreal1/110763,Київ : 1 шахед на Харківський масив/Дарниця. 1 шахед над Воскресенка курсом на Троєщину. 1 шахед на Лісовий масив/Соцмісто. Підтримати кана…,110763
2026-02-03,2,Деснянський,Троєщина,2026-02-03T00:24:02,2026-02-03T07:44:32,7.3,https://t.me/kievreal1/110763,Київ : 1 шахед на Харківський масив/Дарниця. 1 шахед над Воскресенка курсом на Троєщину. 1 шахед на Лісовий масив/Соцмісто. Підтримати кана…,110763
2026-02-03,2,Дніпровський,Соцмісто,2026-02-03T00:24:02,2026-02-03T07:44:32,7.3,https://t.me/kievreal1/110763,Київ : 1 шахед на Харківський масив/Дарниця. 1 шахед над Воскресенка курсом на Троєщину. 1 шахед на Лісовий масив/Соцмісто. Підтримати кана…,110763
2026-02-03,2,Дарницький,ТЕЦ-5,2026-02-03T00:24:02,2026-02-03T07:44:32,7.3,https://t.me/kievreal1/110767,Троя - ТЕЦ5 - обережно,110767
2026-02-03,2,Деснянський,Троєщина,2026-02-03T00:24:02,2026-02-03T07:44:32,7.3,https://t.me/kievreal1/110767,Троя - ТЕЦ5 - обережно,110767
2026-02-03,2,Дарницький,Рембаза,2026-02-03T00:24:02,2026-02-03T07:44:32,7.3,https://t.me/kievreal1/110772,БпЛА курсом на Княжичі БпЛА курсом на Рембазу БпЛА курсом на Дарницю,110772
2026-02-03,2,Дарницький,ТЕЦ-5,2026-02-03T00:24:02,2026-02-03T07:44:32,7.3,https://t.me/kievreal1/110773,БПЛА на ТЕЦ-5,110773
2026-02-03,3,Деснянський,Троєщина,2026-02-03T00:24:02,2026-02-03T07:44:32,7.3,https://t.me/kievreal1/110783,"БпЛА курсом на Троєщину Підтримати канал, буду вдячний Вам: https://base.monobank.ua/4jYdAKEbmcrmLL ➡",110783
2026-02-03,3,Оболонський,Оболонь,2026-02-03T00:24:02,2026-02-03T07:44:32,7.3,https://t.me/kievreal1/110784,Далі на Оболонь,110784
2026-02-03,3,Подільський,Поділ,2026-02-03T00:24:02,2026-02-03T07:44:32,7.3,https://t.me/kievreal1/110785,БпЛА курсом на Поділ,110785
2026-02-03,3,Подільський,Поділ,2026-02-03T00:24:02,2026-02-03T07:44:32,7.3,https://t.me/kievreal1/110786,"Центр, Поділ, Солома",110786
2026-02-03,3,Солом'янський,Солом'янка,2026-02-03T00:24:02,2026-02-03T07:44:32,7.3,https://t.me/kievreal1/110786,"Центр, Поділ, Солома",110786
2026-02-03,3,Дарницький,Дарниця,2026-02-03T00:24:02,2026-02-03T07:44:32,7.3,https://t.me/kievreal1/110791,"Станом на 3:40 зафіксовані наслідки ворожої атаки на Київ у Дарницькому, Деснянському, Дніпровському , Печерському та Шевченківському район…",110791
2026-02-03,3,Деснянський,Деснянський,2026-02-03T00:24:02,2026-02-03T07:44:32,7.3,https://t.me/kievreal1/110791,"Станом на 3:40 зафіксовані наслідки ворожої атаки на Київ у Дарницькому, Деснянському, Дніпровському , Печерському та Шевченківському район…",110791
2026-02-03,3,Дніпровський,Дніпровський,2026-02-03T00:24:02,2026-02-03T07:44:32,7.3,https://t.me/kievreal1/110791,"Станом на 3:40 зафіксовані наслідки ворожої атаки на Київ у Дарницькому, Деснянському, Дніпровському , Печерському та Шевченківському район…",110791
2026-02-03,3,Печерський,Печерськ,2026-02-03T00:24:02,2026-02-03T07:44:32,7.3,https://t.me/kievreal1/110791,"Станом на 3:40 зафіксовані наслідки ворожої атаки на Київ у Дарницькому, Деснянському, Дніпровському , Печерському та Шевченківському район…",110791
2026-02-03,3,Шевченківський,Шевченківський,2026-02-03T00:24:02,2026-02-03T07:44:32,7.3,https://t.me/kievreal1/110791,"Станом на 3:40 зафіксовані наслідки ворожої атаки на Київ у Дарницькому, Деснянському, Дніпровському , Печерському та Шевченківському район…",110791
2026-02-03,4,Голосіївський,Конча-Заспа,2026-02-03T00:24:02,2026-02-03T07:44:32,7.3,https://t.me/kievreal1/110799,Шахед на Конча-Заспу,110799
2026-02-03,7,Дарницький,Дарниця,2026-02-03T00:24:02,2026-02-03T07:44:32,7.3,https://t.me/kievreal1/110818,"‼️ Троє людей постраждали внаслідок нічної російської атаки на Київ, під прицілом були кілька районів міста ▫️ Дніпровський район: на одній…",110818
2026-02-03,7,Деснянський,Деснянський,2026-02-03T00:24:02,2026-02-03T07:44:32,7.3,https://t.me/kievreal1/110818,"‼️ Троє людей постраждали внаслідок нічної російської атаки на Київ, під прицілом були кілька районів міста ▫️ Дніпровський район: на одній…",110818
2026-02-03,7,Дніпровський,Дніпровський,2026-02-03T00:24:02,2026-02-03T07:44:32,7.3,https://t.me/kievreal1/110818,"‼️ Троє людей постраждали внаслідок нічної російської атаки на Київ, під прицілом були кілька районів міста ▫️ Дніпровський район: на одній…",110818
2026-02-03,7,Печерський,Печерськ,2026-02-03T00:24:02,2026-02-03T07:44:32,7.3,https://t.me/kievreal1/110818,"‼️ Троє людей постраждали внаслідок нічної російської атаки на Київ, під прицілом були кілька районів міста ▫️ Дніпровський район: на одній…",110818
2026-02-03,7,Шевченківський,Шевченківський,2026-02-03T00:24:02,2026-02-03T07:44:32,7.3,https://t.me/kievreal1/110818,"‼️ Троє людей постраждали внаслідок нічної російської атаки на Київ, під прицілом були кілька районів міста ▫️ Дніпровський район: на одній…",110818
2026-02-05,1,Оболонський,Оболонь,2026-02-05T01:53:11,2026-02-05T04:21:09,2.5,https://t.me/kievreal1/110932,Шахед на Оболонь,110932
2026-02-05,2,Святошинський,Борщагівка,2026-02-05T01:53:11,2026-02-05T04:21:09,2.5,https://t.me/kievreal1/110934,БпЛА курсом на Троєщину БпЛА курсом на Борщагівку,110934
2026-02-05,2,Деснянський,Троєщина,2026-02-05T01:53:11,2026-02-05T04:21:09,2.5,https://t.me/kievreal1/110934,БпЛА курсом на Троєщину БпЛА курсом на Борщагівку,110934
2026-02-05,2,Дніпровський,Соцмісто,2026-02-05T01:53:11,2026-02-05T04:21:09,2.5,https://t.me/kievreal1/110937,БПЛА на Соцмісто,110937
2026-02-05,2,Оболонський,Оболонь,2026-02-05T01:53:11,2026-02-05T04:21:09,2.5,https://t.me/kievreal1/110940,Внаслідок ворожої атаки в Оболонському районі горять авто на стоянці.,110940
2026-02-05,2,Дарницький,Бортничі,2026-02-05T01:53:11,2026-02-05T04:21:09,2.5,https://t.me/kievreal1/110942,БпЛА курсом на Бортничі,110942
2026-02-05,2,Дарницький,Рембаза,2026-02-05T01:53:11,2026-02-05T04:21:09,2.5,https://t.me/kievreal1/110943,БпЛА курсом на Рембазу,110943
2026-02-05,2,Солом'янський,КПІ,2026-02-05T01:53:11,2026-02-05T04:21:09,2.5,https://t.me/kievreal1/110947,КПІ,110947
2026-02-05,2,Святошинський,Борщагівка,2026-02-05T01:53:11,2026-02-05T04:21:09,2.5,https://t.me/kievreal1/110950,Борщагівка - Вишневе - БПЛА,110950
2026-02-05,2,Солом'янський,Жуляни,2026-02-05T01:53:11,2026-02-05T04:21:09,2.5,https://t.me/kievreal1/110951,Жуляни,110951
2026-02-05,2,Дарницький,Дарниця,2026-02-05T01:53:11,2026-02-05T04:21:09,2.5,https://t.me/kievreal1/110953,Дарниця акустично у вас БПЛА,110953
2026-02-05,3,Святошинський,Святошин,2026-02-05T01:53:11,2026-02-05T04:21:09,2.5,https://t.me/kievreal1/110954,У Святошинському районі не підтверджуються наслідки атаки. У Соломʼянському районі постраждала людина.,110954
2026-02-05,3,Солом'янський,Солом'янка,2026-02-05T01:53:11,2026-02-05T04:21:09,2.5,https://t.me/kievreal1/110954,У Святошинському районі не підтверджуються наслідки атаки. У Соломʼянському районі постраждала людина.,110954
2026-02-05,3,Святошинський,Борщагівка,2026-02-05T01:53:11,2026-02-05T04:21:09,2.5,https://t.me/kievreal1/110955,Борщагівка - Святошин - акустично,110955
2026-02-05,4,Оболонський,Мінський масив,2026-02-05T01:53:11,2026-02-05T04:21:09,2.5,https://t.me/kievreal1/110961,Шахед на Мінський масив,110961
2026-02-05,13,Дніпровський,Воскресенка,2026-02-05T13:49:47,2026-02-05T14:10:07,0.3,https://t.me/kievreal1/111007,Акустична фіксація БпЛА в районі Воскресенки,111007
2026-02-05,13,Дніпровський,Воскресенка,2026-02-05T13:49:47,2026-02-05T14:10:07,0.3,https://t.me/kievreal1/111008,Акустична фіксація БпЛА в районі Воскресенки,111008
2026-02-05,13,Дніпровський,ДВРЗ,2026-02-05T13:49:47,2026-02-05T14:10:07,0.3,https://t.me/kievreal1/111009,ДВРЗ,111009
2026-02-06,5,Деснянський,Троєщина,2026-02-06T05:11:35,2026-02-06T06:23:54,1.2,https://t.me/kievreal1/111075,БПЛА на Трою,111075
2026-02-07,5,Солом'янський,Жуляни,2026-02-07T03:46:59,2026-02-07T07:28:41,3.7,https://t.me/kievreal1/111156,БПЛА на Жуляни,111156
2026-02-07,6,Святошинський,Борщагівка,2026-02-07T03:46:59,2026-02-07T07:28:41,3.7,https://t.me/kievreal1/111161,2 шахеди на Чорнобиль 1 шахед на Пісківку 1 шахед на Борщагівку,111161
2026-02-12,2,Дарницький,ТЕЦ-5,2026-02-12T02:15:40,2026-02-12T05:20:16,3.1,https://t.me/kievreal1/111435,ТЕЦ-5,111435
2026-02-12,2,Печерський,Печерськ,2026-02-12T02:15:40,2026-02-12T05:20:16,3.1,https://t.me/kievreal1/111438,Шахед на Печерськ,111438
2026-02-12,2,Дніпровський,ДВРЗ,2026-02-12T02:15:40,2026-02-12T05:20:16,3.1,https://t.me/kievreal1/111439,БпЛА курсом на Соломʼянку БпЛА курсом на ДВРЗ,111439
2026-02-12,2,Солом'янський,Солом'янка,2026-02-12T02:15:40,2026-02-12T05:20:16,3.1,https://t.me/kievreal1/111439,БпЛА курсом на Соломʼянку БпЛА курсом на ДВРЗ,111439
2026-02-12,2,Солом'янський,Жуляни,2026-02-12T02:15:40,2026-02-12T05:20:16,3.1,https://t.me/kievreal1/111441,БПЛА на Жуляни,111441
2026-02-12,2,Деснянський,Лісовий масив,2026-02-12T02:15:40,2026-02-12T05:20:16,3.1,https://t.me/kievreal1/111442,БпЛА курсом на Лісовий масив,111442
2026-02-12,2,Голосіївський,Голосіїв,2026-02-12T02:15:40,2026-02-12T05:20:16,3.1,https://t.me/kievreal1/111443,"У Дарницькому районі, попередньо, влучання в приватний будинок. У Голосіївському та Деснянському — в нежитлову забудову. Масована атака вор…",111443
2026-02-12,2,Дарницький,Дарниця,2026-02-12T02:15:40,2026-02-12T05:20:16,3.1,https://t.me/kievreal1/111443,"У Дарницькому районі, попередньо, влучання в приватний будинок. У Голосіївському та Деснянському — в нежитлову забудову. Масована атака вор…",111443
2026-02-12,2,Деснянський,Деснянський,2026-02-12T02:15:40,2026-02-12T05:20:16,3.1,https://t.me/kievreal1/111443,"У Дарницькому районі, попередньо, влучання в приватний будинок. У Голосіївському та Деснянському — в нежитлову забудову. Масована атака вор…",111443
2026-02-12,2,Голосіївський,Теремки,2026-02-12T02:15:40,2026-02-12T05:20:16,3.1,https://t.me/kievreal1/111444,БПЛА на Теремки,111444
2026-02-12,2,Дарницький,Рембаза,2026-02-12T02:15:40,2026-02-12T05:20:16,3.1,https://t.me/kievreal1/111446,"Київ : БпЛА курсом на Рембазу Підтримати канал, буду вдячний Вам: https://base.monobank.ua/4jYdAKEbmcrmLL ➡",111446
2026-02-12,2,Дніпровський,Дніпровський,2026-02-12T02:15:40,2026-02-12T05:20:16,3.1,https://t.me/kievreal1/111447,У Дніпровському районі уламки ворожої цілі впали біля житлового будинку.,111447
2026-02-12,3,Деснянський,Троєщина,2026-02-12T02:15:40,2026-02-12T05:20:16,3.1,https://t.me/kievreal1/111450,БПЛА на Троєщину,111450
2026-02-12,3,Дніпровський,ДВРЗ,2026-02-12T02:15:40,2026-02-12T05:20:16,3.1,https://t.me/kievreal1/111451,3х БпЛА повз Бровари в бік ДВРЗ,111451
2026-02-12,3,Дніпровський,Дніпровський,2026-02-12T02:15:40,2026-02-12T05:20:16,3.1,https://t.me/kievreal1/111453,Падіння уламків іще біля одного житлового будинку в Дніпровському районі. Пожежі немає.,111453
2026-02-12,3,Дарницький,Рембаза,2026-02-12T02:15:40,2026-02-12T05:20:16,3.1,https://t.me/kievreal1/111455,"Київ : 1 шахед на Рембазу 3 шахеди на Бровари 1 шахед на Бориспіль 3 шахеди на Рожни Підтримати канал, буду вдячний Вам: https://base.monob…",111455
2026-02-12,3,Дарницький,Дарниця,2026-02-12T02:15:40,2026-02-12T05:20:16,3.1,https://t.me/kievreal1/111456,Дарниця обережно,111456
2026-02-12,3,Дарницький,ТЕЦ-5,2026-02-12T02:15:40,2026-02-12T05:20:16,3.1,https://t.me/kievreal1/111458,БПЛА на ТЕЦ-5,111458
2026-02-12,3,Солом'янський,Жуляни,2026-02-12T02:15:40,2026-02-12T05:20:16,3.1,https://t.me/kievreal1/111459,БПЛА на Жуляни,111459
2026-02-12,4,Деснянський,ТЕЦ-6,2026-02-12T02:15:40,2026-02-12T05:20:16,3.1,https://t.me/kievreal1/111469,2 шахеди на ТЕЦ-6,111469
2026-02-13,18,Святошинський,Академмістечко,2026-02-13T17:51:00,2026-02-13T18:33:48,0.7,https://t.me/kievreal1/111604,🚇 На червоній гілці метро рух поїздів в напрямку центру здійснюється зі станції Академмістечко до Театральної Із центру поїзди курсують між…,111604
2026-02-13,18,Печерський,Печерськ,2026-02-13T17:51:00,2026-02-13T18:33:48,0.7,https://t.me/kievreal1/111605,"😡 У Києві 20-річному хлопцю повідомили про підозру у продажі метадону підлітку, який помер від передозування наркотою Восени минулоріч в од…",111605
2026-02-13,22,Деснянський,Троєщина,2026-02-13T22:39:28,2026-02-13T23:40:35,1.0,https://t.me/kievreal1/111623,Троєщина / Оболонь – уважно,111623
2026-02-13,22,Оболонський,Оболонь,2026-02-13T22:39:28,2026-02-13T23:40:35,1.0,https://t.me/kievreal1/111623,Троєщина / Оболонь – уважно,111623
2026-02-13,22,Деснянський,ТЕЦ-6,2026-02-13T22:39:28,2026-02-13T23:40:35,1.0,https://t.me/kievreal1/111624,"Бровари , ТЕЦ-6",111624
2026-02-13,22,Деснянський,ТЕЦ-6,2026-02-13T22:39:28,2026-02-13T23:40:35,1.0,https://t.me/kievreal1/111628,Декілька на ТЕЦ-6,111628
2026-02-13,22,Деснянський,Троєщина,2026-02-13T22:39:28,2026-02-13T23:40:35,1.0,https://t.me/kievreal1/111629,"Троєщина – 2 до вас, Бровари ви теж в безпечні місця",111629
2026-02-13,22,Дніпровський,ДВРЗ,2026-02-13T22:39:28,2026-02-13T23:40:35,1.0,https://t.me/kievreal1/111631,"На Бориспіль 2 ДВРЗ, Погреби – теж обережно, до вас. P.S про рух шахедів в онлайн-режимі пишуть тут – t.me/tryvoga_kyiv",111631
2026-02-13,22,Шевченківський,Сирець,2026-02-13T22:39:28,2026-02-13T23:40:35,1.0,https://t.me/kievreal1/111632,Сирець,111632
2026-02-13,22,Шевченківський,Лук'янівка,2026-02-13T22:39:28,2026-02-13T23:40:35,1.0,https://t.me/kievreal1/111633,Лукʼянівка до вас,111633
2026-02-13,22,Дніпровський,ДВРЗ,2026-02-13T22:39:28,2026-02-13T23:40:35,1.0,https://t.me/kievreal1/111634,ДВРЗ,111634
2026-02-13,22,Дніпровський,Воскресенка,2026-02-13T22:39:28,2026-02-13T23:40:35,1.0,https://t.me/kievreal1/111635,На Воскресенку далі,111635
2026-02-13,22,Солом'янський,Солом'янка,2026-02-13T22:39:28,2026-02-13T23:40:35,1.0,https://t.me/kievreal1/111639,Соломʼянський район – уважно,111639
2026-02-13,22,Солом'янський,Жуляни,2026-02-13T22:39:28,2026-02-13T23:40:35,1.0,https://t.me/kievreal1/111642,Акустично БпЛА в районі Жулян,111642
2026-02-13,23,Дніпровський,ДВРЗ,2026-02-13T22:39:28,2026-02-13T23:40:35,1.0,https://t.me/kievreal1/111644,БпЛА на ДВРЗ БпЛА на Вишгород,111644
2026-02-22,4,Дарницький,Дарниця,2026-02-22T03:56:52,2026-02-22T07:57:22,4.0,https://t.me/kievreal1/112018,Дарниця,112018
2026-02-22,4,Дарницький,Дарниця,2026-02-22T03:56:52,2026-02-22T07:57:22,4.0,https://t.me/kievreal1/112019,Дарниця,112019
2026-02-22,4,Голосіївський,Голосіїв,2026-02-22T03:56:52,2026-02-22T07:57:22,4.0,https://t.me/kievreal1/112034,2 шахеди на Жуляни/Теремки/Голосіїв.,112034
2026-02-22,4,Солом'янський,Жуляни,2026-02-22T03:56:52,2026-02-22T07:57:22,4.0,https://t.me/kievreal1/112034,2 шахеди на Жуляни/Теремки/Голосіїв.,112034
2026-02-22,4,Солом'янський,Жуляни,2026-02-22T03:56:52,2026-02-22T07:57:22,4.0,https://t.me/kievreal1/112035,"Київ: 2х БпЛА курсом на Жуляни БпЛА курсом на Васильків 2х БпЛА курсом на Глеваху Підтримати канал, буду вдячний Вам: https://base.monobank…",112035
2026-02-22,4,Солом'янський,Жуляни,2026-02-22T03:56:52,2026-02-22T07:57:22,4.0,https://t.me/kievreal1/112036,БпЛА курсом на Жуляни 4х БпЛА курсом на Васильків БпЛА курсом на Вишневе,112036
2026-02-22,4,Дарницький,ТЕЦ-5,2026-02-22T03:56:52,2026-02-22T07:57:22,4.0,https://t.me/kievreal1/112037,ТЕЦ-5,112037
2026-02-22,5,Святошинський,Борщагівка,2026-02-22T03:56:52,2026-02-22T07:57:22,4.0,https://t.me/kievreal1/112053,Київ : 5х БпЛА повз Борщагівку в бік Святошина 2х БпЛА курсом на Жуляни,112053
2026-02-22,5,Солом'янський,Жуляни,2026-02-22T03:56:52,2026-02-22T07:57:22,4.0,https://t.me/kievreal1/112053,Київ : 5х БпЛА повз Борщагівку в бік Святошина 2х БпЛА курсом на Жуляни,112053
2026-02-22,5,Святошинський,Борщагівка,2026-02-22T03:56:52,2026-02-22T07:57:22,4.0,https://t.me/kievreal1/112054,4х БпЛА повз Борщагівку курсом на Київ 2х БпЛА повз Бровари на Київ БпЛА курсом на Вишгород БпЛА курсом на Калиту 3х БпЛА курсом на Сквиру,112054
2026-02-22,5,Деснянський,Троєщина,2026-02-22T03:56:52,2026-02-22T07:57:22,4.0,https://t.me/kievreal1/112055,Шахед на Троєщину Інформація про цілі на Київ в реальному часі - https://t.me/+8npgfltbb1wzMTUy,112055
2026-02-22,6,Деснянський,ТЕЦ-6,2026-02-22T03:56:52,2026-02-22T07:57:22,4.0,https://t.me/kievreal1/112062,БпЛА курсом на ТЕЦ-6,112062
2026-02-22,6,Оболонський,Оболонь,2026-02-22T03:56:52,2026-02-22T07:57:22,4.0,https://t.me/kievreal1/112063,Ракета на Оболонь,112063
2026-02-22,6,Подільський,Поділ,2026-02-22T03:56:52,2026-02-22T07:57:22,4.0,https://t.me/kievreal1/112064,Поділ Центр,112064
2026-02-22,6,Деснянський,Троєщина,2026-02-22T03:56:52,2026-02-22T07:57:22,4.0,https://t.me/kievreal1/112073,БПЛА на Трою,112073
2026-02-22,6,Святошинський,Святошин,2026-02-22T03:56:52,2026-02-22T07:57:22,4.0,https://t.me/kievreal1/112075,Внаслідок атаки постраждала житлова багатоповерхівка у Святошинському районі. Пожежа на даху будинку. Уточнюємо інформацію про постраждалих…,112075
2026-02-22,7,Святошинський,Святошин,2026-02-22T03:56:52,2026-02-22T07:57:22,4.0,https://t.me/kievreal1/112083,1 БпЛА на Бровари . 1 БпЛА на Велику Димерку. 1 БпЛА вздовж Житомирської траси у бік Вишневе/Святошино. 1 БпЛА на Обухів.,112083
2026-02-26,3,Деснянський,Троєщина,2026-02-26T03:31:44,2026-02-26T06:44:27,3.2,https://t.me/kievreal1/112267,Через Бровари на Трою,112267
2026-02-26,4,Деснянський,Деснянський,2026-02-26T03:31:44,2026-02-26T06:44:27,3.2,https://t.me/kievreal1/112281,2 шахеди пролітають поблизу Деснянського району Києва 1 шахед на Дніпровський район Києва,112281
2026-02-26,4,Дніпровський,Дніпровський,2026-02-26T03:31:44,2026-02-26T06:44:27,3.2,https://t.me/kievreal1/112281,2 шахеди пролітають поблизу Деснянського району Києва 1 шахед на Дніпровський район Києва,112281
2026-02-26,4,Дніпровський,Дніпровський,2026-02-26T03:31:44,2026-02-26T06:44:27,3.2,https://t.me/kievreal1/112282,"❗️ У Дніпровському районі внаслідок атаки постраждала будівля магазину , — ОВА upd 5.09 : Інформація не підтвердилась.",112282
2026-02-26,4,Голосіївський,Голосіїв,2026-02-26T03:31:44,2026-02-26T06:44:27,3.2,https://t.me/kievreal1/112285,1 шахед на Бортничі 1 шахед на Вишгород 2 шахеди повз Голосіїв курсом на Вишневе 1 шахед на Глеваху 2 шахеди на Вишеньки 2 шахеди на Борисп…,112285
2026-02-26,4,Дарницький,Бортничі,2026-02-26T03:31:44,2026-02-26T06:44:27,3.2,https://t.me/kievreal1/112285,1 шахед на Бортничі 1 шахед на Вишгород 2 шахеди повз Голосіїв курсом на Вишневе 1 шахед на Глеваху 2 шахеди на Вишеньки 2 шахеди на Борисп…,112285
2026-02-26,5,Голосіївський,Голосіїв,2026-02-26T03:31:44,2026-02-26T06:44:27,3.2,https://t.me/kievreal1/112287,"❗️ У Голосіївському районі займання на території приватної садиби, — КМВА Інформація уточнюється.",112287
2026-02-26,5,Печерський,Печерськ,2026-02-26T03:31:44,2026-02-26T06:44:27,3.2,https://t.me/kievreal1/112288,"❗️ В Печерському районі горить 2-поверховий приватний будинок, — КМВА Перевіряємо інформацію щодо постраждалих.",112288
2026-02-26,6,Голосіївський,Голосіїв,2026-02-26T03:31:44,2026-02-26T06:44:27,3.2,https://t.me/kievreal1/112303,"❗️ Наслідки атаки ворога на столицю, — КМДА ▪️ У Дарницькому районі внаслідок падіння уламків вибуховою хвилею пошкоджені вікна й двері в к…",112303
2026-02-26,6,Дарницький,Дарниця,2026-02-26T03:31:44,2026-02-26T06:44:27,3.2,https://t.me/kievreal1/112303,"❗️ Наслідки атаки ворога на столицю, — КМДА ▪️ У Дарницькому районі внаслідок падіння уламків вибуховою хвилею пошкоджені вікна й двері в к…",112303
2026-02-26,6,Печерський,Печерськ,2026-02-26T03:31:44,2026-02-26T06:44:27,3.2,https://t.me/kievreal1/112303,"❗️ Наслідки атаки ворога на столицю, — КМДА ▪️ У Дарницькому районі внаслідок падіння уламків вибуховою хвилею пошкоджені вікна й двері в к…",112303
2026-03-02,21,Деснянський,ТЕЦ-6,2026-03-02T21:44:48,2026-03-02T22:16:57,0.5,https://t.me/kievreal1/112526,БпЛА в бік ТЕЦ-6 Стежити за траєкторією - t.me/kyiv_radar,112526
2026-03-02,21,Деснянський,ТЕЦ-6,2026-03-02T21:44:48,2026-03-02T22:16:57,0.5,https://t.me/kievreal1/112527,БпЛА в бік ТЕЦ-6 Стежити за траєкторією - t.me/kyiv_radar,112527
2026-03-02,21,Печерський,Печерськ,2026-03-02T21:44:48,2026-03-02T22:16:57,0.5,https://t.me/kievreal1/112531,Центр / Труханів / Печерськ / Поділ – уважно!,112531
2026-03-02,21,Подільський,Поділ,2026-03-02T21:44:48,2026-03-02T22:16:57,0.5,https://t.me/kievreal1/112531,Центр / Труханів / Печерськ / Поділ – уважно!,112531
2026-03-02,21,Подільський,Поділ,2026-03-02T21:44:48,2026-03-02T22:16:57,0.5,https://t.me/kievreal1/112532,На Поділ йде,112532
2026-03-02,21,Шевченківський,Лук'янівка,2026-03-02T21:44:48,2026-03-02T22:16:57,0.5,https://t.me/kievreal1/112534,"Лукʼянівка! 🤫 про всяк випадок, радимо підписатись на наш резерв, якщо ворог здійснюватиме атаки в інфопросторі – t.me/kyiv",112534
2026-03-02,21,Солом'янський,Жуляни,2026-03-02T21:44:48,2026-03-02T22:16:57,0.5,https://t.me/kievreal1/112535,"Жуляни, до вас",112535
2026-03-02,21,Солом'янський,Шулявка,2026-03-02T21:44:48,2026-03-02T22:16:57,0.5,https://t.me/kievreal1/112536,"Сирець, Шулявка! На випадок, якщо ворог атакуватиме в інформаційному просторі, про все писатимемо в нашому Instagram – www.instagram.com/ki…",112536
2026-03-02,21,Шевченківський,Сирець,2026-03-02T21:44:48,2026-03-02T22:16:57,0.5,https://t.me/kievreal1/112536,"Сирець, Шулявка! На випадок, якщо ворог атакуватиме в інформаційному просторі, про все писатимемо в нашому Instagram – www.instagram.com/ki…",112536
2026-03-02,21,Печерський,Видубичі,2026-03-02T21:44:48,2026-03-02T22:16:57,0.5,https://t.me/kievreal1/112537,На Видубичі йде,112537
2026-03-02,21,Святошинський,Борщагівка,2026-03-02T21:44:48,2026-03-02T22:16:57,0.5,https://t.me/kievreal1/112538,Борщагівка / Вишневе – до вас,112538
2026-03-02,22,Голосіївський,Конча-Заспа,2026-03-02T21:44:48,2026-03-02T22:16:57,0.5,https://t.me/kievreal1/112545,Конча-Заспа – теж уважно,112545
2026-03-06,18,Святошинський,Святошин,2026-03-06T18:48:45,2026-03-06T19:36:44,0.8,https://t.me/kievreal1/112735,"Святошино, Нивки - уважно! У ваш бік",112735
2026-03-06,18,Шевченківський,Нивки,2026-03-06T18:48:45,2026-03-06T19:36:44,0.8,https://t.me/kievreal1/112735,"Святошино, Нивки - уважно! У ваш бік",112735
2026-03-06,18,Святошинський,Борщагівка,2026-03-06T18:48:45,2026-03-06T19:36:44,0.8,https://t.me/kievreal1/112737,Борщагівки - ви теж обережно,112737
2026-03-06,18,Подільський,Виноградар,2026-03-06T18:48:45,2026-03-06T19:36:44,0.8,https://t.me/kievreal1/112738,Акустично на Виноградарі! В укриття,112738
2026-03-06,18,Оболонський,Оболонь,2026-03-06T18:48:45,2026-03-06T19:36:44,0.8,https://t.me/kievreal1/112739,На Мінський / Оболонь йде Стежити за траєкторією - t.me/kyiv_radar,112739
2026-03-06,19,Подільський,Поділ,2026-03-06T18:48:45,2026-03-06T19:36:44,0.8,https://t.me/kievreal1/112740,Поділ!,112740
2026-03-06,19,Голосіївський,Новосілки,2026-03-06T18:48:45,2026-03-06T19:36:44,0.8,https://t.me/kievreal1/112743,На Новосілки Стежити за траєкторією - t.me/kyiv_radar,112743
2026-03-06,19,Святошинський,Академмістечко,2026-03-06T18:48:45,2026-03-06T19:36:44,0.8,https://t.me/kievreal1/112748,"⚡️ Рух поїздів червоною гілкою метро в бік центру наразі здійснюється з Академмістечка до Театральної Водночас, із центру Києва поїзди курс…",112748
2026-03-07,2,Деснянський,Деснянський,2026-03-07T00:48:24,2026-03-07T04:24:42,3.6,https://t.me/kievreal1/112793,Попередньо фіксуємо наслідки атаки у Деснянському районі. Деталі уточнюємо.,112793
2026-03-14,3,Дарницький,Дарниця,2026-03-14T03:07:05,2026-03-14T06:49:28,3.7,https://t.me/kievreal1/113055,3 балістичні ракети на Дарницький район,113055
2026-03-16,8,Деснянський,Троєщина,2026-03-16T08:26:47,2026-03-16T09:57:03,1.5,https://t.me/kievreal1/113196,Троєщина уважно,113196
2026-03-16,8,Деснянський,ТЕЦ-6,2026-03-16T08:26:47,2026-03-16T09:57:03,1.5,https://t.me/kievreal1/113198,ТЕЦ 6/Хотянівка,113198
2026-03-16,8,Дніпровський,Русанівка,2026-03-16T08:26:47,2026-03-16T09:57:03,1.5,https://t.me/kievreal1/113203,Русанівка,113203
2026-03-16,8,Дарницький,ТЕЦ-5,2026-03-16T08:26:47,2026-03-16T09:57:03,1.5,https://t.me/kievreal1/113206,ТЕЦ 5,113206
2026-03-16,8,Солом'янський,Шулявка,2026-03-16T08:26:47,2026-03-16T09:57:03,1.5,https://t.me/kievreal1/113211,Шулявка Стежити за траєкторією руху - t.me/kyiv_radar,113211
2026-03-16,9,Оболонський,Почайна,2026-03-16T08:26:47,2026-03-16T09:57:03,1.5,https://t.me/kievreal1/113215,Почайна,113215
2026-03-16,9,Шевченківський,Лук'янівка,2026-03-16T08:26:47,2026-03-16T09:57:03,1.5,https://t.me/kievreal1/113216,Лукʼянівка,113216
2026-03-16,9,Солом'янський,Жуляни,2026-03-16T08:26:47,2026-03-16T09:57:03,1.5,https://t.me/kievreal1/113218,Жуляни,113218
2026-03-16,9,Голосіївський,Новосілки,2026-03-16T08:26:47,2026-03-16T09:57:03,1.5,https://t.me/kievreal1/113219,Новосілки,113219
2026-03-22,13,Дарницький,Бортничі,2026-03-22T13:16:17,2026-03-22T13:48:26,0.5,https://t.me/kievreal1/113614,Бортничі – уважно! У ваш бік За рухом в онлайн режимі стежимо тут – t.me/tryvoga_kyiv,113614
2026-03-24,0,Голосіївський,Голосіїв,2026-03-24T00:19:16,2026-03-24T01:32:08,1.2,https://t.me/kievreal1/113698,Голосіївський район уважно,113698
2026-03-24,0,Голосіївський,Конча-Заспа,2026-03-24T00:19:16,2026-03-24T01:32:08,1.2,https://t.me/kievreal1/113699,3 на Конча-Заспу,113699
2026-03-24,0,Дарницький,ТЕЦ-5,2026-03-24T00:19:16,2026-03-24T01:32:08,1.2,https://t.me/kievreal1/113700,На ТЕЦ-5,113700
2026-03-24,0,Голосіївський,Голосіїв,2026-03-24T00:19:16,2026-03-24T01:32:08,1.2,https://t.me/kievreal1/113701,Голосіївський / Дарницький райони обережно,113701
2026-03-24,0,Дарницький,Дарниця,2026-03-24T00:19:16,2026-03-24T01:32:08,1.2,https://t.me/kievreal1/113701,Голосіївський / Дарницький райони обережно,113701
2026-03-24,0,Голосіївський,Теремки,2026-03-24T00:19:16,2026-03-24T01:32:08,1.2,https://t.me/kievreal1/113702,БПЛА на Теремки,113702
2026-03-24,0,Голосіївський,Феофанія,2026-03-24T00:19:16,2026-03-24T01:32:08,1.2,https://t.me/kievreal1/113704,Феофанія,113704
2026-03-24,0,Дарницький,Осокорки,2026-03-24T00:19:16,2026-03-24T01:32:08,1.2,https://t.me/kievreal1/113705,БПЛА на Осокорки,113705
2026-03-24,0,Голосіївський,Феофанія,2026-03-24T00:19:16,2026-03-24T01:32:08,1.2,https://t.me/kievreal1/113706,1 на Конча-Заспу 1 на Феофанію 1 на Пирогів,113706
2026-03-24,0,Голосіївський,Теремки,2026-03-24T00:19:16,2026-03-24T01:32:08,1.2,https://t.me/kievreal1/113707,Теремки,113707
2026-03-24,0,Солом'янський,Жуляни,2026-03-24T00:19:16,2026-03-24T01:32:08,1.2,https://t.me/kievreal1/113712,Жуляни,113712
2026-03-24,0,Печерський,Печерськ,2026-03-24T00:19:16,2026-03-24T01:32:08,1.2,https://t.me/kievreal1/113715,Печерськ,113715
2026-03-24,0,Печерський,Липки,2026-03-24T00:19:16,2026-03-24T01:32:08,1.2,https://t.me/kievreal1/113716,Липки,113716
2026-03-24,0,Шевченківський,Майдан,2026-03-24T00:19:16,2026-03-24T01:32:08,1.2,https://t.me/kievreal1/113717,Майдан Незалежності,113717
2026-03-24,0,Солом'янський,Жуляни,2026-03-24T00:19:16,2026-03-24T01:32:08,1.2,https://t.me/kievreal1/113719,Жуляни,113719
2026-03-24,12,Подільський,Виноградар,2026-03-24T12:35:50,2026-03-24T17:16:54,4.7,https://t.me/kievreal1/113768,"Виноградар, Ірпінь",113768
2026-03-24,13,Деснянський,Троєщина,2026-03-24T12:35:50,2026-03-24T17:16:54,4.7,https://t.me/kievreal1/113777,"Троєщина, Оболонь",113777
2026-03-24,13,Оболонський,Оболонь,2026-03-24T12:35:50,2026-03-24T17:16:54,4.7,https://t.me/kievreal1/113777,"Троєщина, Оболонь",113777
2026-03-24,13,Дніпровський,Воскресенка,2026-03-24T12:35:50,2026-03-24T17:16:54,4.7,https://t.me/kievreal1/113779,Воскресенка,113779
2026-03-24,13,Подільський,Виноградар,2026-03-24T12:35:50,2026-03-24T17:16:54,4.7,https://t.me/kievreal1/113782,Виноградар,113782
2026-03-24,13,Святошинський,Святошин,2026-03-24T12:35:50,2026-03-24T17:16:54,4.7,https://t.me/kievreal1/113783,Святошинський район,113783
2026-03-24,13,Деснянський,ТЕЦ-6,2026-03-24T12:35:50,2026-03-24T17:16:54,4.7,https://t.me/kievreal1/113784,ТЕЦ 6,113784
2026-03-24,13,Дарницький,Дарниця,2026-03-24T12:35:50,2026-03-24T17:16:54,4.7,https://t.me/kievreal1/113785,Дарниця,113785
2026-03-24,14,Оболонський,Оболонь,2026-03-24T12:35:50,2026-03-24T17:16:54,4.7,https://t.me/kievreal1/113790,Оболонь,113790
2026-03-16,9,Оболонський,Оболонь,2026-03-16T08:26:47,2026-03-16T09:57:03,1.5,https://t.me/kievreal1/113228,Оболонь,113228
2026-03-16,9,Оболонський,Почайна,2026-03-16T08:26:47,2026-03-16T09:57:03,1.5,https://t.me/kievreal1/113229,Почайна,113229
2026-03-16,9,Подільський,Поділ,2026-03-16T08:26:47,2026-03-16T09:57:03,1.5,https://t.me/kievreal1/113230,Поділ,113230
2026-03-16,9,Солом'янський,Жуляни,2026-03-16T08:26:47,2026-03-16T09:57:03,1.5,https://t.me/kievreal1/113232,Жуляни,113232
2026-03-16,9,Оболонський,Оболонь,2026-03-16T08:26:47,2026-03-16T09:57:03,1.5,https://t.me/kievreal1/113236,Оболонь,113236
2026-03-16,9,Подільський,Виноградар,2026-03-16T08:26:47,2026-03-16T09:57:03,1.5,https://t.me/kievreal1/113237,Виноградар,113237
2026-03-16,9,Шевченківський,Нивки,2026-03-16T08:26:47,2026-03-16T09:57:03,1.5,https://t.me/kievreal1/113241,Нивки,113241
2026-03-16,9,Оболонський,Почайна,2026-03-16T08:26:47,2026-03-16T09:57:03,1.5,https://t.me/kievreal1/113242,Почайна Стежити за траєкторією руху - t.me/kyiv_radar,113242
2026-03-16,9,Солом'янський,Солом'янка,2026-03-16T08:26:47,2026-03-16T09:57:03,1.5,https://t.me/kievreal1/113244,У Соломʼянському районі частини ворожого БпЛА впали на відкритій місцевості,113244
2026-03-16,9,Деснянський,ТЕЦ-6,2026-03-16T08:26:47,2026-03-16T09:57:03,1.5,https://t.me/kievreal1/113245,ТЕЦ 6,113245
2026-03-16,9,Святошинський,Святошин,2026-03-16T08:26:47,2026-03-16T09:57:03,1.5,https://t.me/kievreal1/113246,"У Святошинському районі уламки впали на нежитловій території, горить трава.",113246
2026-03-16,22,Деснянський,Троєщина,2026-03-16T22:34:18,2026-03-16T23:17:12,0.7,https://t.me/kievreal1/113294,Троєщина уважно,113294
2026-03-16,22,Оболонський,Оболонь,2026-03-16T22:34:18,2026-03-16T23:17:12,0.7,https://t.me/kievreal1/113295,Оболонь,113295
2026-03-16,22,Голосіївський,Конча-Заспа,2026-03-16T22:34:18,2026-03-16T23:17:12,0.7,https://t.me/kievreal1/113297,Конча-Заспа,113297
2026-03-18,10,Дніпровський,Дніпровський,2026-03-18T09:17:50,2026-03-18T10:14:26,0.9,https://t.me/kievreal1/113395,"🎭 «ПЕРЕВЕРТЕНЬ» , продюсерський центр Колізей з гордістю апрошує на прем’єру сезону ! За мотивами культового фільму Френка Оза *«Відчайдушн…",113395
2026-03-18,18,Дарницький,Рембаза,2026-03-18T18:22:24,2026-03-18T18:42:11,0.3,https://t.me/kievreal1/113432,У бік Рембази,113432
2026-03-18,18,Дарницький,Осокорки,2026-03-18T18:22:24,2026-03-18T18:42:11,0.3,https://t.me/kievreal1/113434,Осокорки / Бортничі – теж увага,113434
2026-03-18,18,Дарницький,Дарниця,2026-03-18T18:22:24,2026-03-18T18:42:11,0.3,https://t.me/kievreal1/113435,Дарниця ви обережно! У ваш бік Стежити за траєкторією - t.me/kyiv_radar,113435
2026-03-18,18,Дарницький,Позняки,2026-03-18T18:22:24,2026-03-18T18:42:11,0.3,https://t.me/kievreal1/113436,"Харківський масив, Позняки",113436
2026-03-18,18,Голосіївський,Феофанія,2026-03-18T18:22:24,2026-03-18T18:42:11,0.3,https://t.me/kievreal1/113438,Феофанія – до вас P.S про рух шахедів в онлайн-режимі пишуть тут – t.me/tryvoga_kyiv,113438
2026-03-21,23,Дніпровський,ДВРЗ,2026-03-21T23:49:51,2026-03-22T01:10:07,1.3,https://t.me/kievreal1/113571,Київ : БпЛА повз Бровари курсом на ДВРЗ,113571
2026-03-22,0,Дарницький,Бортничі,2026-03-21T23:49:51,2026-03-22T01:10:07,1.3,https://t.me/kievreal1/113584,"Бортничі, Вишеньки, Козин - БПЛА до вас Слідкувати за рухом шахедів в столиці - https://t.me/+8npgfltbb1wzMTUy",113584
2026-03-22,0,Дарницький,Харківський масив,2026-03-21T23:49:51,2026-03-22T01:10:07,1.3,https://t.me/kievreal1/113585,БпЛА курсом на Харківський масив,113585
2026-03-22,0,Дарницький,Харківський масив,2026-03-21T23:49:51,2026-03-22T01:10:07,1.3,https://t.me/kievreal1/113586,БпЛА курсом на Харківський масив,113586
2026-03-22,2,Деснянський,ТЕЦ-6,2026-03-22T02:20:51,2026-03-22T02:32:29,0.2,https://t.me/kievreal1/113592,БПЛА на ТЕЦ-6,113592
2026-03-24,14,Деснянський,Троєщина,2026-03-24T12:35:50,2026-03-24T17:16:54,4.7,https://t.me/kievreal1/113794,Нові на Троєщину,113794
2026-03-24,14,Печерський,Липки,2026-03-24T12:35:50,2026-03-24T17:16:54,4.7,https://t.me/kievreal1/113796,Липки,113796
2026-03-24,14,Дарницький,Рембаза,2026-03-24T12:35:50,2026-03-24T17:16:54,4.7,https://t.me/kievreal1/113799,Рембаза,113799
2026-03-24,15,Дарницький,Осокорки,2026-03-24T12:35:50,2026-03-24T17:16:54,4.7,https://t.me/kievreal1/113800,Осокорки,113800
2026-03-24,15,Деснянський,Троєщина,2026-03-24T12:35:50,2026-03-24T17:16:54,4.7,https://t.me/kievreal1/113802,Знов БПЛА в бік Троєщини,113802
2026-03-24,15,Деснянський,Биківня,2026-03-24T12:35:50,2026-03-24T17:16:54,4.7,https://t.me/kievreal1/113803,Биківня,113803
2026-03-24,15,Дніпровський,ДВРЗ,2026-03-24T12:35:50,2026-03-24T17:16:54,4.7,https://t.me/kievreal1/113804,ДВРЗ,113804
2026-03-25,17,Святошинський,Академмістечко,2026-03-25T16:49:48,2026-03-25T17:21:45,0.5,https://t.me/kievreal1/113849,"🚇 У бік центру Києва рух поїздів червоною гілкою метро здійснюється з Академмістечка до Театральної Водночас, із центру міста поїзди курсую…",113849
2026-03-29,8,Святошинський,Борщагівка,2026-03-29T08:32:22,2026-03-29T08:59:19,0.4,https://t.me/kievreal1/114034,Вишневе/ Борщагівки – у ваш бік,114034
2026-03-29,8,Святошинський,Борщагівка,2026-03-29T08:32:22,2026-03-29T08:59:19,0.4,https://t.me/kievreal1/114035,Над Борщагівкой!,114035
2026-03-29,8,Солом'янський,Шулявка,2026-03-29T08:32:22,2026-03-29T08:59:19,0.4,https://t.me/kievreal1/114036,"На Кардачі / Шулявку. І попередньо, це розвідка",114036
2026-03-31,23,Святошинський,Борщагівка,2026-03-31T23:28:53,2026-03-31T23:41:37,0.2,https://t.me/kievreal1/114232,Борщагівка,114232
2026-04-03,10,Голосіївський,Голосіїв,2026-04-03T10:16:12,2026-04-03T11:54:02,1.6,https://t.me/kievreal1/114395,"Голосіївський уважно 🤫 якщо у вас premium, підтримайте, будь ласка, наш канал своїм голосом – t.me/kievreal1?boost",114395
2026-04-03,10,Голосіївський,Голосіїв,2026-04-03T10:16:12,2026-04-03T11:54:02,1.6,https://t.me/kievreal1/114399,"Голосіївський уважно 🤫 якщо у вас premium, підтримайте, будь ласка, наш канал своїм голосом – t.me/kievreal1?boost",114399
2026-04-03,10,Голосіївський,Голосіїв,2026-04-03T10:16:12,2026-04-03T11:54:02,1.6,https://t.me/kievreal1/114409,Голосіїв,114409
2026-04-03,10,Солом'янський,Жуляни,2026-04-03T10:16:12,2026-04-03T11:54:02,1.6,https://t.me/kievreal1/114417,На Жуляни шахед Стежити за траєкторією - t.me/kyiv_radar,114417
2026-04-03,10,Голосіївський,Теремки,2026-04-03T10:16:12,2026-04-03T11:54:02,1.6,https://t.me/kievreal1/114418,Теремки,114418
2026-04-03,10,Святошинський,Святошин,2026-04-03T10:16:12,2026-04-03T11:54:02,1.6,https://t.me/kievreal1/114423,3 БпЛа на Святошин,114423
2026-04-03,10,Голосіївський,Конча-Заспа,2026-04-03T10:16:12,2026-04-03T11:54:02,1.6,https://t.me/kievreal1/114428,"Біля Конча-Заспи бпла 🤫 про всяк випадок, радимо підписатись на наш резерв, якщо ворог здійснюватиме атаки в інфопросторі – t.me/kyiv",114428
2026-04-03,10,Солом'янський,Жуляни,2026-04-03T10:16:12,2026-04-03T11:54:02,1.6,https://t.me/kievreal1/114430,"Ходосівка, Жуляни, Гатне, Вишневе - уважно по бпла",114430
2026-04-03,11,Голосіївський,Пирогів,2026-04-03T10:16:12,2026-04-03T11:54:02,1.6,https://t.me/kievreal1/114438,Пирогів / Хотів - уважно по бпла,114438
2026-04-03,11,Голосіївський,Феофанія,2026-04-03T10:16:12,2026-04-03T11:54:02,1.6,https://t.me/kievreal1/114444,Феофанія!,114444
2026-04-03,11,Голосіївський,Теремки,2026-04-03T10:16:12,2026-04-03T11:54:02,1.6,https://t.me/kievreal1/114448,Теремки - у вас також бпла P.S про рух шахедів в онлайн-режимі пишуть тут – t.me/tryvoga_kyiv,114448
2026-04-03,11,Голосіївський,Теремки,2026-04-03T10:16:12,2026-04-03T11:54:02,1.6,https://t.me/kievreal1/114452,Теремки / Жуляни,114452
2026-04-03,11,Солом'янський,Жуляни,2026-04-03T10:16:12,2026-04-03T11:54:02,1.6,https://t.me/kievreal1/114452,Теремки / Жуляни,114452
2026-04-04,6,Дніпровський,ДВРЗ,2026-04-04T06:29:32,2026-04-04T07:22:10,0.9,https://t.me/kievreal1/114565,БпЛА курсом на ДВРЗ,114565
2026-04-04,6,Дарницький,Дарниця,2026-04-04T06:29:32,2026-04-04T07:22:10,0.9,https://t.me/kievreal1/114566,БпЛА курсом на Дарницький масив,114566
2026-04-04,6,Дарницький,Рембаза,2026-04-04T06:29:32,2026-04-04T07:22:10,0.9,https://t.me/kievreal1/114567,БпЛА курсом на Рембазу,114567
2026-04-04,6,Дарницький,Рембаза,2026-04-04T06:29:32,2026-04-04T07:22:10,0.9,https://t.me/kievreal1/114569,Наступний БпЛА курсом на Рембазу 2х БпЛА курсом на Русанів,114569
2026-04-04,6,Дарницький,Дарниця,2026-04-04T06:29:32,2026-04-04T07:22:10,0.9,https://t.me/kievreal1/114571,БпЛА курсом на ДВРЗ БпЛА курсом на Дарницький масив БпЛА курсом на Щасливе,114571
2026-04-04,6,Дніпровський,ДВРЗ,2026-04-04T06:29:32,2026-04-04T07:22:10,0.9,https://t.me/kievreal1/114571,БпЛА курсом на ДВРЗ БпЛА курсом на Дарницький масив БпЛА курсом на Щасливе,114571
2026-04-04,6,Дарницький,Дарниця,2026-04-04T06:29:32,2026-04-04T07:22:10,0.9,https://t.me/kievreal1/114572,"У Дарницькому районі, за попередньою інформацією, внаслідок падіння уламків БпЛА на дах чотириповерхової офісної будівлі виникла пожежа на …",114572
2026-04-06,21,Святошинський,Борщагівка,2026-04-06T21:38:21,2026-04-06T21:56:39,0.3,https://t.me/kievreal1/114701,"Нивки, Борщагівка",114701
2026-04-06,21,Шевченківський,Нивки,2026-04-06T21:38:21,2026-04-06T21:56:39,0.3,https://t.me/kievreal1/114701,"Нивки, Борщагівка",114701
2026-04-06,21,Дарницький,Рембаза,2026-04-06T21:38:21,2026-04-06T21:56:39,0.3,https://t.me/kievreal1/114704,Рембаза - теж акустика,114704
2026-04-10,0,Деснянський,Троєщина,2026-04-10T00:47:29,2026-04-10T01:01:40,0.2,https://t.me/kievreal1/114848,Троєщина,114848
2026-04-10,9,Дарницький,Осокорки,2026-04-10T09:11:37,2026-04-10T09:32:49,0.4,https://t.me/kievreal1/114869,Осокорки/ Бортничі – увага,114869
2026-04-10,9,Голосіївський,Конча-Заспа,2026-04-10T09:11:37,2026-04-10T09:32:49,0.4,https://t.me/kievreal1/114870,"Від Нижніх Садів в бік Конча-Заспи 🤫 якщо у вас premium, підтримайте, будь ласка, наш канал своїм голосом – t.me/kievreal1?boost",114870
2026-04-11,3,Деснянський,Троєщина,2026-04-11T03:52:47,2026-04-11T04:26:15,0.6,https://t.me/kievreal1/114915,"Вишгород, Троєщина - обережно",114915
2026-04-11,3,Деснянський,ТЕЦ-6,2026-04-11T03:52:47,2026-04-11T04:26:15,0.6,https://t.me/kievreal1/114916,2 БПЛА на ТЕЦ-6,114916
2026-04-15,6,Святошинський,Академмістечко,2026-04-15T06:17:43,2026-04-15T07:09:13,0.9,https://t.me/kievreal1/115090,1 БпЛА на Академмістечко,115090
2026-04-15,6,Деснянський,Деснянський,2026-04-15T06:17:43,2026-04-15T07:09:13,0.9,https://t.me/kievreal1/115094,"❗️ У Деснянському районі Києва готують контрольоване знищення бойової частини ворожої ракети «Іскандер-К», яку виявили в лісовій зоні , — п…",115094
2026-04-15,6,Святошинський,Борщагівка,2026-04-15T06:17:43,2026-04-15T07:09:13,0.9,https://t.me/kievreal1/115097,"Вишневе, Борщагівки ➡️",115097
2026-04-16,2,Дніпровський,ДВРЗ,2026-04-16T02:31:33,2026-04-16T05:02:13,2.5,https://t.me/kievreal1/115204,ДВРЗ,115204
2026-04-16,2,Шевченківський,Шевченківський,2026-04-16T02:31:33,2026-04-16T05:02:13,2.5,https://t.me/kievreal1/115211,Виклик медиків у Шевченківський район столиці. Бригада виїхала.,115211
2026-04-16,2,Оболонський,Оболонь,2026-04-16T02:31:33,2026-04-16T05:02:13,2.5,https://t.me/kievreal1/115213,Є наслідки ворожого удару в Оболонському районі. Попередньо є постраждалі. Інформація уточнюється.,115213
2026-04-16,2,Подільський,Поділ,2026-04-16T02:31:33,2026-04-16T05:02:13,2.5,https://t.me/kievreal1/115214,За іншою адресою у Подільському районі внаслідок атаки сталася пожежа в житловому будинку на першому поверсі.,115214
2026-04-16,3,Дарницький,ТЕЦ-5,2026-04-16T02:31:33,2026-04-16T05:02:13,2.5,https://t.me/kievreal1/115216,Вишневе/ТЕЦ-5,115216
2026-04-16,3,Подільський,Поділ,2026-04-16T02:31:33,2026-04-16T05:02:13,2.5,https://t.me/kievreal1/115218,У Подільському районі уламки ракети влучили в шостий поверх 16-поверхового будинку. Пожежі немає За іншою адресою – пожежа на першому повер…,115218
2026-04-16,3,Подільський,Поділ,2026-04-16T02:31:33,2026-04-16T05:02:13,2.5,https://t.me/kievreal1/115220,"За попередньою інформацією, в Подільському районі загинула 12-річна дитина.",115220
2026-04-16,3,Оболонський,Оболонь,2026-04-16T02:31:33,2026-04-16T05:02:13,2.5,https://t.me/kievreal1/115221,В Оболонському районі велика пожежа в нежитловій забудові на місці падіння уламків ракети. Палають також автівки.,115221
2026-04-16,3,Подільський,Поділ,2026-04-16T02:31:33,2026-04-16T05:02:13,2.5,https://t.me/kievreal1/115226,У Подільському районі пошкоджено будівлю та прилеглі будинки. Інформація про постраждалих уточнюється.,115226
2026-04-16,3,Подільський,Поділ,2026-04-16T02:31:33,2026-04-16T05:02:13,2.5,https://t.me/kievreal1/115229,"У Подільському районі, де сталося руйнування першого поверху приватного житлового будинку, з-під завалів дістали дитину. Зараз рятувальники…",115229
2026-04-16,3,Подільський,Поділ,2026-04-16T02:31:33,2026-04-16T05:02:13,2.5,https://t.me/kievreal1/115233,"У Подільському районі, де сталося руйнування першого поверху приватного житлового будинку, з-під завалів дістали дитину. Зараз рятувальники…",115233
2026-04-16,4,Солом'янський,Жуляни,2026-04-16T02:31:33,2026-04-16T05:02:13,2.5,https://t.me/kievreal1/115239,Жуляни,115239
2026-04-16,4,Оболонський,Оболонь,2026-04-16T02:31:33,2026-04-16T05:02:13,2.5,https://t.me/kievreal1/115240,Оболонь Слідкувати за шахедами - https://t.me/+8npgfltbb1wzMTUy,115240
2026-04-16,6,Деснянський,Лісовий масив,2026-04-16T06:26:41,2026-04-16T07:26:46,1.0,https://t.me/kievreal1/115252,Шахед на Лісовий Масив,115252
2026-04-16,6,Дніпровський,Березняки,2026-04-16T06:26:41,2026-04-16T07:26:46,1.0,https://t.me/kievreal1/115255,Березняки,115255
2026-04-16,6,Деснянський,Деснянський,2026-04-16T06:26:41,2026-04-16T07:26:46,1.0,https://t.me/kievreal1/115256,"# Київ : 5 загиблих, серед них дитина, 21 людина постраждала внаслідок російського обстрілу Зафіксовані руйнування у Подільському, Оболонсь…",115256
2026-04-16,6,Оболонський,Оболонь,2026-04-16T06:26:41,2026-04-16T07:26:46,1.0,https://t.me/kievreal1/115256,"# Київ : 5 загиблих, серед них дитина, 21 людина постраждала внаслідок російського обстрілу Зафіксовані руйнування у Подільському, Оболонсь…",115256
2026-04-16,6,Подільський,Поділ,2026-04-16T06:26:41,2026-04-16T07:26:46,1.0,https://t.me/kievreal1/115256,"# Київ : 5 загиблих, серед них дитина, 21 людина постраждала внаслідок російського обстрілу Зафіксовані руйнування у Подільському, Оболонсь…",115256
2026-04-16,6,Шевченківський,Шевченківський,2026-04-16T06:26:41,2026-04-16T07:26:46,1.0,https://t.me/kievreal1/115256,"# Київ : 5 загиблих, серед них дитина, 21 людина постраждала внаслідок російського обстрілу Зафіксовані руйнування у Подільському, Оболонсь…",115256
2026-04-16,6,Деснянський,Лісовий масив,2026-04-16T06:26:41,2026-04-16T07:26:46,1.0,https://t.me/kievreal1/115261,Ще 1 шахед на Лісовий масив,115261
2026-04-16,7,Подільський,Виноградар,2026-04-16T06:26:41,2026-04-16T07:26:46,1.0,https://t.me/kievreal1/115266,БПЛА на Виноградар,115266
2026-04-16,7,Подільський,Поділ,2026-04-16T06:26:41,2026-04-16T07:26:46,1.0,https://t.me/kievreal1/115268,"У Подільському районі ворожий БпЛА, буквально влетів у 18-ти поверхівку. Летів дуже низько. Екстрені служби прямують на місце.",115268
2026-04-20,15,Голосіївський,Теремки,2026-04-20T15:48:52,2026-04-20T16:18:41,0.5,https://t.me/kievreal1/115543,Теремки,115543
2026-04-20,15,Солом'янський,Жуляни,2026-04-20T15:48:52,2026-04-20T16:18:41,0.5,https://t.me/kievreal1/115544,Жуляни,115544
2026-04-20,15,Солом'янський,Солом'янка,2026-04-20T15:48:52,2026-04-20T16:18:41,0.5,https://t.me/kievreal1/115545,Солом’янка,115545
2026-04-22,17,Дніпровський,ДВРЗ,2026-04-22T17:17:02,2026-04-22T17:43:35,0.4,https://t.me/kievreal1/115643,В бік ДВРЗ,115643
2026-04-22,17,Дніпровський,ДВРЗ,2026-04-22T17:17:02,2026-04-22T17:43:35,0.4,https://t.me/kievreal1/115644,В бік ДВРЗ,115644
2026-04-22,17,Дарницький,Дарниця,2026-04-22T17:17:02,2026-04-22T17:43:35,0.4,https://t.me/kievreal1/115645,Дарниця – у вас,115645
2026-04-22,17,Дарницький,Позняки,2026-04-22T17:17:02,2026-04-22T17:43:35,0.4,https://t.me/kievreal1/115648,Йде на Позняки/ Харківський,115648
2026-04-22,17,Дарницький,ТЕЦ-5,2026-04-22T17:17:02,2026-04-22T17:43:35,0.4,https://t.me/kievreal1/115649,ТЕЦ-5 P.S про рух шахедів в онлайн-режимі пишуть тут – t.me/tryvoga_kyiv,115649
2026-04-22,17,Голосіївський,Мишоловка,2026-04-22T17:17:02,2026-04-22T17:43:35,0.4,https://t.me/kievreal1/115650,На Мишоловку,115650
2026-04-22,17,Святошинський,Академмістечко,2026-04-22T17:17:02,2026-04-22T17:43:35,0.4,https://t.me/kievreal1/115651,❗️ У напрямку центру Києва рух поїздів червоною гілкою метро здійснюється з Академмістечка до Театральної Із центру міста поїзди курсують м…,115651
2026-04-22,17,Голосіївський,Голосіїв,2026-04-22T17:17:02,2026-04-22T17:43:35,0.4,https://t.me/kievreal1/115652,Над Голосіївським парком,115652
2026-04-24,9,Деснянський,Троєщина,2026-04-24T09:09:27,2026-04-24T09:48:25,0.6,https://t.me/kievreal1/115756,Троєщина/Оболонь,115756
2026-04-24,9,Оболонський,Оболонь,2026-04-24T09:09:27,2026-04-24T09:48:25,0.6,https://t.me/kievreal1/115756,Троєщина/Оболонь,115756
2026-04-24,9,Оболонський,Почайна,2026-04-24T09:09:27,2026-04-24T09:48:25,0.6,https://t.me/kievreal1/115758,Почайна/Виноградар,115758
2026-04-24,9,Подільський,Виноградар,2026-04-24T09:09:27,2026-04-24T09:48:25,0.6,https://t.me/kievreal1/115758,Почайна/Виноградар,115758
2026-04-24,9,Святошинський,Святошин,2026-04-24T09:09:27,2026-04-24T09:48:25,0.6,https://t.me/kievreal1/115760,Святошин/Коцюбинське,115760
2026-04-24,9,Деснянський,Троєщина,2026-04-24T09:09:27,2026-04-24T09:48:25,0.6,https://t.me/kievreal1/115762,Знов БПЛА на Трою,115762
2026-04-25,16,Солом'янський,Солом'янка,2026-04-25T16:12:54,2026-04-25T16:50:37,0.6,https://t.me/kievreal1/115884,В Соломʼянському районі впав якийсь дрон,115884
2026-04-28,14,Деснянський,ТЕЦ-6,2026-04-28T14:08:35,2026-04-28T14:57:50,0.8,https://t.me/kievreal1/116053,ТЕЦ-6,116053
2026-04-28,14,Оболонський,Почайна,2026-04-28T14:08:35,2026-04-28T14:57:50,0.8,https://t.me/kievreal1/116054,"Почайна, низько йдуть",116054
2026-04-28,14,Святошинський,Святошин,2026-04-28T14:08:35,2026-04-28T14:57:50,0.8,https://t.me/kievreal1/116056,Святошин,116056
2026-04-28,14,Солом'янський,Солом'янка,2026-04-28T14:08:35,2026-04-28T14:57:50,0.8,https://t.me/kievreal1/116064,У Соломʼянському районі уламки БпЛА впали на територію цвинтаря.,116064
2026-04-28,14,Деснянський,Троєщина,2026-04-28T14:08:35,2026-04-28T14:57:50,0.8,https://t.me/kievreal1/116065,Троєщина,116065
2026-04-28,14,Шевченківський,Шевченківський,2026-04-28T14:08:35,2026-04-28T14:57:50,0.8,https://t.me/kievreal1/116067,Медики госпіталізували постраждалого в Шевченківському районі. Внаслідок вибуху через падіння БпЛА на пішохода наїхала легкова автівка.,116067
2026-04-30,2,Деснянський,Троєщина,2026-04-30T02:35:49,2026-04-30T03:22:06,0.8,https://t.me/kievreal1/116133,До 5 шахедів на Троєщину,116133
2026-04-30,2,Деснянський,ТЕЦ-6,2026-04-30T02:35:49,2026-04-30T03:22:06,0.8,https://t.me/kievreal1/116135,ТЕЦ-6,116135
2026-05-02,13,Подільський,Виноградар,2026-05-02T13:33:07,2026-05-02T14:08:34,0.6,https://t.me/kievreal1/116318,Виноградар БПЛА,116318
2026-05-02,17,Деснянський,Троєщина,2026-05-02T17:11:08,2026-05-02T19:03:28,1.9,https://t.me/kievreal1/116334,"Троя, Бориспіль до вас",116334
2026-05-02,18,Дарницький,Дарниця,2026-05-02T17:11:08,2026-05-02T19:03:28,1.9,https://t.me/kievreal1/116339,Один БПЛА в бік Дарниці,116339
2026-05-02,18,Дарницький,Осокорки,2026-05-02T17:11:08,2026-05-02T19:03:28,1.9,https://t.me/kievreal1/116340,Осокорки,116340
2026-05-02,18,Голосіївський,Теремки,2026-05-02T17:11:08,2026-05-02T19:03:28,1.9,https://t.me/kievreal1/116341,Теремки,116341
2026-05-02,18,Солом'янський,Жуляни,2026-05-02T17:11:08,2026-05-02T19:03:28,1.9,https://t.me/kievreal1/116342,Жуляни,116342
2026-05-02,18,Святошинський,Борщагівка,2026-05-02T17:11:08,2026-05-02T19:03:28,1.9,https://t.me/kievreal1/116343,Борщагівка,116343
2026-05-02,21,Дарницький,Осокорки,2026-05-02T21:11:39,2026-05-03T00:33:03,3.4,https://t.me/kievreal1/116355,Осокорки/Позняки БПЛА,116355
2026-05-02,21,Дніпровський,ДВРЗ,2026-05-02T21:11:39,2026-05-03T00:33:03,3.4,https://t.me/kievreal1/116357,ДВРЗ,116357
2026-05-02,22,Дарницький,Бортничі,2026-05-02T21:11:39,2026-05-03T00:33:03,3.4,https://t.me/kievreal1/116361,Княжичі/Бортничі,116361
2026-05-02,22,Деснянський,Троєщина,2026-05-02T21:11:39,2026-05-03T00:33:03,3.4,https://t.me/kievreal1/116362,Троєщина уважно,116362
2026-05-02,22,Дарницький,Осокорки,2026-05-02T21:11:39,2026-05-03T00:33:03,3.4,https://t.me/kievreal1/116363,Осокорки,116363
2026-05-02,22,Дарницький,Рембаза,2026-05-02T21:11:39,2026-05-03T00:33:03,3.4,https://t.me/kievreal1/116364,Рембаза,116364
2026-05-02,22,Дарницький,Позняки,2026-05-02T21:11:39,2026-05-03T00:33:03,3.4,https://t.me/kievreal1/116365,Позняки,116365
2026-05-02,22,Дарницький,Дарниця,2026-05-02T21:11:39,2026-05-03T00:33:03,3.4,https://t.me/kievreal1/116366,Дарниця,116366
2026-05-02,23,Дарницький,Осокорки,2026-05-02T21:11:39,2026-05-03T00:33:03,3.4,https://t.me/kievreal1/116368,Харківський масив/Осокорки,116368
2026-05-02,23,Деснянський,ТЕЦ-6,2026-05-02T21:11:39,2026-05-03T00:33:03,3.4,https://t.me/kievreal1/116369,БПЛА на ТЕЦ-6,116369
2026-05-03,23,Деснянський,Троєщина,2026-05-03T23:47:46,2026-05-04T00:28:01,0.7,https://t.me/kievreal1/116429,Шахед з Броварів на Троєщину/Лісовий масив/Воскресенку,116429
2026-05-03,23,Дніпровський,Воскресенка,2026-05-03T23:47:46,2026-05-04T00:28:01,0.7,https://t.me/kievreal1/116429,Шахед з Броварів на Троєщину/Лісовий масив/Воскресенку,116429
2026-05-05,4,Деснянський,Троєщина,2026-05-05T04:32:45,2026-05-05T05:16:40,0.7,https://t.me/kievreal1/116487,"ТЕЦ-6, Троєщина ➡️",116487
2026-05-05,4,Деснянський,Троєщина,2026-05-05T04:32:45,2026-05-05T05:16:40,0.7,https://t.me/kievreal1/116488,1 БпЛА на Троєщина 1 БпЛА на Бровари,116488
2026-05-07,1,Дарницький,Дарниця,2026-05-07T01:26:26,2026-05-07T02:14:13,0.8,https://t.me/kievreal1/116604,Дарницький район ховаємось,116604
2026-05-07,1,Оболонський,Оболонь,2026-05-07T01:26:26,2026-05-07T02:14:13,0.8,https://t.me/kievreal1/116606,Оболонь укриття,116606
2026-05-07,1,Солом'янський,Шулявка,2026-05-07T01:26:26,2026-05-07T02:14:13,0.8,https://t.me/kievreal1/116610,На Шулявку,116610
2026-05-07,1,Шевченківський,Нивки,2026-05-07T01:26:26,2026-05-07T02:14:13,0.8,https://t.me/kievreal1/116611,Нивки,116611
2026-05-07,1,Святошинський,Борщагівка,2026-05-07T01:26:26,2026-05-07T02:14:13,0.8,https://t.me/kievreal1/116612,Борщагівка,116612
2026-05-12,3,Деснянський,Биківня,2026-05-12T03:24:58,2026-05-12T05:40:26,2.3,https://t.me/kievreal1/116848,Київ : БпЛА курсом на Биківню 2х БпЛА курсом на Княжичі,116848
2026-05-12,3,Деснянський,Троєщина,2026-05-12T03:24:58,2026-05-12T05:40:26,2.3,https://t.me/kievreal1/116849,Шахед на Трою Слідкувати за рухом шахедів - https://t.me/+8npgfltbb1wzMTUy,116849
2026-05-12,3,Дарницький,Рембаза,2026-05-12T03:24:58,2026-05-12T05:40:26,2.3,https://t.me/kievreal1/116851,Рембаза/ДВРЗ,116851
2026-05-12,3,Дніпровський,ДВРЗ,2026-05-12T03:24:58,2026-05-12T05:40:26,2.3,https://t.me/kievreal1/116851,Рембаза/ДВРЗ,116851
2026-05-12,3,Дарницький,Рембаза,2026-05-12T03:24:58,2026-05-12T05:40:26,2.3,https://t.me/kievreal1/116852,БпЛА курсом на Троєщину БпЛА курсом на Биківню БпЛА курсом на Рембазу,116852
2026-05-12,3,Деснянський,Троєщина,2026-05-12T03:24:58,2026-05-12T05:40:26,2.3,https://t.me/kievreal1/116852,БпЛА курсом на Троєщину БпЛА курсом на Биківню БпЛА курсом на Рембазу,116852
2026-05-12,3,Дарницький,Рембаза,2026-05-12T03:24:58,2026-05-12T05:40:26,2.3,https://t.me/kievreal1/116853,БпЛА курсом на Оболонь БпЛА курсом на Биківню БпЛА курсом на Рембазу,116853
2026-05-12,3,Деснянський,Биківня,2026-05-12T03:24:58,2026-05-12T05:40:26,2.3,https://t.me/kievreal1/116853,БпЛА курсом на Оболонь БпЛА курсом на Биківню БпЛА курсом на Рембазу,116853
2026-05-12,3,Оболонський,Оболонь,2026-05-12T03:24:58,2026-05-12T05:40:26,2.3,https://t.me/kievreal1/116853,БпЛА курсом на Оболонь БпЛА курсом на Биківню БпЛА курсом на Рембазу,116853
2026-05-12,3,Деснянський,Биківня,2026-05-12T03:24:58,2026-05-12T05:40:26,2.3,https://t.me/kievreal1/116854,БпЛА курсом на Вишгород БпЛА курсом на Биківню БпЛА курсом на ДВРЗ,116854
2026-05-12,3,Дніпровський,ДВРЗ,2026-05-12T03:24:58,2026-05-12T05:40:26,2.3,https://t.me/kievreal1/116854,БпЛА курсом на Вишгород БпЛА курсом на Биківню БпЛА курсом на ДВРЗ,116854
2026-05-12,3,Деснянський,Лісовий масив,2026-05-12T03:24:58,2026-05-12T05:40:26,2.3,https://t.me/kievreal1/116855,БпЛА курсом на Пущу-Водицю БпЛА курсом на Лісовий масив БпЛА курсом на ДВРЗ,116855
2026-05-12,3,Дніпровський,ДВРЗ,2026-05-12T03:24:58,2026-05-12T05:40:26,2.3,https://t.me/kievreal1/116855,БпЛА курсом на Пущу-Водицю БпЛА курсом на Лісовий масив БпЛА курсом на ДВРЗ,116855
2026-05-12,3,Деснянський,Троєщина,2026-05-12T03:24:58,2026-05-12T05:40:26,2.3,https://t.me/kievreal1/116856,1 шахед на Поділ. 1 шахед на Троєщину.,116856
2026-05-12,3,Подільський,Поділ,2026-05-12T03:24:58,2026-05-12T05:40:26,2.3,https://t.me/kievreal1/116856,1 шахед на Поділ. 1 шахед на Троєщину.,116856
2026-05-12,3,Оболонський,Оболонь,2026-05-12T03:24:58,2026-05-12T05:40:26,2.3,https://t.me/kievreal1/116857,Оболонь,116857
2026-05-13,11,Деснянський,Троєщина,2026-05-13T11:52:19,2026-05-13T12:08:26,0.3,https://t.me/kievreal1/116988,"Троєщина, Осещина – увага!",116988
2026-05-13,11,Оболонський,Оболонь,2026-05-13T11:52:19,2026-05-13T12:08:26,0.3,https://t.me/kievreal1/116989,На Оболонь,116989
2026-05-13,12,Деснянський,Троєщина,2026-05-13T11:52:19,2026-05-13T12:08:26,0.3,https://t.me/kievreal1/116990,"Над Троєщиною 1, ще 1 біля Вишгорода",116990
2026-05-13,12,Оболонський,Почайна,2026-05-13T11:52:19,2026-05-13T12:08:26,0.3,https://t.me/kievreal1/116994,Почайна – у вас Стежити за траєкторією - t.me/kyiv_radar,116994
2026-05-13,12,Солом'янський,Шулявка,2026-05-13T11:52:19,2026-05-13T12:08:26,0.3,https://t.me/kievreal1/116999,Шулявка – до вас!,116999
2026-05-13,12,Оболонський,Оболонь,2026-05-13T12:26:36,2026-05-13T13:57:16,1.5,https://t.me/kievreal1/117007,"Оболонь, Мінський масив - від Вишгорода до вас",117007
2026-05-13,12,Подільський,Виноградар,2026-05-13T12:26:36,2026-05-13T13:57:16,1.5,https://t.me/kievreal1/117009,"Виноградар, Святошино",117009
2026-05-13,12,Святошинський,Святошин,2026-05-13T12:26:36,2026-05-13T13:57:16,1.5,https://t.me/kievreal1/117009,"Виноградар, Святошино",117009
2026-05-13,12,Святошинський,Борщагівка,2026-05-13T12:26:36,2026-05-13T13:57:16,1.5,https://t.me/kievreal1/117011,"Бровари, Борщагівки, Вишневе - уважно по бпла",117011
2026-05-13,12,Деснянський,Троєщина,2026-05-13T12:26:36,2026-05-13T13:57:16,1.5,https://t.me/kievreal1/117014,Від Димерки ймовірно на Троєщину,117014
2026-05-13,13,Оболонський,Оболонь,2026-05-13T12:26:36,2026-05-13T13:57:16,1.5,https://t.me/kievreal1/117020,"Падіння уламків БпЛА в Оболонському районі. Попередньо, без постраждалих. Інформація уточнюється, – повідомив очільник КМВА",117020
2026-05-13,13,Подільський,Виноградар,2026-05-13T12:26:36,2026-05-13T13:57:16,1.5,https://t.me/kievreal1/117021,Від району Димера ще БПЛА в сектор Вишгород - Виноградар!,117021
2026-05-13,13,Оболонський,Оболонь,2026-05-13T12:26:36,2026-05-13T13:57:16,1.5,https://t.me/kievreal1/117022,"Падіння уламків БпЛА в Оболонському районі. Попередньо, без постраждалих. Інформація уточнюється, – повідомив очільник КМВА",117022
2026-05-13,13,Дніпровський,ДВРЗ,2026-05-13T12:26:36,2026-05-13T13:57:16,1.5,https://t.me/kievreal1/117027,Від Борисполя на ДВРЗ,117027
2026-05-13,13,Деснянський,Троєщина,2026-05-13T12:26:36,2026-05-13T13:57:16,1.5,https://t.me/kievreal1/117031,Від Броварів на Троєщину,117031
2026-05-13,13,Оболонський,Оболонь,2026-05-13T12:26:36,2026-05-13T13:57:16,1.5,https://t.me/kievreal1/117034,"Патрульні затримали чоловіка, який вчинив стрілянину в Оболонському районі Між чоловікам виник конфлікт, під час якого один із них здійснив…",117034
2026-05-13,19,Святошинський,Академмістечко,2026-05-13T19:01:31,2026-05-13T20:14:19,1.2,https://t.me/kievreal1/117087,"🚇 У бік центру Києва рух поїздів червоною гілкою метро здійснюється зі ст. м. Академмістечко до Театральної У зворотному напрямку, із центр…",117087
2026-05-13,20,Печерський,Центр,2026-05-13T19:01:31,2026-05-13T20:14:19,1.2,https://t.me/kievreal1/117097,Майже вщент вигорів автомобіль в центрі Києва біля Бессарабської площі,117097
2026-05-14,2,Дарницький,Осокорки,2026-05-14T00:50:35,2026-05-14T08:43:13,7.9,https://t.me/kievreal1/117135,1х Осокорки/Бортничі. Детально про рух шахедів - https://t.me/+8npgfltbb1wzMTUy,117135
2026-05-14,2,Дніпровський,ДВРЗ,2026-05-14T00:50:35,2026-05-14T08:43:13,7.9,https://t.me/kievreal1/117138,ДВРЗ,117138
2026-05-14,2,Дарницький,Бортничі,2026-05-14T00:50:35,2026-05-14T08:43:13,7.9,https://t.me/kievreal1/117140,БПЛА на Бориспіль та Бортничі,117140
2026-05-14,3,Голосіївський,Голосіїв,2026-05-14T00:50:35,2026-05-14T08:43:13,7.9,https://t.me/kievreal1/117151,Київ : 3х БпЛА курсом на Голосіїв БпЛА курсом на Нижні Сади 2х БпЛА курсом на Рембазу 5х БпЛА південніше Василькова на Фастів Підтримати ка…,117151
2026-05-14,3,Дарницький,Рембаза,2026-05-14T00:50:35,2026-05-14T08:43:13,7.9,https://t.me/kievreal1/117151,Київ : 3х БпЛА курсом на Голосіїв БпЛА курсом на Нижні Сади 2х БпЛА курсом на Рембазу 5х БпЛА південніше Василькова на Фастів Підтримати ка…,117151
2026-05-14,3,Голосіївський,Теремки,2026-05-14T00:50:35,2026-05-14T08:43:13,7.9,https://t.me/kievreal1/117153,"Печерськ, Теремки",117153
2026-05-14,3,Печерський,Печерськ,2026-05-14T00:50:35,2026-05-14T08:43:13,7.9,https://t.me/kievreal1/117153,"Печерськ, Теремки",117153
2026-05-14,3,Голосіївський,Голосіїв,2026-05-14T00:50:35,2026-05-14T08:43:13,7.9,https://t.me/kievreal1/117164,У Дніпровському районі внаслідок падіння уламків БпЛА сталося загоряння на даху 5-поверхового житлового будинку. У Голосіївському уламки вп…,117164
2026-05-14,3,Дніпровський,Дніпровський,2026-05-14T00:50:35,2026-05-14T08:43:13,7.9,https://t.me/kievreal1/117164,У Дніпровському районі внаслідок падіння уламків БпЛА сталося загоряння на даху 5-поверхового житлового будинку. У Голосіївському уламки вп…,117164
2026-05-14,3,Оболонський,Оболонь,2026-05-14T00:50:35,2026-05-14T08:43:13,7.9,https://t.me/kievreal1/117169,Ракета на Оболонь,117169
2026-05-14,3,Оболонський,Оболонь,2026-05-14T00:50:35,2026-05-14T08:43:13,7.9,https://t.me/kievreal1/117170,"В Оболонському районі також фіксуємо наслідки атаки. Є пошкодження нежитлової будівлі, інформація про постраждалих уточнюється.",117170
2026-05-14,3,Дніпровський,Дніпровський,2026-05-14T00:50:35,2026-05-14T08:43:13,7.9,https://t.me/kievreal1/117174,Віталій Кличко: На Оболоні падіння уламків ракети на нежитлове приміщення У Соломʼянському районі на парковці біля бізнес-центру палає авто…,117174
2026-05-14,3,Солом'янський,Солом'янка,2026-05-14T00:50:35,2026-05-14T08:43:13,7.9,https://t.me/kievreal1/117174,Віталій Кличко: На Оболоні падіння уламків ракети на нежитлове приміщення У Соломʼянському районі на парковці біля бізнес-центру палає авто…,117174
2026-05-14,3,Дарницький,ТЕЦ-5,2026-05-14T00:50:35,2026-05-14T08:43:13,7.9,https://t.me/kievreal1/117182,"Ракети на ТЕЦ 5, 6",117182
2026-05-14,4,Деснянський,Троєщина,2026-05-14T00:50:35,2026-05-14T08:43:13,7.9,https://t.me/kievreal1/117184,Шахеди на Троєщину,117184
2026-05-14,4,Дарницький,Дарниця,2026-05-14T00:50:35,2026-05-14T08:43:13,7.9,https://t.me/kievreal1/117186,В Оболонському районі уламки впали на триповерхову будівлю паркінгу та на будівлю бізнес-центру. Також є влучання уламків в квартиру на 12-…,117186
2026-05-14,4,Оболонський,Оболонь,2026-05-14T00:50:35,2026-05-14T08:43:13,7.9,https://t.me/kievreal1/117186,В Оболонському районі уламки впали на триповерхову будівлю паркінгу та на будівлю бізнес-центру. Також є влучання уламків в квартиру на 12-…,117186
2026-05-14,4,Солом'янський,Солом'янка,2026-05-14T00:50:35,2026-05-14T08:43:13,7.9,https://t.me/kievreal1/117186,В Оболонському районі уламки впали на триповерхову будівлю паркінгу та на будівлю бізнес-центру. Також є влучання уламків в квартиру на 12-…,117186
2026-05-14,4,Дарницький,Дарниця,2026-05-14T00:50:35,2026-05-14T08:43:13,7.9,https://t.me/kievreal1/117187,"У Києві обвалився будинок на Дарниці, після прильоту, під завалами — заблоковані люди, — КМВА.",117187
2026-05-14,4,Дарницький,Дарниця,2026-05-14T00:50:35,2026-05-14T08:43:13,7.9,https://t.me/kievreal1/117189,"У Дарницькому районі, за попередньою інформацією, обвалилися конструкції в житловому будинку. Там можуть бути заблоковані люди. Рятувальник…",117189
2026-05-14,4,Дніпровський,Дніпровський,2026-05-14T00:50:35,2026-05-14T08:43:13,7.9,https://t.me/kievreal1/117189,"У Дарницькому районі, за попередньою інформацією, обвалилися конструкції в житловому будинку. Там можуть бути заблоковані люди. Рятувальник…",117189
2026-05-14,4,Дарницький,Дарниця,2026-05-14T00:50:35,2026-05-14T08:43:13,7.9,https://t.me/kievreal1/117196,"У Дарницькому районі, де обвалилися конструкції житлового будинку і під завалами перебувають люди, триває пошуково-рятувальна операція. Всі…",117196
2026-05-14,4,Голосіївський,Голосіїв,2026-05-14T00:50:35,2026-05-14T08:43:13,7.9,https://t.me/kievreal1/117197,У Голосіївському районі сталося падіння уламків на будівлю бізнес-центру. У Дніпровському загоряння гаражів та припаркованого авто. На Обол…,117197
2026-05-14,4,Дніпровський,Дніпровський,2026-05-14T00:50:35,2026-05-14T08:43:13,7.9,https://t.me/kievreal1/117197,У Голосіївському районі сталося падіння уламків на будівлю бізнес-центру. У Дніпровському загоряння гаражів та припаркованого авто. На Обол…,117197
2026-05-14,4,Дарницький,Дарниця,2026-05-14T00:50:35,2026-05-14T08:43:13,7.9,https://t.me/kievreal1/117198,"У Дарницькому районі, де обвалилися конструкції житлового будинку і під завалами перебувають люди, триває пошуково-рятувальна операція. Всі…",117198
2026-05-14,5,Голосіївський,Голосіїв,2026-05-14T00:50:35,2026-05-14T08:43:13,7.9,https://t.me/kievreal1/117212,❗️ Сьогодні росія підступно атакувала Київ. Внаслідок обстрілу пошкоджені житлові забудови та цивільна інфраструктура у кількох районах міс…,117212
2026-05-14,5,Дарницький,Дарниця,2026-05-14T00:50:35,2026-05-14T08:43:13,7.9,https://t.me/kievreal1/117212,❗️ Сьогодні росія підступно атакувала Київ. Внаслідок обстрілу пошкоджені житлові забудови та цивільна інфраструктура у кількох районах міс…,117212
2026-05-14,5,Дніпровський,Дніпровський,2026-05-14T00:50:35,2026-05-14T08:43:13,7.9,https://t.me/kievreal1/117212,❗️ Сьогодні росія підступно атакувала Київ. Внаслідок обстрілу пошкоджені житлові забудови та цивільна інфраструктура у кількох районах міс…,117212
2026-05-14,5,Оболонський,Оболонь,2026-05-14T00:50:35,2026-05-14T08:43:13,7.9,https://t.me/kievreal1/117212,❗️ Сьогодні росія підступно атакувала Київ. Внаслідок обстрілу пошкоджені житлові забудови та цивільна інфраструктура у кількох районах міс…,117212
2026-05-14,5,Святошинський,Святошин,2026-05-14T00:50:35,2026-05-14T08:43:13,7.9,https://t.me/kievreal1/117212,❗️ Сьогодні росія підступно атакувала Київ. Внаслідок обстрілу пошкоджені житлові забудови та цивільна інфраструктура у кількох районах міс…,117212
2026-05-14,5,Солом'янський,Солом'янка,2026-05-14T00:50:35,2026-05-14T08:43:13,7.9,https://t.me/kievreal1/117212,❗️ Сьогодні росія підступно атакувала Київ. Внаслідок обстрілу пошкоджені житлові забудови та цивільна інфраструктура у кількох районах міс…,117212
2026-05-14,6,Дарницький,Дарниця,2026-05-14T00:50:35,2026-05-14T08:43:13,7.9,https://t.me/kievreal1/117224,"Кадри порятунку людини у Дарницькому районі Києва , де обвалились конструкції багатоповерхового житлового будинку.",117224
2026-05-14,6,Дніпровський,ДВРЗ,2026-05-14T00:50:35,2026-05-14T08:43:13,7.9,https://t.me/kievreal1/117230,"Київ : Шахед на ДВРЗ Підтримати канал, буду вдячний Вам: https://base.monobank.ua/4jYdAKEbmcrmLL ➡",117230
2026-05-14,6,Дарницький,Бортничі,2026-05-14T00:50:35,2026-05-14T08:43:13,7.9,https://t.me/kievreal1/117237,БПЛА на Бортничі,117237
2026-05-14,6,Дарницький,Бортничі,2026-05-14T00:50:35,2026-05-14T08:43:13,7.9,https://t.me/kievreal1/117245,Київ : 2х БпЛА курсом на Бортничі 2х БпЛА курсом на Рембазу БпЛА курсом на ДВРЗ,117245
2026-05-14,6,Дніпровський,ДВРЗ,2026-05-14T00:50:35,2026-05-14T08:43:13,7.9,https://t.me/kievreal1/117245,Київ : 2х БпЛА курсом на Бортничі 2х БпЛА курсом на Рембазу БпЛА курсом на ДВРЗ,117245
2026-05-14,6,Дарницький,Бортничі,2026-05-14T00:50:35,2026-05-14T08:43:13,7.9,https://t.me/kievreal1/117248,БпЛА курсом на Биківню БпЛА курсом на Бортничі БпЛА курсом на Троєщину,117248
2026-05-14,6,Деснянський,Троєщина,2026-05-14T00:50:35,2026-05-14T08:43:13,7.9,https://t.me/kievreal1/117248,БпЛА курсом на Биківню БпЛА курсом на Бортничі БпЛА курсом на Троєщину,117248
2026-05-14,6,Дарницький,Дарниця,2026-05-14T00:50:35,2026-05-14T08:43:13,7.9,https://t.me/kievreal1/117249,Так на ранок виглядає зруйнована багатоповерхівка в Дарницькому районі,117249
2026-05-14,6,Оболонський,Оболонь,2026-05-14T00:50:35,2026-05-14T08:43:13,7.9,https://t.me/kievreal1/117251,БПЛА на Оболонь,117251
2026-05-14,6,Деснянський,Троєщина,2026-05-14T00:50:35,2026-05-14T08:43:13,7.9,https://t.me/kievreal1/117252,БпЛА курсом на Вишгород БпЛА курсом на Нивки БпЛА курсом на Троєщину,117252
2026-05-14,6,Шевченківський,Нивки,2026-05-14T00:50:35,2026-05-14T08:43:13,7.9,https://t.me/kievreal1/117252,БпЛА курсом на Вишгород БпЛА курсом на Нивки БпЛА курсом на Троєщину,117252
2026-05-14,7,Голосіївський,Голосіїв,2026-05-14T00:50:35,2026-05-14T08:43:13,7.9,https://t.me/kievreal1/117270,"Наразі відомо про 16 постраждалих та 1 загиблого Під ударом опинилися Шевченківський, Печерський, Дарницький, Дніпровський, Оболонський, Cо…",117270
2026-05-14,7,Дарницький,Дарниця,2026-05-14T00:50:35,2026-05-14T08:43:13,7.9,https://t.me/kievreal1/117270,"Наразі відомо про 16 постраждалих та 1 загиблого Під ударом опинилися Шевченківський, Печерський, Дарницький, Дніпровський, Оболонський, Cо…",117270
2026-05-14,7,Деснянський,Деснянський,2026-05-14T00:50:35,2026-05-14T08:43:13,7.9,https://t.me/kievreal1/117270,"Наразі відомо про 16 постраждалих та 1 загиблого Під ударом опинилися Шевченківський, Печерський, Дарницький, Дніпровський, Оболонський, Cо…",117270
2026-05-14,7,Дніпровський,Дніпровський,2026-05-14T00:50:35,2026-05-14T08:43:13,7.9,https://t.me/kievreal1/117270,"Наразі відомо про 16 постраждалих та 1 загиблого Під ударом опинилися Шевченківський, Печерський, Дарницький, Дніпровський, Оболонський, Cо…",117270
2026-05-14,7,Оболонський,Оболонь,2026-05-14T00:50:35,2026-05-14T08:43:13,7.9,https://t.me/kievreal1/117270,"Наразі відомо про 16 постраждалих та 1 загиблого Під ударом опинилися Шевченківський, Печерський, Дарницький, Дніпровський, Оболонський, Cо…",117270
2026-05-14,7,Печерський,Печерськ,2026-05-14T00:50:35,2026-05-14T08:43:13,7.9,https://t.me/kievreal1/117270,"Наразі відомо про 16 постраждалих та 1 загиблого Під ударом опинилися Шевченківський, Печерський, Дарницький, Дніпровський, Оболонський, Cо…",117270
2026-05-14,7,Святошинський,Святошин,2026-05-14T00:50:35,2026-05-14T08:43:13,7.9,https://t.me/kievreal1/117270,"Наразі відомо про 16 постраждалих та 1 загиблого Під ударом опинилися Шевченківський, Печерський, Дарницький, Дніпровський, Оболонський, Cо…",117270
2026-05-14,7,Шевченківський,Шевченківський,2026-05-14T00:50:35,2026-05-14T08:43:13,7.9,https://t.me/kievreal1/117270,"Наразі відомо про 16 постраждалих та 1 загиблого Під ударом опинилися Шевченківський, Печерський, Дарницький, Дніпровський, Оболонський, Cо…",117270
2026-05-14,7,Дарницький,Дарниця,2026-05-14T00:50:35,2026-05-14T08:43:13,7.9,https://t.me/kievreal1/117278,"🚧 🚌 У Дарницькому районі внаслідок нічної атаки частково змінено рух громадського транспорту Рух організовано без заїзду на ст. м. "" Харків…",117278
2026-05-14,7,Голосіївський,Голосіїв,2026-05-14T00:50:35,2026-05-14T08:43:13,7.9,https://t.me/kievreal1/117279,"Київ : станом на 7:30 відомо про 31 постраждалого, серед них – дитина. Одна людина загинула. У Дарницькому районі рятувальники деблокували …",117279
2026-05-14,7,Дарницький,Дарниця,2026-05-14T00:50:35,2026-05-14T08:43:13,7.9,https://t.me/kievreal1/117279,"Київ : станом на 7:30 відомо про 31 постраждалого, серед них – дитина. Одна людина загинула. У Дарницькому районі рятувальники деблокували …",117279
2026-05-14,7,Оболонський,Оболонь,2026-05-14T00:50:35,2026-05-14T08:43:13,7.9,https://t.me/kievreal1/117279,"Київ : станом на 7:30 відомо про 31 постраждалого, серед них – дитина. Одна людина загинула. У Дарницькому районі рятувальники деблокували …",117279
2026-05-14,7,Дарницький,Дарниця,2026-05-14T00:50:35,2026-05-14T08:43:13,7.9,https://t.me/kievreal1/117283,Панельний 9 поверховий житловий будинок у Дарницькому районі. 18 квартир зруйновані. Триває рятувально-пошукова операція. За попередньою ін…,117283
2026-05-14,8,Оболонський,Оболонь,2026-05-14T00:50:35,2026-05-14T08:43:13,7.9,https://t.me/kievreal1/117292,"В Оболонському районі Києва пошкоджено бізнес-центр На територію самого об'єкту наразі не пускають – працюють поліція, ДСНС та медики. Робо…",117292
2026-05-15,6,Дарницький,Дарниця,2026-05-15T06:13:15,2026-05-15T07:14:25,1.0,https://t.me/kievreal1/117381,"станом на 06:00 24 людини, серед них 3 дитини, загинули в Дарницькому районі через російський удар",117381
2026-05-15,6,Оболонський,Оболонь,2026-05-15T06:13:15,2026-05-15T07:14:25,1.0,https://t.me/kievreal1/117388,Оболонь обережно,117388
2026-05-15,6,Оболонський,Мінський масив,2026-05-15T06:13:15,2026-05-15T07:14:25,1.0,https://t.me/kievreal1/117391,Мінський масив,117391
2026-05-15,6,Оболонський,Оболонь,2026-05-15T06:13:15,2026-05-15T07:14:25,1.0,https://t.me/kievreal1/117392,Оболонь,117392
2026-05-15,11,Печерський,Липки,2026-05-15T11:39:19,2026-05-15T12:44:34,1.1,https://t.me/kievreal1/117426,Липки/Майдан,117426
2026-05-15,11,Солом'янський,Солом'янка,2026-05-15T11:39:19,2026-05-15T12:44:34,1.1,https://t.me/kievreal1/117427,Солома,117427
2026-05-15,11,Солом'янський,Жуляни,2026-05-15T11:39:19,2026-05-15T12:44:34,1.1,https://t.me/kievreal1/117428,Жуляни,117428
2026-05-15,18,Оболонський,Оболонь,2026-05-15T18:26:55,2026-05-15T18:40:37,0.2,https://t.me/kievreal1/117457,Оболонь уважно,117457
2026-05-16,11,Подільський,Контрактова,2026-05-16T10:47:30,2026-05-16T11:06:34,0.3,https://t.me/kievreal1/117513,"Тим часом на Контрактовій площі продовжують розбирати Колесо огляду 🔥‍💥 🤫 маєте свої кадри – надсилайте нам, опублікуємо - @novosti_kieva_…",117513
2026-05-16,23,Дарницький,Рембаза,2026-05-16T23:01:15,2026-05-16T23:25:45,0.4,https://t.me/kievreal1/117561,БПЛА на Рембазу,117561
2026-05-17,13,Дарницький,Бортничі,2026-05-17T13:20:49,2026-05-17T14:06:59,0.8,https://t.me/kievreal1/117594,Бортничі,117594
2026-05-17,13,Дарницький,Бортничі,2026-05-17T13:20:49,2026-05-17T14:06:59,0.8,https://t.me/kievreal1/117595,Бортничі,117595
2026-05-21,17,Дніпровський,ДВРЗ,2026-05-21T16:58:33,2026-05-21T17:19:17,0.3,https://t.me/kievreal1/117940,На ДВРЗ,117940
2026-05-21,17,Дарницький,Дарниця,2026-05-21T16:58:33,2026-05-21T17:19:17,0.3,https://t.me/kievreal1/117943,Дарниця - уважно. Йде низько,117943
2026-05-21,17,Печерський,Липки,2026-05-21T16:58:33,2026-05-21T17:19:17,0.3,https://t.me/kievreal1/117946,"Липки, центр",117946
2026-05-21,17,Солом'янський,Жуляни,2026-05-21T16:58:33,2026-05-21T17:19:17,0.3,https://t.me/kievreal1/117948,"Жуляни, Совки - у ваш бік Стежити за траєкторією - t.me/kyiv_radar",117948
2026-05-21,17,Святошинський,Борщагівка,2026-05-21T16:58:33,2026-05-21T17:19:17,0.3,https://t.me/kievreal1/117949,"На Вишневе, Борщагівки",117949
2026-05-23,4,Святошинський,Академмістечко,2026-05-23T04:02:15,2026-05-23T04:28:40,0.4,https://t.me/kievreal1/118044,БпЛА курсом на Академмістечко,118044
2026-05-23,4,Солом'янський,Жуляни,2026-05-23T04:02:15,2026-05-23T04:28:40,0.4,https://t.me/kievreal1/118045,БПЛА на Жуляни Слідкувати за шахедами в реальному часі - t.me/+8npgfltbb1wzMTUy,118045
2026-05-23,7,Деснянський,Троєщина,2026-05-23T07:02:10,2026-05-23T08:27:40,1.4,https://t.me/kievreal1/118065,Троєщина - гучно,118065
2026-05-23,7,Шевченківський,Лук'янівка,2026-05-23T07:02:10,2026-05-23T08:27:40,1.4,https://t.me/kievreal1/118067,БпЛА курсом на Лукʼянівку,118067
2026-05-23,7,Солом'янський,Солом'янка,2026-05-23T07:02:10,2026-05-23T08:27:40,1.4,https://t.me/kievreal1/118068,БпЛА курсом на Соломʼянку,118068
2026-05-23,7,Солом'янський,Совки,2026-05-23T07:02:10,2026-05-23T08:27:40,1.4,https://t.me/kievreal1/118069,БпЛА курсом на Совки,118069
2026-05-23,7,Солом'янський,Жуляни,2026-05-23T07:02:10,2026-05-23T08:27:40,1.4,https://t.me/kievreal1/118071,Жуляни,118071
2026-05-23,7,Голосіївський,Голосіїв,2026-05-23T07:02:10,2026-05-23T08:27:40,1.4,https://t.me/kievreal1/118076,"БПЛА повертає на Вишневе, Голосіїв/Жуляни",118076
2026-05-23,7,Солом'янський,Жуляни,2026-05-23T07:02:10,2026-05-23T08:27:40,1.4,https://t.me/kievreal1/118076,"БПЛА повертає на Вишневе, Голосіїв/Жуляни",118076
2026-05-23,21,Деснянський,ТЕЦ-6,2026-05-23T21:08:18,2026-05-23T22:27:09,1.3,https://t.me/kievreal1/118115,ТЕЦ-6,118115
2026-05-23,21,Деснянський,Троєщина,2026-05-23T21:08:18,2026-05-23T22:27:09,1.3,https://t.me/kievreal1/118120,Троя/Вишгород,118120
2026-05-24,0,Голосіївський,Конча-Заспа,2026-05-24T00:32:01,2026-05-24T05:41:06,5.2,https://t.me/kievreal1/118145,"Козин, Конча-Заспа - БПЛА",118145
2026-05-24,1,Подільський,Поділ,2026-05-24T00:32:01,2026-05-24T05:41:06,5.2,https://t.me/kievreal1/118160,"За попередньою інформацією, падіння уламків є в Подільському районі, на території нежитлової забудови. Та в Шевченківському районі - попере…",118160
2026-05-24,1,Шевченківський,Шевченківський,2026-05-24T00:32:01,2026-05-24T05:41:06,5.2,https://t.me/kievreal1/118160,"За попередньою інформацією, падіння уламків є в Подільському районі, на території нежитлової забудови. Та в Шевченківському районі - попере…",118160
2026-05-24,1,Подільський,Поділ,2026-05-24T00:32:01,2026-05-24T05:41:06,5.2,https://t.me/kievreal1/118167,Виклик медиків у Подільський район. Бригада виїхала.,118167
2026-05-24,1,Подільський,Поділ,2026-05-24T00:32:01,2026-05-24T05:41:06,5.2,https://t.me/kievreal1/118175,"Внаслідок атаки ворога у Шевченківському районі уламки ракети впали на 24-поверховий будинок, є руйнування, без пожежі. Також у Шевченківсь…",118175
2026-05-24,1,Шевченківський,Шевченківський,2026-05-24T00:32:01,2026-05-24T05:41:06,5.2,https://t.me/kievreal1/118175,"Внаслідок атаки ворога у Шевченківському районі уламки ракети впали на 24-поверховий будинок, є руйнування, без пожежі. Також у Шевченківсь…",118175
2026-05-24,1,Подільський,Поділ,2026-05-24T00:32:01,2026-05-24T05:41:06,5.2,https://t.me/kievreal1/118176,"Надходять повідомлення про пожежу в Подільському районі. Традиційно для росіян - під ударом цивільна інфраструктура. Триває масована атака,…",118176
2026-05-24,1,Подільський,Поділ,2026-05-24T00:32:01,2026-05-24T05:41:06,5.2,https://t.me/kievreal1/118177,Також падіння уламків за іншою адресою у Подільському районі. Палає нежитлова будівля. Із Шевченківського району медики госпіталізували одн…,118177
2026-05-24,1,Шевченківський,Шевченківський,2026-05-24T00:32:01,2026-05-24T05:41:06,5.2,https://t.me/kievreal1/118177,Також падіння уламків за іншою адресою у Подільському районі. Палає нежитлова будівля. Із Шевченківського району медики госпіталізували одн…,118177
2026-05-24,1,Голосіївський,Теремки,2026-05-24T00:32:01,2026-05-24T05:41:06,5.2,https://t.me/kievreal1/118181,Шахед на Жуляни/Теремки,118181
2026-05-24,1,Солом'янський,Жуляни,2026-05-24T00:32:01,2026-05-24T05:41:06,5.2,https://t.me/kievreal1/118181,Шахед на Жуляни/Теремки,118181
2026-05-24,1,Шевченківський,Шевченківський,2026-05-24T00:32:01,2026-05-24T05:41:06,5.2,https://t.me/kievreal1/118182,У Шевченківському районі оперативно ліквідували пожежу на пошкодженій газовій трубі між житловими будинками. Пошкоджене скління в кількох б…,118182
2026-05-24,1,Деснянський,Троєщина,2026-05-24T00:32:01,2026-05-24T05:41:06,5.2,https://t.me/kievreal1/118187,БпЛА курсом на Жуляни 2х БпЛА курсом на Білогородку 2х БпЛА курсом на Виноградар 3х БпЛА курсом на Троєщину,118187
2026-05-24,1,Подільський,Виноградар,2026-05-24T00:32:01,2026-05-24T05:41:06,5.2,https://t.me/kievreal1/118187,БпЛА курсом на Жуляни 2х БпЛА курсом на Білогородку 2х БпЛА курсом на Виноградар 3х БпЛА курсом на Троєщину,118187
2026-05-24,1,Солом'янський,Жуляни,2026-05-24T00:32:01,2026-05-24T05:41:06,5.2,https://t.me/kievreal1/118187,БпЛА курсом на Жуляни 2х БпЛА курсом на Білогородку 2х БпЛА курсом на Виноградар 3х БпЛА курсом на Троєщину,118187
2026-05-24,1,Деснянський,Троєщина,2026-05-24T00:32:01,2026-05-24T05:41:06,5.2,https://t.me/kievreal1/118188,Київ : БпЛА курсом на Бровари 3х БпЛА курсом на Троєщину 3х БпЛА курсом на Коцюбинське 2х БпЛА курсом на Боярку БпЛА курсом на Борову 4х Бп…,118188
2026-05-24,2,Солом'янський,Солом'янка,2026-05-24T00:32:01,2026-05-24T05:41:06,5.2,https://t.me/kievreal1/118191,В Соломʼянському районі пошкоджено приватний житловий будинок. Служби слідують. Уточнюється інформація щодо поранених.,118191
2026-05-24,2,Дарницький,Дарниця,2026-05-24T00:32:01,2026-05-24T05:41:06,5.2,https://t.me/kievreal1/118193,"Наразі троє постраждалих у столиці. Одного з них медики госпіталізували, двом надали допомогу на місці. Також є виклик медиків у Дарницький…",118193
2026-05-24,2,Солом'янський,Солом'янка,2026-05-24T00:32:01,2026-05-24T05:41:06,5.2,https://t.me/kievreal1/118193,"Наразі троє постраждалих у столиці. Одного з них медики госпіталізували, двом надали допомогу на місці. Також є виклик медиків у Дарницький…",118193
2026-05-24,2,Дарницький,Дарниця,2026-05-24T00:32:01,2026-05-24T05:41:06,5.2,https://t.me/kievreal1/118195,У Дарницькому районі уламки впали на дах 24-поверхового житлового будинку. Пожежі немає Екстрені служби прямують на місце.,118195
2026-05-24,2,Шевченківський,Шевченківський,2026-05-24T00:32:01,2026-05-24T05:41:06,5.2,https://t.me/kievreal1/118197,У Шевченківському районі рештки повітряної цілі впали на території школи.,118197
2026-05-24,2,Деснянський,Троєщина,2026-05-24T00:32:01,2026-05-24T05:41:06,5.2,https://t.me/kievreal1/118198,БпЛА курсом на Троєщину БпЛА курсом на Гостомель,118198
2026-05-24,2,Деснянський,Троєщина,2026-05-24T00:32:01,2026-05-24T05:41:06,5.2,https://t.me/kievreal1/118205,"Вишгород, Оболонь, Троєщина обережно",118205
2026-05-24,2,Оболонський,Оболонь,2026-05-24T00:32:01,2026-05-24T05:41:06,5.2,https://t.me/kievreal1/118205,"Вишгород, Оболонь, Троєщина обережно",118205
2026-05-24,2,Подільський,Виноградар,2026-05-24T00:32:01,2026-05-24T05:41:06,5.2,https://t.me/kievreal1/118207,Виноградар,118207
2026-05-24,2,Святошинський,Борщагівка,2026-05-24T00:32:01,2026-05-24T05:41:06,5.2,https://t.me/kievreal1/118208,Борщагівки,118208
2026-05-24,2,Святошинський,Борщагівка,2026-05-24T00:32:01,2026-05-24T05:41:06,5.2,https://t.me/kievreal1/118210,"Київ : БпЛА на Вишгород 8х БпЛА на Софіївку Борщагівку 5х БпЛА на Жуляни 4х БпЛА на Бровари 5х БпЛА на Васильків Підтримати канал, буду вдя…",118210
2026-05-24,2,Солом'янський,Жуляни,2026-05-24T00:32:01,2026-05-24T05:41:06,5.2,https://t.me/kievreal1/118210,"Київ : БпЛА на Вишгород 8х БпЛА на Софіївку Борщагівку 5х БпЛА на Жуляни 4х БпЛА на Бровари 5х БпЛА на Васильків Підтримати канал, буду вдя…",118210
2026-05-24,2,Святошинський,Борщагівка,2026-05-24T00:32:01,2026-05-24T05:41:06,5.2,https://t.me/kievreal1/118214,"Київ : 3 шахеди на Жуляни, Теремки. 3 шахеди на Сирець, Нивки, Святошин. 2 шахеди на Дарницю з Лісового масиву. 1 шахед з Троєщини на Воскр…",118214
2026-05-24,2,Голосіївський,Теремки,2026-05-24T00:32:01,2026-05-24T05:41:06,5.2,https://t.me/kievreal1/118214,"Київ : 3 шахеди на Жуляни, Теремки. 3 шахеди на Сирець, Нивки, Святошин. 2 шахеди на Дарницю з Лісового масиву. 1 шахед з Троєщини на Воскр…",118214
2026-05-24,2,Деснянський,Троєщина,2026-05-24T00:32:01,2026-05-24T05:41:06,5.2,https://t.me/kievreal1/118214,"Київ : 3 шахеди на Жуляни, Теремки. 3 шахеди на Сирець, Нивки, Святошин. 2 шахеди на Дарницю з Лісового масиву. 1 шахед з Троєщини на Воскр…",118214
2026-05-24,2,Дніпровський,Лівобережний,2026-05-24T00:32:01,2026-05-24T05:41:06,5.2,https://t.me/kievreal1/118214,"Київ : 3 шахеди на Жуляни, Теремки. 3 шахеди на Сирець, Нивки, Святошин. 2 шахеди на Дарницю з Лісового масиву. 1 шахед з Троєщини на Воскр…",118214
2026-05-24,2,Солом'янський,Відрадний,2026-05-24T00:32:01,2026-05-24T05:41:06,5.2,https://t.me/kievreal1/118214,"Київ : 3 шахеди на Жуляни, Теремки. 3 шахеди на Сирець, Нивки, Святошин. 2 шахеди на Дарницю з Лісового масиву. 1 шахед з Троєщини на Воскр…",118214
2026-05-24,2,Шевченківський,Лук'янівка,2026-05-24T00:32:01,2026-05-24T05:41:06,5.2,https://t.me/kievreal1/118214,"Київ : 3 шахеди на Жуляни, Теремки. 3 шахеди на Сирець, Нивки, Святошин. 2 шахеди на Дарницю з Лісового масиву. 1 шахед з Троєщини на Воскр…",118214
2026-05-24,2,Деснянський,Троєщина,2026-05-24T00:32:01,2026-05-24T05:41:06,5.2,https://t.me/kievreal1/118221,"Оболонь, Троя - БПЛА до вас",118221
2026-05-24,2,Оболонський,Оболонь,2026-05-24T00:32:01,2026-05-24T05:41:06,5.2,https://t.me/kievreal1/118221,"Оболонь, Троя - БПЛА до вас",118221
2026-05-24,3,Деснянський,Деснянський,2026-05-24T00:32:01,2026-05-24T05:41:06,5.2,https://t.me/kievreal1/118233,У Шевченківському районі влучання БпЛА в 9-поверховий житловий будинок на рівні 3-4 поверхів. В Оболонському — влучання в нежитлову будівлю…,118233
2026-05-24,3,Оболонський,Оболонь,2026-05-24T00:32:01,2026-05-24T05:41:06,5.2,https://t.me/kievreal1/118233,У Шевченківському районі влучання БпЛА в 9-поверховий житловий будинок на рівні 3-4 поверхів. В Оболонському — влучання в нежитлову будівлю…,118233
2026-05-24,3,Шевченківський,Шевченківський,2026-05-24T00:32:01,2026-05-24T05:41:06,5.2,https://t.me/kievreal1/118233,У Шевченківському районі влучання БпЛА в 9-поверховий житловий будинок на рівні 3-4 поверхів. В Оболонському — влучання в нежитлову будівлю…,118233
2026-05-24,3,Солом'янський,Жуляни,2026-05-24T00:32:01,2026-05-24T05:41:06,5.2,https://t.me/kievreal1/118234,Ракета на Жуляни,118234
2026-05-24,3,Святошинський,Борщагівка,2026-05-24T00:32:01,2026-05-24T05:41:06,5.2,https://t.me/kievreal1/118237,2х БпЛА курсом на Бровари БпЛА курсом на Борщагівку БпЛА курсом на Васильків БпЛА курсом на Кагарлик БпЛА курсом на Узин,118237
2026-05-24,3,Деснянський,Деснянський,2026-05-24T00:32:01,2026-05-24T05:41:06,5.2,https://t.me/kievreal1/118240,У Деснянському районі влучання БпЛА в будівлю супермаркету. В Оболонському — влучання БпЛА в 16-поверховий житловий будинок на рівні 12-13 …,118240
2026-05-24,3,Дніпровський,Дніпровський,2026-05-24T00:32:01,2026-05-24T05:41:06,5.2,https://t.me/kievreal1/118240,У Деснянському районі влучання БпЛА в будівлю супермаркету. В Оболонському — влучання БпЛА в 16-поверховий житловий будинок на рівні 12-13 …,118240
2026-05-24,3,Оболонський,Оболонь,2026-05-24T00:32:01,2026-05-24T05:41:06,5.2,https://t.me/kievreal1/118240,У Деснянському районі влучання БпЛА в будівлю супермаркету. В Оболонському — влучання БпЛА в 16-поверховий житловий будинок на рівні 12-13 …,118240
2026-05-24,3,Оболонський,Оболонь,2026-05-24T00:32:01,2026-05-24T05:41:06,5.2,https://t.me/kievreal1/118245,"В Оболонському районі ворожий БпЛА впав та загорівся біля житлового будинку. За попередньою інформацією, вогонь розповсюдився і на будинок.…",118245
2026-05-24,3,Дарницький,Дарниця,2026-05-24T00:32:01,2026-05-24T05:41:06,5.2,https://t.me/kievreal1/118247,У Дарницькому районі влучання на території нежитлової забудови. У Дніпровському падіння БпЛА на складську будівлю. А також на територію гар…,118247
2026-05-24,3,Дніпровський,Дніпровський,2026-05-24T00:32:01,2026-05-24T05:41:06,5.2,https://t.me/kievreal1/118247,У Дарницькому районі влучання на території нежитлової забудови. У Дніпровському падіння БпЛА на складську будівлю. А також на територію гар…,118247
2026-05-24,3,Голосіївський,Конча-Заспа,2026-05-24T00:32:01,2026-05-24T05:41:06,5.2,https://t.me/kievreal1/118259,БпЛА курсом на Троєщину БпЛА курсом на Конча-Заспу,118259
2026-05-24,3,Деснянський,Троєщина,2026-05-24T00:32:01,2026-05-24T05:41:06,5.2,https://t.me/kievreal1/118259,БпЛА курсом на Троєщину БпЛА курсом на Конча-Заспу,118259
2026-05-24,3,Солом'янський,Жуляни,2026-05-24T00:32:01,2026-05-24T05:41:06,5.2,https://t.me/kievreal1/118269,4х Групи КР курсом на Вишневе Група КР курсом на Жуляни,118269
2026-05-24,3,Святошинський,Святошин,2026-05-24T00:32:01,2026-05-24T05:41:06,5.2,https://t.me/kievreal1/118272,2 ракети на Святошин 1 на Гатне,118272
2026-05-24,3,Шевченківський,Нивки,2026-05-24T00:32:01,2026-05-24T05:41:06,5.2,https://t.me/kievreal1/118273,Група КР курсом на Нивки,118273
2026-05-24,4,Шевченківський,Шевченківський,2026-05-24T00:32:01,2026-05-24T05:41:06,5.2,https://t.me/kievreal1/118279,"У Шевченківському районі сталося влучання біля однієї зі шкіл. В укритті школи перебувають люди. За попередньою інформацією, вхід в укриття…",118279
2026-05-24,4,Солом'янський,Відрадний,2026-05-24T00:32:01,2026-05-24T05:41:06,5.2,https://t.me/kievreal1/118280,Група КР курсом на Шулявку Група КР курсом на Відрадний,118280
2026-05-24,4,Голосіївський,Теремки,2026-05-24T00:32:01,2026-05-24T05:41:06,5.2,https://t.me/kievreal1/118298,"Жуляни, Теремки - обережно по ракетах",118298
2026-05-24,4,Солом'янський,Жуляни,2026-05-24T00:32:01,2026-05-24T05:41:06,5.2,https://t.me/kievreal1/118298,"Жуляни, Теремки - обережно по ракетах",118298
2026-05-24,4,Шевченківський,Шевченківський,2026-05-24T00:32:01,2026-05-24T05:41:06,5.2,https://t.me/kievreal1/118299,У Шевченківському районі також влучання в офісний центр. Там пожежа.,118299
2026-05-24,4,Солом'янський,Жуляни,2026-05-24T00:32:01,2026-05-24T05:41:06,5.2,https://t.me/kievreal1/118300,Група КР курсом на Жуляни Група КР курсом на Українку,118300
2026-05-24,5,Солом'янський,Жуляни,2026-05-24T00:32:01,2026-05-24T05:41:06,5.2,https://t.me/kievreal1/118309,Ракета на Жуляни,118309
2026-05-24,5,Солом'янський,Шулявка,2026-05-24T00:32:01,2026-05-24T05:41:06,5.2,https://t.me/kievreal1/118310,Група КР курсом на Шулявку Група КР курсом на Вишневе,118310
2026-05-24,5,Шевченківський,Хрещатик,2026-05-24T00:32:01,2026-05-24T05:41:06,5.2,https://t.me/kievreal1/118311,🚇 ❌ Станція “Лукʼянівська” буде тимчасово зачинена для пасажирських перевезень через пошкодження вибуховою хвилею наземного вестибюлю Унасл…,118311
2026-05-24,5,Шевченківський,Шевченківський,2026-05-24T00:32:01,2026-05-24T05:41:06,5.2,https://t.me/kievreal1/118323,"У Шевченківському районі зафіксовано влучання в бізнес центр. Попередньо, в укритті заблоковані люди. Служби слідують.",118323
2026-05-24,7,Оболонський,Оболонь,2026-05-24T07:31:54,2026-05-24T07:46:56,0.3,https://t.me/kievreal1/118372,БПЛА на Оболонь,118372
2026-05-24,7,Солом'янський,Жуляни,2026-05-24T07:31:54,2026-05-24T07:46:56,0.3,https://t.me/kievreal1/118374,БПЛА на Жуляни,118374
2026-05-25,10,Деснянський,Троєщина,2026-05-25T10:50:50,2026-05-25T11:07:26,0.3,https://t.me/kievreal1/118624,"Підліт до Троєщини. Попередньо, розвідка Стежити за траєкторією - t.me/kyiv_radar",118624
2026-05-25,10,Дніпровський,Воскресенка,2026-05-25T10:50:50,2026-05-25T11:07:26,0.3,https://t.me/kievreal1/118625,Воскресенка,118625
2026-05-25,10,Дніпровський,Воскресенка,2026-05-25T10:50:50,2026-05-25T11:07:26,0.3,https://t.me/kievreal1/118626,Воскресенка,118626
2026-05-26,17,Деснянський,ТЕЦ-6,2026-05-26T17:42:41,2026-05-26T18:06:27,0.4,https://t.me/kievreal1/118738,ТЕЦ-6,118738
2026-06-01,20,Оболонський,Пуща-Водиця,2026-06-01T20:13:59,2026-06-01T20:38:58,0.4,https://t.me/kievreal1/119151,"Пуща Водиця - до вас перший! Виноградар та Мінський, уважно",119151
2026-06-01,20,Подільський,Виноградар,2026-06-01T20:13:59,2026-06-01T20:38:58,0.4,https://t.me/kievreal1/119151,"Пуща Водиця - до вас перший! Виноградар та Мінський, уважно",119151
2026-06-01,20,Оболонський,Оболонь,2026-06-01T20:13:59,2026-06-01T20:38:58,0.4,https://t.me/kievreal1/119155,На Оболонь/ Виноградар,119155
2026-06-01,20,Подільський,Виноградар,2026-06-01T20:13:59,2026-06-01T20:38:58,0.4,https://t.me/kievreal1/119155,На Оболонь/ Виноградар,119155
2026-06-01,20,Шевченківський,Нивки,2026-06-01T20:13:59,2026-06-01T20:38:58,0.4,https://t.me/kievreal1/119156,Нивки - увага 👉,119156
2026-06-01,21,Деснянський,Троєщина,2026-06-01T21:49:55,2026-06-01T22:22:19,0.5,https://t.me/kievreal1/119176,На Воскресенку / Троєщину,119176
2026-06-01,21,Дніпровський,Воскресенка,2026-06-01T21:49:55,2026-06-01T22:22:19,0.5,https://t.me/kievreal1/119176,На Воскресенку / Троєщину,119176
2026-06-02,1,Оболонський,Оболонь,2026-06-02T01:31:18,2026-06-02T04:39:13,3.1,https://t.me/kievreal1/119188,1 БпЛА на Київ Оболонь в укриттях,119188
2026-06-02,1,Подільський,Поділ,2026-06-02T01:31:18,2026-06-02T04:39:13,3.1,https://t.me/kievreal1/119192,"Київ : 1 БпЛА на Поділ Підтримати канал, буду вдячний Вам: https://base.monobank.ua/4jYdAKEbmcrmLL ➡",119192
2026-06-02,2,Подільський,Поділ,2026-06-02T01:31:18,2026-06-02T04:39:13,3.1,https://t.me/kievreal1/119205,"❗️ У Подільському районі внаслідок атаки горять авто, за іншою адресою уламки ракети впали на дах будинку, виникло загоряння та вибило вікн…",119205
2026-06-02,2,Шевченківський,Шевченківський,2026-06-02T01:31:18,2026-06-02T04:39:13,3.1,https://t.me/kievreal1/119214,"❗️ У Шевченківському районі пошкоджено фасад житлового будинку, — ОВА",119214
2026-06-02,2,Святошинський,Святошин,2026-06-02T01:31:18,2026-06-02T04:39:13,3.1,https://t.me/kievreal1/119216,❗️ У Святошинському районі внаслідок падіння уламків пожежа на території нежитлової забудови У Шевченківськом — уламки впали на нежитлову б…,119216
2026-06-02,2,Шевченківський,Шевченківський,2026-06-02T01:31:18,2026-06-02T04:39:13,3.1,https://t.me/kievreal1/119216,❗️ У Святошинському районі внаслідок падіння уламків пожежа на території нежитлової забудови У Шевченківськом — уламки впали на нежитлову б…,119216
2026-06-02,2,Дарницький,Дарниця,2026-06-02T01:31:18,2026-06-02T04:39:13,3.1,https://t.me/kievreal1/119217,"❗️ У Дарницькому районі, внаслідок падіння уламків, загоряння на території АЗС",119217
2026-06-02,2,Оболонський,Оболонь,2026-06-02T01:31:18,2026-06-02T04:39:13,3.1,https://t.me/kievreal1/119218,💡 Перебої зі світлом у Подільському та Оболонському районі. А також — у Святошинському 👉,119218
2026-06-02,2,Подільський,Поділ,2026-06-02T01:31:18,2026-06-02T04:39:13,3.1,https://t.me/kievreal1/119218,💡 Перебої зі світлом у Подільському та Оболонському районі. А також — у Святошинському 👉,119218
2026-06-02,2,Святошинський,Святошин,2026-06-02T01:31:18,2026-06-02T04:39:13,3.1,https://t.me/kievreal1/119218,💡 Перебої зі світлом у Подільському та Оболонському районі. А також — у Святошинському 👉,119218
2026-06-02,3,Подільський,Поділ,2026-06-02T01:31:18,2026-06-02T04:39:13,3.1,https://t.me/kievreal1/119220,"❗️ У Подільському районі сталося руйнування конструкцій багатоповерхового житлового будинку, — ОВА Попередньо, під завалами є люди.",119220
2026-06-02,3,Голосіївський,Голосіїв,2026-06-02T01:31:18,2026-06-02T04:39:13,3.1,https://t.me/kievreal1/119222,Київ : 1 БпЛА на Бучу 1 БпЛА на Голосіїв 1 БпЛА на Лукʼянівку 1 БпЛА на Шулявку 3 БпЛА на Софіївську Борщагівку 1 БпЛА на Відрадний 1 БпЛА …,119222
2026-06-02,3,Солом'янський,Відрадний,2026-06-02T01:31:18,2026-06-02T04:39:13,3.1,https://t.me/kievreal1/119222,Київ : 1 БпЛА на Бучу 1 БпЛА на Голосіїв 1 БпЛА на Лукʼянівку 1 БпЛА на Шулявку 3 БпЛА на Софіївську Борщагівку 1 БпЛА на Відрадний 1 БпЛА …,119222
2026-06-02,3,Шевченківський,Лук'янівка,2026-06-02T01:31:18,2026-06-02T04:39:13,3.1,https://t.me/kievreal1/119222,Київ : 1 БпЛА на Бучу 1 БпЛА на Голосіїв 1 БпЛА на Лукʼянівку 1 БпЛА на Шулявку 3 БпЛА на Софіївську Борщагівку 1 БпЛА на Відрадний 1 БпЛА …,119222
2026-06-02,3,Подільський,Поділ,2026-06-02T01:31:18,2026-06-02T04:39:13,3.1,https://t.me/kievreal1/119223,❗️ На Оболоні уламки впали на території дитсадка. Пожежі та руйнувань немає Медики госпіталізували двох постраждалих в Подільському районі.,119223
2026-06-02,3,Солом'янський,Солом'янка,2026-06-02T01:31:18,2026-06-02T04:39:13,3.1,https://t.me/kievreal1/119224,"❗️ У Соломʼянському районі, внаслідок влучання уламків ймовірно ракети в 15-поверховий житловий будинок, пошкоджені верхні поверхи",119224
2026-06-02,3,Голосіївський,Голосіїв,2026-06-02T01:31:18,2026-06-02T04:39:13,3.1,https://t.me/kievreal1/119225,"❗️ У Голосіївському районі, внаслідок падіння ймовірно уламків ракети, пожежа на території торгівельного майданчика, — ОВА",119225
2026-06-02,3,Шевченківський,Шевченківський,2026-06-02T01:31:18,2026-06-02T04:39:13,3.1,https://t.me/kievreal1/119229,В Шевченківському районі горить будівля сервісного центру,119229
2026-06-02,3,Солом'янський,Солом'янка,2026-06-02T01:31:18,2026-06-02T04:39:13,3.1,https://t.me/kievreal1/119230,У Солом’янському районі зафіксовано займання одноповерхового житлового будинку на території приватної садиби,119230
2026-06-02,3,Шевченківський,Шевченківський,2026-06-02T01:31:18,2026-06-02T04:39:13,3.1,https://t.me/kievreal1/119232,КР на сусідній Черкащині Група КР курсом на Чорнобай Група КР курсом на Смілу 4х Групи КР курсом на Корсунь-Шевченківський Стежити за рухом…,119232
2026-06-02,3,Шевченківський,Шевченківський,2026-06-02T01:31:18,2026-06-02T04:39:13,3.1,https://t.me/kievreal1/119233,КР на сусідній Черкащині Група КР курсом на Чорнобай Група КР курсом на Смілу 4х Групи КР курсом на Корсунь-Шевченківський Стежити за рухом…,119233
2026-06-02,3,Святошинський,Святошин,2026-06-02T01:31:18,2026-06-02T04:39:13,3.1,https://t.me/kievreal1/119236,У Солом’янському районі зафіксовано загоряння в 24-поверховому житловому будинку на рівні 7-го та 8-го поверхів У Святошинському районі ста…,119236
2026-06-02,3,Солом'янський,Солом'янка,2026-06-02T01:31:18,2026-06-02T04:39:13,3.1,https://t.me/kievreal1/119236,У Солом’янському районі зафіксовано загоряння в 24-поверховому житловому будинку на рівні 7-го та 8-го поверхів У Святошинському районі ста…,119236
2026-06-02,3,Голосіївський,Голосіїв,2026-06-02T01:31:18,2026-06-02T04:39:13,3.1,https://t.me/kievreal1/119240,В Голосіївському районі пошкоджено фасад та скління вікон медичного закладу,119240
2026-06-02,3,Голосіївський,Голосіїв,2026-06-02T01:31:18,2026-06-02T04:39:13,3.1,https://t.me/kievreal1/119245,У Шевченківському районі пошкоджено зовнішнє облицювання та скління вікон нежитлової будівлі. На іншій локації в Голосіївському районі зафі…,119245
2026-06-02,3,Шевченківський,Шевченківський,2026-06-02T01:31:18,2026-06-02T04:39:13,3.1,https://t.me/kievreal1/119245,У Шевченківському районі пошкоджено зовнішнє облицювання та скління вікон нежитлової будівлі. На іншій локації в Голосіївському районі зафі…,119245
2026-06-02,3,Голосіївський,Голосіїв,2026-06-02T01:31:18,2026-06-02T04:39:13,3.1,https://t.me/kievreal1/119248,"У Голосіївському районі, в поліклініці, де було влучання та пожежа, сталося руйнування другого та третього поверхів будівлі.",119248
2026-06-02,4,Голосіївський,Голосіїв,2026-06-02T01:31:18,2026-06-02T04:39:13,3.1,https://t.me/kievreal1/119251,Голосіївський район щойно ще один приліт,119251
2026-06-02,4,Солом'янський,Шулявка,2026-06-02T01:31:18,2026-06-02T04:39:13,3.1,https://t.me/kievreal1/119254,1 БпЛА на Шулявку,119254
2026-06-02,4,Голосіївський,Голосіїв,2026-06-02T01:31:18,2026-06-02T04:39:13,3.1,https://t.me/kievreal1/119259,❗️ У Голосіївському районі зафіксовано займання нежитлових споруд Також на іншій локації сталася пожежа на території автопарку.,119259
2026-06-02,4,Голосіївський,Голосіїв,2026-06-02T01:31:18,2026-06-02T04:39:13,3.1,https://t.me/kievreal1/119261,У Подільському районі палаючі уламки впали на відкритій місцевості. Загрози поширення пожежі немає У Святошинському районі сталася пожежа н…,119261
2026-06-02,4,Дарницький,Дарниця,2026-06-02T01:31:18,2026-06-02T04:39:13,3.1,https://t.me/kievreal1/119261,У Подільському районі палаючі уламки впали на відкритій місцевості. Загрози поширення пожежі немає У Святошинському районі сталася пожежа н…,119261
2026-06-02,4,Подільський,Поділ,2026-06-02T01:31:18,2026-06-02T04:39:13,3.1,https://t.me/kievreal1/119261,У Подільському районі палаючі уламки впали на відкритій місцевості. Загрози поширення пожежі немає У Святошинському районі сталася пожежа н…,119261
2026-06-02,4,Святошинський,Святошин,2026-06-02T01:31:18,2026-06-02T04:39:13,3.1,https://t.me/kievreal1/119261,У Подільському районі палаючі уламки впали на відкритій місцевості. Загрози поширення пожежі немає У Святошинському районі сталася пожежа н…,119261
2026-06-02,4,Голосіївський,Голосіїв,2026-06-02T01:31:18,2026-06-02T04:39:13,3.1,https://t.me/kievreal1/119264,У Голосіївському районі пошкоджено будівлю бізнес-центру. Зафіксовано пожежу та часткове руйнування конструкцій.,119264
2026-06-02,4,Подільський,Поділ,2026-06-02T01:31:18,2026-06-02T04:39:13,3.1,https://t.me/kievreal1/119265,"❗️ У Подільському районі, внаслідок падіння уламків ймовірно БпЛА, пожежа на території нежитлової забудови. Із розповсюдженням на територію…",119265
2026-06-02,6,Оболонський,Оболонь,2026-06-02T05:58:36,2026-06-02T06:47:50,0.8,https://t.me/kievreal1/119283,1 реактивний БпЛА на Оболонь,119283
2026-06-02,6,Шевченківський,Сирець,2026-06-02T05:58:36,2026-06-02T06:47:50,0.8,https://t.me/kievreal1/119284,1 БпЛА на Сирець upd: Без фіксації,119284
2026-06-02,6,Голосіївський,Голосіїв,2026-06-02T05:58:36,2026-06-02T06:47:50,0.8,https://t.me/kievreal1/119297,❗️ Внаслідок масованої атаки ворога на столицю пошкодження зафіксовані у різних районах міста Станом на 06:20 2 червня відомо про 51 постра…,119297
2026-06-02,6,Дарницький,Дарниця,2026-06-02T05:58:36,2026-06-02T06:47:50,0.8,https://t.me/kievreal1/119297,❗️ Внаслідок масованої атаки ворога на столицю пошкодження зафіксовані у різних районах міста Станом на 06:20 2 червня відомо про 51 постра…,119297
2026-06-02,6,Оболонський,Оболонь,2026-06-02T05:58:36,2026-06-02T06:47:50,0.8,https://t.me/kievreal1/119297,❗️ Внаслідок масованої атаки ворога на столицю пошкодження зафіксовані у різних районах міста Станом на 06:20 2 червня відомо про 51 постра…,119297
2026-06-02,6,Подільський,Поділ,2026-06-02T05:58:36,2026-06-02T06:47:50,0.8,https://t.me/kievreal1/119297,❗️ Внаслідок масованої атаки ворога на столицю пошкодження зафіксовані у різних районах міста Станом на 06:20 2 червня відомо про 51 постра…,119297
2026-06-02,6,Святошинський,Святошин,2026-06-02T05:58:36,2026-06-02T06:47:50,0.8,https://t.me/kievreal1/119297,❗️ Внаслідок масованої атаки ворога на столицю пошкодження зафіксовані у різних районах міста Станом на 06:20 2 червня відомо про 51 постра…,119297
2026-06-02,6,Солом'янський,Солом'янка,2026-06-02T05:58:36,2026-06-02T06:47:50,0.8,https://t.me/kievreal1/119297,❗️ Внаслідок масованої атаки ворога на столицю пошкодження зафіксовані у різних районах міста Станом на 06:20 2 червня відомо про 51 постра…,119297
2026-06-02,6,Шевченківський,Шевченківський,2026-06-02T05:58:36,2026-06-02T06:47:50,0.8,https://t.me/kievreal1/119297,❗️ Внаслідок масованої атаки ворога на столицю пошкодження зафіксовані у різних районах міста Станом на 06:20 2 червня відомо про 51 постра…,119297
2026-06-02,7,Святошинський,Святошин,2026-06-02T07:15:19,2026-06-02T07:48:56,0.6,https://t.me/kievreal1/119308,"👮‍♀️ Перекрито рух деякими вулицями внаслідок атаки , — поліція ▪️ вулицею Карпатської Січі (від перехрестя з вулицею Сумською до перехрест…",119308
2026-06-02,13,Подільський,Поділ,2026-06-02T12:59:13,2026-06-02T13:28:01,0.5,https://t.me/kievreal1/119360,Йде на Поділ / Центр,119360
2026-06-02,13,Подільський,Поділ,2026-06-02T12:59:13,2026-06-02T13:28:01,0.5,https://t.me/kievreal1/119361,Йде на Поділ / Центр,119361
2026-06-02,13,Оболонський,Оболонь,2026-06-02T12:59:13,2026-06-02T13:28:01,0.5,https://t.me/kievreal1/119362,"Другий підлітає до Києва , курс Оболонь поки 👉",119362
2026-06-02,13,Голосіївський,Деміївка,2026-06-02T12:59:13,2026-06-02T13:28:01,0.5,https://t.me/kievreal1/119365,Деміївка - увага,119365
2026-06-02,13,Солом'янський,Жуляни,2026-06-02T12:59:13,2026-06-02T13:28:01,0.5,https://t.me/kievreal1/119366,На Жуляни,119366
2026-06-02,13,Святошинський,Борщагівка,2026-06-02T12:59:13,2026-06-02T13:28:01,0.5,https://t.me/kievreal1/119369,Борщагівки - обережно! Маневрують,119369
2026-06-02,13,Святошинський,Борщагівка,2026-06-02T12:59:13,2026-06-02T13:28:01,0.5,https://t.me/kievreal1/119372,БпЛА на Нивки від Борщагівки,119372
2026-06-02,13,Шевченківський,Нивки,2026-06-02T12:59:13,2026-06-02T13:28:01,0.5,https://t.me/kievreal1/119372,БпЛА на Нивки від Борщагівки,119372
2026-06-02,13,Подільський,Куренівка,2026-06-02T12:59:13,2026-06-02T13:28:01,0.5,https://t.me/kievreal1/119373,"Куренівка, Виноградар",119373
2026-06-02,13,Оболонський,Оболонь,2026-06-02T12:59:13,2026-06-02T13:28:01,0.5,https://t.me/kievreal1/119375,"Оболонь - у вас, маневрує",119375
2026-06-02,13,Оболонський,Оболонь,2026-06-02T12:59:13,2026-06-02T13:28:01,0.5,https://t.me/kievreal1/119376,"Оболонь - у вас, маневрує",119376
2026-06-02,13,Деснянський,Троєщина,2026-06-02T12:59:13,2026-06-02T13:28:01,0.5,https://t.me/kievreal1/119377,На Троєщину вже,119377
2026-06-02,13,Шевченківський,Лук'янівка,2026-06-02T12:59:13,2026-06-02T13:28:01,0.5,https://t.me/kievreal1/119380,На Лукʼянівку,119380
2026-06-02,13,Солом'янський,КПІ,2026-06-02T12:59:13,2026-06-02T13:28:01,0.5,https://t.me/kievreal1/119381,Цирк/ КПІ,119381
2026-06-02,21,Голосіївський,Конча-Заспа,2026-06-02T21:17:07,2026-06-02T21:41:50,0.4,https://t.me/kievreal1/119429,"Конча-Заспа - до вас, другий в бік Борисполя вже Стежити за рухом БпЛА в області – t.me/kyiv",119429
2026-06-04,9,Деснянський,Троєщина,2026-06-04T09:19:27,2026-06-04T09:35:27,0.3,https://t.me/kievreal1/119529,Два реактивних Шахеда в напрямку Троєщини,119529
2026-06-08,11,Оболонський,Оболонь,2026-06-08T10:34:40,2026-06-08T11:13:54,0.7,https://t.me/kievreal1/119806,"Вибух у поштовому терміналі на Оболоні – повідомлено про підозру чоловіку, який поштою відправляв боєприпаси знайомому Встановлено, що підо…",119806
2026-06-09,20,Деснянський,Троєщина,2026-06-09T20:27:35,2026-06-09T20:48:40,0.4,https://t.me/kievreal1/119880,Троєщина – так і йде в ваш бік! Уважно,119880
2026-06-09,20,Деснянський,ТЕЦ-6,2026-06-09T20:27:35,2026-06-09T20:48:40,0.4,https://t.me/kievreal1/119881,На ТЕЦ-6,119881
2026-06-09,20,Деснянський,ТЕЦ-6,2026-06-09T20:27:35,2026-06-09T20:48:40,0.4,https://t.me/kievreal1/119882,На ТЕЦ-6,119882
2026-06-15,0,Оболонський,Оболонь,2026-06-15T00:38:45,2026-06-15T05:22:41,4.7,https://t.me/kievreal1/120134,Оболонь обережно,120134
2026-06-15,0,Оболонський,Мінський масив,2026-06-15T00:38:45,2026-06-15T05:22:41,4.7,https://t.me/kievreal1/120135,Мінський масив теж Слідкувати за цілями онлайн - https://t.me/+8npgfltbb1wzMTUy,120135
2026-06-15,0,Святошинський,Святошин,2026-06-15T00:38:45,2026-06-15T05:22:41,4.7,https://t.me/kievreal1/120138,У Святошинському районі після вибуху зникло світло,120138
2026-06-15,1,Святошинський,Борщагівка,2026-06-15T00:38:45,2026-06-15T05:22:41,4.7,https://t.me/kievreal1/120140,"Після вибухів зникло світло на Борщагівці, Нивках, Святошино, Виноградарі ➡️ Дивитись ГРАФІКИ ПІДПИСАТИСЬ",120140
2026-06-15,1,Подільський,Виноградар,2026-06-15T00:38:45,2026-06-15T05:22:41,4.7,https://t.me/kievreal1/120140,"Після вибухів зникло світло на Борщагівці, Нивках, Святошино, Виноградарі ➡️ Дивитись ГРАФІКИ ПІДПИСАТИСЬ",120140
2026-06-15,1,Деснянський,Троєщина,2026-06-15T00:38:45,2026-06-15T05:22:41,4.7,https://t.me/kievreal1/120142,БПЛА на Троєщину,120142
2026-06-15,1,Печерський,Печерськ,2026-06-15T00:38:45,2026-06-15T05:22:41,4.7,https://t.me/kievreal1/120144,"Центр, Печерськ",120144
2026-06-15,1,Оболонський,Оболонь,2026-06-15T00:38:45,2026-06-15T05:22:41,4.7,https://t.me/kievreal1/120145,"В Оболонському районі, внаслідок падіння уламків БпЛА, палають автівки.",120145
2026-06-15,1,Дарницький,Осокорки,2026-06-15T00:38:45,2026-06-15T05:22:41,4.7,https://t.me/kievreal1/120148,БПЛА на Осокорки!,120148
2026-06-15,1,Дарницький,Дарниця,2026-06-15T00:38:45,2026-06-15T05:22:41,4.7,https://t.me/kievreal1/120149,Дарниця,120149
2026-06-15,1,Святошинський,Борщагівка,2026-06-15T00:38:45,2026-06-15T05:22:41,4.7,https://t.me/kievreal1/120151,Борщагівки,120151
2026-06-15,1,Голосіївський,Голосіїв,2026-06-15T00:38:45,2026-06-15T05:22:41,4.7,https://t.me/kievreal1/120153,3х БпЛА курсом на Вишневе 2х БпЛА курсом на Вишгород 6х БпЛА курсом на Оболонь 5х БпЛА курсом на Троєщину БпЛА курсом на Пущу-Водицю БпЛА к…,120153
2026-06-15,1,Дарницький,Бортничі,2026-06-15T00:38:45,2026-06-15T05:22:41,4.7,https://t.me/kievreal1/120153,3х БпЛА курсом на Вишневе 2х БпЛА курсом на Вишгород 6х БпЛА курсом на Оболонь 5х БпЛА курсом на Троєщину БпЛА курсом на Пущу-Водицю БпЛА к…,120153
2026-06-15,1,Деснянський,Троєщина,2026-06-15T00:38:45,2026-06-15T05:22:41,4.7,https://t.me/kievreal1/120153,3х БпЛА курсом на Вишневе 2х БпЛА курсом на Вишгород 6х БпЛА курсом на Оболонь 5х БпЛА курсом на Троєщину БпЛА курсом на Пущу-Водицю БпЛА к…,120153
2026-06-15,1,Дніпровський,ДВРЗ,2026-06-15T00:38:45,2026-06-15T05:22:41,4.7,https://t.me/kievreal1/120153,3х БпЛА курсом на Вишневе 2х БпЛА курсом на Вишгород 6х БпЛА курсом на Оболонь 5х БпЛА курсом на Троєщину БпЛА курсом на Пущу-Водицю БпЛА к…,120153
2026-06-15,1,Оболонський,Оболонь,2026-06-15T00:38:45,2026-06-15T05:22:41,4.7,https://t.me/kievreal1/120153,3х БпЛА курсом на Вишневе 2х БпЛА курсом на Вишгород 6х БпЛА курсом на Оболонь 5х БпЛА курсом на Троєщину БпЛА курсом на Пущу-Водицю БпЛА к…,120153
2026-06-15,1,Печерський,Печерськ,2026-06-15T00:38:45,2026-06-15T05:22:41,4.7,https://t.me/kievreal1/120153,3х БпЛА курсом на Вишневе 2х БпЛА курсом на Вишгород 6х БпЛА курсом на Оболонь 5х БпЛА курсом на Троєщину БпЛА курсом на Пущу-Водицю БпЛА к…,120153
2026-06-15,1,Подільський,Поділ,2026-06-15T00:38:45,2026-06-15T05:22:41,4.7,https://t.me/kievreal1/120155,У Подільському районі пожежа в приватному будинку внаслідок влучання уламків БпЛА. Екстрені служби прямують на місце. Також у Подільському …,120155
2026-06-15,1,Оболонський,Оболонь,2026-06-15T00:38:45,2026-06-15T05:22:41,4.7,https://t.me/kievreal1/120164,В Оболонському районі пожежа в багатоквартирному житловому будинку. Екстрені служби прямують на місце.,120164
2026-06-15,1,Оболонський,Оболонь,2026-06-15T00:38:45,2026-06-15T05:22:41,4.7,https://t.me/kievreal1/120170,"У Печерському районі влучання в 5-поверховий житловий будинок. В Оболонському — внаслідок влучання, попередньо, сталася руйнація в житловом…",120170
2026-06-15,1,Печерський,Печерськ,2026-06-15T00:38:45,2026-06-15T05:22:41,4.7,https://t.me/kievreal1/120170,"У Печерському районі влучання в 5-поверховий житловий будинок. В Оболонському — внаслідок влучання, попередньо, сталася руйнація в житловом…",120170
2026-06-15,1,Солом'янський,Солом'янка,2026-06-15T00:38:45,2026-06-15T05:22:41,4.7,https://t.me/kievreal1/120170,"У Печерському районі влучання в 5-поверховий житловий будинок. В Оболонському — внаслідок влучання, попередньо, сталася руйнація в житловом…",120170
2026-06-15,2,Деснянський,Троєщина,2026-06-15T00:38:45,2026-06-15T05:22:41,4.7,https://t.me/kievreal1/120195,1 Циркон на Троєщина/Воскресенка/Лісовий масив,120195
2026-06-15,2,Дніпровський,Воскресенка,2026-06-15T00:38:45,2026-06-15T05:22:41,4.7,https://t.me/kievreal1/120195,1 Циркон на Троєщина/Воскресенка/Лісовий масив,120195
2026-06-15,3,Святошинський,Святошин,2026-06-15T00:38:45,2026-06-15T05:22:41,4.7,https://t.me/kievreal1/120250,БпЛА курсом на Шулявку БпЛА курсом на Лукʼянівку БпЛА курсом на Деміївку БпЛА курсом на Мінський масив БпЛА курсом на Почайну 2х БпЛА курсо…,120250
2026-06-15,3,Солом'янський,Шулявка,2026-06-15T00:38:45,2026-06-15T05:22:41,4.7,https://t.me/kievreal1/120250,БпЛА курсом на Шулявку БпЛА курсом на Лукʼянівку БпЛА курсом на Деміївку БпЛА курсом на Мінський масив БпЛА курсом на Почайну 2х БпЛА курсо…,120250
2026-06-15,3,Шевченківський,Лук'янівка,2026-06-15T00:38:45,2026-06-15T05:22:41,4.7,https://t.me/kievreal1/120250,БпЛА курсом на Шулявку БпЛА курсом на Лукʼянівку БпЛА курсом на Деміївку БпЛА курсом на Мінський масив БпЛА курсом на Почайну 2х БпЛА курсо…,120250
2026-06-15,3,Дарницький,Бортничі,2026-06-15T00:38:45,2026-06-15T05:22:41,4.7,https://t.me/kievreal1/120254,5х БпЛА курсом на Коцюбинське 3х БпЛА курсом на Оболонь 2х БпЛА курсом на Нивки БпЛА курсом на Поділ БпЛА курсом на Почайну 5х БпЛА курсом …,120254
2026-06-15,3,Оболонський,Оболонь,2026-06-15T00:38:45,2026-06-15T05:22:41,4.7,https://t.me/kievreal1/120254,5х БпЛА курсом на Коцюбинське 3х БпЛА курсом на Оболонь 2х БпЛА курсом на Нивки БпЛА курсом на Поділ БпЛА курсом на Почайну 5х БпЛА курсом …,120254
2026-06-15,3,Подільський,Поділ,2026-06-15T00:38:45,2026-06-15T05:22:41,4.7,https://t.me/kievreal1/120254,5х БпЛА курсом на Коцюбинське 3х БпЛА курсом на Оболонь 2х БпЛА курсом на Нивки БпЛА курсом на Поділ БпЛА курсом на Почайну 5х БпЛА курсом …,120254
2026-06-15,3,Шевченківський,Нивки,2026-06-15T00:38:45,2026-06-15T05:22:41,4.7,https://t.me/kievreal1/120254,5х БпЛА курсом на Коцюбинське 3х БпЛА курсом на Оболонь 2х БпЛА курсом на Нивки БпЛА курсом на Поділ БпЛА курсом на Почайну 5х БпЛА курсом …,120254
2026-06-15,3,Святошинський,Святошин,2026-06-15T00:38:45,2026-06-15T05:22:41,4.7,https://t.me/kievreal1/120255,4х БпЛА курсом на Коцюбинське БпЛА курсом на Святошин 5х БпЛА курсом на Дарницю 2х БпЛА курсом на Ірпінь БпЛА курсом на Ворзель,120255
2026-06-15,4,Дарницький,Дарниця,2026-06-15T00:38:45,2026-06-15T05:22:41,4.7,https://t.me/kievreal1/120264,У Дарницькому районі ворог НАВМИСНО вдарив по 25- поверховому житловому будинку.,120264
2026-06-15,4,Голосіївський,Голосіїв,2026-06-15T00:38:45,2026-06-15T05:22:41,4.7,https://t.me/kievreal1/120267,"# Київ : рятувальники ліквідовують наслідки нічної російської атаки У кількох районах столиці зафіксовано пожежі, руйнування та пошкодження…",120267
2026-06-15,4,Дарницький,Дарниця,2026-06-15T00:38:45,2026-06-15T05:22:41,4.7,https://t.me/kievreal1/120267,"# Київ : рятувальники ліквідовують наслідки нічної російської атаки У кількох районах столиці зафіксовано пожежі, руйнування та пошкодження…",120267
2026-06-15,4,Деснянський,Деснянський,2026-06-15T00:38:45,2026-06-15T05:22:41,4.7,https://t.me/kievreal1/120267,"# Київ : рятувальники ліквідовують наслідки нічної російської атаки У кількох районах столиці зафіксовано пожежі, руйнування та пошкодження…",120267
2026-06-15,4,Дніпровський,Дніпровський,2026-06-15T00:38:45,2026-06-15T05:22:41,4.7,https://t.me/kievreal1/120267,"# Київ : рятувальники ліквідовують наслідки нічної російської атаки У кількох районах столиці зафіксовано пожежі, руйнування та пошкодження…",120267
2026-06-15,4,Оболонський,Оболонь,2026-06-15T00:38:45,2026-06-15T05:22:41,4.7,https://t.me/kievreal1/120267,"# Київ : рятувальники ліквідовують наслідки нічної російської атаки У кількох районах столиці зафіксовано пожежі, руйнування та пошкодження…",120267
2026-06-15,4,Печерський,Печерськ,2026-06-15T00:38:45,2026-06-15T05:22:41,4.7,https://t.me/kievreal1/120267,"# Київ : рятувальники ліквідовують наслідки нічної російської атаки У кількох районах столиці зафіксовано пожежі, руйнування та пошкодження…",120267
2026-06-15,4,Подільський,Поділ,2026-06-15T00:38:45,2026-06-15T05:22:41,4.7,https://t.me/kievreal1/120267,"# Київ : рятувальники ліквідовують наслідки нічної російської атаки У кількох районах столиці зафіксовано пожежі, руйнування та пошкодження…",120267
2026-06-15,4,Святошинський,Святошин,2026-06-15T00:38:45,2026-06-15T05:22:41,4.7,https://t.me/kievreal1/120267,"# Київ : рятувальники ліквідовують наслідки нічної російської атаки У кількох районах столиці зафіксовано пожежі, руйнування та пошкодження…",120267
2026-06-15,4,Солом'янський,Солом'янка,2026-06-15T00:38:45,2026-06-15T05:22:41,4.7,https://t.me/kievreal1/120267,"# Київ : рятувальники ліквідовують наслідки нічної російської атаки У кількох районах столиці зафіксовано пожежі, руйнування та пошкодження…",120267
2026-06-15,4,Шевченківський,Шевченківський,2026-06-15T00:38:45,2026-06-15T05:22:41,4.7,https://t.me/kievreal1/120267,"# Київ : рятувальники ліквідовують наслідки нічної російської атаки У кількох районах столиці зафіксовано пожежі, руйнування та пошкодження…",120267
2026-06-15,4,Дарницький,Рембаза,2026-06-15T00:38:45,2026-06-15T05:22:41,4.7,https://t.me/kievreal1/120272,БпЛА курсом на Рембазу,120272
2026-06-15,4,Оболонський,Оболонь,2026-06-15T00:38:45,2026-06-15T05:22:41,4.7,https://t.me/kievreal1/120273,2 БПЛА на Оболонь,120273
2026-06-15,4,Деснянський,Лісовий масив,2026-06-15T00:38:45,2026-06-15T05:22:41,4.7,https://t.me/kievreal1/120274,Ще 1 на Лісовий масив,120274
2026-06-15,4,Оболонський,Мінський масив,2026-06-15T00:38:45,2026-06-15T05:22:41,4.7,https://t.me/kievreal1/120275,Мінський Масив,120275
2026-06-18,4,Дарницький,Харківський масив,2026-06-18T04:02:03,2026-06-18T05:42:11,1.7,https://t.me/kievreal1/120464,1 БпЛА на Бортничі 3 БпЛА на Харківський масив 2 БпЛА на Бориспіль,120464
2026-06-18,4,Дарницький,Бортничі,2026-06-18T04:02:03,2026-06-18T05:42:11,1.7,https://t.me/kievreal1/120465,"Київ : 2 БпЛА на Бортничі 1 БпЛА на Нижні Сади 1 БпЛА на Гнідин 1 БпЛА на Бориспіль Підтримати канал, буду вдячний Вам: https://base.monoba…",120465
2026-06-15,2,Голосіївський,Теремки,2026-06-15T00:38:45,2026-06-15T05:22:41,4.7,https://t.me/kievreal1/120201,"Жуляни, Теремки обережно",120201
2026-06-15,2,Солом'янський,Жуляни,2026-06-15T00:38:45,2026-06-15T05:22:41,4.7,https://t.me/kievreal1/120201,"Жуляни, Теремки обережно",120201
2026-06-15,2,Святошинський,Святошин,2026-06-15T00:38:45,2026-06-15T05:22:41,4.7,https://t.me/kievreal1/120202,Святошин,120202
2026-06-15,2,Печерський,Печерськ,2026-06-15T00:38:45,2026-06-15T05:22:41,4.7,https://t.me/kievreal1/120207,Ще кадри пожежі на території Києво-Печерської лаври,120207
2026-06-15,2,Солом'янський,Жуляни,2026-06-15T00:38:45,2026-06-15T05:22:41,4.7,https://t.me/kievreal1/120212,Жуляни,120212
2026-06-15,2,Шевченківський,Шевченківський,2026-06-15T00:38:45,2026-06-15T05:22:41,4.7,https://t.me/kievreal1/120216,В Шевченківському районі 5 влучань по цивільній інфраструктурі за неповних 30 хвилин. У тому числі в 25-типоверховий житловий будинок. Гори…,120216
2026-06-15,2,Печерський,Печерськ,2026-06-15T00:38:45,2026-06-15T05:22:41,4.7,https://t.me/kievreal1/120223,"Атака на Києво-Печерську Лавру є злочином проти світової культурної спадщини , - міністерка культури Києво-Печерська Лавра є об'єктом всесв…",120223
2026-06-15,3,Деснянський,Лісовий масив,2026-06-15T00:38:45,2026-06-15T05:22:41,4.7,https://t.me/kievreal1/120235,5 КР над Києвом курсом на Лісовий масив,120235
2026-06-15,3,Дарницький,Дарниця,2026-06-15T00:38:45,2026-06-15T05:22:41,4.7,https://t.me/kievreal1/120236,"2 ракети на Лівобережний масив, Русанівка, Дарницький масив",120236
2026-06-15,3,Дніпровський,Русанівка,2026-06-15T00:38:45,2026-06-15T05:22:41,4.7,https://t.me/kievreal1/120236,"2 ракети на Лівобережний масив, Русанівка, Дарницький масив",120236
2026-06-15,3,Деснянський,Лісовий масив,2026-06-15T00:38:45,2026-06-15T05:22:41,4.7,https://t.me/kievreal1/120237,2 ракети над Лісовий масив курсом на Дарницю,120237
2026-06-15,3,Солом'янський,Жуляни,2026-06-15T00:38:45,2026-06-15T05:22:41,4.7,https://t.me/kievreal1/120240,Жуляни,120240
2026-06-15,3,Голосіївський,Теремки,2026-06-15T00:38:45,2026-06-15T05:22:41,4.7,https://t.me/kievreal1/120242,Теремки теж обережно,120242
2026-06-15,3,Солом'янський,Жуляни,2026-06-15T00:38:45,2026-06-15T05:22:41,4.7,https://t.me/kievreal1/120243,3х крилаті ракети на Жуляни,120243
2026-06-15,3,Дарницький,Осокорки,2026-06-15T00:38:45,2026-06-15T05:22:41,4.7,https://t.me/kievreal1/120244,2 на Осокорки,120244
2026-06-15,3,Голосіївський,Теремки,2026-06-15T00:38:45,2026-06-15T05:22:41,4.7,https://t.me/kievreal1/120246,"Жуляни, Теремки",120246
2026-06-15,3,Солом'янський,Жуляни,2026-06-15T00:38:45,2026-06-15T05:22:41,4.7,https://t.me/kievreal1/120246,"Жуляни, Теремки",120246
2026-06-15,3,Солом'янський,Жуляни,2026-06-15T00:38:45,2026-06-15T05:22:41,4.7,https://t.me/kievreal1/120248,Ще ракети на Жуляни,120248
2026-06-15,3,Оболонський,Оболонь,2026-06-15T00:38:45,2026-06-15T05:22:41,4.7,https://t.me/kievreal1/120249,Шахед на Оболонь,120249
2026-06-15,3,Голосіївський,Деміївка,2026-06-15T00:38:45,2026-06-15T05:22:41,4.7,https://t.me/kievreal1/120250,БпЛА курсом на Шулявку БпЛА курсом на Лукʼянівку БпЛА курсом на Деміївку БпЛА курсом на Мінський масив БпЛА курсом на Почайну 2х БпЛА курсо…,120250
2026-06-15,3,Дарницький,Осокорки,2026-06-15T00:38:45,2026-06-15T05:22:41,4.7,https://t.me/kievreal1/120250,БпЛА курсом на Шулявку БпЛА курсом на Лукʼянівку БпЛА курсом на Деміївку БпЛА курсом на Мінський масив БпЛА курсом на Почайну 2х БпЛА курсо…,120250
2026-06-15,3,Деснянський,Троєщина,2026-06-15T00:38:45,2026-06-15T05:22:41,4.7,https://t.me/kievreal1/120250,БпЛА курсом на Шулявку БпЛА курсом на Лукʼянівку БпЛА курсом на Деміївку БпЛА курсом на Мінський масив БпЛА курсом на Почайну 2х БпЛА курсо…,120250
2026-06-15,3,Дніпровський,Лівобережний,2026-06-15T00:38:45,2026-06-15T05:22:41,4.7,https://t.me/kievreal1/120250,БпЛА курсом на Шулявку БпЛА курсом на Лукʼянівку БпЛА курсом на Деміївку БпЛА курсом на Мінський масив БпЛА курсом на Почайну 2х БпЛА курсо…,120250
2026-06-15,3,Оболонський,Мінський масив,2026-06-15T00:38:45,2026-06-15T05:22:41,4.7,https://t.me/kievreal1/120250,БпЛА курсом на Шулявку БпЛА курсом на Лукʼянівку БпЛА курсом на Деміївку БпЛА курсом на Мінський масив БпЛА курсом на Почайну 2х БпЛА курсо…,120250
2026-06-15,3,Печерський,Липки,2026-06-15T00:38:45,2026-06-15T05:22:41,4.7,https://t.me/kievreal1/120250,БпЛА курсом на Шулявку БпЛА курсом на Лукʼянівку БпЛА курсом на Деміївку БпЛА курсом на Мінський масив БпЛА курсом на Почайну 2х БпЛА курсо…,120250
2026-06-18,4,Дарницький,Бортничі,2026-06-18T04:02:03,2026-06-18T05:42:11,1.7,https://t.me/kievreal1/120466,2 БпЛА на Бортничі,120466
2026-06-18,4,Дарницький,Харківський масив,2026-06-18T04:02:03,2026-06-18T05:42:11,1.7,https://t.me/kievreal1/120467,1 БпЛА на Харківський масив 1 БпЛА на Бортничі,120467
2026-06-18,4,Дарницький,Харківський масив,2026-06-18T04:02:03,2026-06-18T05:42:11,1.7,https://t.me/kievreal1/120468,2 БпЛА на Харківський масив 1 БпЛА на Печерськ P.S про рух повітряних цілей тут – t.me/tryvoga_kyiv,120468
2026-06-18,4,Печерський,Печерськ,2026-06-18T04:02:03,2026-06-18T05:42:11,1.7,https://t.me/kievreal1/120468,2 БпЛА на Харківський масив 1 БпЛА на Печерськ P.S про рух повітряних цілей тут – t.me/tryvoga_kyiv,120468
2026-06-18,5,Дарницький,Осокорки,2026-06-18T04:02:03,2026-06-18T05:42:11,1.7,https://t.me/kievreal1/120472,1 БпЛА на Осокорки,120472
2026-06-18,5,Дарницький,Бортничі,2026-06-18T04:02:03,2026-06-18T05:42:11,1.7,https://t.me/kievreal1/120474,2 БпЛА на Бортничі,120474
2026-06-18,5,Дарницький,Бортничі,2026-06-18T04:02:03,2026-06-18T05:42:11,1.7,https://t.me/kievreal1/120475,2 БпЛА на Бортничі,120475
2026-06-20,14,Оболонський,Оболонь,2026-06-20T14:29:03,2026-06-20T16:22:49,1.9,https://t.me/kievreal1/120608,"Оболонь біля вас, оголошення тривоги в Києві",120608
2026-06-21,10,Дарницький,Рембаза,2026-06-21T10:32:51,2026-06-21T11:11:49,0.6,https://t.me/kievreal1/120677,1 на Рембазу,120677
2026-06-21,11,Шевченківський,Хрещатик,2026-06-21T10:32:51,2026-06-21T11:11:49,0.6,https://t.me/kievreal1/120683,"Хода на захист сімʼї, дітей та України рушила Хрещатиком 🤫 маєте свої кадри – надсилайте нам, опублікуємо - @novosti_kieva_bot",120683
2026-06-21,12,Оболонський,Оболонь,2026-06-21T12:18:12,2026-06-21T12:40:43,0.4,https://t.me/kievreal1/120699,БПЛА на Оболонь,120699
2026-06-23,2,Подільський,Виноградар,2026-06-23T01:20:05,2026-06-23T03:31:21,2.2,https://t.me/kievreal1/120779,БПЛА на Виноградар,120779
2026-06-23,3,Деснянський,Троєщина,2026-06-23T01:20:05,2026-06-23T03:31:21,2.2,https://t.me/kievreal1/120783,БПЛА на Троєщину/ТЕЦ-6,120783
2026-06-25,20,Деснянський,Троєщина,2026-06-25T20:52:28,2026-06-25T21:38:23,0.8,https://t.me/kievreal1/120907,Троя,120907
2026-06-25,20,Голосіївський,Голосіїв,2026-06-25T20:52:28,2026-06-25T21:38:23,0.8,https://t.me/kievreal1/120908,Голосіїв,120908
2026-06-25,21,Деснянський,Троєщина,2026-06-25T20:52:28,2026-06-25T21:38:23,0.8,https://t.me/kievreal1/120914,Троя!,120914
2026-06-25,21,Дніпровський,Русанівка,2026-06-25T20:52:28,2026-06-25T21:38:23,0.8,https://t.me/kievreal1/120916,Русанівка Слідкувати за траєкторією цілей тут – t.me/tryvoga_kyiv,120916
2026-06-25,21,Дарницький,Дарниця,2026-06-25T20:52:28,2026-06-25T21:38:23,0.8,https://t.me/kievreal1/120922,"Уламки ракети впали у Дарницькому районі на відкритій території. Екстрені служби прямують на місце , – інформує мер",120922
2026-06-25,21,Дарницький,Дарниця,2026-06-25T20:52:28,2026-06-25T21:38:23,0.8,https://t.me/kievreal1/120923,"Уламки ракети впали у Дарницькому районі на відкритій території. Екстрені служби прямують на місце, – інформує мер",120923
2026-06-25,21,Дарницький,Дарниця,2026-06-25T20:52:28,2026-06-25T21:38:23,0.8,https://t.me/kievreal1/120924,У Дарницькому районі також сталося загоряння складського приміщення.,120924
2026-06-28,2,Дарницький,Дарниця,2026-06-28T01:53:33,2026-06-28T03:11:42,1.3,https://t.me/kievreal1/121074,Внаслідок ворожої атаки у Дарницькому районі постраждала одна людина.,121074
2026-06-28,2,Дарницький,Дарниця,2026-06-28T01:53:33,2026-06-28T03:11:42,1.3,https://t.me/kievreal1/121076,"У Дарницькому районі за декількома адресами маємо пожежі внаслідок атаки. Пожежа біля житлового будинку, за іншою адресою горить СТО. Також…",121076
2026-06-28,3,Дарницький,Дарниця,2026-06-28T01:53:33,2026-06-28T03:11:42,1.3,https://t.me/kievreal1/121080,Горить АЗС на Дарниці в Києві,121080
2026-07-01,19,Голосіївський,Голосіїв,2026-07-01T19:52:38,2026-07-02T07:05:50,11.2,https://t.me/kievreal1/121301,Голосіївській район може бути гучно,121301
2026-07-01,21,Оболонський,Оболонь,2026-07-01T19:52:38,2026-07-02T07:05:50,11.2,https://t.me/kievreal1/121321,Оболонь,121321
2026-07-01,22,Деснянський,Троєщина,2026-07-01T19:52:38,2026-07-02T07:05:50,11.2,https://t.me/kievreal1/121326,Троя,121326
2026-07-01,22,Деснянський,Троєщина,2026-07-01T19:52:38,2026-07-02T07:05:50,11.2,https://t.me/kievreal1/121333,Оболонь/Троя,121333
2026-07-01,22,Оболонський,Оболонь,2026-07-01T19:52:38,2026-07-02T07:05:50,11.2,https://t.me/kievreal1/121333,Оболонь/Троя,121333
2026-07-01,22,Дніпровський,ДВРЗ,2026-07-01T19:52:38,2026-07-02T07:05:50,11.2,https://t.me/kievreal1/121334,ДВРЗ,121334
2026-07-01,23,Деснянський,Троєщина,2026-07-01T19:52:38,2026-07-02T07:05:50,11.2,https://t.me/kievreal1/121343,Троєщина,121343
2026-07-01,23,Шевченківський,Нивки,2026-07-01T19:52:38,2026-07-02T07:05:50,11.2,https://t.me/kievreal1/121344,БПЛА на Нивки,121344
2026-07-01,23,Печерський,Печерськ,2026-07-01T19:52:38,2026-07-02T07:05:50,11.2,https://t.me/kievreal1/121347,Печерськ укриття,121347
2026-07-01,23,Дарницький,Дарниця,2026-07-01T19:52:38,2026-07-02T07:05:50,11.2,https://t.me/kievreal1/121349,Дарниця,121349
2026-07-01,23,Шевченківський,Нивки,2026-07-01T19:52:38,2026-07-02T07:05:50,11.2,https://t.me/kievreal1/121352,Нивки укриття,121352
2026-07-01,23,Шевченківський,Лук'янівка,2026-07-01T19:52:38,2026-07-02T07:05:50,11.2,https://t.me/kievreal1/121354,Лукʼянівка,121354
2026-07-01,23,Дарницький,Дарниця,2026-07-01T19:52:38,2026-07-02T07:05:50,11.2,https://t.me/kievreal1/121356,Дарниця сховались,121356
2026-07-01,23,Деснянський,Деснянський,2026-07-01T19:52:38,2026-07-02T07:05:50,11.2,https://t.me/kievreal1/121357,"У Деснянському районі уламки БпЛА впали біля приватного будинку. Без пожежі. У Шевченківському районі — попередньо, на територію нежитлової…",121357
2026-07-01,23,Шевченківський,Шевченківський,2026-07-01T19:52:38,2026-07-02T07:05:50,11.2,https://t.me/kievreal1/121357,"У Деснянському районі уламки БпЛА впали біля приватного будинку. Без пожежі. У Шевченківському районі — попередньо, на територію нежитлової…",121357
2026-07-01,23,Шевченківський,Шевченківський,2026-07-01T19:52:38,2026-07-02T07:05:50,11.2,https://t.me/kievreal1/121362,У Шевченківському районі палає дах триповерхової нежитлової будівлі. Екстрені служби на місці.,121362
2026-07-01,23,Шевченківський,Шевченківський,2026-07-01T19:52:38,2026-07-02T07:05:50,11.2,https://t.me/kievreal1/121366,У Шевченківському районі внаслідок атаки сталось займання у готелі.,121366
2026-07-01,23,Деснянський,Троєщина,2026-07-01T19:52:38,2026-07-02T07:05:50,11.2,https://t.me/kievreal1/121367,1 на Троєщину,121367
2026-07-02,0,Дарницький,Дарниця,2026-07-01T19:52:38,2026-07-02T07:05:50,11.2,https://t.me/kievreal1/121368,Дарниця - ховаємось,121368
2026-07-02,0,Дарницький,Позняки,2026-07-01T19:52:38,2026-07-02T07:05:50,11.2,https://t.me/kievreal1/121369,Позняки,121369
2026-07-02,0,Печерський,Печерськ,2026-07-01T19:52:38,2026-07-02T07:05:50,11.2,https://t.me/kievreal1/121372,Печерськ,121372
2026-07-02,0,Дарницький,Дарниця,2026-07-01T19:52:38,2026-07-02T07:05:50,11.2,https://t.me/kievreal1/121374,Дарниця,121374
2026-07-02,0,Шевченківський,Шевченківський,2026-07-01T19:52:38,2026-07-02T07:05:50,11.2,https://t.me/kievreal1/121375,"У Шевченківському районі, в центрі столиці, також загоряння — на даху готелю. Рятувальники та пожежні на місці. Атака на столицю триває. Пе…",121375
2026-07-02,0,Солом'янський,Жуляни,2026-07-01T19:52:38,2026-07-02T07:05:50,11.2,https://t.me/kievreal1/121376,Жуляни,121376
2026-07-02,0,Святошинський,Борщагівка,2026-07-01T19:52:38,2026-07-02T07:05:50,11.2,https://t.me/kievreal1/121377,Борщагівка,121377
2026-07-02,0,Деснянський,Троєщина,2026-07-01T19:52:38,2026-07-02T07:05:50,11.2,https://t.me/kievreal1/121386,БПЛА на Троєщину,121386
2026-07-02,1,Деснянський,Троєщина,2026-07-01T19:52:38,2026-07-02T07:05:50,11.2,https://t.me/kievreal1/121388,БПЛА на Троєщину,121388
2026-07-02,1,Печерський,Печерськ,2026-07-01T19:52:38,2026-07-02T07:05:50,11.2,https://t.me/kievreal1/121389,Печерськ,121389
2026-07-02,1,Оболонський,Оболонь,2026-07-01T19:52:38,2026-07-02T07:05:50,11.2,https://t.me/kievreal1/121390,На Оболонь,121390
2026-07-02,2,Голосіївський,Голосіїв,2026-07-01T19:52:38,2026-07-02T07:05:50,11.2,https://t.me/kievreal1/121412,Внаслідок ворожої атаки у Шевченківському районі руйнування житлового будинку. У Голосіївському районі пожежа у багатоповерхівці.,121412
2026-07-02,2,Шевченківський,Шевченківський,2026-07-01T19:52:38,2026-07-02T07:05:50,11.2,https://t.me/kievreal1/121412,Внаслідок ворожої атаки у Шевченківському районі руйнування житлового будинку. У Голосіївському районі пожежа у багатоповерхівці.,121412
2026-07-02,2,Печерський,Печерськ,2026-07-01T19:52:38,2026-07-02T07:05:50,11.2,https://t.me/kievreal1/121420,БПЛА на Печерськ 2 на Бровари,121420
2026-07-02,2,Шевченківський,Шевченківський,2026-07-01T19:52:38,2026-07-02T07:05:50,11.2,https://t.me/kievreal1/121421,"У Шевченківському районі, попередньо, 5 постраждалих. Медики працюють на місці. У Голосієвському районі палає дах багатоповерхового житлово…",121421
2026-07-02,2,Печерський,Печерськ,2026-07-01T19:52:38,2026-07-02T07:05:50,11.2,https://t.me/kievreal1/121425,БПЛА на Печерськ,121425
2026-07-02,2,Деснянський,Деснянський,2026-07-01T19:52:38,2026-07-02T07:05:50,11.2,https://t.me/kievreal1/121428,У Деснянському районі часткове руйнування житлового будинку.,121428
2026-07-02,2,Деснянський,Деснянський,2026-07-01T19:52:38,2026-07-02T07:05:50,11.2,https://t.me/kievreal1/121430,У Деснянському районі руйнування в 9-поверховому житловому будинку. В ньому є заблоковані люди. Рятувальники прямують на місце.,121430
2026-07-02,2,Шевченківський,Шевченківський,2026-07-01T19:52:38,2026-07-02T07:05:50,11.2,https://t.me/kievreal1/121431,У Шевченківському районі часткове руйнування медичного закладу.,121431
2026-07-02,2,Шевченківський,Шевченківський,2026-07-01T19:52:38,2026-07-02T07:05:50,11.2,https://t.me/kievreal1/121433,"У Шевченківському районі поранені 5 медпрацівників. Один із них, парамедик, — у вкрай важкому стані.",121433
2026-07-02,2,Шевченківський,Шевченківський,2026-07-01T19:52:38,2026-07-02T07:05:50,11.2,https://t.me/kievreal1/121436,"У Шевченківському районі пошкоджена будівля, де знаходиться одна з підстанцій швидкої допомоги. Наразі відомо про п’ятьох постраждалих — ме…",121436
2026-07-02,2,Печерський,Печерськ,2026-07-01T19:52:38,2026-07-02T07:05:50,11.2,https://t.me/kievreal1/121437,Внаслідок атаки у Печерському районі за двома адресами пожежі поряд із житловими будинками. У Соломʼянському районі пожежа поряд із адмініс…,121437
2026-07-02,2,Солом'янський,Солом'янка,2026-07-01T19:52:38,2026-07-02T07:05:50,11.2,https://t.me/kievreal1/121437,Внаслідок атаки у Печерському районі за двома адресами пожежі поряд із житловими будинками. У Соломʼянському районі пожежа поряд із адмініс…,121437
2026-07-02,3,Голосіївський,Голосіїв,2026-07-01T19:52:38,2026-07-02T07:05:50,11.2,https://t.me/kievreal1/121445,"Фіксуємо наслідки в Оболонському районі, Голосіївському, Шевченківському та Подільському.",121445
2026-07-02,3,Оболонський,Оболонь,2026-07-01T19:52:38,2026-07-02T07:05:50,11.2,https://t.me/kievreal1/121445,"Фіксуємо наслідки в Оболонському районі, Голосіївському, Шевченківському та Подільському.",121445
2026-07-02,3,Подільський,Поділ,2026-07-01T19:52:38,2026-07-02T07:05:50,11.2,https://t.me/kievreal1/121445,"Фіксуємо наслідки в Оболонському районі, Голосіївському, Шевченківському та Подільському.",121445
2026-07-02,3,Шевченківський,Шевченківський,2026-07-01T19:52:38,2026-07-02T07:05:50,11.2,https://t.me/kievreal1/121445,"Фіксуємо наслідки в Оболонському районі, Голосіївському, Шевченківському та Подільському.",121445
2026-07-02,3,Шевченківський,Шевченківський,2026-07-01T19:52:38,2026-07-02T07:05:50,11.2,https://t.me/kievreal1/121446,Двох постраждалих у Шевченківському районі госпіталізували в стаціонар однієї зі столичних лікарень.,121446
2026-07-02,3,Дарницький,Позняки,2026-07-01T19:52:38,2026-07-02T07:05:50,11.2,https://t.me/kievreal1/121449,На Позняки,121449
2026-07-02,4,Дарницький,Дарниця,2026-07-01T19:52:38,2026-07-02T07:05:50,11.2,https://t.me/kievreal1/121456,Відомо про зруйнований будинок на Дарниці,121456
2026-07-02,4,Дарницький,Дарниця,2026-07-01T19:52:38,2026-07-02T07:05:50,11.2,https://t.me/kievreal1/121460,"У Шевченківському районі, внаслідок падіння уламків, сталося загоряння ринку. У Дарницькому районі загоряння та часткове руйнування 5-повер…",121460
2026-07-02,4,Шевченківський,Шевченківський,2026-07-01T19:52:38,2026-07-02T07:05:50,11.2,https://t.me/kievreal1/121460,"У Шевченківському районі, внаслідок падіння уламків, сталося загоряння ринку. У Дарницькому районі загоряння та часткове руйнування 5-повер…",121460
2026-07-02,4,Дарницький,Дарниця,2026-07-01T19:52:38,2026-07-02T07:05:50,11.2,https://t.me/kievreal1/121462,"У Дарницькому районі, внаслідок влучання, сталося руйнування з першого по шостий поверхи в 9-поверховому житловому будинку.",121462
2026-07-02,5,Шевченківський,Нивки,2026-07-01T19:52:38,2026-07-02T07:05:50,11.2,https://t.me/kievreal1/121486,Нічний приліт біля метро Нивки 😢,121486
2026-07-02,5,Голосіївський,Голосіїв,2026-07-01T19:52:38,2026-07-02T07:05:50,11.2,https://t.me/kievreal1/121493,"внаслідок масованої російської атаки в ніч на 2 липня попередньо 2 людей загинули, ще 12 - постраждали, 16 людей вдалося врятувати Виникли …",121493
2026-07-02,5,Дарницький,Дарниця,2026-07-01T19:52:38,2026-07-02T07:05:50,11.2,https://t.me/kievreal1/121493,"внаслідок масованої російської атаки в ніч на 2 липня попередньо 2 людей загинули, ще 12 - постраждали, 16 людей вдалося врятувати Виникли …",121493
2026-07-02,5,Деснянський,Деснянський,2026-07-01T19:52:38,2026-07-02T07:05:50,11.2,https://t.me/kievreal1/121493,"внаслідок масованої російської атаки в ніч на 2 липня попередньо 2 людей загинули, ще 12 - постраждали, 16 людей вдалося врятувати Виникли …",121493
2026-07-02,5,Оболонський,Оболонь,2026-07-01T19:52:38,2026-07-02T07:05:50,11.2,https://t.me/kievreal1/121493,"внаслідок масованої російської атаки в ніч на 2 липня попередньо 2 людей загинули, ще 12 - постраждали, 16 людей вдалося врятувати Виникли …",121493
2026-07-02,5,Печерський,Печерськ,2026-07-01T19:52:38,2026-07-02T07:05:50,11.2,https://t.me/kievreal1/121493,"внаслідок масованої російської атаки в ніч на 2 липня попередньо 2 людей загинули, ще 12 - постраждали, 16 людей вдалося врятувати Виникли …",121493
2026-07-02,5,Святошинський,Святошин,2026-07-01T19:52:38,2026-07-02T07:05:50,11.2,https://t.me/kievreal1/121493,"внаслідок масованої російської атаки в ніч на 2 липня попередньо 2 людей загинули, ще 12 - постраждали, 16 людей вдалося врятувати Виникли …",121493
2026-07-02,5,Шевченківський,Шевченківський,2026-07-01T19:52:38,2026-07-02T07:05:50,11.2,https://t.me/kievreal1/121493,"внаслідок масованої російської атаки в ніч на 2 липня попередньо 2 людей загинули, ще 12 - постраждали, 16 людей вдалося врятувати Виникли …",121493
2026-07-02,6,Подільський,Поділ,2026-07-01T19:52:38,2026-07-02T07:05:50,11.2,https://t.me/kievreal1/121506,БПЛА на Поділ,121506
2026-07-02,6,Оболонський,Оболонь,2026-07-01T19:52:38,2026-07-02T07:05:50,11.2,https://t.me/kievreal1/121507,Пожежу на складах в Оболонському районі продовжують гасити.,121507
2026-07-02,10,Деснянський,ТЕЦ-6,2026-07-02T10:47:58,2026-07-02T11:20:42,0.5,https://t.me/kievreal1/121548,"ТЕЦ6, реактивний БПЛА",121548
2026-07-02,11,Оболонський,Оболонь,2026-07-02T11:48:56,2026-07-02T12:10:21,0.4,https://t.me/kievreal1/121559,Оболонь,121559
2026-07-06,1,Святошинський,Святошин,2026-07-06T01:12:39,2026-07-06T05:09:36,3.9,https://t.me/kievreal1/121797,Святошин,121797
2026-07-06,1,Оболонський,Оболонь,2026-07-06T01:12:39,2026-07-06T05:09:36,3.9,https://t.me/kievreal1/121800,Оболонь,121800
2026-07-06,1,Солом'янський,Жуляни,2026-07-06T01:12:39,2026-07-06T05:09:36,3.9,https://t.me/kievreal1/121803,Жуляни,121803
2026-07-06,2,Подільський,Поділ,2026-07-06T01:12:39,2026-07-06T05:09:36,3.9,https://t.me/kievreal1/121809,У Подільському районі внаслідок атаки сталося часткове руйнування будинку. За іншою адресою постраждали гаражі. Інформацію про постраждалих…,121809
2026-07-06,2,Голосіївський,Голосіїв,2026-07-06T01:12:39,2026-07-06T05:09:36,3.9,https://t.me/kievreal1/121818,Падіння уламків у Голосіївському районі.,121818
2026-07-06,2,Оболонський,Оболонь,2026-07-06T01:12:39,2026-07-06T05:09:36,3.9,https://t.me/kievreal1/121823,Оболонь,121823
2026-07-06,2,Оболонський,Оболонь,2026-07-06T01:12:39,2026-07-06T05:09:36,3.9,https://t.me/kievreal1/121829,Оболонь,121829
2026-07-06,2,Голосіївський,Голосіїв,2026-07-06T01:12:39,2026-07-06T05:09:36,3.9,https://t.me/kievreal1/121830,У Голосіївському районі сталося загоряння на території нежитлової забудови. За іншою адресою загоряння складського приміщення. А також — па…,121830
2026-07-06,2,Подільський,Поділ,2026-07-06T01:12:39,2026-07-06T05:09:36,3.9,https://t.me/kievreal1/121830,У Голосіївському районі сталося загоряння на території нежитлової забудови. За іншою адресою загоряння складського приміщення. А також — па…,121830
2026-07-06,2,Солом'янський,Жуляни,2026-07-06T01:12:39,2026-07-06T05:09:36,3.9,https://t.me/kievreal1/121832,Жуляни,121832
2026-07-06,2,Дарницький,Дарниця,2026-07-06T01:12:39,2026-07-06T05:09:36,3.9,https://t.me/kievreal1/121839,"У Подільському районі, за попередньою інформацією, уламки впали ще на один житловий будинок. У Дарницькому районі влучання уламків у нежитл…",121839
2026-07-06,2,Подільський,Поділ,2026-07-06T01:12:39,2026-07-06T05:09:36,3.9,https://t.me/kievreal1/121839,"У Подільському районі, за попередньою інформацією, уламки впали ще на один житловий будинок. У Дарницькому районі влучання уламків у нежитл…",121839
2026-07-06,2,Деснянський,Троєщина,2026-07-06T01:12:39,2026-07-06T05:09:36,3.9,https://t.me/kievreal1/121840,10 БПЛА на Вишгород - Трою 2 на Перемогу 1 на Переяслав,121840
2026-07-06,2,Деснянський,Троєщина,2026-07-06T01:12:39,2026-07-06T05:09:36,3.9,https://t.me/kievreal1/121841,"Перші БпЛА на ГЕС, Трою",121841
2026-07-06,2,Подільський,Поділ,2026-07-06T01:12:39,2026-07-06T05:09:36,3.9,https://t.me/kievreal1/121843,У Подільському районі сталося руйнування та загоряння нежитлової будівлі ще за однією адресою. Там також палають автівки.,121843
2026-07-06,2,Деснянський,Троєщина,2026-07-06T01:12:39,2026-07-06T05:09:36,3.9,https://t.me/kievreal1/121845,4 Шахеда на Троєщину,121845
2026-07-06,2,Деснянський,Троєщина,2026-07-06T01:12:39,2026-07-06T05:09:36,3.9,https://t.me/kievreal1/121846,2 шахеди з Троєщини на Воскресенку. 2 шахеди на Оболонь.,121846
2026-07-06,2,Дніпровський,Воскресенка,2026-07-06T01:12:39,2026-07-06T05:09:36,3.9,https://t.me/kievreal1/121846,2 шахеди з Троєщини на Воскресенку. 2 шахеди на Оболонь.,121846
2026-07-06,2,Оболонський,Оболонь,2026-07-06T01:12:39,2026-07-06T05:09:36,3.9,https://t.me/kievreal1/121846,2 шахеди з Троєщини на Воскресенку. 2 шахеди на Оболонь.,121846
2026-07-06,3,Голосіївський,Феофанія,2026-07-06T01:12:39,2026-07-06T05:09:36,3.9,https://t.me/kievreal1/121857,БпЛА : - Феофанія - Жуляни - Теличка - Щасливе / Бровари - на Ржищів,121857
2026-07-06,3,Солом'янський,Жуляни,2026-07-06T01:12:39,2026-07-06T05:09:36,3.9,https://t.me/kievreal1/121857,БпЛА : - Феофанія - Жуляни - Теличка - Щасливе / Бровари - на Ржищів,121857
2026-07-06,3,Оболонський,Оболонь,2026-07-06T01:12:39,2026-07-06T05:09:36,3.9,https://t.me/kievreal1/121863,2х ракети на Оболонь/Поділ,121863
2026-07-06,3,Подільський,Поділ,2026-07-06T01:12:39,2026-07-06T05:09:36,3.9,https://t.me/kievreal1/121863,2х ракети на Оболонь/Поділ,121863
2026-07-06,3,Деснянський,Троєщина,2026-07-06T01:12:39,2026-07-06T05:09:36,3.9,https://t.me/kievreal1/121864,Остання ракета повз Бровари на Трою,121864
2026-07-06,4,Дарницький,Дарниця,2026-07-06T01:12:39,2026-07-06T05:09:36,3.9,https://t.me/kievreal1/121870,"Станом на зараз маємо інформацію, що у Дарницькому районі внаслідок атаки пошкоджені багатоповерхівки на трьох різних локаціях. Це житлові …",121870
2026-07-06,4,Подільський,Поділ,2026-07-06T01:12:39,2026-07-06T05:09:36,3.9,https://t.me/kievreal1/121872,"У Подільському районі внаслідок атаки пожежі одразу на чотирьох різних локаціях. Усі чотири - житлові будинки. Там, де цієї ночі просто спа…",121872
2026-07-06,4,Голосіївський,Голосіїв,2026-07-06T01:12:39,2026-07-06T05:09:36,3.9,https://t.me/kievreal1/121878,У Голосіївському районі пожежа в п’ятиповерхівці.,121878
2026-07-06,4,Подільський,Поділ,2026-07-06T01:12:39,2026-07-06T05:09:36,3.9,https://t.me/kievreal1/121881,"Із будинку в Подільському районі, де сталося часткове руйнування, рятувальники вивели 15 людей. Із верхніх поверхів зняли трьох жінок та 6 …",121881
2026-07-06,8,Дарницький,Бортничі,2026-07-06T08:14:37,2026-07-06T09:22:30,1.1,https://t.me/kievreal1/121924,Бортничі БПЛА,121924
2026-07-06,8,Голосіївський,Конча-Заспа,2026-07-06T08:14:37,2026-07-06T09:22:30,1.1,https://t.me/kievreal1/121926,Конча-Заспа,121926
2026-07-06,8,Деснянський,ТЕЦ-6,2026-07-06T08:14:37,2026-07-06T09:22:30,1.1,https://t.me/kievreal1/121931,Тец 6 БПЛА,121931
2026-07-06,8,Подільський,Поділ,2026-07-06T08:14:37,2026-07-06T09:22:30,1.1,https://t.me/kievreal1/121932,"Унаслідок російської атаки на Київ 6 липня загинула ціла родина — син, мама та батько Їхні тіла виявили в підʼїзді будинку в Подільському р…",121932
2026-07-06,9,Дарницький,Дарниця,2026-07-06T08:14:37,2026-07-06T09:22:30,1.1,https://t.me/kievreal1/121937,"Завтрашній день, 7 липня, в Києві оголошений Днем жалоби Пошуково-рятувальна операція в пошкоджених будинках у Подільському та Дарницькому …",121937
2026-07-06,9,Подільський,Поділ,2026-07-06T08:14:37,2026-07-06T09:22:30,1.1,https://t.me/kievreal1/121937,"Завтрашній день, 7 липня, в Києві оголошений Днем жалоби Пошуково-рятувальна операція в пошкоджених будинках у Подільському та Дарницькому …",121937
2026-07-08,0,Деснянський,Деснянський,2026-07-08T00:31:52,2026-07-08T01:44:58,1.2,https://t.me/kievreal1/122085,"❗️ У Деснянському районі, внаслідок влучання ракети, палають складські приміщення, — мер У Святошинському районі — загоряння в нежитловій б…",122085
2026-07-08,0,Святошинський,Святошин,2026-07-08T00:31:52,2026-07-08T01:44:58,1.2,https://t.me/kievreal1/122085,"❗️ У Деснянському районі, внаслідок влучання ракети, палають складські приміщення, — мер У Святошинському районі — загоряння в нежитловій б…",122085
2026-07-08,5,Оболонський,Оболонь,2026-07-08T05:29:20,2026-07-08T08:05:48,2.6,https://t.me/kievreal1/122105,Тим же маршрутом на Оболонь,122105
2026-07-08,5,Дарницький,Позняки,2026-07-08T05:29:20,2026-07-08T08:05:48,2.6,https://t.me/kievreal1/122106,На Позняки,122106
2026-07-08,5,Святошинський,Святошин,2026-07-08T05:29:20,2026-07-08T08:05:48,2.6,https://t.me/kievreal1/122108,На Святошин,122108
2026-07-08,6,Оболонський,Оболонь,2026-07-08T05:29:20,2026-07-08T08:05:48,2.6,https://t.me/kievreal1/122111,На Оболонь,122111
2026-07-08,6,Дніпровський,Воскресенка,2026-07-08T05:29:20,2026-07-08T08:05:48,2.6,https://t.me/kievreal1/122112,На Воскресенку,122112
2026-07-08,6,Подільський,Поділ,2026-07-08T05:29:20,2026-07-08T08:05:48,2.6,https://t.me/kievreal1/122113,"Київ : 1 БпЛА на Поділ Підтримати канал, буду вдячний Вам: https://base.monobank.ua/4jYdAKEbmcrmLL ➡",122113
2026-07-08,6,Оболонський,Оболонь,2026-07-08T05:29:20,2026-07-08T08:05:48,2.6,https://t.me/kievreal1/122114,1 БпЛА на Оболонь 1 БпЛА на Святошин,122114
2026-07-08,6,Святошинський,Святошин,2026-07-08T05:29:20,2026-07-08T08:05:48,2.6,https://t.me/kievreal1/122114,1 БпЛА на Оболонь 1 БпЛА на Святошин,122114
2026-07-08,6,Деснянський,Деснянський,2026-07-08T05:29:20,2026-07-08T08:05:48,2.6,https://t.me/kievreal1/122121,❗️ У Києві двоє людей постраждали під час нічної російської атаки на Київ Сьогодні вночі внаслідок ракетного удару росіян сталися пожежі у …,122121
2026-07-08,6,Святошинський,Святошин,2026-07-08T05:29:20,2026-07-08T08:05:48,2.6,https://t.me/kievreal1/122121,❗️ У Києві двоє людей постраждали під час нічної російської атаки на Київ Сьогодні вночі внаслідок ракетного удару росіян сталися пожежі у …,122121
2026-07-08,7,Оболонський,Оболонь,2026-07-08T05:29:20,2026-07-08T08:05:48,2.6,https://t.me/kievreal1/122133,На Оболонь,122133
2026-07-08,7,Дніпровський,ДВРЗ,2026-07-08T05:29:20,2026-07-08T08:05:48,2.6,https://t.me/kievreal1/122134,На ДВРЗ,122134
2026-07-08,7,Дніпровський,Воскресенка,2026-07-08T05:29:20,2026-07-08T08:05:48,2.6,https://t.me/kievreal1/122135,На Воскресенку,122135
2026-07-08,7,Оболонський,Оболонь,2026-07-08T05:29:20,2026-07-08T08:05:48,2.6,https://t.me/kievreal1/122136,Знову на Оболонь 🤐,122136
2026-07-08,12,Деснянський,ТЕЦ-6,2026-07-08T12:16:34,2026-07-08T12:38:06,0.4,https://t.me/kievreal1/122177,ТЕЦ-6 також уважно,122177
2026-07-08,12,Оболонський,Почайна,2026-07-08T12:16:34,2026-07-08T12:38:06,0.4,https://t.me/kievreal1/122179,Почайна / Поділ P.S про рух шахедів в онлайн-режимі пишуть тут – t.me/tryvoga_kyiv,122179
2026-07-08,12,Подільський,Поділ,2026-07-08T12:16:34,2026-07-08T12:38:06,0.4,https://t.me/kievreal1/122179,Почайна / Поділ P.S про рух шахедів в онлайн-режимі пишуть тут – t.me/tryvoga_kyiv,122179
2026-07-08,12,Деснянський,Биківня,2026-07-08T12:16:34,2026-07-08T12:38:06,0.4,https://t.me/kievreal1/122182,Биківня,122182
2026-07-08,12,Дарницький,Дарниця,2026-07-08T12:16:34,2026-07-08T12:38:06,0.4,https://t.me/kievreal1/122183,ДВРЗ / Дарниця,122183
2026-07-08,12,Дніпровський,ДВРЗ,2026-07-08T12:16:34,2026-07-08T12:38:06,0.4,https://t.me/kievreal1/122183,ДВРЗ / Дарниця,122183
2026-07-08,12,Дарницький,Бортничі,2026-07-08T12:16:34,2026-07-08T12:38:06,0.4,https://t.me/kievreal1/122184,На виліт в бік Бортничів / Борисполя,122184
2026-07-08,12,Дарницький,Осокорки,2026-07-08T12:16:34,2026-07-08T12:38:06,0.4,https://t.me/kievreal1/122185,"Осокорки, Позняки - до вас",122185
2026-07-08,12,Деснянський,Троєщина,2026-07-08T12:16:34,2026-07-08T12:38:06,0.4,https://t.me/kievreal1/122187,"Воскресенка, Троя",122187
2026-07-08,12,Дніпровський,Воскресенка,2026-07-08T12:16:34,2026-07-08T12:38:06,0.4,https://t.me/kievreal1/122187,"Воскресенка, Троя",122187
2026-07-08,12,Оболонський,Оболонь,2026-07-08T12:16:34,2026-07-08T12:38:06,0.4,https://t.me/kievreal1/122188,Оболонь / Вишгород - тепер у ваш бік,122188
2026-07-08,12,Подільський,Виноградар,2026-07-08T12:16:34,2026-07-08T12:38:06,0.4,https://t.me/kievreal1/122189,Виноградар / Нивки - до вас,122189
2026-07-08,12,Шевченківський,Нивки,2026-07-08T12:16:34,2026-07-08T12:38:06,0.4,https://t.me/kievreal1/122189,Виноградар / Нивки - до вас,122189
2026-07-08,12,Святошинський,Святошин,2026-07-08T12:16:34,2026-07-08T12:38:06,0.4,https://t.me/kievreal1/122190,"На Петропавлівку, Святошин",122190
2026-07-08,13,Деснянський,Троєщина,2026-07-08T13:10:46,2026-07-08T14:52:06,1.7,https://t.me/kievreal1/122201,"На Трою, Зазимʼя, Жукин курсують",122201
2026-07-08,13,Дніпровський,Воскресенка,2026-07-08T13:10:46,2026-07-08T14:52:06,1.7,https://t.me/kievreal1/122202,Воскресенка - увага,122202
2026-07-08,13,Деснянський,Деснянський,2026-07-08T13:10:46,2026-07-08T14:52:06,1.7,https://t.me/kievreal1/122205,"Станом на зараз відомо про 4 постраждалих від атаки сьогодні вдень Також відомо, що один із ворожих БпЛА упав на 3-поверхову нежитлову буді…",122205
2026-07-08,14,Деснянський,Троєщина,2026-07-08T13:10:46,2026-07-08T14:52:06,1.7,https://t.me/kievreal1/122207,Знову БпЛА з північного напрямку на Троєщину/ Осещину,122207
2026-07-08,14,Оболонський,Оболонь,2026-07-08T13:10:46,2026-07-08T14:52:06,1.7,https://t.me/kievreal1/122212,Оболонь – до вас,122212
2026-07-08,14,Оболонський,Почайна,2026-07-08T13:10:46,2026-07-08T14:52:06,1.7,https://t.me/kievreal1/122213,Почайна / Поділ – у ваш бік,122213
2026-07-08,14,Подільський,Поділ,2026-07-08T13:10:46,2026-07-08T14:52:06,1.7,https://t.me/kievreal1/122213,Почайна / Поділ – у ваш бік,122213
2026-07-08,14,Деснянський,Троєщина,2026-07-08T13:10:46,2026-07-08T14:52:06,1.7,https://t.me/kievreal1/122214,Лісовий масив / Троя,122214
2026-07-08,14,Дарницький,Бортничі,2026-07-08T13:10:46,2026-07-08T14:52:06,1.7,https://t.me/kievreal1/122216,ДВРЗ / Рембаза / Бортничі,122216
2026-07-08,14,Дніпровський,ДВРЗ,2026-07-08T13:10:46,2026-07-08T14:52:06,1.7,https://t.me/kievreal1/122216,ДВРЗ / Рембаза / Бортничі,122216
2026-07-08,14,Дарницький,Осокорки,2026-07-08T13:10:46,2026-07-08T14:52:06,1.7,https://t.me/kievreal1/122217,Осокорки / Позняки / Березняки - уважно,122217
2026-07-08,14,Дніпровський,Березняки,2026-07-08T13:10:46,2026-07-08T14:52:06,1.7,https://t.me/kievreal1/122217,Осокорки / Позняки / Березняки - уважно,122217
2026-07-08,14,Оболонський,Оболонь,2026-07-08T13:10:46,2026-07-08T14:52:06,1.7,https://t.me/kievreal1/122218,"Оболонь, Виноградар – до вас",122218
2026-07-08,14,Подільський,Виноградар,2026-07-08T13:10:46,2026-07-08T14:52:06,1.7,https://t.me/kievreal1/122218,"Оболонь, Виноградар – до вас",122218
2026-07-08,14,Святошинський,Борщагівка,2026-07-08T13:10:46,2026-07-08T14:52:06,1.7,https://t.me/kievreal1/122219,Борщагівка / Святошин – вже в ваш бік,122219
2026-07-08,16,Деснянський,Троєщина,2026-07-08T16:50:39,2026-07-08T17:31:21,0.7,https://t.me/kievreal1/122237,Нв Бровари/ Трою,122237
2026-07-08,16,Деснянський,ТЕЦ-6,2026-07-08T16:50:39,2026-07-08T17:31:21,0.7,https://t.me/kievreal1/122238,"ТЕЦ-6, Воскресенка",122238
2026-07-08,16,Дніпровський,Воскресенка,2026-07-08T16:50:39,2026-07-08T17:31:21,0.7,https://t.me/kievreal1/122238,"ТЕЦ-6, Воскресенка",122238
2026-07-08,16,Деснянський,Деснянський,2026-07-08T16:50:39,2026-07-08T17:31:21,0.7,https://t.me/kievreal1/122239,"2 людини загинули та ще 9 постраждали через атаку на Деснянський район, – уточнили в ДСНС На місці влучання загорілася триповерхова складсь…",122239
2026-07-08,17,Деснянський,Деснянський,2026-07-08T16:50:39,2026-07-08T17:31:21,0.7,https://t.me/kievreal1/122249,"2 людини загинули та ще 9 постраждали через атаку на Деснянський район, – уточнили в ДСНС На місці влучання загорілася триповерхова складсь…",122249
2026-07-08,17,Деснянський,Троєщина,2026-07-08T16:50:39,2026-07-08T17:31:21,0.7,https://t.me/kievreal1/122251,Підліт до Троєщини,122251
2026-07-08,17,Дніпровський,Воскресенка,2026-07-08T16:50:39,2026-07-08T17:31:21,0.7,https://t.me/kievreal1/122252,На Воскресенку,122252
2026-07-08,17,Деснянський,Деснянський,2026-07-08T16:50:39,2026-07-08T17:31:21,0.7,https://t.me/kievreal1/122254,У Деснянському районі від атаки рф пошкоджено багатоповерхівку,122254
2026-07-08,17,Деснянський,Деснянський,2026-07-08T16:50:39,2026-07-08T17:31:21,0.7,https://t.me/kievreal1/122255,У Деснянському районі від атаки рф пошкоджено багатоповерхівку,122255
2026-07-11,3,Дніпровський,Дніпровський,2026-07-11T03:40:20,2026-07-11T05:02:03,1.4,https://t.me/kievreal1/122383,"У Дніпровському районі фіксуємо наслідки атаки, пошкоджено цивільну нежитлову будівлю.",122383
2026-07-11,4,Святошинський,Святошин,2026-07-11T03:40:20,2026-07-11T05:02:03,1.4,https://t.me/kievreal1/122387,У Святошинському районі внаслідок атаки пошкоджено нежитлову будівлю.,122387
2026-07-11,4,Дарницький,Дарниця,2026-07-11T03:40:20,2026-07-11T05:02:03,1.4,https://t.me/kievreal1/122388,"У Дарницькому районі внаслідок атаки вибило вікна у житловому будинку , – КМВА.",122388
2026-07-11,4,Солом'янський,Солом'янка,2026-07-11T03:40:20,2026-07-11T05:02:03,1.4,https://t.me/kievreal1/122389,У Соломʼянському районі пожежа в офісній будівлі.,122389
2026-07-11,4,Дарницький,Дарниця,2026-07-11T03:40:20,2026-07-11T05:02:03,1.4,https://t.me/kievreal1/122390,У Дарницькому районі влучання в проїжджу и частину дороги. Горить також електрощитова регулювання світлофорів. У поруч розташованих будинка…,122390
2026-07-11,4,Дніпровський,Дніпровський,2026-07-11T03:40:20,2026-07-11T05:02:03,1.4,https://t.me/kievreal1/122391,У Дніпровському районі пожежа на території нежитлової забудови,122391
2026-07-14,0,Голосіївський,Голосіїв,2026-07-14T00:15:34,2026-07-14T01:06:33,0.8,https://t.me/kievreal1/122535,У Голосіївському районі займання за двома адресами,122535
2026-07-14,0,Дарницький,Дарниця,2026-07-14T00:15:34,2026-07-14T01:06:33,0.8,https://t.me/kievreal1/122536,У Дарниці падіння уламків на відкриту територію. Палають автівки. Екстрені служби прямують на місце.,122536
2026-07-15,17,Оболонський,Пуща-Водиця,2026-07-15T17:52:17,2026-07-15T18:05:15,0.2,https://t.me/kievreal1/122665,Пуща / Виноградар – бпла в ваш бік,122665
2026-07-15,17,Подільський,Виноградар,2026-07-15T17:52:17,2026-07-15T18:05:15,0.2,https://t.me/kievreal1/122665,Пуща / Виноградар – бпла в ваш бік,122665
2026-07-16,1,Дарницький,Дарниця,2026-07-16T00:46:02,2026-07-16T01:47:02,1.0,https://t.me/kievreal1/122701,"⚡️ У Святошинському районі влучання в складські приміщення, — Кличко У Дарницькому — уламки ракети впали на території нежитлової забудови. 👉",122701
2026-07-16,1,Святошинський,Святошин,2026-07-16T00:46:02,2026-07-16T01:47:02,1.0,https://t.me/kievreal1/122701,"⚡️ У Святошинському районі влучання в складські приміщення, — Кличко У Дарницькому — уламки ракети впали на території нежитлової забудови. 👉",122701
2026-07-16,1,Дарницький,Дарниця,2026-07-16T00:46:02,2026-07-16T01:47:02,1.0,https://t.me/kievreal1/122702,"За іншою адресою в Дарницькому районі влучання в нежитлову будівлю, — Кличко У Святошинському, де було влучання в складські приміщення, та …",122702
2026-07-16,1,Святошинський,Святошин,2026-07-16T00:46:02,2026-07-16T01:47:02,1.0,https://t.me/kievreal1/122702,"За іншою адресою в Дарницькому районі влучання в нежитлову будівлю, — Кличко У Святошинському, де було влучання в складські приміщення, та …",122702
2026-07-19,1,Деснянський,Троєщина,2026-07-19T01:21:16,2026-07-19T03:13:41,1.9,https://t.me/kievreal1/122909,Троя,122909
2026-07-19,1,Оболонський,Оболонь,2026-07-19T01:21:16,2026-07-19T03:13:41,1.9,https://t.me/kievreal1/122919,Оболонь,122919
2026-07-19,1,Деснянський,Деснянський,2026-07-19T01:21:16,2026-07-19T03:13:41,1.9,https://t.me/kievreal1/122921,"У Деснянському районі, за попередньою інформацією, підіймається дим біля одного з торговельних центрів. За іншою адресою палають автівки. Т…",122921
2026-07-19,1,Шевченківський,Шевченківський,2026-07-19T01:21:16,2026-07-19T03:13:41,1.9,https://t.me/kievreal1/122923,Виклик медиків у Шевченківський район.,122923
2026-07-19,1,Деснянський,Троєщина,2026-07-19T01:21:16,2026-07-19T03:13:41,1.9,https://t.me/kievreal1/122925,Троя,122925
2026-07-19,1,Солом'янський,Жуляни,2026-07-19T01:21:16,2026-07-19T03:13:41,1.9,https://t.me/kievreal1/122931,Жуляни,122931
2026-07-19,1,Дніпровський,ДВРЗ,2026-07-19T01:21:16,2026-07-19T03:13:41,1.9,https://t.me/kievreal1/122932,ДВРЗ,122932
2026-07-19,1,Шевченківський,Шевченківський,2026-07-19T01:21:16,2026-07-19T03:13:41,1.9,https://t.me/kievreal1/122933,"У Шевченківському районі, внаслідок падіння уламків, сталося загоряння в багатоквартирному житловому будинку. Екстрені служби прямують на м…",122933
2026-07-19,1,Святошинський,Святошин,2026-07-19T01:21:16,2026-07-19T03:13:41,1.9,https://t.me/kievreal1/122935,У Святошинському районі сталася займання у приватному будинку. Інформація уточнюється.,122935
2026-07-19,2,Солом'янський,Солом'янка,2026-07-19T01:21:16,2026-07-19T03:13:41,1.9,https://t.me/kievreal1/122937,"У Соломʼянському районі, за попередньою інформацією, влучання в багатоквартирний житловий будинок. Екстрені служби прямують на місце.",122937
2026-07-19,2,Оболонський,Оболонь,2026-07-19T01:21:16,2026-07-19T03:13:41,1.9,https://t.me/kievreal1/122940,Оболонь обережно,122940
2026-07-19,2,Солом'янський,Солом'янка,2026-07-19T01:21:16,2026-07-19T03:13:41,1.9,https://t.me/kievreal1/122949,У Соломʼянському районі уламки впали поруч із 9-поверхівкою. У будинку повибивало вікна. З другого поверху врятували одну людину.,122949
2026-07-19,3,Солом'янський,Солом'янка,2026-07-19T01:21:16,2026-07-19T03:13:41,1.9,https://t.me/kievreal1/122950,У Соломʼянському районі загоряння на даху будівлі супермаркету. А також — в житловому будинку поруч.,122950
2026-07-19,3,Дніпровський,Дніпровський,2026-07-19T01:21:16,2026-07-19T03:13:41,1.9,https://t.me/kievreal1/122951,"У Дніпровському районі, внаслідок падіння уламків, загоряння в гуртожитку",122951
2026-07-24,6,Деснянський,Троєщина,2026-07-24T06:53:07,2026-07-24T07:00:02,0.1,https://t.me/kievreal1/123322,БПЛА на Трою від Броварів,123322
2026-07-24,9,Дарницький,Бортничі,2026-07-24T08:58:55,2026-07-24T09:24:50,0.4,https://t.me/kievreal1/123337,На Бортничі/ Рембазу!,123337
2026-07-24,11,Деснянський,Троєщина,2026-07-24T11:23:12,2026-07-24T12:06:29,0.7,https://t.me/kievreal1/123357,Троя! У повітрі три ракети,123357
2026-07-24,11,Святошинський,Святошин,2026-07-24T11:23:12,2026-07-24T12:06:29,0.7,https://t.me/kievreal1/123358,"Нивки, Святошин",123358
2026-07-24,11,Шевченківський,Нивки,2026-07-24T11:23:12,2026-07-24T12:06:29,0.7,https://t.me/kievreal1/123358,"Нивки, Святошин",123358
2026-07-24,11,Святошинський,Святошин,2026-07-24T11:23:12,2026-07-24T12:06:29,0.7,https://t.me/kievreal1/123364,Святошин/ Нивки!,123364
2026-07-24,11,Шевченківський,Нивки,2026-07-24T11:23:12,2026-07-24T12:06:29,0.7,https://t.me/kievreal1/123364,Святошин/ Нивки!,123364
2026-07-24,11,Деснянський,Троєщина,2026-07-24T11:23:12,2026-07-24T12:06:29,0.7,https://t.me/kievreal1/123370,"Троєщина, Березань",123370
2026-07-24,12,Святошинський,Святошин,2026-07-24T11:23:12,2026-07-24T12:06:29,0.7,https://t.me/kievreal1/123378,"Виклик медиків у Святошинський район. Бригада виїхала, – повідомив мер",123378
2026-07-25,7,Деснянський,Троєщина,2026-07-25T07:03:57,2026-07-25T07:34:16,0.5,https://t.me/kievreal1/123476,"БПЛА на Трою, летить низько, погано фіксується",123476
2026-07-26,0,Деснянський,Троєщина,2026-07-26T00:20:12,2026-07-26T01:12:44,0.9,https://t.me/kievreal1/123525,Ще цілі на Троєщину,123525
2026-07-26,0,Деснянський,Деснянський,2026-07-26T00:20:12,2026-07-26T01:12:44,0.9,https://t.me/kievreal1/123530,У Шевченківському районі уламки впали на 18-поверховий будинок. Сталося загоряння на рівні 7-8 поверхів. У Соломʼянському внаслідок падіння…,123530
2026-07-26,0,Солом'янський,Солом'янка,2026-07-26T00:20:12,2026-07-26T01:12:44,0.9,https://t.me/kievreal1/123530,У Шевченківському районі уламки впали на 18-поверховий будинок. Сталося загоряння на рівні 7-8 поверхів. У Соломʼянському внаслідок падіння…,123530
2026-07-26,0,Шевченківський,Шевченківський,2026-07-26T00:20:12,2026-07-26T01:12:44,0.9,https://t.me/kievreal1/123530,У Шевченківському районі уламки впали на 18-поверховий будинок. Сталося загоряння на рівні 7-8 поверхів. У Соломʼянському внаслідок падіння…,123530
2026-07-26,0,Дарницький,Дарниця,2026-07-26T00:20:12,2026-07-26T01:12:44,0.9,https://t.me/kievreal1/123532,Дарниця,123532
2026-07-30,1,Святошинський,Святошин,2026-07-30T01:08:08,2026-07-30T06:12:33,5.1,https://t.me/kievreal1/123754,"У Святошинському районі, внаслідок падіння уламків, сталося загоряння на території нежитлової забудови. Також пожежа на території нежитлово…",123754
2026-07-30,1,Оболонський,Почайна,2026-07-30T01:08:08,2026-07-30T06:12:33,5.1,https://t.me/kievreal1/123756,Пошкоджено станцію метро «Почайна» у Києві,123756
2026-07-31,9,Голосіївський,Конча-Заспа,2026-07-31T08:59:17,2026-07-31T09:53:41,0.9,https://t.me/kievreal1/123852,Конча-Заспа / Козин – у вашому напрямку!,123852
2026-07-31,9,Печерський,Видубичі,2026-07-31T08:59:17,2026-07-31T09:53:41,0.9,https://t.me/kievreal1/123854,"Видубичі, Жуляни P.S про рух шахедів в онлайн-режимі пишуть тут – t.me/tryvoga_kyiv",123854
2026-07-31,9,Солом'янський,Жуляни,2026-07-31T08:59:17,2026-07-31T09:53:41,0.9,https://t.me/kievreal1/123854,"Видубичі, Жуляни P.S про рух шахедів в онлайн-режимі пишуть тут – t.me/tryvoga_kyiv",123854
2026-07-31,12,Дарницький,Дарниця,2026-07-31T12:36:18,2026-07-31T12:49:59,0.2,https://t.me/kievreal1/123889,Серйозна автотроща на перехресті вулиць Вінстона Черчилля та Будівельників Через ДТП рух транспорту ускладнений в напрямку ст.м. Дарниця. 🖼…,123889
2026-07-31,20,Голосіївський,Пирогів,2026-07-31T20:06:57,2026-07-31T20:32:15,0.4,https://t.me/kievreal1/123933,"Пирогів, Жуляни - уважно! Вашим курсом Слідкувати за рухом бпла в області – t.me/tryvoga_kyiv",123933
2026-07-31,20,Солом'янський,Жуляни,2026-07-31T20:06:57,2026-07-31T20:32:15,0.4,https://t.me/kievreal1/123933,"Пирогів, Жуляни - уважно! Вашим курсом Слідкувати за рухом бпла в області – t.me/tryvoga_kyiv",123933
2026-07-31,20,Голосіївський,Голосіїв,2026-07-31T20:06:57,2026-07-31T20:32:15,0.4,https://t.me/kievreal1/123934,На Теремки/ Голосіїв,123934
2026-07-31,20,Голосіївський,Голосіїв,2026-07-31T20:06:57,2026-07-31T20:32:15,0.4,https://t.me/kievreal1/123936,На Теремки/ Голосіїв,123936
2026-08-01,1,Солом'янський,Солом'янка,2026-08-01T01:28:57,2026-08-01T02:47:43,1.3,https://t.me/kievreal1/123977,Внаслідок атаки у Соломʼянському районі сталося загоряння у 6-поверховій будівлі - КМВА,123977
2026-08-01,2,Дарницький,Дарниця,2026-08-01T01:28:57,2026-08-01T02:47:43,1.3,https://t.me/kievreal1/123983,У Соломʼянському районі палають авто на парковці. У Дарницькому влучання на територію нежитлової забудови. У Шевченківському районі пожежа …,123983
2026-08-01,2,Солом'янський,Солом'янка,2026-08-01T01:28:57,2026-08-01T02:47:43,1.3,https://t.me/kievreal1/123983,У Соломʼянському районі палають авто на парковці. У Дарницькому влучання на територію нежитлової забудови. У Шевченківському районі пожежа …,123983
2026-08-01,2,Шевченківський,Шевченківський,2026-08-01T01:28:57,2026-08-01T02:47:43,1.3,https://t.me/kievreal1/123983,У Соломʼянському районі палають авто на парковці. У Дарницькому влучання на територію нежитлової забудови. У Шевченківському районі пожежа …,123983
2026-08-01,2,Солом'янський,Солом'янка,2026-08-01T01:28:57,2026-08-01T02:47:43,1.3,https://t.me/kievreal1/123991,У Соломʼянському районі внаслідок падіння уламків ракети в пʼятиповерховому будинку заблоковані люди. У дворі житлового будинку виникло заг…,123991
2026-08-01,2,Дарницький,Дарниця,2026-08-01T01:28:57,2026-08-01T02:47:43,1.3,https://t.me/kievreal1/123995,Дарниця/ДВРЗ,123995
2026-08-01,2,Дніпровський,ДВРЗ,2026-08-01T01:28:57,2026-08-01T02:47:43,1.3,https://t.me/kievreal1/123995,Дарниця/ДВРЗ,123995
2026-08-01,2,Шевченківський,Шевченківський,2026-08-01T01:28:57,2026-08-01T02:47:43,1.3,https://t.me/kievreal1/124001,"У Шевченківському районі, в житловому будинку, де є заблоковані люди, сталося часткове руйнування на першому та другому поверхах.",124001
2026-08-02,3,Деснянський,Троєщина,2026-08-02T03:13:26,2026-08-02T03:28:23,0.2,https://t.me/kievreal1/124151,2 БПЛА на Троєщину,124151
2026-08-04,18,Шевченківський,Лук'янівка,2026-08-04T18:06:53,2026-08-04T18:44:23,0.6,https://t.me/kievreal1/124316,"В області лишається один на Лукʼянівку (Броварський район)/ Бровари , однак на Чернігівщині ще 3-4 реактивних бпла",124316
2026-08-04,20,Голосіївський,Конча-Заспа,2026-08-04T19:27:48,2026-08-04T21:05:52,1.6,https://t.me/kievreal1/124365,"Уважно ще! Йшов в бік Конча-Заспи і зник, може йти низько",124365
2026-08-05,0,Оболонський,Оболонь,2026-08-05T00:18:57,2026-08-05T01:45:59,1.5,https://t.me/kievreal1/124389,"❗️ В Оболонському районі влучання на територію нежитлової забудови, — Кличко Екстрені служби прямують на місце.",124389
2026-08-05,0,Оболонський,Оболонь,2026-08-05T00:18:57,2026-08-05T01:45:59,1.5,https://t.me/kievreal1/124391,"❗️ Внаслідок ворожої атаки в Оболонському та Святошинському районах горять складські споруди , — ОВА Інформація щодо постраждалих уточнюєть…",124391
2026-08-05,0,Святошинський,Святошин,2026-08-05T00:18:57,2026-08-05T01:45:59,1.5,https://t.me/kievreal1/124391,"❗️ Внаслідок ворожої атаки в Оболонському та Святошинському районах горять складські споруди , — ОВА Інформація щодо постраждалих уточнюєть…",124391
2026-08-05,0,Оболонський,Оболонь,2026-08-05T00:18:57,2026-08-05T01:45:59,1.5,https://t.me/kievreal1/124392,"❗️ Також в Оболонському районі, за попередньою інформацією, влучання в офісну будівлю, — Кличко Виклик медиків у Святошинський район столиц…",124392
2026-08-05,0,Святошинський,Святошин,2026-08-05T00:18:57,2026-08-05T01:45:59,1.5,https://t.me/kievreal1/124392,"❗️ Також в Оболонському районі, за попередньою інформацією, влучання в офісну будівлю, — Кличко Виклик медиків у Святошинський район столиц…",124392
2026-08-05,1,Оболонський,Оболонь,2026-08-05T00:18:57,2026-08-05T01:45:59,1.5,https://t.me/kievreal1/124393,"❗️ На іншій локації в Оболонському районі виникло загоряння в 20-поверховому житловому будинку. Служби слідують, — ОВА",124393
2026-08-05,1,Оболонський,Оболонь,2026-08-05T00:18:57,2026-08-05T01:45:59,1.5,https://t.me/kievreal1/124396,"❗️ В Оболонському районі, внаслідок влучання, ймовірно, ракети, виникло загоряння в 20-поверховому житловому будинку. Також є повідомлення …",124396
2026-08-05,1,Деснянський,Деснянський,2026-08-05T00:18:57,2026-08-05T01:45:59,1.5,https://t.me/kievreal1/124398,"❗️ За попередньою інформацією в Деснянському районі горить складська будівля, — ОВА",124398
2026-08-05,1,Святошинський,Святошин,2026-08-05T00:18:57,2026-08-05T01:45:59,1.5,https://t.me/kievreal1/124400,"❗️ Велика пожежа в передмісті столиці, в Києво-Святошинському районі. Палають нежитлові приміщення, — Кличко Екстрені служби на місці.",124400
2026-08-05,1,Голосіївський,Теремки,2026-08-05T00:18:57,2026-08-05T01:45:59,1.5,https://t.me/kievreal1/124403,"Київ : 1 реактивний БпЛА на Троєщину 1 реактивний БпЛА на Теремки Підтримати канал, буду вдячний Вам: https://base.monobank.ua/4jYdAKEbmcrm…",124403
2026-08-05,1,Деснянський,Троєщина,2026-08-05T00:18:57,2026-08-05T01:45:59,1.5,https://t.me/kievreal1/124403,"Київ : 1 реактивний БпЛА на Троєщину 1 реактивний БпЛА на Теремки Підтримати канал, буду вдячний Вам: https://base.monobank.ua/4jYdAKEbmcrm…",124403
2026-08-05,1,Голосіївський,Голосіїв,2026-08-05T00:18:57,2026-08-05T01:45:59,1.5,https://t.me/kievreal1/124405,"❗️ У Голосіївському районі сталося руйнування в приватному житловому будинку. Під завалами можуть бути люди, — Кличко Також у Голосіївськом…",124405
2026-08-06,1,Деснянський,Троєщина,2026-08-06T01:28:50,2026-08-06T01:45:23,0.3,https://t.me/kievreal1/124557,"Балістика на Трою Підтримати канал, буду вдячний Вам: https://base.monobank.ua/4jYdAKEbmcrmLL ➡",124557
2026-08-08,0,Деснянський,Троєщина,2026-08-08T00:39:29,2026-08-08T01:10:58,0.5,https://t.me/kievreal1/124646,БПЛА на Трою/Оболонь,124646
2026-08-08,0,Оболонський,Оболонь,2026-08-08T00:39:29,2026-08-08T01:10:58,0.5,https://t.me/kievreal1/124646,БПЛА на Трою/Оболонь,124646
2026-08-08,0,Деснянський,Троєщина,2026-08-08T00:39:29,2026-08-08T01:10:58,0.5,https://t.me/kievreal1/124647,Ще БПЛА на Трою,124647
2026-08-08,0,Деснянський,ТЕЦ-6,2026-08-08T00:39:29,2026-08-08T01:10:58,0.5,https://t.me/kievreal1/124649,Ще 1 шахед на ТЕЦ-6/Погреби,124649
2026-08-08,18,Святошинський,Борщагівка,2026-08-08T18:23:31,2026-08-08T19:06:38,0.7,https://t.me/kievreal1/124796,Жуляни увага! Борщагівки/ Вишневе теж,124796
2026-08-08,18,Солом'янський,Жуляни,2026-08-08T18:23:31,2026-08-08T19:06:38,0.7,https://t.me/kievreal1/124796,Жуляни увага! Борщагівки/ Вишневе теж,124796
2026-08-08,18,Святошинський,Академмістечко,2026-08-08T18:23:31,2026-08-08T19:06:38,0.7,https://t.me/kievreal1/124797,На Академ!,124797
2026-08-08,19,Шевченківський,Сирець,2026-08-08T18:23:31,2026-08-08T19:06:38,0.7,https://t.me/kievreal1/124803,"Через ворожу атаку в ніч на 8 серпня на озері Кирилівське та струмку Сирець зафіксовано повторне незначне забруднення нафтопродуктами, – по…",124803
2026-08-08,23,Дарницький,Рембаза,2026-08-08T22:55:10,2026-08-08T23:26:10,0.5,https://t.me/kievreal1/124863,БПЛА на Рембазу,124863
2026-08-08,23,Дарницький,Дарниця,2026-08-08T22:55:10,2026-08-08T23:26:10,0.5,https://t.me/kievreal1/124864,Дарниця,124864
2026-08-08,23,Дарницький,ТЕЦ-5,2026-08-08T22:55:10,2026-08-08T23:26:10,0.5,https://t.me/kievreal1/124865,ТЕЦ 5,124865
2026-08-11,0,Деснянський,Троєщина,2026-08-11T00:26:01,2026-08-11T01:05:20,0.7,https://t.me/kievreal1/124972,"Оболонь, Троєщина",124972
2026-08-11,0,Оболонський,Оболонь,2026-08-11T00:26:01,2026-08-11T01:05:20,0.7,https://t.me/kievreal1/124972,"Оболонь, Троєщина",124972
2026-08-11,0,Шевченківський,Шевченківський,2026-08-11T00:26:01,2026-08-11T01:05:20,0.7,https://t.me/kievreal1/124975,Виклик медиків у Шевченківський район Києва. Бригада виїхала.,124975
2026-08-12,9,Деснянський,ТЕЦ-6,2026-08-12T09:34:54,2026-08-12T10:51:24,1.3,https://t.me/kievreal1/125071,"Залісся, Димерка, ТЕЦ-6, Переяслав – уважно по бпла!",125071
2026-08-12,9,Деснянський,Троєщина,2026-08-12T09:34:54,2026-08-12T10:51:24,1.3,https://t.me/kievreal1/125072,1 на Троєщину! 1 на Бровари,125072
2026-08-12,9,Деснянський,ТЕЦ-6,2026-08-12T09:34:54,2026-08-12T10:51:24,1.3,https://t.me/kievreal1/125076,На ТЕЦ-6 знову,125076
2026-08-12,9,Деснянський,ТЕЦ-6,2026-08-12T09:34:54,2026-08-12T10:51:24,1.3,https://t.me/kievreal1/125077,На ТЕЦ-6 знову,125077
2026-08-12,10,Дарницький,Рембаза,2026-08-12T09:34:54,2026-08-12T10:51:24,1.3,https://t.me/kievreal1/125080,На Рембазу!,125080
2026-08-12,12,Деснянський,Троєщина,2026-08-12T12:53:43,2026-08-12T14:33:12,1.7,https://t.me/kievreal1/125109,"1 на Троєщину, 1 на Яготин, 1 на Переяслав Стежити за траєкторією руху по області – t.me/tryvoga_kyiv",125109
2026-08-12,12,Деснянський,ТЕЦ-6,2026-08-12T12:53:43,2026-08-12T14:33:12,1.7,https://t.me/kievreal1/125110,"Бровари , ТЕЦ-6 обережно",125110
2026-08-12,12,Деснянський,Лісовий масив,2026-08-12T12:53:43,2026-08-12T14:33:12,1.7,https://t.me/kievreal1/125112,"Лісовий масив, ДВРЗ",125112
2026-08-12,12,Дніпровський,ДВРЗ,2026-08-12T12:53:43,2026-08-12T14:33:12,1.7,https://t.me/kievreal1/125112,"Лісовий масив, ДВРЗ",125112
2026-08-12,13,Дніпровський,Березняки,2026-08-12T12:53:43,2026-08-12T14:33:12,1.7,https://t.me/kievreal1/125113,На Березняки 1 на Березань ще,125113
2026-08-12,13,Печерський,Видубичі,2026-08-12T12:53:43,2026-08-12T14:33:12,1.7,https://t.me/kievreal1/125114,На Видубичі!,125114
2026-08-12,13,Печерський,Видубичі,2026-08-12T12:53:43,2026-08-12T14:33:12,1.7,https://t.me/kievreal1/125115,На Видубичі!,125115
2026-08-12,13,Голосіївський,Пирогів,2026-08-12T12:53:43,2026-08-12T14:33:12,1.7,https://t.me/kievreal1/125116,"Вишгород, Пирогів, Позняки, Конча-Заспа - уважно по бпла",125116
2026-08-12,13,Дарницький,Позняки,2026-08-12T12:53:43,2026-08-12T14:33:12,1.7,https://t.me/kievreal1/125116,"Вишгород, Пирогів, Позняки, Конча-Заспа - уважно по бпла",125116
2026-08-12,13,Оболонський,Оболонь,2026-08-12T12:53:43,2026-08-12T14:33:12,1.7,https://t.me/kievreal1/125117,"Оболонь, Гатне, Чабани",125117
2026-08-12,13,Оболонський,Почайна,2026-08-12T12:53:43,2026-08-12T14:33:12,1.7,https://t.me/kievreal1/125119,"Нивки, Почайна, центр - до вас Про рух шахедів пишуть тут – t.me/tryvoga_kyiv ὄ9",125119
2026-08-12,13,Шевченківський,Нивки,2026-08-12T12:53:43,2026-08-12T14:33:12,1.7,https://t.me/kievreal1/125119,"Нивки, Почайна, центр - до вас Про рух шахедів пишуть тут – t.me/tryvoga_kyiv ὄ9",125119
2026-08-12,13,Деснянський,Троєщина,2026-08-12T12:53:43,2026-08-12T14:33:12,1.7,https://t.me/kievreal1/125120,З області три на Троєщину,125120
2026-08-12,13,Оболонський,Почайна,2026-08-12T12:53:43,2026-08-12T14:33:12,1.7,https://t.me/kievreal1/125121,"Нивки, Почайна, центр - до вас Про рух шахедів пишуть тут – t.me/tryvoga_kyiv ὄ9",125121
2026-08-12,13,Шевченківський,Нивки,2026-08-12T12:53:43,2026-08-12T14:33:12,1.7,https://t.me/kievreal1/125121,"Нивки, Почайна, центр - до вас Про рух шахедів пишуть тут – t.me/tryvoga_kyiv ὄ9",125121
2026-08-12,13,Солом'янський,Жуляни,2026-08-12T12:53:43,2026-08-12T14:33:12,1.7,https://t.me/kievreal1/125123,На Жуляни ще,125123
2026-08-12,13,Голосіївський,Деміївка,2026-08-12T12:53:43,2026-08-12T14:33:12,1.7,https://t.me/kievreal1/125126,Деміївка,125126
2026-08-12,13,Дарницький,Осокорки,2026-08-12T12:53:43,2026-08-12T14:33:12,1.7,https://t.me/kievreal1/125127,"Позняки, Осокорки",125127
2026-08-12,13,Голосіївський,Конча-Заспа,2026-08-12T12:53:43,2026-08-12T14:33:12,1.7,https://t.me/kievreal1/125129,"1 па Бортничі 1 на Конча-Заспу 1 на Позняки, Осокорки",125129
2026-08-12,13,Дарницький,Осокорки,2026-08-12T12:53:43,2026-08-12T14:33:12,1.7,https://t.me/kievreal1/125129,"1 па Бортничі 1 на Конча-Заспу 1 на Позняки, Осокорки",125129
2026-08-12,13,Печерський,Печерськ,2026-08-12T12:53:43,2026-08-12T14:33:12,1.7,https://t.me/kievreal1/125130,Печерськ - ви теж уважно!,125130
2026-08-12,13,Солом'янський,Шулявка,2026-08-12T12:53:43,2026-08-12T14:33:12,1.7,https://t.me/kievreal1/125131,"Кардачі, Шулявка",125131
2026-08-12,13,Солом'янський,Жуляни,2026-08-12T12:53:43,2026-08-12T14:33:12,1.7,https://t.me/kievreal1/125132,На Вишневе від Жулян,125132
2026-08-12,13,Солом'янський,Жуляни,2026-08-12T12:53:43,2026-08-12T14:33:12,1.7,https://t.me/kievreal1/125133,На Вишневе від Жулян,125133
2026-08-12,13,Святошинський,Борщагівка,2026-08-12T12:53:43,2026-08-12T14:33:12,1.7,https://t.me/kievreal1/125134,Борщагівки! Траєкторія руху шахедів в онлайн-режимі – t.me/tryvoga_kyiv,125134
2026-08-12,13,Дарницький,Рембаза,2026-08-12T12:53:43,2026-08-12T14:33:12,1.7,https://t.me/kievreal1/125144,Рембаза,125144
2026-08-12,13,Дарницький,Дарниця,2026-08-12T12:53:43,2026-08-12T14:33:12,1.7,https://t.me/kievreal1/125145,Дарниця / Осокорки/ Позняки!,125145
2026-08-12,13,Оболонський,Оболонь,2026-08-12T12:53:43,2026-08-12T14:33:12,1.7,https://t.me/kievreal1/125148,"Оболонь, Пуща",125148
2026-08-12,13,Дарницький,Дарниця,2026-08-12T12:53:43,2026-08-12T14:33:12,1.7,https://t.me/kievreal1/125149,Дарниця,125149
2026-08-12,13,Дніпровський,Березняки,2026-08-12T12:53:43,2026-08-12T14:33:12,1.7,https://t.me/kievreal1/125150,"Березняки, дамба",125150
2026-08-12,13,Деснянський,Троєщина,2026-08-12T12:53:43,2026-08-12T14:33:12,1.7,https://t.me/kievreal1/125151,Троєщина – ви теж увага,125151
2026-08-12,13,Дарницький,Бортничі,2026-08-12T12:53:43,2026-08-12T14:33:12,1.7,https://t.me/kievreal1/125152,"Бортничі, Биківня",125152
2026-08-12,13,Деснянський,Биківня,2026-08-12T12:53:43,2026-08-12T14:33:12,1.7,https://t.me/kievreal1/125152,"Бортничі, Биківня",125152
2026-08-12,13,Дарницький,Рембаза,2026-08-12T12:53:43,2026-08-12T14:33:12,1.7,https://t.me/kievreal1/125153,ДВРЗ/ Рембаза — до вас,125153
2026-08-12,13,Дніпровський,ДВРЗ,2026-08-12T12:53:43,2026-08-12T14:33:12,1.7,https://t.me/kievreal1/125153,ДВРЗ/ Рембаза — до вас,125153
2026-08-12,13,Солом'янський,Жуляни,2026-08-12T12:53:43,2026-08-12T14:33:12,1.7,https://t.me/kievreal1/125155,Жуляни - до вас,125155
2026-08-12,13,Дарницький,Дарниця,2026-08-12T12:53:43,2026-08-12T14:33:12,1.7,https://t.me/kievreal1/125159,Через падіння БпЛА у Дарницькому районі пошкоджене нежитлове приміщення. Пожежі немає. Екстрені служби прямують на місце,125159
2026-08-12,13,Деснянський,Троєщина,2026-08-12T12:53:43,2026-08-12T14:33:12,1.7,https://t.me/kievreal1/125160,Троєщина – до вас 1!,125160
2026-08-12,13,Деснянський,Троєщина,2026-08-12T12:53:43,2026-08-12T14:33:12,1.7,https://t.me/kievreal1/125161,Троєщина – до вас 1!,125161
2026-08-12,14,Деснянський,Троєщина,2026-08-12T12:53:43,2026-08-12T14:33:12,1.7,https://t.me/kievreal1/125168,На Троєщину далі курсом,125168
2026-08-16,6,Голосіївський,Голосіїв,2026-08-16T06:31:00,2026-08-16T07:59:22,1.5,https://t.me/kievreal1/125349,Київ : 2 людини постраждали внаслідок російського обстрілу Вночі 16 серпня росія здійснила ворожу атаку на столицю. Внаслідок обстрілу стал…,125349
2026-08-16,6,Оболонський,Оболонь,2026-08-16T06:31:00,2026-08-16T07:59:22,1.5,https://t.me/kievreal1/125349,Київ : 2 людини постраждали внаслідок російського обстрілу Вночі 16 серпня росія здійснила ворожу атаку на столицю. Внаслідок обстрілу стал…,125349
2026-08-16,7,Дніпровський,ДВРЗ,2026-08-16T06:31:00,2026-08-16T07:59:22,1.5,https://t.me/kievreal1/125361,Реактивний БпЛА курсом на ДВРЗ,125361
2026-08-16,9,Деснянський,Троєщина,2026-08-16T09:21:21,2026-08-16T10:06:48,0.8,https://t.me/kievreal1/125392,Троєщина/ Воскресенка – також уважно! Слідкувати за траєкторією в онлайн-режимі – t.me/tryvoga_kyiv,125392
2026-08-16,9,Дніпровський,Воскресенка,2026-08-16T09:21:21,2026-08-16T10:06:48,0.8,https://t.me/kievreal1/125392,Троєщина/ Воскресенка – також уважно! Слідкувати за траєкторією в онлайн-режимі – t.me/tryvoga_kyiv,125392
2026-08-18,6,Деснянський,Троєщина,2026-08-18T06:02:56,2026-08-18T08:29:08,2.4,https://t.me/kievreal1/125535,БПЛА на Троєщину,125535
2026-08-18,6,Дарницький,Позняки,2026-08-18T06:02:56,2026-08-18T08:29:08,2.4,https://t.me/kievreal1/125538,БПЛА на Позняки,125538
2026-08-18,19,Дарницький,Осокорки,2026-08-18T18:29:01,2026-08-18T20:15:24,1.8,https://t.me/kievreal1/125605,"Зміни в роботі метрополітену: Рух поїздів ""червоною"" лінією здійснюється: ▫️ у напрямку центру від ст. м. ""Академмістечко"" до ст. м. ""Театр…",125605
2026-08-18,19,Печерський,Звіринець,2026-08-18T18:29:01,2026-08-18T20:15:24,1.8,https://t.me/kievreal1/125605,"Зміни в роботі метрополітену: Рух поїздів ""червоною"" лінією здійснюється: ▫️ у напрямку центру від ст. м. ""Академмістечко"" до ст. м. ""Театр…",125605
2026-08-18,19,Святошинський,Академмістечко,2026-08-18T18:29:01,2026-08-18T20:15:24,1.8,https://t.me/kievreal1/125605,"Зміни в роботі метрополітену: Рух поїздів ""червоною"" лінією здійснюється: ▫️ у напрямку центру від ст. м. ""Академмістечко"" до ст. м. ""Театр…",125605
2026-08-18,19,Шевченківський,Сирець,2026-08-18T18:29:01,2026-08-18T20:15:24,1.8,https://t.me/kievreal1/125605,"Зміни в роботі метрополітену: Рух поїздів ""червоною"" лінією здійснюється: ▫️ у напрямку центру від ст. м. ""Академмістечко"" до ст. м. ""Театр…",125605
2026-08-18,19,Дніпровський,Березняки,2026-08-18T18:29:01,2026-08-18T20:15:24,1.8,https://t.me/kievreal1/125606,Березняки,125606
2026-08-18,19,Деснянський,Троєщина,2026-08-18T18:29:01,2026-08-18T20:15:24,1.8,https://t.me/kievreal1/125607,Троя,125607
2026-08-18,19,Дніпровський,Дніпровський,2026-08-18T18:29:01,2026-08-18T20:15:24,1.8,https://t.me/kievreal1/125610,"В Дніпровському районі, в дворі пʼятиповерхового житлового будинку впали уламки ворожого БпЛА. Загоряння немає.",125610
2026-08-18,19,Дніпровський,Дніпровський,2026-08-18T18:29:01,2026-08-18T20:15:24,1.8,https://t.me/kievreal1/125611,Іще падіння уламків у дворі житлового будинку за іншою адресою в Дніпровському районі. Загоряння немає.,125611
2026-08-20,0,Дарницький,Дарниця,2026-08-19T23:51:02,2026-08-20T08:36:20,8.8,https://t.me/kievreal1/125694,"❗️ У Святошинському районі влучання на територію нежитлової забудови, — Кличко У Дарницькому — теж палають нежитлові приміщення.",125694
2026-08-20,0,Святошинський,Святошин,2026-08-19T23:51:02,2026-08-20T08:36:20,8.8,https://t.me/kievreal1/125694,"❗️ У Святошинському районі влучання на територію нежитлової забудови, — Кличко У Дарницькому — теж палають нежитлові приміщення.",125694
2026-08-20,0,Солом'янський,Солом'янка,2026-08-19T23:51:02,2026-08-20T08:36:20,8.8,https://t.me/kievreal1/125698,"❗️ У Соломʼянському районі уламки впали біля пʼятиповерхового житлового будинку. Попередньо, в будинку повибивало вікна. Є пожежа, — Кличко…",125698
2026-08-20,0,Солом'янський,Солом'янка,2026-08-19T23:51:02,2026-08-20T08:36:20,8.8,https://t.me/kievreal1/125699,"❗️ У Соломʼянському районі уламки впали біля пʼятиповерхового житлового будинку. Попередньо, в будинку повибивало вікна. Є пожежа, — Кличко…",125699
2026-08-20,0,Солом'янський,Солом'янка,2026-08-19T23:51:02,2026-08-20T08:36:20,8.8,https://t.me/kievreal1/125701,"❗️ У Соломʼянському районі пошкоджене приміщення дитячої лікарні. Повибивало вікна, на території горять автівки, — Кличко",125701
2026-08-20,0,Святошинський,Святошин,2026-08-19T23:51:02,2026-08-20T08:36:20,8.8,https://t.me/kievreal1/125704,"❗️ У Соломʼянському районі, за попередньою інформацією, люди заблоковані в укритті. Екстрені служби прямують на місце, — Кличко У Святошинс…",125704
2026-08-20,0,Солом'янський,Солом'янка,2026-08-19T23:51:02,2026-08-20T08:36:20,8.8,https://t.me/kievreal1/125704,"❗️ У Соломʼянському районі, за попередньою інформацією, люди заблоковані в укритті. Екстрені служби прямують на місце, — Кличко У Святошинс…",125704
2026-08-20,0,Святошинський,Святошин,2026-08-19T23:51:02,2026-08-20T08:36:20,8.8,https://t.me/kievreal1/125705,"❗️ У Святошинському районі руйнування приміщень на території нежитлової забудови, — Кличко",125705
2026-08-20,1,Солом'янський,Солом'янка,2026-08-19T23:51:02,2026-08-20T08:36:20,8.8,https://t.me/kievreal1/125710,"❗️ У Соломʼянському районі руйнування верхніх поверхів та загоряння в 9-поверховому житловому будинку, — Кличко За іншою адресою в житловом…",125710
2026-08-20,1,Солом'янський,Солом'янка,2026-08-19T23:51:02,2026-08-20T08:36:20,8.8,https://t.me/kievreal1/125714,"❗️ У Соломʼянському районі пошкоджено будівлю школи. В укритті заблоковані люди, — КМВА Служби слідують на місце.",125714
2026-08-20,1,Святошинський,Борщагівка,2026-08-19T23:51:02,2026-08-20T08:36:20,8.8,https://t.me/kievreal1/125720,"💡 Світло зникло в деяких районах Києва після вибухів — без електрики люди на Відрадому, Соломі, Борщагівці та Нивках 🤫 оперативно про відкл…",125720
2026-08-20,2,Святошинський,Борщагівка,2026-08-19T23:51:02,2026-08-20T08:36:20,8.8,https://t.me/kievreal1/125722,"💡 Світло зникло в деяких районах Києва після вибухів — без електрики люди на Відрадому, Соломі, Борщагівці та Нивках 🤫 оперативно про відкл…",125722
2026-08-20,3,Дарницький,Дарниця,2026-08-19T23:51:02,2026-08-20T08:36:20,8.8,https://t.me/kievreal1/125728,"❗️ Станом на 03:20 наслідки ворожої атаки фіксуються на понад 12 локаціях у Дарницькому, Святошинському, Соломʼянському районах міста, — КМ…",125728
2026-08-20,3,Святошинський,Святошин,2026-08-19T23:51:02,2026-08-20T08:36:20,8.8,https://t.me/kievreal1/125728,"❗️ Станом на 03:20 наслідки ворожої атаки фіксуються на понад 12 локаціях у Дарницькому, Святошинському, Соломʼянському районах міста, — КМ…",125728
2026-08-20,3,Солом'янський,Солом'янка,2026-08-19T23:51:02,2026-08-20T08:36:20,8.8,https://t.me/kievreal1/125728,"❗️ Станом на 03:20 наслідки ворожої атаки фіксуються на понад 12 локаціях у Дарницькому, Святошинському, Соломʼянському районах міста, — КМ…",125728
2026-08-20,4,Дарницький,Дарниця,2026-08-19T23:51:02,2026-08-20T08:36:20,8.8,https://t.me/kievreal1/125730,"#Київ : чергова масована атака на столицю — 4 особи загинуло та 23 постраждали Попередньо, влучання, руйнування та пожежі зафіксовано у Свя…",125730
2026-08-20,4,Святошинський,Святошин,2026-08-19T23:51:02,2026-08-20T08:36:20,8.8,https://t.me/kievreal1/125730,"#Київ : чергова масована атака на столицю — 4 особи загинуло та 23 постраждали Попередньо, влучання, руйнування та пожежі зафіксовано у Свя…",125730
2026-08-20,4,Солом'янський,Солом'янка,2026-08-19T23:51:02,2026-08-20T08:36:20,8.8,https://t.me/kievreal1/125730,"#Київ : чергова масована атака на столицю — 4 особи загинуло та 23 постраждали Попередньо, влучання, руйнування та пожежі зафіксовано у Свя…",125730
2026-08-20,6,Деснянський,Троєщина,2026-08-19T23:51:02,2026-08-20T08:36:20,8.8,https://t.me/kievreal1/125762,На Троєщину,125762
2026-08-20,7,Дарницький,Дарниця,2026-08-19T23:51:02,2026-08-20T08:36:20,8.8,https://t.me/kievreal1/125771,"❗️ До 6 осіб збільшилась кількість загиблих внаслідок російської атаки у Києві , 33 людини постраждали! Рятувальники деблокували з-під зава…",125771
2026-08-20,7,Святошинський,Святошин,2026-08-19T23:51:02,2026-08-20T08:36:20,8.8,https://t.me/kievreal1/125771,"❗️ До 6 осіб збільшилась кількість загиблих внаслідок російської атаки у Києві , 33 людини постраждали! Рятувальники деблокували з-під зава…",125771
2026-08-20,7,Солом'янський,Солом'янка,2026-08-19T23:51:02,2026-08-20T08:36:20,8.8,https://t.me/kievreal1/125771,"❗️ До 6 осіб збільшилась кількість загиблих внаслідок російської атаки у Києві , 33 людини постраждали! Рятувальники деблокували з-під зава…",125771
2026-08-20,7,Солом'янський,Солом'янка,2026-08-19T23:51:02,2026-08-20T08:36:20,8.8,https://t.me/kievreal1/125783,"❗️ Наслідки удару рф по Соломʼянському району, — Суспільне",125783
2026-08-20,8,Дарницький,Дарниця,2026-08-19T23:51:02,2026-08-20T08:36:20,8.8,https://t.me/kievreal1/125788,Оперативна інформація про руйнування у Києві через атаку цієї ночі: • У Дарницькому районі пошкоджені нежитлові й складські приміщення. • У…,125788
2026-08-20,8,Святошинський,Святошин,2026-08-19T23:51:02,2026-08-20T08:36:20,8.8,https://t.me/kievreal1/125788,Оперативна інформація про руйнування у Києві через атаку цієї ночі: • У Дарницькому районі пошкоджені нежитлові й складські приміщення. • У…,125788
2026-08-20,8,Солом'янський,Солом'янка,2026-08-19T23:51:02,2026-08-20T08:36:20,8.8,https://t.me/kievreal1/125788,Оперативна інформація про руйнування у Києві через атаку цієї ночі: • У Дарницькому районі пошкоджені нежитлові й складські приміщення. • У…,125788
2026-08-20,8,Дарницький,Дарниця,2026-08-19T23:51:02,2026-08-20T08:36:20,8.8,https://t.me/kievreal1/125789,Оперативна інформація про руйнування у Києві через атаку цієї ночі: • У Дарницькому районі пошкоджені нежитлові й складські приміщення. • У…,125789
2026-08-20,8,Святошинський,Святошин,2026-08-19T23:51:02,2026-08-20T08:36:20,8.8,https://t.me/kievreal1/125789,Оперативна інформація про руйнування у Києві через атаку цієї ночі: • У Дарницькому районі пошкоджені нежитлові й складські приміщення. • У…,125789
2026-08-20,8,Солом'янський,Солом'янка,2026-08-19T23:51:02,2026-08-20T08:36:20,8.8,https://t.me/kievreal1/125790,До 11 зросла кількість загиблих у столиці. Із них 7 людей загинули в Соломʼянському районі.,125790
2026-08-20,9,Солом'янський,Солом'янка,2026-08-20T09:06:34,2026-08-20T11:10:57,2.1,https://t.me/kievreal1/125800,"Тіла ще двох загиблих деблоковані з-під завалів девʼятиповерхівки у Соломʼянському районі Києва , – повідомив речник ДСНС Павло Петрова У б…",125800
2026-08-20,10,Солом'янський,Солом'янка,2026-08-20T09:06:34,2026-08-20T11:10:57,2.1,https://t.me/kievreal1/125815,😥 Моторошні кадри нічної атаки із Соломʼянського району,125815
2026-08-20,12,Солом'янський,Солом'янка,2026-08-20T12:18:46,2026-08-20T12:46:00,0.5,https://t.me/kievreal1/125862,Знімки з пошкодженої від російських ударів дитячої лікарні в Соломʼянському районі: серед пацієнтів і персоналу постраждалих немає У будівл…,125862
2026-08-20,12,Солом'янський,Солом'янка,2026-08-20T12:18:46,2026-08-20T12:46:00,0.5,https://t.me/kievreal1/125865,"🕯️ На жаль, до 13 збільшилась кількість загиблих у Києві через масований обстріл Щойно у Солом’янському районі виявили тіло ще однієї жінки.",125865
2026-08-20,15,Дніпровський,ДВРЗ,2026-08-20T15:16:26,2026-08-20T15:33:13,0.3,https://t.me/kievreal1/125901,На ДВРЗ,125901
2026-08-20,15,Деснянський,Троєщина,2026-08-20T15:16:26,2026-08-20T15:33:13,0.3,https://t.me/kievreal1/125902,Троєщина теж увага P.S про рух шахедів в онлайн-режимі пишуть тут – t.me/tryvoga_kyiv,125902
2026-08-20,17,Дніпровський,Воскресенка,2026-08-20T17:03:11,2026-08-20T18:55:35,1.9,https://t.me/kievreal1/125920,На Воскресенку від Осещини!,125920
2026-08-20,17,Подільський,Поділ,2026-08-20T17:03:11,2026-08-20T18:55:35,1.9,https://t.me/kievreal1/125923,Поділ/ м Олімпійська,125923
2026-08-20,17,Дніпровський,ДВРЗ,2026-08-20T17:03:11,2026-08-20T18:55:35,1.9,https://t.me/kievreal1/125928,На ДВРЗ другий йде P.S про рух повітряних цілей тут – t.me/tryvoga_kyiv,125928
2026-08-20,17,Дніпровський,ДВРЗ,2026-08-20T17:03:11,2026-08-20T18:55:35,1.9,https://t.me/kievreal1/125929,На ДВРЗ другий йде P.S про рух повітряних цілей тут – t.me/tryvoga_kyiv,125929
2026-08-20,17,Дніпровський,Воскресенка,2026-08-20T17:03:11,2026-08-20T18:55:35,1.9,https://t.me/kievreal1/125931,Лісовий / Воскресенка,125931
2026-08-20,17,Дніпровський,Березняки,2026-08-20T17:03:11,2026-08-20T18:55:35,1.9,https://t.me/kievreal1/125932,Березняки! Слідкувати за траєкторією в онлайні – t.me/tryvoga_kyiv,125932
2026-08-20,17,Солом'янський,Совки,2026-08-20T17:03:11,2026-08-20T18:55:35,1.9,https://t.me/kievreal1/125934,Совки - вашим курсом,125934
2026-08-20,17,Голосіївський,Теремки,2026-08-20T17:03:11,2026-08-20T18:55:35,1.9,https://t.me/kievreal1/125936,Теремки,125936
2026-08-20,17,Святошинський,Борщагівка,2026-08-20T17:03:11,2026-08-20T18:55:35,1.9,https://t.me/kievreal1/125938,Борщагівка уважно,125938
2026-08-20,17,Солом'янський,Відрадний,2026-08-20T17:03:11,2026-08-20T18:55:35,1.9,https://t.me/kievreal1/125940,Відрадний до вас,125940
2026-08-20,17,Деснянський,ТЕЦ-6,2026-08-20T17:03:11,2026-08-20T18:55:35,1.9,https://t.me/kievreal1/125944,ТЕЦ-6 уважно,125944
2026-08-20,17,Деснянський,Троєщина,2026-08-20T17:03:11,2026-08-20T18:55:35,1.9,https://t.me/kievreal1/125946,Троєщина/ Осещина - у ваш бік,125946
2026-08-20,17,Деснянський,Троєщина,2026-08-20T17:03:11,2026-08-20T18:55:35,1.9,https://t.me/kievreal1/125947,Троєщина/ Осещина - у ваш бік,125947
2026-08-20,17,Шевченківський,Сирець,2026-08-20T17:03:11,2026-08-20T18:55:35,1.9,https://t.me/kievreal1/125948,На Сирець курсом,125948
2026-08-20,17,Подільський,Поділ,2026-08-20T17:03:11,2026-08-20T18:55:35,1.9,https://t.me/kievreal1/125949,Поділ - у ваш бік ὄ9,125949
2026-08-20,17,Голосіївський,Теремки,2026-08-20T17:03:11,2026-08-20T18:55:35,1.9,https://t.me/kievreal1/125951,Теремки,125951
2026-08-20,17,Голосіївський,Голосіїв,2026-08-20T17:03:11,2026-08-20T18:55:35,1.9,https://t.me/kievreal1/125955,"Уламки БпЛА впали в Голосіївському районі на будівлю бізнес-центру. Спалахнула пожежа, екстрені служби прямують на місце",125955
2026-08-20,18,Голосіївський,Голосіїв,2026-08-20T17:03:11,2026-08-20T18:55:35,1.9,https://t.me/kievreal1/125956,"Уламки БпЛА впали в Голосіївському районі на будівлю бізнес-центру. Спалахнула пожежа, екстрені служби прямують на місце",125956
2026-08-20,18,Дарницький,Осокорки,2026-08-20T17:03:11,2026-08-20T18:55:35,1.9,https://t.me/kievreal1/125957,🚇 Рух поїздів червоною гілкою метрополітену наразі здійснюється: • у напрямку центру від станції «Академмістечко» до станції «Політехнічний…,125957
2026-08-20,18,Печерський,Звіринець,2026-08-20T17:03:11,2026-08-20T18:55:35,1.9,https://t.me/kievreal1/125957,🚇 Рух поїздів червоною гілкою метрополітену наразі здійснюється: • у напрямку центру від станції «Академмістечко» до станції «Політехнічний…,125957
2026-08-20,18,Святошинський,Академмістечко,2026-08-20T17:03:11,2026-08-20T18:55:35,1.9,https://t.me/kievreal1/125957,🚇 Рух поїздів червоною гілкою метрополітену наразі здійснюється: • у напрямку центру від станції «Академмістечко» до станції «Політехнічний…,125957
2026-08-20,18,Шевченківський,Сирець,2026-08-20T17:03:11,2026-08-20T18:55:35,1.9,https://t.me/kievreal1/125957,🚇 Рух поїздів червоною гілкою метрополітену наразі здійснюється: • у напрямку центру від станції «Академмістечко» до станції «Політехнічний…,125957
2026-08-20,18,Святошинський,Академмістечко,2026-08-20T17:03:11,2026-08-20T18:55:35,1.9,https://t.me/kievreal1/125959,🚇 Рух поїздів червоною гілкою метрополітену наразі здійснюється: • у напрямку центру від станції «Академмістечко» до станції «Політехнічний…,125959
2026-08-20,19,Подільський,Поділ,2026-08-20T19:46:10,2026-08-20T20:31:01,0.7,https://t.me/kievreal1/125988,На центр/ Поділ Слідкувати за траєкторією руху в онлайні тут – t.me/tryvoga_kyiv,125988
2026-08-20,19,Солом'янський,Жуляни,2026-08-20T19:46:10,2026-08-20T20:31:01,0.7,https://t.me/kievreal1/125989,Жуляни,125989
2026-08-20,19,Голосіївський,Теремки,2026-08-20T19:46:10,2026-08-20T20:31:01,0.7,https://t.me/kievreal1/125990,Деміївка/ Теремки,125990
2026-08-20,19,Голосіївський,Теремки,2026-08-20T19:46:10,2026-08-20T20:31:01,0.7,https://t.me/kievreal1/125991,Деміївка/ Теремки,125991
2026-08-20,19,Голосіївський,Голосіїв,2026-08-20T19:46:10,2026-08-20T20:31:01,0.7,https://t.me/kievreal1/125994,"Перші кадри з місця ворожого удару сьогодні під вечір по Голосіївському району, де загинула людина Від атаки БпЛА сталася пожежа покрівлі о…",125994
2026-08-20,19,Солом'янський,Солом'янка,2026-08-20T19:46:10,2026-08-20T20:31:01,0.7,https://t.me/kievreal1/125994,"Перші кадри з місця ворожого удару сьогодні під вечір по Голосіївському району, де загинула людина Від атаки БпЛА сталася пожежа покрівлі о…",125994
2026-08-20,20,Голосіївський,Голосіїв,2026-08-20T19:46:10,2026-08-20T20:31:01,0.7,https://t.me/kievreal1/125997,"БпЛА в бік Вишгороду! Тим часом стало відомо, що в Голосіївському районі знову спалахнула пожежа через падіння уламків БпЛА на територію не…",125997
2026-08-20,20,Оболонський,Оболонь,2026-08-20T19:46:10,2026-08-20T20:31:01,0.7,https://t.me/kievreal1/125998,На Оболонь,125998
2026-08-20,20,Голосіївський,Голосіїв,2026-08-20T19:46:10,2026-08-20T20:31:01,0.7,https://t.me/kievreal1/126000,"БпЛА в бік Вишгороду! Тим часом стало відомо, що в Голосіївському районі знову спалахнула пожежа через падіння уламків БпЛА на територію не…",126000
2026-08-23,21,Оболонський,Оболонь,2026-08-23T20:56:00,2026-08-23T21:24:04,0.5,https://t.me/kievreal1/126201,Оболонь,126201
2026-08-23,21,Шевченківський,Нивки,2026-08-23T20:56:00,2026-08-23T21:24:04,0.5,https://t.me/kievreal1/126202,Нивки,126202
2026-08-24,21,Дарницький,Дарниця,2026-08-24T21:23:02,2026-08-24T21:38:22,0.3,https://t.me/kievreal1/126249,"«Через підвищену загрозу для столиці та Київського регіону, за вказівкою моніторингової групи, діють безпекові протоколи. Рух Київської кіл…",126249
2026-08-24,21,Дніпровський,Лівобережний,2026-08-24T21:23:02,2026-08-24T21:38:22,0.3,https://t.me/kievreal1/126249,"«Через підвищену загрозу для столиці та Київського регіону, за вказівкою моніторингової групи, діють безпекові протоколи. Рух Київської кіл…",126249
2026-08-24,21,Оболонський,Почайна,2026-08-24T21:23:02,2026-08-24T21:38:22,0.3,https://t.me/kievreal1/126249,"«Через підвищену загрозу для столиці та Київського регіону, за вказівкою моніторингової групи, діють безпекові протоколи. Рух Київської кіл…",126249
2026-08-24,21,Святошинський,Святошин,2026-08-24T21:23:02,2026-08-24T21:38:22,0.3,https://t.me/kievreal1/126249,"«Через підвищену загрозу для столиці та Київського регіону, за вказівкою моніторингової групи, діють безпекові протоколи. Рух Київської кіл…",126249
2026-08-25,0,Голосіївський,Феофанія,2026-08-24T23:59:25,2026-08-25T00:43:06,0.7,https://t.me/kievreal1/126267,Реактивний БпЛА на Феофанію upd: без фіксації,126267
2026-08-25,0,Голосіївський,Голосіїв,2026-08-24T23:59:25,2026-08-25T00:43:06,0.7,https://t.me/kievreal1/126270,"❗️ У Голосіївському районі фіксується пошкодження 16-ти поверхового житлового будинку внаслідок ворожої атаки, — КМВА Служби слідують на мі…",126270
2026-08-27,3,Подільський,Поділ,2026-08-27T02:24:45,2026-08-27T03:58:34,1.6,https://t.me/kievreal1/126474,У Подільському районі фіксується падіння уламків у дворі житлового будинку. Інформація про потерпілих і пошкодження уточнюється. Загроза тр…,126474
2026-08-27,4,Оболонський,Оболонь,2026-08-27T04:14:05,2026-08-27T07:20:18,3.1,https://t.me/kievreal1/126485,Оболонь,126485
2026-08-27,4,Шевченківський,Шевченківський,2026-08-27T04:14:05,2026-08-27T07:20:18,3.1,https://t.me/kievreal1/126492,У Шевченківському районі фіксується падіння уламків на території навчального закладу.,126492
2026-08-27,6,Деснянський,Троєщина,2026-08-27T04:14:05,2026-08-27T07:20:18,3.1,https://t.me/kievreal1/126499,Троєщина,126499
2026-08-27,8,Подільський,Поділ,2026-08-27T08:13:39,2026-08-27T09:39:58,1.4,https://t.me/kievreal1/126510,Внаслідок атаки ворога на столицю в Шевченківському районі значно пошкоджене приміщення однієї з гімназій. Також вибуховою хвилею повибивал…,126510
2026-08-27,8,Шевченківський,Шевченківський,2026-08-27T08:13:39,2026-08-27T09:39:58,1.4,https://t.me/kievreal1/126510,Внаслідок атаки ворога на столицю в Шевченківському районі значно пошкоджене приміщення однієї з гімназій. Також вибуховою хвилею повибивал…,126510
2026-08-27,8,Подільський,Поділ,2026-08-27T08:13:39,2026-08-27T09:39:58,1.4,https://t.me/kievreal1/126513,Внаслідок атаки ворога на столицю в Шевченківському районі значно пошкоджене приміщення однієї з гімназій. Також вибуховою хвилею повибивал…,126513
2026-08-27,8,Шевченківський,Шевченківський,2026-08-27T08:13:39,2026-08-27T09:39:58,1.4,https://t.me/kievreal1/126513,Внаслідок атаки ворога на столицю в Шевченківському районі значно пошкоджене приміщення однієї з гімназій. Також вибуховою хвилею повибивал…,126513
2026-08-27,10,Святошинський,Святошин,2026-08-27T09:54:41,2026-08-27T11:08:51,1.2,https://t.me/kievreal1/126525,Академ/Святошин,126525
2026-08-27,10,Солом'янський,Жуляни,2026-08-27T09:54:41,2026-08-27T11:08:51,1.2,https://t.me/kievreal1/126526,Жуляни,126526
2026-08-27,10,Дарницький,Осокорки,2026-08-27T09:54:41,2026-08-27T11:08:51,1.2,https://t.me/kievreal1/126527,Осокорки,126527
2026-08-27,10,Подільський,Поділ,2026-08-27T09:54:41,2026-08-27T11:08:51,1.2,https://t.me/kievreal1/126529,Поділ,126529
2026-08-27,10,Голосіївський,Голосіїв,2026-08-27T09:54:41,2026-08-27T11:08:51,1.2,https://t.me/kievreal1/126530,Оболонь/Голосіїв,126530
2026-08-27,10,Оболонський,Оболонь,2026-08-27T09:54:41,2026-08-27T11:08:51,1.2,https://t.me/kievreal1/126530,Оболонь/Голосіїв,126530
2026-08-27,10,Шевченківський,Нивки,2026-08-27T09:54:41,2026-08-27T11:08:51,1.2,https://t.me/kievreal1/126532,Нивки,126532
2026-08-27,10,Святошинський,Святошин,2026-08-27T09:54:41,2026-08-27T11:08:51,1.2,https://t.me/kievreal1/126535,Святошино,126535
2026-08-27,10,Голосіївський,Голосіїв,2026-08-27T09:54:41,2026-08-27T11:08:51,1.2,https://t.me/kievreal1/126538,У Голосіївському районі впав ворожий БпЛА. Пошкоджений внаслідок цього автомобіль вже загасили. У Печерському районі уламки впали на нежитл…,126538
2026-08-27,10,Печерський,Печерськ,2026-08-27T09:54:41,2026-08-27T11:08:51,1.2,https://t.me/kievreal1/126538,У Голосіївському районі впав ворожий БпЛА. Пошкоджений внаслідок цього автомобіль вже загасили. У Печерському районі уламки впали на нежитл…,126538
2026-08-27,10,Подільський,Поділ,2026-08-27T09:54:41,2026-08-27T11:08:51,1.2,https://t.me/kievreal1/126539,Поділ,126539
2026-08-27,10,Деснянський,Троєщина,2026-08-27T09:54:41,2026-08-27T11:08:51,1.2,https://t.me/kievreal1/126540,Троя,126540
2026-08-27,10,Печерський,Печерськ,2026-08-27T09:54:41,2026-08-27T11:08:51,1.2,https://t.me/kievreal1/126541,"У Печерському районі пошкоджено будівлю спортивного комплексу, поінформували у КМВА",126541
2026-08-27,10,Деснянський,ТЕЦ-6,2026-08-27T09:54:41,2026-08-27T11:08:51,1.2,https://t.me/kievreal1/126543,ТЕЦ 6,126543
2026-08-27,10,Дарницький,Позняки,2026-08-27T09:54:41,2026-08-27T11:08:51,1.2,https://t.me/kievreal1/126545,Позняки,126545
2026-08-27,10,Голосіївський,Деміївка,2026-08-27T09:54:41,2026-08-27T11:08:51,1.2,https://t.me/kievreal1/126546,Деміївка,126546
2026-08-27,10,Солом'янський,Солом'янка,2026-08-27T09:54:41,2026-08-27T11:08:51,1.2,https://t.me/kievreal1/126547,Солома,126547
2026-08-27,10,Оболонський,Почайна,2026-08-27T09:54:41,2026-08-27T11:08:51,1.2,https://t.me/kievreal1/126548,Почайна,126548
2026-08-27,10,Подільський,Виноградар,2026-08-27T09:54:41,2026-08-27T11:08:51,1.2,https://t.me/kievreal1/126550,Виноградар P.S про рух повітряних цілей тут – t.me/tryvoga_kyiv,126550
2026-08-27,10,Солом'янський,Жуляни,2026-08-27T09:54:41,2026-08-27T11:08:51,1.2,https://t.me/kievreal1/126552,Жуляни,126552
2026-08-27,11,Голосіївський,Голосіїв,2026-08-27T09:54:41,2026-08-27T11:08:51,1.2,https://t.me/kievreal1/126553,"У Голосіївському районі чоловік отримав поранення. Йому надається допомога, - КМВА",126553
2026-08-27,11,Печерський,Печерськ,2026-08-27T09:54:41,2026-08-27T11:08:51,1.2,https://t.me/kievreal1/126555,"У Печерському районі, де ворожий БпЛА впав на відкриту територію, сталося загоряння трави.",126555
2026-08-27,12,Деснянський,Троєщина,2026-08-27T11:58:19,2026-08-27T12:42:14,0.7,https://t.me/kievreal1/126564,Троя,126564
2026-08-27,12,Подільський,Поділ,2026-08-27T11:58:19,2026-08-27T12:42:14,0.7,https://t.me/kievreal1/126566,Збитий шахед впав в метрах від Подільського мосту,126566
2026-08-27,12,Дарницький,Бортничі,2026-08-27T11:58:19,2026-08-27T12:42:14,0.7,https://t.me/kievreal1/126569,Бортничі,126569
2026-08-27,12,Дніпровський,ДВРЗ,2026-08-27T11:58:19,2026-08-27T12:42:14,0.7,https://t.me/kievreal1/126570,ДВРЗ,126570
2026-08-27,12,Оболонський,Оболонь,2026-08-27T11:58:19,2026-08-27T12:42:14,0.7,https://t.me/kievreal1/126571,Оболонь,126571
2026-08-27,14,Оболонський,Оболонь,2026-08-27T14:45:08,2026-08-27T16:13:05,1.5,https://t.me/kievreal1/126602,Реактив на Оболонь,126602
2026-08-27,14,Подільський,Поділ,2026-08-27T14:45:08,2026-08-27T16:13:05,1.5,https://t.me/kievreal1/126603,"Поділ, курсом попередніх йде",126603
2026-08-27,14,Солом'янський,Жуляни,2026-08-27T14:45:08,2026-08-27T16:13:05,1.5,https://t.me/kievreal1/126604,Жуляни,126604
2026-08-27,18,Святошинський,Академмістечко,2026-08-27T17:51:02,2026-08-27T21:11:07,3.3,https://t.me/kievreal1/126633,"Рух поїздів «червоною» лінією здійснюється зі змінами, – КМДА ▪️ у напрямку центру – від ст. «Академмістечко» до ст. «Театральна»; ▪️ у нап…",126633
2026-08-27,18,Дарницький,Рембаза,2026-08-27T17:51:02,2026-08-27T21:11:07,3.3,https://t.me/kievreal1/126634,Рембаза,126634
2026-08-27,18,Дарницький,Осокорки,2026-08-27T17:51:02,2026-08-27T21:11:07,3.3,https://t.me/kievreal1/126635,"Рух поїздів ""зеленою"" лінією здійснюється між станціями ""Сирець"" – ""Звіринецька"" та ""Осокорки"" – ""Червоний хутір""",126635
2026-08-27,18,Печерський,Звіринець,2026-08-27T17:51:02,2026-08-27T21:11:07,3.3,https://t.me/kievreal1/126635,"Рух поїздів ""зеленою"" лінією здійснюється між станціями ""Сирець"" – ""Звіринецька"" та ""Осокорки"" – ""Червоний хутір""",126635
2026-08-27,18,Шевченківський,Сирець,2026-08-27T17:51:02,2026-08-27T21:11:07,3.3,https://t.me/kievreal1/126635,"Рух поїздів ""зеленою"" лінією здійснюється між станціями ""Сирець"" – ""Звіринецька"" та ""Осокорки"" – ""Червоний хутір""",126635
2026-08-27,18,Оболонський,Оболонь,2026-08-27T17:51:02,2026-08-27T21:11:07,3.3,https://t.me/kievreal1/126636,Оболонь,126636
2026-08-27,18,Святошинський,Академмістечко,2026-08-27T17:51:02,2026-08-27T21:11:07,3.3,https://t.me/kievreal1/126637,Академ,126637
2026-08-27,18,Оболонський,Пуща-Водиця,2026-08-27T17:51:02,2026-08-27T21:11:07,3.3,https://t.me/kievreal1/126638,Пуща,126638
2026-08-27,19,Подільський,Поділ,2026-08-27T17:51:02,2026-08-27T21:11:07,3.3,https://t.me/kievreal1/126642,"Пошкоджено 4-поверховий житловий будинок у Подільському районі, – КМВА Інформація про потерпілих уточнюється. Служби слідують на місце поді…",126642
2026-08-27,19,Голосіївський,Голосіїв,2026-08-27T17:51:02,2026-08-27T21:11:07,3.3,https://t.me/kievreal1/126643,Голосіїв,126643
2026-08-27,19,Деснянський,Троєщина,2026-08-27T17:51:02,2026-08-27T21:11:07,3.3,https://t.me/kievreal1/126645,Троя,126645
2026-08-27,19,Подільський,Поділ,2026-08-27T17:51:02,2026-08-27T21:11:07,3.3,https://t.me/kievreal1/126646,Екстрені служби гасять загоряння покрівлі чотириповерхового житлового будинку в Подільському районі.,126646
2026-08-27,19,Дніпровський,ДВРЗ,2026-08-27T17:51:02,2026-08-27T21:11:07,3.3,https://t.me/kievreal1/126647,ДВРЗ,126647
2026-08-27,19,Оболонський,Оболонь,2026-08-27T17:51:02,2026-08-27T21:11:07,3.3,https://t.me/kievreal1/126650,Оболонь,126650
2026-08-27,19,Оболонський,Оболонь,2026-08-27T17:51:02,2026-08-27T21:11:07,3.3,https://t.me/kievreal1/126657,Оболонь,126657
2026-08-27,19,Солом'янський,Шулявка,2026-08-27T17:51:02,2026-08-27T21:11:07,3.3,https://t.me/kievreal1/126658,Шулявка,126658
2026-08-27,19,Деснянський,Деснянський,2026-08-27T17:51:02,2026-08-27T21:11:07,3.3,https://t.me/kievreal1/126659,"У Деснянському районі фіксується падіння уламків на дах гуртожитку. Загоряння відсутнє, повідомили у КМВА.",126659
2026-08-27,19,Солом'янський,Жуляни,2026-08-27T17:51:02,2026-08-27T21:11:07,3.3,https://t.me/kievreal1/126660,Жуляни,126660
2026-08-27,20,Деснянський,Троєщина,2026-08-27T17:51:02,2026-08-27T21:11:07,3.3,https://t.me/kievreal1/126662,Троя,126662
2026-08-27,20,Шевченківський,Лук'янівка,2026-08-27T17:51:02,2026-08-27T21:11:07,3.3,https://t.me/kievreal1/126665,Лукʼянівка,126665
2026-08-27,20,Святошинський,Академмістечко,2026-08-27T17:51:02,2026-08-27T21:11:07,3.3,https://t.me/kievreal1/126667,Академ,126667
2026-08-27,20,Святошинський,Святошин,2026-08-27T17:51:02,2026-08-27T21:11:07,3.3,https://t.me/kievreal1/126668,Святошин,126668
2026-08-27,21,Оболонський,Оболонь,2026-08-27T21:27:50,2026-08-27T21:51:43,0.4,https://t.me/kievreal1/126673,Оболонь,126673
2026-08-27,21,Солом'янський,Відрадний,2026-08-27T21:27:50,2026-08-27T21:51:43,0.4,https://t.me/kievreal1/126674,Відрадний,126674
2026-08-27,21,Подільський,Виноградар,2026-08-27T21:27:50,2026-08-27T21:51:43,0.4,https://t.me/kievreal1/126678,Виноградар,126678
2026-08-27,23,Деснянський,Троєщина,2026-08-27T23:55:21,2026-08-28T00:41:02,0.8,https://t.me/kievreal1/126698,БПЛА на Троєщину,126698
2026-08-27,23,Деснянський,ТЕЦ-6,2026-08-27T23:55:21,2026-08-28T00:41:02,0.8,https://t.me/kievreal1/126699,ТЕЦ-6 теж обережно,126699
2026-08-28,0,Солом'янський,Жуляни,2026-08-27T23:55:21,2026-08-28T00:41:02,0.8,https://t.me/kievreal1/126701,Жуляни,126701
2026-08-28,0,Солом'янський,Жуляни,2026-08-27T23:55:21,2026-08-28T00:41:02,0.8,https://t.me/kievreal1/126706,Реактивний БпЛА курсом на Жуляни,126706
2026-08-28,0,Деснянський,Троєщина,2026-08-27T23:55:21,2026-08-28T00:41:02,0.8,https://t.me/kievreal1/126707,Троєщина,126707
2026-08-28,0,Деснянський,Биківня,2026-08-27T23:55:21,2026-08-28T00:41:02,0.8,https://t.me/kievreal1/126708,Реактивний БпЛА курсом на Биківню,126708
2026-08-28,0,Дарницький,Дарниця,2026-08-27T23:55:21,2026-08-28T00:41:02,0.8,https://t.me/kievreal1/126709,Дарниця,126709
2026-08-28,0,Печерський,Печерськ,2026-08-27T23:55:21,2026-08-28T00:41:02,0.8,https://t.me/kievreal1/126710,Реактивний БпЛА курсом на Печерськ,126710
2026-08-28,0,Солом'янський,Солом'янка,2026-08-27T23:55:21,2026-08-28T00:41:02,0.8,https://t.me/kievreal1/126711,Реактивний БпЛА курсом на Соломʼянку,126711
2026-08-28,3,Деснянський,Троєщина,2026-08-28T03:32:15,2026-08-28T03:46:58,0.2,https://t.me/kievreal1/126734,БПЛА на Трою,126734
2026-08-28,3,Оболонський,Оболонь,2026-08-28T03:32:15,2026-08-28T03:46:58,0.2,https://t.me/kievreal1/126735,Оболонь,126735
2026-08-28,3,Шевченківський,Нивки,2026-08-28T03:49:47,2026-08-28T04:00:11,0.2,https://t.me/kievreal1/126742,БПЛА на Нивки,126742
2026-08-28,3,Святошинський,Святошин,2026-08-28T03:49:47,2026-08-28T04:00:11,0.2,https://t.me/kievreal1/126743,Реактивний БпЛА курсом на Святошин,126743
2026-08-28,5,Оболонський,Оболонь,2026-08-28T05:05:20,2026-08-28T07:18:42,2.2,https://t.me/kievreal1/126758,Реактивний шахед на Оболонський район,126758
2026-08-28,5,Оболонський,Мінський масив,2026-08-28T05:05:20,2026-08-28T07:18:42,2.2,https://t.me/kievreal1/126759,Мінський масив,126759
2026-08-28,5,Шевченківський,Нивки,2026-08-28T05:05:20,2026-08-28T07:18:42,2.2,https://t.me/kievreal1/126760,Нивки,126760
2026-08-28,5,Оболонський,Оболонь,2026-08-28T05:05:20,2026-08-28T07:18:42,2.2,https://t.me/kievreal1/126762,2 реактивні шахеди на Оболонський район Києва,126762
2026-08-28,5,Подільський,Виноградар,2026-08-28T05:05:20,2026-08-28T07:18:42,2.2,https://t.me/kievreal1/126763,"2 реактивні шахеди з Виноградар на Нивки, Берковець, Сирець",126763
2026-08-28,5,Шевченківський,Сирець,2026-08-28T05:05:20,2026-08-28T07:18:42,2.2,https://t.me/kievreal1/126763,"2 реактивні шахеди з Виноградар на Нивки, Берковець, Сирець",126763
2026-08-28,8,Голосіївський,Новосілки,2026-08-28T08:04:08,2026-08-28T08:46:49,0.7,https://t.me/kievreal1/126798,"Погреби, Новосілки – вашим курсом і ще біля Славутича нові P.S про рух шахедів в онлайн-режимі пишуть тут – t.me/tryvoga_kyiv",126798
2026-08-28,8,Оболонський,Оболонь,2026-08-28T08:04:08,2026-08-28T08:46:49,0.7,https://t.me/kievreal1/126799,Оболонь увага,126799
2026-08-28,8,Святошинський,Академмістечко,2026-08-28T08:04:08,2026-08-28T08:46:49,0.7,https://t.me/kievreal1/126800,"Нивки, Академ",126800
2026-08-28,8,Шевченківський,Нивки,2026-08-28T08:04:08,2026-08-28T08:46:49,0.7,https://t.me/kievreal1/126800,"Нивки, Академ",126800
2026-08-28,8,Святошинський,Академмістечко,2026-08-28T08:04:08,2026-08-28T08:46:49,0.7,https://t.me/kievreal1/126801,"Нивки, Академ",126801
2026-08-28,8,Шевченківський,Нивки,2026-08-28T08:04:08,2026-08-28T08:46:49,0.7,https://t.me/kievreal1/126801,"Нивки, Академ",126801
2026-08-28,8,Святошинський,Борщагівка,2026-08-28T08:04:08,2026-08-28T08:46:49,0.7,https://t.me/kievreal1/126802,"Борщагівки – у ваш бік, другий на Нивки",126802
2026-08-28,8,Шевченківський,Нивки,2026-08-28T08:04:08,2026-08-28T08:46:49,0.7,https://t.me/kievreal1/126802,"Борщагівки – у ваш бік, другий на Нивки",126802
2026-08-28,8,Святошинський,Святошин,2026-08-28T08:04:08,2026-08-28T08:46:49,0.7,https://t.me/kievreal1/126803,"Перший на Вишневе курсом, другий – Святошин",126803
2026-08-28,8,Деснянський,Троєщина,2026-08-28T08:04:08,2026-08-28T08:46:49,0.7,https://t.me/kievreal1/126811,На Погреби/ Троєщину/ Муромець,126811
2026-08-28,8,Оболонський,Пріорка,2026-08-28T08:04:08,2026-08-28T08:46:49,0.7,https://t.me/kievreal1/126812,Пріорка/ Виноградар,126812
2026-08-28,8,Подільський,Виноградар,2026-08-28T08:04:08,2026-08-28T08:46:49,0.7,https://t.me/kievreal1/126812,Пріорка/ Виноградар,126812
2026-08-28,8,Святошинський,Святошин,2026-08-28T08:04:08,2026-08-28T08:46:49,0.7,https://t.me/kievreal1/126813,Курсом на Нивки/ Святошин/ Боршагівки,126813
2026-08-28,8,Шевченківський,Нивки,2026-08-28T08:04:08,2026-08-28T08:46:49,0.7,https://t.me/kievreal1/126813,Курсом на Нивки/ Святошин/ Боршагівки,126813
2026-08-28,9,Оболонський,Оболонь,2026-08-28T09:17:15,2026-08-28T09:36:31,0.3,https://t.me/kievreal1/126831,1 на Оболонь через Вишгород,126831
2026-08-28,9,Подільський,Виноградар,2026-08-28T09:17:15,2026-08-28T09:36:31,0.3,https://t.me/kievreal1/126832,Виноградар - у ваш бік,126832
2026-08-28,9,Подільський,Виноградар,2026-08-28T09:17:15,2026-08-28T09:36:31,0.3,https://t.me/kievreal1/126833,Виноградар - у ваш бік,126833
2026-08-28,9,Святошинський,Святошин,2026-08-28T09:17:15,2026-08-28T09:36:31,0.3,https://t.me/kievreal1/126834,Святошин! P.S про рух шахедів в онлайн-режимі пишуть тут – t.me/tryvoga_kyiv,126834
2026-08-28,9,Святошинський,Святошин,2026-08-28T09:17:15,2026-08-28T09:36:31,0.3,https://t.me/kievreal1/126835,Святошин! P.S про рух шахедів в онлайн-режимі пишуть тут – t.me/tryvoga_kyiv,126835
2026-08-28,10,Голосіївський,Конча-Заспа,2026-08-28T10:05:31,2026-08-28T10:27:00,0.4,https://t.me/kievreal1/126856,На Козин/ Конча-Заспу,126856
2026-08-28,10,Голосіївський,Теремки,2026-08-28T10:56:37,2026-08-28T11:41:52,0.8,https://t.me/kievreal1/126876,"Теремки, Новосілки, Гатне Другий на Стоянку.",126876
2026-08-28,10,Голосіївський,Пирогів,2026-08-28T10:56:37,2026-08-28T11:41:52,0.8,https://t.me/kievreal1/126877,Пирогів !,126877
2026-08-28,11,Голосіївський,Теремки,2026-08-28T10:56:37,2026-08-28T11:41:52,0.8,https://t.me/kievreal1/126880,"Знову на Теремки, Чабани один",126880
2026-08-28,11,Подільський,Контрактова,2026-08-28T10:56:37,2026-08-28T11:41:52,0.8,https://t.me/kievreal1/126890,"Командир бригади ТрО на Київщині привласнив понад 12 млн грн на закупівлі FPV-дронів для оборонців на Харківському напрямку Власне, він орг…",126890
2026-08-28,14,Деснянський,ТЕЦ-6,2026-08-28T14:17:41,2026-08-28T14:47:05,0.5,https://t.me/kievreal1/126930,ТЕЦ-6 увага,126930
2026-08-28,16,Деснянський,Троєщина,2026-08-28T16:45:01,2026-08-28T19:09:52,2.4,https://t.me/kievreal1/126946,"Троєщина, Погреби – до вас! Слідкувати за рухом в онлайні– t.me/tryvoga_kyiv",126946
2026-08-28,16,Дніпровський,Воскресенка,2026-08-28T16:45:01,2026-08-28T19:09:52,2.4,https://t.me/kievreal1/126947,Воскресенка!,126947
2026-08-28,16,Печерський,Печерськ,2026-08-28T16:45:01,2026-08-28T19:09:52,2.4,https://t.me/kievreal1/126948,В сторону Печерська!,126948
2026-08-28,16,Святошинський,Академмістечко,2026-08-28T16:45:01,2026-08-28T19:09:52,2.4,https://t.me/kievreal1/126952,Академ,126952
2026-08-28,16,Подільський,Виноградар,2026-08-28T16:45:01,2026-08-28T19:09:52,2.4,https://t.me/kievreal1/126954,Виноградар,126954
2026-08-28,16,Оболонський,Почайна,2026-08-28T16:45:01,2026-08-28T19:09:52,2.4,https://t.me/kievreal1/126956,Почайна/ Поділ уважно,126956
2026-08-28,16,Подільський,Поділ,2026-08-28T16:45:01,2026-08-28T19:09:52,2.4,https://t.me/kievreal1/126956,Почайна/ Поділ уважно,126956
2026-08-28,16,Солом'янський,Совки,2026-08-28T16:45:01,2026-08-28T19:09:52,2.4,https://t.me/kievreal1/126958,На Совки далі,126958
2026-08-28,16,Солом'янський,Жуляни,2026-08-28T16:45:01,2026-08-28T19:09:52,2.4,https://t.me/kievreal1/126959,Жуляни / Вишневе/ Крюківщина,126959
2026-08-28,16,Святошинський,Академмістечко,2026-08-28T16:45:01,2026-08-28T19:09:52,2.4,https://t.me/kievreal1/126962,І знову на Академ!,126962
2026-08-28,16,Солом'янський,Шулявка,2026-08-28T16:45:01,2026-08-28T19:09:52,2.4,https://t.me/kievreal1/126963,На Шулявку! Слідкуємо за траєкторією руху тут – t.me/tryvoga_kyiv,126963
2026-08-28,16,Солом'янський,Жуляни,2026-08-28T16:45:01,2026-08-28T19:09:52,2.4,https://t.me/kievreal1/126964,Жуляни по курсу,126964
2026-08-28,17,Голосіївський,Феофанія,2026-08-28T16:45:01,2026-08-28T19:09:52,2.4,https://t.me/kievreal1/126972,Пирогів/ Феофанія увага,126972
2026-08-28,17,Голосіївський,Конча-Заспа,2026-08-28T16:45:01,2026-08-28T19:09:52,2.4,https://t.me/kievreal1/126973,Тепер Конча-Заспа по курсу,126973
2026-08-28,17,Голосіївський,Конча-Заспа,2026-08-28T16:45:01,2026-08-28T19:09:52,2.4,https://t.me/kievreal1/126974,Тепер Конча-Заспа по курсу,126974
2026-08-28,17,Оболонський,Оболонь,2026-08-28T16:45:01,2026-08-28T19:09:52,2.4,https://t.me/kievreal1/126982,На Оболонь курсом,126982
2026-08-28,17,Оболонський,Почайна,2026-08-28T16:45:01,2026-08-28T19:09:52,2.4,https://t.me/kievreal1/126983,Поділ/ Почайна – до вас!,126983
2026-08-28,17,Подільський,Поділ,2026-08-28T16:45:01,2026-08-28T19:09:52,2.4,https://t.me/kievreal1/126983,Поділ/ Почайна – до вас!,126983
2026-08-28,17,Подільський,Куренівка,2026-08-28T16:45:01,2026-08-28T19:09:52,2.4,https://t.me/kievreal1/126990,1 на Виноградар/ Куренівку курсом,126990
2026-08-28,17,Подільський,Куренівка,2026-08-28T16:45:01,2026-08-28T19:09:52,2.4,https://t.me/kievreal1/126991,1 на Виноградар/ Куренівку курсом,126991
2026-08-28,17,Солом'янський,Совки,2026-08-28T16:45:01,2026-08-28T19:09:52,2.4,https://t.me/kievreal1/126992,Совки,126992
2026-08-28,17,Солом'янський,Совки,2026-08-28T16:45:01,2026-08-28T19:09:52,2.4,https://t.me/kievreal1/126993,Совки,126993
2026-08-28,17,Шевченківський,Нивки,2026-08-28T16:45:01,2026-08-28T19:09:52,2.4,https://t.me/kievreal1/126995,Від Чабанів на Васильків Другий на Нивки,126995
2026-08-28,17,Святошинський,Борщагівка,2026-08-28T16:45:01,2026-08-28T19:09:52,2.4,https://t.me/kievreal1/126996,Другий на Борщагівки,126996
2026-08-28,17,Святошинський,Борщагівка,2026-08-28T16:45:01,2026-08-28T19:09:52,2.4,https://t.me/kievreal1/126997,Другий на Борщагівки,126997
2026-08-28,17,Святошинський,Борщагівка,2026-08-28T16:45:01,2026-08-28T19:09:52,2.4,https://t.me/kievreal1/127001,"Вишневе, Борщагівки - знову до вас",127001
2026-08-28,17,Голосіївський,Теремки,2026-08-28T16:45:01,2026-08-28T19:09:52,2.4,https://t.me/kievreal1/127003,На Феофанію/ Чабани/ Теремки Стежити за траєкторією - t.me/kyiv_radar,127003
2026-08-28,17,Голосіївський,Теремки,2026-08-28T16:45:01,2026-08-28T19:09:52,2.4,https://t.me/kievreal1/127004,На Феофанію/ Чабани/ Теремки Стежити за траєкторією - t.me/kyiv_radar,127004
2026-08-28,18,Деснянський,Троєщина,2026-08-28T16:45:01,2026-08-28T19:09:52,2.4,https://t.me/kievreal1/127009,На Троєщину 1 бпла,127009
2026-08-28,18,Подільський,Поділ,2026-08-28T16:45:01,2026-08-28T19:09:52,2.4,https://t.me/kievreal1/127010,На Поділ/ центр,127010
2026-08-28,18,Подільський,Поділ,2026-08-28T16:45:01,2026-08-28T19:09:52,2.4,https://t.me/kievreal1/127011,На Поділ/ центр,127011
2026-08-28,18,Оболонський,Пріорка,2026-08-28T16:45:01,2026-08-28T19:09:52,2.4,https://t.me/kievreal1/127022,"Пріорка, Куренівка — уважно",127022
2026-08-28,18,Подільський,Куренівка,2026-08-28T16:45:01,2026-08-28T19:09:52,2.4,https://t.me/kievreal1/127022,"Пріорка, Куренівка — уважно",127022
2026-08-28,18,Оболонський,Пріорка,2026-08-28T16:45:01,2026-08-28T19:09:52,2.4,https://t.me/kievreal1/127023,"Пріорка, Куренівка — уважно",127023
2026-08-28,18,Подільський,Куренівка,2026-08-28T16:45:01,2026-08-28T19:09:52,2.4,https://t.me/kievreal1/127023,"Пріорка, Куренівка — уважно",127023
2026-08-28,18,Шевченківський,Нивки,2026-08-28T16:45:01,2026-08-28T19:09:52,2.4,https://t.me/kievreal1/127024,Нивки,127024
2026-08-28,18,Святошинський,Борщагівка,2026-08-28T16:45:01,2026-08-28T19:09:52,2.4,https://t.me/kievreal1/127025,"Святошин, Борщагівки",127025
2026-08-28,18,Святошинський,Академмістечко,2026-08-28T16:45:01,2026-08-28T19:09:52,2.4,https://t.me/kievreal1/127026,Далі Академ по курсу,127026
2026-08-28,18,Дарницький,Осокорки,2026-08-28T16:45:01,2026-08-28T19:09:52,2.4,https://t.me/kievreal1/127029,"❕ Зміни в роботі метрополітену через тривалу повітряну тривогу: 🔴 Рух поїздів червоною гілкою здійснюється: • у напрямку центру від ст. ""Ак…",127029
2026-08-28,18,Печерський,Звіринець,2026-08-28T16:45:01,2026-08-28T19:09:52,2.4,https://t.me/kievreal1/127029,"❕ Зміни в роботі метрополітену через тривалу повітряну тривогу: 🔴 Рух поїздів червоною гілкою здійснюється: • у напрямку центру від ст. ""Ак…",127029
2026-08-28,18,Святошинський,Академмістечко,2026-08-28T16:45:01,2026-08-28T19:09:52,2.4,https://t.me/kievreal1/127029,"❕ Зміни в роботі метрополітену через тривалу повітряну тривогу: 🔴 Рух поїздів червоною гілкою здійснюється: • у напрямку центру від ст. ""Ак…",127029
2026-08-28,18,Шевченківський,Сирець,2026-08-28T16:45:01,2026-08-28T19:09:52,2.4,https://t.me/kievreal1/127029,"❕ Зміни в роботі метрополітену через тривалу повітряну тривогу: 🔴 Рух поїздів червоною гілкою здійснюється: • у напрямку центру від ст. ""Ак…",127029
2026-08-28,18,Святошинський,Борщагівка,2026-08-28T16:45:01,2026-08-28T19:09:52,2.4,https://t.me/kievreal1/127033,Борщагівки далі,127033
2026-08-28,18,Святошинський,Академмістечко,2026-08-28T16:45:01,2026-08-28T19:09:52,2.4,https://t.me/kievreal1/127034,Академ по курсу,127034
2026-08-28,18,Оболонський,Оболонь,2026-08-28T16:45:01,2026-08-28T19:09:52,2.4,https://t.me/kievreal1/127038,1 на Вишгород і далі Оболонь А попередній в бік Броварів від Борисполя,127038
2026-08-28,18,Оболонський,Оболонь,2026-08-28T16:45:01,2026-08-28T19:09:52,2.4,https://t.me/kievreal1/127039,1 на Вишгород і далі Оболонь,127039
2026-08-28,18,Голосіївський,Голосіїв,2026-08-28T16:45:01,2026-08-28T19:09:52,2.4,https://t.me/kievreal1/127042,Голосіїв,127042
2026-08-28,19,Святошинський,Академмістечко,2026-08-28T16:45:01,2026-08-28T19:09:52,2.4,https://t.me/kievreal1/127049,"❕ Зміни в роботі метрополітену через тривалу повітряну тривогу: 🔴 Рух поїздів червоною гілкою здійснюється: • у напрямку центру від ст. ""Ак…",127049
2026-08-28,20,Деснянський,Троєщина,2026-08-28T20:04:54,2026-08-28T21:08:26,1.1,https://t.me/kievreal1/127067,На Троєщину,127067
2026-08-28,20,Дарницький,Дарниця,2026-08-28T20:04:54,2026-08-28T21:08:26,1.1,https://t.me/kievreal1/127069,Лісовий масив/ Дарниця увага,127069
2026-08-28,20,Деснянський,Лісовий масив,2026-08-28T20:04:54,2026-08-28T21:08:26,1.1,https://t.me/kievreal1/127069,Лісовий масив/ Дарниця увага,127069
2026-08-28,20,Голосіївський,Мишоловка,2026-08-28T20:04:54,2026-08-28T21:08:26,1.1,https://t.me/kievreal1/127071,1 на Бородянку 1 на Димерку 1 на Мишоловку 1 на Білогородку,127071
2026-08-28,20,Голосіївський,Мишоловка,2026-08-28T20:04:54,2026-08-28T21:08:26,1.1,https://t.me/kievreal1/127072,Від Мишоловки на Хотів,127072
2026-08-28,20,Деснянський,Троєщина,2026-08-28T20:04:54,2026-08-28T21:08:26,1.1,https://t.me/kievreal1/127076,Троєщина – до вас від Броварів,127076
2026-08-28,20,Оболонський,Оболонь,2026-08-28T20:04:54,2026-08-28T21:08:26,1.1,https://t.me/kievreal1/127086,На Оболонь бпла,127086
2026-08-28,20,Подільський,Поділ,2026-08-28T20:04:54,2026-08-28T21:08:26,1.1,https://t.me/kievreal1/127087,На Поділ,127087
2026-08-28,20,Солом'янський,Шулявка,2026-08-28T20:04:54,2026-08-28T21:08:26,1.1,https://t.me/kievreal1/127088,На Шулявку,127088
2026-08-28,20,Шевченківський,Нивки,2026-08-28T20:04:54,2026-08-28T21:08:26,1.1,https://t.me/kievreal1/127089,Нивки - до вас,127089
2026-08-28,20,Солом'янський,Відрадний,2026-08-28T20:04:54,2026-08-28T21:08:26,1.1,https://t.me/kievreal1/127090,На Відрадний,127090
2026-08-28,20,Солом'янський,Жуляни,2026-08-28T20:04:54,2026-08-28T21:08:26,1.1,https://t.me/kievreal1/127094,Жуляни,127094
2026-08-28,22,Деснянський,Троєщина,2026-08-28T22:25:30,2026-08-28T23:28:49,1.1,https://t.me/kievreal1/127130,"Вишгород, Троєщина – до вас бпла",127130
2026-08-28,22,Подільський,Поділ,2026-08-28T22:25:30,2026-08-28T23:28:49,1.1,https://t.me/kievreal1/127131,На Поділ!,127131
2026-08-28,22,Подільський,Виноградар,2026-08-28T22:25:30,2026-08-28T23:28:49,1.1,https://t.me/kievreal1/127142,Виноградар увага теж,127142
2026-08-28,22,Святошинський,Святошин,2026-08-28T22:25:30,2026-08-28T23:28:49,1.1,https://t.me/kievreal1/127143,Нивки / Святошин,127143
2026-08-28,22,Шевченківський,Нивки,2026-08-28T22:25:30,2026-08-28T23:28:49,1.1,https://t.me/kievreal1/127143,Нивки / Святошин,127143
2026-08-28,22,Святошинський,Борщагівка,2026-08-28T22:25:30,2026-08-28T23:28:49,1.1,https://t.me/kievreal1/127144,Далі Борщагівки/ Вишневе,127144
2026-08-28,23,Деснянський,Троєщина,2026-08-28T22:25:30,2026-08-28T23:28:49,1.1,https://t.me/kievreal1/127151,БПЛА на Трою,127151
2026-08-29,0,Святошинський,Святошин,2026-08-29T00:53:11,2026-08-29T01:01:12,0.1,https://t.me/kievreal1/127162,Реактивний БпЛА курсом на Святошин,127162
2026-08-29,0,Подільський,Виноградар,2026-08-29T00:53:11,2026-08-29T01:01:12,0.1,https://t.me/kievreal1/127163,Виноградар,127163
2026-08-29,0,Солом'янський,Жуляни,2026-08-29T00:53:11,2026-08-29T01:01:12,0.1,https://t.me/kievreal1/127166,Жуляни,127166
2026-08-29,3,Оболонський,Оболонь,2026-08-29T03:44:59,2026-08-29T07:08:39,3.4,https://t.me/kievreal1/127184,Реактивний БпЛА курсом на Оболонь,127184
2026-08-29,3,Подільський,Куренівка,2026-08-29T03:44:59,2026-08-29T07:08:39,3.4,https://t.me/kievreal1/127185,Реактивний БпЛА курсом на Куренівку,127185
2026-08-29,4,Деснянський,Троєщина,2026-08-29T03:44:59,2026-08-29T07:08:39,3.4,https://t.me/kievreal1/127198,Троя - Осещина - Оболонь - реактивні БПЛА,127198
2026-08-29,4,Оболонський,Оболонь,2026-08-29T03:44:59,2026-08-29T07:08:39,3.4,https://t.me/kievreal1/127198,Троя - Осещина - Оболонь - реактивні БПЛА,127198
2026-08-29,4,Шевченківський,Нивки,2026-08-29T03:44:59,2026-08-29T07:08:39,3.4,https://t.me/kievreal1/127210,Нивки,127210
2026-08-29,5,Дарницький,Бортничі,2026-08-29T03:44:59,2026-08-29T07:08:39,3.4,https://t.me/kievreal1/127211,БПЛА на Бортничі,127211
2026-08-29,5,Дарницький,Дарниця,2026-08-29T03:44:59,2026-08-29T07:08:39,3.4,https://t.me/kievreal1/127212,Дарниця,127212
2026-08-29,5,Оболонський,Оболонь,2026-08-29T03:44:59,2026-08-29T07:08:39,3.4,https://t.me/kievreal1/127216,БПЛА на Оболонь,127216
2026-08-29,5,Оболонський,Оболонь,2026-08-29T03:44:59,2026-08-29T07:08:39,3.4,https://t.me/kievreal1/127219,Оболонь,127219
2026-08-29,5,Голосіївський,Конча-Заспа,2026-08-29T03:44:59,2026-08-29T07:08:39,3.4,https://t.me/kievreal1/127222,Реактивний БпЛА курсом на Пущу-Водицю 2х Реактивні БпЛА курсом на Конча-Заспу,127222
2026-08-29,5,Голосіївський,Феофанія,2026-08-29T03:44:59,2026-08-29T07:08:39,3.4,https://t.me/kievreal1/127223,Реактивний БпЛА курсом на Козин Реактивний БпЛА курсом на Феофанію Реактивний БпЛА курсом на Академмістечко,127223
2026-08-29,5,Святошинський,Академмістечко,2026-08-29T03:44:59,2026-08-29T07:08:39,3.4,https://t.me/kievreal1/127223,Реактивний БпЛА курсом на Козин Реактивний БпЛА курсом на Феофанію Реактивний БпЛА курсом на Академмістечко,127223
2026-08-29,5,Дарницький,Бортничі,2026-08-29T03:44:59,2026-08-29T07:08:39,3.4,https://t.me/kievreal1/127225,Реактивний БпЛА курсом на Боярку Реактивний БпЛА курсом на Бортничі,127225
2026-08-29,5,Деснянський,Троєщина,2026-08-29T03:44:59,2026-08-29T07:08:39,3.4,https://t.me/kievreal1/127228,"Реактивний шахед з Троєщини на Оболонь, Вишгород",127228
2026-08-29,5,Оболонський,Оболонь,2026-08-29T03:44:59,2026-08-29T07:08:39,3.4,https://t.me/kievreal1/127228,"Реактивний шахед з Троєщини на Оболонь, Вишгород",127228
2026-08-29,5,Святошинський,Святошин,2026-08-29T03:44:59,2026-08-29T07:08:39,3.4,https://t.me/kievreal1/127229,БПЛА на Святошин,127229
2026-08-29,5,Оболонський,Почайна,2026-08-29T03:44:59,2026-08-29T07:08:39,3.4,https://t.me/kievreal1/127237,БПЛА на Почайну,127237
2026-08-29,6,Оболонський,Оболонь,2026-08-29T03:44:59,2026-08-29T07:08:39,3.4,https://t.me/kievreal1/127243,Реактивний шахед на Оболонь,127243
2026-08-29,6,Оболонський,Почайна,2026-08-29T03:44:59,2026-08-29T07:08:39,3.4,https://t.me/kievreal1/127245,Реактивний БпЛА курсом на Почайну,127245
2026-08-29,6,Солом'янський,Відрадний,2026-08-29T03:44:59,2026-08-29T07:08:39,3.4,https://t.me/kievreal1/127247,Реактивний БпЛА курсом на Відрадний,127247
2026-08-29,6,Святошинський,Борщагівка,2026-08-29T03:44:59,2026-08-29T07:08:39,3.4,https://t.me/kievreal1/127248,Реактивний БпЛА курсом на Борщагівку,127248
2026-08-29,6,Святошинський,Святошин,2026-08-29T03:44:59,2026-08-29T07:08:39,3.4,https://t.me/kievreal1/127260,У ніч проти 29 серпня у Святошинському районі міста російська атака спричинила пожежу в одній з квартир на 9-му поверсі житлової дев’ятипов…,127260
2026-08-29,6,Оболонський,Оболонь,2026-08-29T03:44:59,2026-08-29T07:08:39,3.4,https://t.me/kievreal1/127265,Реактивний БпЛА курсом на Оболонь,127265
2026-08-29,10,Оболонський,Почайна,2026-08-29T07:29:08,2026-08-29T11:54:06,4.4,https://t.me/kievreal1/127365,Почайна / Поділ,127365
2026-08-29,10,Подільський,Поділ,2026-08-29T07:29:08,2026-08-29T11:54:06,4.4,https://t.me/kievreal1/127365,Почайна / Поділ,127365
2026-08-29,10,Дарницький,Бортничі,2026-08-29T07:29:08,2026-08-29T11:54:06,4.4,https://t.me/kievreal1/127371,Бортничі/ ДВРЗ !,127371
2026-08-29,10,Дніпровський,ДВРЗ,2026-08-29T07:29:08,2026-08-29T11:54:06,4.4,https://t.me/kievreal1/127371,Бортничі/ ДВРЗ !,127371
2026-08-29,11,Печерський,Звіринець,2026-08-29T07:29:08,2026-08-29T11:54:06,4.4,https://t.me/kievreal1/127373,БпЛА на Звіринець,127373
2026-08-29,11,Солом'янський,Жуляни,2026-08-29T07:29:08,2026-08-29T11:54:06,4.4,https://t.me/kievreal1/127374,Жуляни,127374
2026-08-29,11,Подільський,Куренівка,2026-08-29T07:29:08,2026-08-29T11:54:06,4.4,https://t.me/kievreal1/127375,На Куренівку,127375
2026-08-29,11,Подільський,Поділ,2026-08-29T07:29:08,2026-08-29T11:54:06,4.4,https://t.me/kievreal1/127377,"Ворожий БпЛА впав на територію нежитлової забудови у Подільському районі. Екстрені служби прямують на місце, – повідомив мер",127377
2026-08-29,11,Голосіївський,Конча-Заспа,2026-08-29T07:29:08,2026-08-29T11:54:06,4.4,https://t.me/kievreal1/127383,Конча-Заспа уважно Онлайн-мапа руху БпЛА ⬅️,127383
2026-08-29,11,Голосіївський,Теремки,2026-08-29T07:29:08,2026-08-29T11:54:06,4.4,https://t.me/kievreal1/127386,По бпла на Теремки і Оболонь,127386
2026-08-29,11,Оболонський,Оболонь,2026-08-29T07:29:08,2026-08-29T11:54:06,4.4,https://t.me/kievreal1/127386,По бпла на Теремки і Оболонь,127386
2026-08-29,11,Солом'янський,Шулявка,2026-08-29T07:29:08,2026-08-29T11:54:06,4.4,https://t.me/kievreal1/127387,"Жуляни, Кардачі, Шулявка",127387
2026-08-29,11,Оболонський,Оболонь,2026-08-29T07:29:08,2026-08-29T11:54:06,4.4,https://t.me/kievreal1/127391,На Княжичі та Оболонь,127391
2026-08-29,11,Подільський,Поділ,2026-08-29T07:29:08,2026-08-29T11:54:06,4.4,https://t.me/kievreal1/127392,"Ворожий БпЛА впав на територію нежитлової забудови у Подільському районі. Екстрені служби прямують на місце, – повідомив мер",127392
2026-08-29,11,Оболонський,Оболонь,2026-08-29T07:29:08,2026-08-29T11:54:06,4.4,https://t.me/kievreal1/127393,"Бровари , Хотянівка, Оболонь - уважно по бпла",127393
2026-08-29,11,Деснянський,Троєщина,2026-08-29T07:29:08,2026-08-29T11:54:06,4.4,https://t.me/kievreal1/127394,Троєщина - до вас,127394
2026-08-29,11,Деснянський,Троєщина,2026-08-29T07:29:08,2026-08-29T11:54:06,4.4,https://t.me/kievreal1/127399,БпЛА на Троєщину,127399
2026-08-29,11,Подільський,Поділ,2026-08-29T07:29:08,2026-08-29T11:54:06,4.4,https://t.me/kievreal1/127400,На Поділ курсом,127400
2026-08-29,11,Шевченківський,Нивки,2026-08-29T07:29:08,2026-08-29T11:54:06,4.4,https://t.me/kievreal1/127401,На Нивки,127401
2026-08-29,11,Солом'янський,Шулявка,2026-08-29T07:29:08,2026-08-29T11:54:06,4.4,https://t.me/kievreal1/127402,Шулявка,127402
2026-08-29,11,Голосіївський,Теремки,2026-08-29T07:29:08,2026-08-29T11:54:06,4.4,https://t.me/kievreal1/127403,1 на Теремки 2 на Димерку 1 Лебедівка,127403
2026-08-29,11,Дарницький,Дарниця,2026-08-29T07:29:08,2026-08-29T11:54:06,4.4,https://t.me/kievreal1/127404,Дарниця,127404
2026-08-29,11,Деснянський,Троєщина,2026-08-29T07:29:08,2026-08-29T11:54:06,4.4,https://t.me/kievreal1/127405,"Троєщина, Бровари",127405
2026-08-29,11,Голосіївський,Голосіїв,2026-08-29T07:29:08,2026-08-29T11:54:06,4.4,https://t.me/kievreal1/127407,Голосіїв,127407
2026-08-29,11,Дарницький,Дарниця,2026-08-29T07:29:08,2026-08-29T11:54:06,4.4,https://t.me/kievreal1/127409,Дарниця - останній до вас лишився,127409
2026-08-29,11,Дарницький,Дарниця,2026-08-29T07:29:08,2026-08-29T11:54:06,4.4,https://t.me/kievreal1/127410,Дарниця - останній до вас лишився,127410
2026-08-29,11,Оболонський,Оболонь,2026-08-29T07:29:08,2026-08-29T11:54:06,4.4,https://t.me/kievreal1/127412,Вишгород / Оболонь/ Труханів,127412
2026-08-29,12,Деснянський,Троєщина,2026-08-29T12:53:06,2026-08-29T13:07:54,0.2,https://t.me/kievreal1/127443,На Троєщину йде,127443
2026-08-29,12,Оболонський,Почайна,2026-08-29T12:53:06,2026-08-29T13:07:54,0.2,https://t.me/kievreal1/127444,"На Сирець, Почайну",127444
2026-08-29,12,Шевченківський,Сирець,2026-08-29T12:53:06,2026-08-29T13:07:54,0.2,https://t.me/kievreal1/127444,"На Сирець, Почайну",127444
2026-08-29,12,Святошинський,Святошин,2026-08-29T12:53:06,2026-08-29T13:07:54,0.2,https://t.me/kievreal1/127445,Святошин/ Святопетрівське/ Вишневе по курсу Стежити за траєкторією - t.me/kyiv_radar,127445
2026-08-29,12,Солом'янський,Жуляни,2026-08-29T12:53:06,2026-08-29T13:07:54,0.2,https://t.me/kievreal1/127446,На Жуляни знову,127446
2026-08-29,13,Солом'янський,Жуляни,2026-08-29T12:53:06,2026-08-29T13:07:54,0.2,https://t.me/kievreal1/127448,На Жуляни знову,127448
2026-08-29,15,Деснянський,Троєщина,2026-08-29T15:50:50,2026-08-29T16:01:53,0.2,https://t.me/kievreal1/127480,Троєщина,127480
2026-08-29,15,Деснянський,Троєщина,2026-08-29T15:50:50,2026-08-29T16:01:53,0.2,https://t.me/kievreal1/127481,Троєщина,127481
2026-08-29,17,Подільський,Куренівка,2026-08-29T17:28:16,2026-08-29T17:47:34,0.3,https://t.me/kievreal1/127498,Куренівка,127498
2026-08-29,17,Шевченківський,Лук'янівка,2026-08-29T17:28:16,2026-08-29T17:47:34,0.3,https://t.me/kievreal1/127499,Далі Лукʼянівка,127499
2026-08-29,18,Деснянський,ТЕЦ-6,2026-08-29T18:22:33,2026-08-29T18:45:49,0.4,https://t.me/kievreal1/127515,ТЕЦ-6 обережно,127515
2026-08-29,18,Дніпровський,Воскресенка,2026-08-29T18:22:33,2026-08-29T18:45:49,0.4,https://t.me/kievreal1/127516,Воскресенка - у ваш бік,127516
2026-08-29,18,Деснянський,Троєщина,2026-08-29T18:22:33,2026-08-29T18:45:49,0.4,https://t.me/kievreal1/127517,"Лісовий, Троєщина теж увага",127517
2026-08-29,18,Печерський,Печерськ,2026-08-29T18:22:33,2026-08-29T18:45:49,0.4,https://t.me/kievreal1/127518,На Печерськ!,127518
2026-08-29,18,Святошинський,Академмістечко,2026-08-29T18:22:33,2026-08-29T18:45:49,0.4,https://t.me/kievreal1/127519,На Академ,127519
2026-08-29,18,Деснянський,Троєщина,2026-08-29T18:22:33,2026-08-29T18:45:49,0.4,https://t.me/kievreal1/127522,Зазимʼя / Троєщина,127522
2026-08-29,18,Подільський,Поділ,2026-08-29T18:22:33,2026-08-29T18:45:49,0.4,https://t.me/kievreal1/127524,Поділ,127524
2026-08-29,19,Деснянський,ТЕЦ-6,2026-08-29T19:37:57,2026-08-29T19:42:22,0.1,https://t.me/kievreal1/127536,ТЕЦ-6,127536
2026-08-29,21,Деснянський,Троєщина,2026-08-29T21:41:38,2026-08-29T22:59:55,1.3,https://t.me/kievreal1/127564,"Троєщина, Вишгород увага",127564
2026-08-29,21,Оболонський,Оболонь,2026-08-29T21:41:38,2026-08-29T22:59:55,1.3,https://t.me/kievreal1/127566,"Оболонь, Мінський у ваш бік",127566
2026-08-29,21,Оболонський,Почайна,2026-08-29T21:41:38,2026-08-29T22:59:55,1.3,https://t.me/kievreal1/127568,Почайна увага,127568
2026-08-29,21,Подільський,Поділ,2026-08-29T21:41:38,2026-08-29T22:59:55,1.3,https://t.me/kievreal1/127569,Поділ,127569
2026-08-29,21,Шевченківський,Лук'янівка,2026-08-29T21:41:38,2026-08-29T22:59:55,1.3,https://t.me/kievreal1/127570,Лукʼянівка - у вас,127570
2026-08-29,6,Святошинський,Святошин,2026-08-29T03:44:59,2026-08-29T07:08:39,3.4,https://t.me/kievreal1/127266,У Святошинському районі пошкоджено приватні житлові будинки. Загоряння відсутнє. Інформація про потерплих уточнююється. Служби працюють на …,127266
2026-08-29,6,Оболонський,Пріорка,2026-08-29T03:44:59,2026-08-29T07:08:39,3.4,https://t.me/kievreal1/127267,Реактивний БпЛА курсом на Пріорку,127267
2026-08-29,6,Святошинський,Святошин,2026-08-29T03:44:59,2026-08-29T07:08:39,3.4,https://t.me/kievreal1/127268,Реактивний БпЛА курсом на Святошин,127268
2026-08-29,7,Святошинський,Святошин,2026-08-29T07:29:08,2026-08-29T11:54:06,4.4,https://t.me/kievreal1/127279,"Двоє постраждалих у Святошинському районі, де був пошкоджений приватний будинок. Медики надали допомогу на місці. На Київ іде нова група Бп…",127279
2026-08-29,7,Дарницький,Бортничі,2026-08-29T07:29:08,2026-08-29T11:54:06,4.4,https://t.me/kievreal1/127280,Реактивний БпЛА курсом на Бортничі Реактивний БпЛА курсом на Васильків,127280
2026-08-29,7,Деснянський,Троєщина,2026-08-29T07:29:08,2026-08-29T11:54:06,4.4,https://t.me/kievreal1/127281,Реактивний БпЛА курсом на Троєщину,127281
2026-08-29,7,Подільський,Виноградар,2026-08-29T07:29:08,2026-08-29T11:54:06,4.4,https://t.me/kievreal1/127285,"Реактивний шахед з Виноградар на Нивки, Сирець, Берковець",127285
2026-08-29,7,Шевченківський,Сирець,2026-08-29T07:29:08,2026-08-29T11:54:06,4.4,https://t.me/kievreal1/127285,"Реактивний шахед з Виноградар на Нивки, Сирець, Берковець",127285
2026-08-29,8,Солом'янський,Жуляни,2026-08-29T07:29:08,2026-08-29T11:54:06,4.4,https://t.me/kievreal1/127289,На Жуляни бпла,127289
2026-08-29,8,Шевченківський,Лук'янівка,2026-08-29T07:29:08,2026-08-29T11:54:06,4.4,https://t.me/kievreal1/127290,На Лукʼянівку,127290
2026-08-29,8,Подільський,Виноградар,2026-08-29T07:29:08,2026-08-29T11:54:06,4.4,https://t.me/kievreal1/127291,На Виноградар/ Академ далі P.S про рух шахедів в онлайн-режимі пишуть тут – t.me/tryvoga_kyiv,127291
2026-08-29,8,Святошинський,Академмістечко,2026-08-29T07:29:08,2026-08-29T11:54:06,4.4,https://t.me/kievreal1/127291,На Виноградар/ Академ далі P.S про рух шахедів в онлайн-режимі пишуть тут – t.me/tryvoga_kyiv,127291
2026-08-29,8,Печерський,Печерськ,2026-08-29T07:29:08,2026-08-29T11:54:06,4.4,https://t.me/kievreal1/127294,Знов на Печерськ,127294
2026-08-29,8,Печерський,Печерськ,2026-08-29T07:29:08,2026-08-29T11:54:06,4.4,https://t.me/kievreal1/127295,Знов на Печерськ,127295
2026-08-29,8,Святошинський,Борщагівка,2026-08-29T07:29:08,2026-08-29T11:54:06,4.4,https://t.me/kievreal1/127296,Борщагівка,127296
2026-08-29,8,Голосіївський,Теремки,2026-08-29T07:29:08,2026-08-29T11:54:06,4.4,https://t.me/kievreal1/127298,На Теремки від Жулян,127298
2026-08-29,8,Солом'янський,Жуляни,2026-08-29T07:29:08,2026-08-29T11:54:06,4.4,https://t.me/kievreal1/127298,На Теремки від Жулян,127298
2026-08-29,8,Оболонський,Оболонь,2026-08-29T07:29:08,2026-08-29T11:54:06,4.4,https://t.me/kievreal1/127304,На Оболонь!,127304
2026-08-29,8,Дарницький,Позняки,2026-08-29T07:29:08,2026-08-29T11:54:06,4.4,https://t.me/kievreal1/127306,Позняки І ще 1 на Бровари,127306
2026-08-29,8,Дніпровський,Березняки,2026-08-29T07:29:08,2026-08-29T11:54:06,4.4,https://t.me/kievreal1/127307,1 Березняки 1 на Софіївську Борщагівку 1 Бровари,127307
2026-08-29,8,Деснянський,Троєщина,2026-08-29T07:29:08,2026-08-29T11:54:06,4.4,https://t.me/kievreal1/127309,Троєщина,127309
2026-08-29,8,Голосіївський,Феофанія,2026-08-29T07:29:08,2026-08-29T11:54:06,4.4,https://t.me/kievreal1/127310,"Феофанія, Мишоловка, Оболонь – уважно по бпла!",127310
2026-08-29,8,Оболонський,Оболонь,2026-08-29T07:29:08,2026-08-29T11:54:06,4.4,https://t.me/kievreal1/127310,"Феофанія, Мишоловка, Оболонь – уважно по бпла!",127310
2026-08-29,8,Солом'янський,Жуляни,2026-08-29T07:29:08,2026-08-29T11:54:06,4.4,https://t.me/kievreal1/127311,"Знову увага Мінський, Жуляни",127311
2026-08-29,8,Солом'янський,Відрадний,2026-08-29T07:29:08,2026-08-29T11:54:06,4.4,https://t.me/kievreal1/127314,Відрадний увага,127314
2026-08-29,9,Голосіївський,Пирогів,2026-08-29T07:29:08,2026-08-29T11:54:06,4.4,https://t.me/kievreal1/127315,Пирогів – у ваш бік є,127315
2026-08-29,9,Дарницький,Дарниця,2026-08-29T07:29:08,2026-08-29T11:54:06,4.4,https://t.me/kievreal1/127316,"Березняки, ДВРЗ, Бориспіль . Дарниця — у ваш бік бпла",127316
2026-08-29,9,Дніпровський,ДВРЗ,2026-08-29T07:29:08,2026-08-29T11:54:06,4.4,https://t.me/kievreal1/127316,"Березняки, ДВРЗ, Бориспіль . Дарниця — у ваш бік бпла",127316
2026-08-29,9,Деснянський,Троєщина,2026-08-29T07:29:08,2026-08-29T11:54:06,4.4,https://t.me/kievreal1/127318,Від Лісового масиву на Троєщину,127318
2026-08-29,9,Деснянський,Троєщина,2026-08-29T07:29:08,2026-08-29T11:54:06,4.4,https://t.me/kievreal1/127319,Від Лісового масиву на Троєщину,127319
2026-08-29,9,Солом'янський,Совки,2026-08-29T07:29:08,2026-08-29T11:54:06,4.4,https://t.me/kievreal1/127320,Совки,127320
2026-08-29,9,Солом'янський,Жуляни,2026-08-29T07:29:08,2026-08-29T11:54:06,4.4,https://t.me/kievreal1/127321,На Жуляни,127321
2026-08-29,9,Солом'янський,Жуляни,2026-08-29T07:29:08,2026-08-29T11:54:06,4.4,https://t.me/kievreal1/127322,На Жуляни,127322
2026-08-29,9,Дніпровський,Воскресенка,2026-08-29T07:29:08,2026-08-29T11:54:06,4.4,https://t.me/kievreal1/127329,На Воскресенку,127329
2026-08-29,9,Дніпровський,Воскресенка,2026-08-29T07:29:08,2026-08-29T11:54:06,4.4,https://t.me/kievreal1/127330,На Воскресенку,127330
2026-08-29,9,Голосіївський,Голосіїв,2026-08-29T07:29:08,2026-08-29T11:54:06,4.4,https://t.me/kievreal1/127331,У Голосіївському районі пошкодження нежитлового приміщення. Відповідні служби слідують на місце.,127331
2026-08-29,9,Голосіївський,Голосіїв,2026-08-29T07:29:08,2026-08-29T11:54:06,4.4,https://t.me/kievreal1/127336,"У Голосіївському районі, внаслідок падіння БпЛА, виникла пожежа на покрівлі двоповерхової складської будівлі. Без постраждалих. У Святошинс…",127336
2026-08-29,9,Святошинський,Святошин,2026-08-29T07:29:08,2026-08-29T11:54:06,4.4,https://t.me/kievreal1/127336,"У Голосіївському районі, внаслідок падіння БпЛА, виникла пожежа на покрівлі двоповерхової складської будівлі. Без постраждалих. У Святошинс…",127336
2026-08-29,10,Деснянський,Троєщина,2026-08-29T07:29:08,2026-08-29T11:54:06,4.4,https://t.me/kievreal1/127344,2 рухаються з півночі на Троєщину 1 на Страхолісся,127344
2026-08-29,10,Оболонський,Оболонь,2026-08-29T07:29:08,2026-08-29T11:54:06,4.4,https://t.me/kievreal1/127347,"Мінський, Оболонь – у ваш бік Онлайн-мапа руху БпЛА ⬅️",127347
2026-08-29,10,Шевченківський,Нивки,2026-08-29T07:29:08,2026-08-29T11:54:06,4.4,https://t.me/kievreal1/127348,1 на Бровари від Димерки Попередній на Нивки 3 на Переяслав з Черкащини,127348
2026-08-29,10,Подільський,Виноградар,2026-08-29T07:29:08,2026-08-29T11:54:06,4.4,https://t.me/kievreal1/127352,1 на Виноградар від Вишгороду,127352
2026-08-29,10,Подільський,Виноградар,2026-08-29T07:29:08,2026-08-29T11:54:06,4.4,https://t.me/kievreal1/127354,1 на Виноградар від Вишгороду,127354
2026-08-29,10,Оболонський,Пріорка,2026-08-29T07:29:08,2026-08-29T11:54:06,4.4,https://t.me/kievreal1/127357,Пріорка далі,127357
2026-08-29,10,Оболонський,Почайна,2026-08-29T07:29:08,2026-08-29T11:54:06,4.4,https://t.me/kievreal1/127358,Почайна / Поділ,127358
2026-08-29,10,Подільський,Поділ,2026-08-29T07:29:08,2026-08-29T11:54:06,4.4,https://t.me/kievreal1/127358,Почайна / Поділ,127358
2026-08-29,10,Деснянський,Троєщина,2026-08-29T07:29:08,2026-08-29T11:54:06,4.4,https://t.me/kievreal1/127359,Знову Троєщина,127359
2026-08-29,10,Деснянський,Троєщина,2026-08-29T07:29:08,2026-08-29T11:54:06,4.4,https://t.me/kievreal1/127360,Знову Троєщина,127360
2026-08-29,10,Деснянський,Троєщина,2026-08-29T07:29:08,2026-08-29T11:54:06,4.4,https://t.me/kievreal1/127362,"Миронівка, Вишгород, Троєщина - зараз обережно",127362
2026-08-29,10,Оболонський,Оболонь,2026-08-29T07:29:08,2026-08-29T11:54:06,4.4,https://t.me/kievreal1/127364,Оболонь увага,127364
2026-08-29,21,Солом'янський,Відрадний,2026-08-29T21:41:38,2026-08-29T22:59:55,1.3,https://t.me/kievreal1/127571,Відрадний тепер,127571
2026-08-29,21,Святошинський,Борщагівка,2026-08-29T21:41:38,2026-08-29T22:59:55,1.3,https://t.me/kievreal1/127572,Вишневе/ Борщагівка увага,127572
2026-08-29,21,Оболонський,Почайна,2026-08-29T21:41:38,2026-08-29T22:59:55,1.3,https://t.me/kievreal1/127577,В бік Почайни,127577
2026-08-29,21,Деснянський,Троєщина,2026-08-29T21:41:38,2026-08-29T22:59:55,1.3,https://t.me/kievreal1/127580,"По 1 на Троєщину, Лебедівку та Димер",127580
2026-08-29,22,Оболонський,Оболонь,2026-08-29T21:41:38,2026-08-29T22:59:55,1.3,https://t.me/kievreal1/127582,Оболонь - до вас 2!,127582
2026-08-29,22,Оболонський,Оболонь,2026-08-29T21:41:38,2026-08-29T22:59:55,1.3,https://t.me/kievreal1/127583,Оболонь - до вас 2!,127583
2026-08-29,22,Оболонський,Оболонь,2026-08-29T21:41:38,2026-08-29T22:59:55,1.3,https://t.me/kievreal1/127587,БпЛА впав між житловими будинками в Оболонському районі. Екстрені служби прямують на місце,127587
2026-08-29,22,Святошинський,Борщагівка,2026-08-29T21:41:38,2026-08-29T22:59:55,1.3,https://t.me/kievreal1/127590,По бпла увага Боярка/ Борщагівки,127590
2026-08-29,22,Шевченківський,Нивки,2026-08-29T21:41:38,2026-08-29T22:59:55,1.3,https://t.me/kievreal1/127591,Реактивний бпла на Нивки йде,127591
2026-08-29,22,Шевченківський,Нивки,2026-08-29T21:41:38,2026-08-29T22:59:55,1.3,https://t.me/kievreal1/127592,Реактивний бпла на Нивки йде,127592
2026-08-29,22,Оболонський,Оболонь,2026-08-29T21:41:38,2026-08-29T22:59:55,1.3,https://t.me/kievreal1/127593,Оболонь!,127593
2026-08-29,22,Шевченківський,Нивки,2026-08-29T21:41:38,2026-08-29T22:59:55,1.3,https://t.me/kievreal1/127596,Нивки - до вас бпла знову,127596
2026-08-29,22,Шевченківський,Нивки,2026-08-29T21:41:38,2026-08-29T22:59:55,1.3,https://t.me/kievreal1/127597,Нивки - до вас бпла знову,127597
2026-08-29,22,Солом'янський,Совки,2026-08-29T21:41:38,2026-08-29T22:59:55,1.3,https://t.me/kievreal1/127598,Йде на Совки + в області 3 на Славутич і 1 на Пісківку,127598
2026-08-29,22,Святошинський,Борщагівка,2026-08-29T21:41:38,2026-08-29T22:59:55,1.3,https://t.me/kievreal1/127604,"Борщагівки, Святошино",127604
2026-08-29,22,Шевченківський,Лук'янівка,2026-08-29T21:41:38,2026-08-29T22:59:55,1.3,https://t.me/kievreal1/127606,Лукʼянівка ще увага,127606
2026-08-29,22,Шевченківський,Лук'янівка,2026-08-29T21:41:38,2026-08-29T22:59:55,1.3,https://t.me/kievreal1/127607,Лукʼянівка ще увага,127607
2026-08-29,22,Оболонський,Почайна,2026-08-29T21:41:38,2026-08-29T22:59:55,1.3,https://t.me/kievreal1/127608,Почайна далі,127608
2026-08-29,22,Деснянський,Троєщина,2026-08-29T21:41:38,2026-08-29T22:59:55,1.3,https://t.me/kievreal1/127615,На Троєщину 2,127615
2026-08-29,22,Оболонський,Оболонь,2026-08-29T21:41:38,2026-08-29T22:59:55,1.3,https://t.me/kievreal1/127616,Оболонь - увага!,127616
2026-08-29,22,Подільський,Куренівка,2026-08-29T21:41:38,2026-08-29T22:59:55,1.3,https://t.me/kievreal1/127617,Куренівка!,127617
2026-08-29,22,Оболонський,Почайна,2026-08-29T21:41:38,2026-08-29T22:59:55,1.3,https://t.me/kievreal1/127618,Почайна/ Поділ!,127618
2026-08-29,22,Подільський,Поділ,2026-08-29T21:41:38,2026-08-29T22:59:55,1.3,https://t.me/kievreal1/127618,Почайна/ Поділ!,127618
2026-08-29,22,Оболонський,Оболонь,2026-08-29T21:41:38,2026-08-29T22:59:55,1.3,https://t.me/kievreal1/127619,Оболонь! Уважно,127619
2026-08-29,22,Подільський,Виноградар,2026-08-29T21:41:38,2026-08-29T22:59:55,1.3,https://t.me/kievreal1/127620,"Виноградар, Берковець, Нивки увага",127620
2026-08-29,22,Шевченківський,Нивки,2026-08-29T21:41:38,2026-08-29T22:59:55,1.3,https://t.me/kievreal1/127620,"Виноградар, Берковець, Нивки увага",127620
2026-08-29,22,Голосіївський,Деміївка,2026-08-29T21:41:38,2026-08-29T22:59:55,1.3,https://t.me/kievreal1/127624,На Деміївку,127624
2026-08-29,22,Святошинський,Борщагівка,2026-08-29T21:41:38,2026-08-29T22:59:55,1.3,https://t.me/kievreal1/127625,"Відрадний увага! Борщагівки, Вишневе теж",127625
2026-08-29,22,Солом'янський,Відрадний,2026-08-29T21:41:38,2026-08-29T22:59:55,1.3,https://t.me/kievreal1/127625,"Відрадний увага! Борщагівки, Вишневе теж",127625
2026-08-29,22,Святошинський,Академмістечко,2026-08-29T21:41:38,2026-08-29T22:59:55,1.3,https://t.me/kievreal1/127626,Академ!,127626
2026-08-29,22,Оболонський,Пуща-Водиця,2026-08-29T21:41:38,2026-08-29T22:59:55,1.3,https://t.me/kievreal1/127627,"Хотянівка, Пуща, Погреби увага теж P.S про рух шахедів в онлайн-режимі пишуть тут – t.me/tryvoga_kyiv",127627
2026-08-29,22,Деснянський,Троєщина,2026-08-29T21:41:38,2026-08-29T22:59:55,1.3,https://t.me/kievreal1/127628,Троєщина 1 👉,127628
2026-08-29,22,Оболонський,Оболонь,2026-08-29T21:41:38,2026-08-29T22:59:55,1.3,https://t.me/kievreal1/127629,Оболонь!,127629
2026-08-29,22,Деснянський,Троєщина,2026-08-29T21:41:38,2026-08-29T22:59:55,1.3,https://t.me/kievreal1/127630,"Троєщина, будьте в безпечних місцях! До вас останній",127630
2026-08-29,22,Подільський,Поділ,2026-08-29T21:41:38,2026-08-29T22:59:55,1.3,https://t.me/kievreal1/127633,! Виклик медиків у Подільський район.,127633
2026-08-29,23,Подільський,Поділ,2026-08-29T23:24:12,2026-08-29T23:44:13,0.3,https://t.me/kievreal1/127662,У Подільському районі фіксується загоряння складського приміщення,127662
2026-08-30,0,Печерський,Видубичі,2026-08-30T00:14:47,2026-08-30T00:41:56,0.5,https://t.me/kievreal1/127672,Видубичі,127672
2026-08-30,4,Голосіївський,Голосіїв,2026-08-30T04:51:03,2026-08-30T05:32:57,0.7,https://t.me/kievreal1/127693,"Київ - Реактивний БПЛА на Голосіїв Підтримати канал, буду вдячний Вам: https://base.monobank.ua/4jYdAKEbmcrmLL ➡",127693
2026-08-30,4,Святошинський,Борщагівка,2026-08-30T04:51:03,2026-08-30T05:32:57,0.7,https://t.me/kievreal1/127694,Вишневе/Борщагівки,127694
2026-08-30,5,Оболонський,Оболонь,2026-08-30T04:51:03,2026-08-30T05:32:57,0.7,https://t.me/kievreal1/127697,Оболонь,127697
2026-08-30,5,Голосіївський,Голосіїв,2026-08-30T04:51:03,2026-08-30T05:32:57,0.7,https://t.me/kievreal1/127698,Голосіїв,127698
2026-08-30,8,Подільський,Виноградар,2026-08-30T08:42:53,2026-08-30T10:04:04,1.4,https://t.me/kievreal1/127724,Виноградар,127724
2026-08-30,11,Оболонський,Оболонь,2026-08-30T11:13:32,2026-08-30T11:24:34,0.2,https://t.me/kievreal1/127742,Оболонь,127742
2026-08-30,11,Оболонський,Почайна,2026-08-30T11:13:32,2026-08-30T11:24:34,0.2,https://t.me/kievreal1/127743,Почайна,127743
2026-08-30,11,Святошинський,Борщагівка,2026-08-30T11:13:32,2026-08-30T11:24:34,0.2,https://t.me/kievreal1/127744,Борщагівки,127744
2026-08-30,12,Дніпровський,ДВРЗ,2026-08-30T12:22:39,2026-08-30T13:45:02,1.4,https://t.me/kievreal1/127757,ДВРЗ,127757
2026-08-30,12,Голосіївський,Голосіїв,2026-08-30T12:22:39,2026-08-30T13:45:02,1.4,https://t.me/kievreal1/127758,Перші кадри зі складу в який вночі влучила русня у Голосіївському районі,127758
2026-08-30,12,Оболонський,Оболонь,2026-08-30T12:22:39,2026-08-30T13:45:02,1.4,https://t.me/kievreal1/127761,Оболонь/Виноградар,127761
2026-08-30,12,Подільський,Виноградар,2026-08-30T12:22:39,2026-08-30T13:45:02,1.4,https://t.me/kievreal1/127761,Оболонь/Виноградар,127761
2026-08-30,12,Дарницький,Позняки,2026-08-30T12:22:39,2026-08-30T13:45:02,1.4,https://t.me/kievreal1/127763,Позняки,127763
2026-08-30,12,Голосіївський,Теремки,2026-08-30T12:22:39,2026-08-30T13:45:02,1.4,https://t.me/kievreal1/127764,Теремки,127764
2026-08-30,12,Солом'янський,Жуляни,2026-08-30T12:22:39,2026-08-30T13:45:02,1.4,https://t.me/kievreal1/127765,Жуляни,127765
2026-08-30,12,Подільський,Поділ,2026-08-30T12:22:39,2026-08-30T13:45:02,1.4,https://t.me/kievreal1/127766,Поділ,127766
2026-08-30,12,Деснянський,Троєщина,2026-08-30T12:22:39,2026-08-30T13:45:02,1.4,https://t.me/kievreal1/127767,Троя,127767
2026-08-30,12,Оболонський,Пуща-Водиця,2026-08-30T12:22:39,2026-08-30T13:45:02,1.4,https://t.me/kievreal1/127770,Пуща,127770
2026-08-30,13,Солом'янський,Жуляни,2026-08-30T12:22:39,2026-08-30T13:45:02,1.4,https://t.me/kievreal1/127771,Жуляни,127771
2026-08-30,13,Солом'янський,Шулявка,2026-08-30T12:22:39,2026-08-30T13:45:02,1.4,https://t.me/kievreal1/127775,Шулявка,127775
2026-08-30,13,Деснянський,Троєщина,2026-08-30T12:22:39,2026-08-30T13:45:02,1.4,https://t.me/kievreal1/127777,Троя,127777
2026-08-30,13,Дарницький,Бортничі,2026-08-30T12:22:39,2026-08-30T13:45:02,1.4,https://t.me/kievreal1/127779,Бортничі,127779
2026-08-30,13,Шевченківський,Шевченківський,2026-08-30T12:22:39,2026-08-30T13:45:02,1.4,https://t.me/kievreal1/127781,"Займання нежитлової будівлі сталося у Шевченківському районі , – Кличко Екстрені служби на місці.",127781
2026-08-30,14,Голосіївський,Конча-Заспа,2026-08-30T14:21:55,2026-08-30T14:37:26,0.3,https://t.me/kievreal1/127794,Конча-заспа,127794
2026-08-30,15,Подільський,Виноградар,2026-08-30T15:03:12,2026-08-30T15:36:50,0.6,https://t.me/kievreal1/127803,Виноградар,127803
2026-08-30,15,Печерський,Печерськ,2026-08-30T15:03:12,2026-08-30T15:36:50,0.6,https://t.me/kievreal1/127804,Печерськ,127804
2026-08-30,15,Печерський,Видубичі,2026-08-30T15:03:12,2026-08-30T15:36:50,0.6,https://t.me/kievreal1/127805,Видубичі,127805
2026-08-30,15,Святошинський,Борщагівка,2026-08-30T15:03:12,2026-08-30T15:36:50,0.6,https://t.me/kievreal1/127808,Борщагівки,127808
2026-08-30,15,Солом'янський,Відрадний,2026-08-30T15:03:12,2026-08-30T15:36:50,0.6,https://t.me/kievreal1/127809,Відрадний,127809
2026-08-30,15,Оболонський,Почайна,2026-08-30T15:54:48,2026-08-30T16:52:43,1.0,https://t.me/kievreal1/127817,Почайна,127817
2026-08-30,15,Дарницький,Осокорки,2026-08-30T15:54:48,2026-08-30T16:52:43,1.0,https://t.me/kievreal1/127818,Осокорки,127818
2026-08-30,16,Шевченківський,Шевченківський,2026-08-30T15:54:48,2026-08-30T16:52:43,1.0,https://t.me/kievreal1/127824,"В Шевченківському районі пробився новий водоспад 🖼 побачили якусь подію та зняли на камеру? Надсилайте нам, ми покажемо це на каналі — @nov…",127824
2026-08-30,16,Дарницький,Дарниця,2026-08-30T15:54:48,2026-08-30T16:52:43,1.0,https://t.me/kievreal1/127826,Дарниця,127826
2026-08-30,16,Шевченківський,Лук'янівка,2026-08-30T15:54:48,2026-08-30T16:52:43,1.0,https://t.me/kievreal1/127827,Лукʼянівка,127827
2026-08-30,16,Святошинський,Борщагівка,2026-08-30T15:54:48,2026-08-30T16:52:43,1.0,https://t.me/kievreal1/127828,Борщагівки,127828
2026-08-30,16,Деснянський,Троєщина,2026-08-30T15:54:48,2026-08-30T16:52:43,1.0,https://t.me/kievreal1/127829,Троєщина,127829
2026-08-30,19,Дарницький,Осокорки,2026-08-30T18:19:42,2026-08-30T19:31:36,1.2,https://t.me/kievreal1/127853,Осокорки,127853
2026-08-30,19,Деснянський,Троєщина,2026-08-30T18:19:42,2026-08-30T19:31:36,1.2,https://t.me/kievreal1/127856,Троя,127856
2026-08-30,20,Дарницький,Осокорки,2026-08-30T20:29:50,2026-08-30T22:10:18,1.7,https://t.me/kievreal1/127864,Осокорки,127864
2026-08-30,20,Солом'янський,Жуляни,2026-08-30T20:29:50,2026-08-30T22:10:18,1.7,https://t.me/kievreal1/127865,Жуляни,127865
2026-08-30,20,Солом'янський,Шулявка,2026-08-30T20:29:50,2026-08-30T22:10:18,1.7,https://t.me/kievreal1/127870,Шулявка,127870
2026-08-30,21,Дарницький,Рембаза,2026-08-30T20:29:50,2026-08-30T22:10:18,1.7,https://t.me/kievreal1/127874,Рембаза,127874
2026-08-30,21,Подільський,Виноградар,2026-08-30T20:29:50,2026-08-30T22:10:18,1.7,https://t.me/kievreal1/127878,Виноградар,127878
2026-08-30,21,Голосіївський,Голосіїв,2026-08-30T20:29:50,2026-08-30T22:10:18,1.7,https://t.me/kievreal1/127881,Голосіївський район,127881
2026-08-30,22,Оболонський,Оболонь,2026-08-30T20:29:50,2026-08-30T22:10:18,1.7,https://t.me/kievreal1/127883,Оболонь,127883
2026-08-30,22,Деснянський,Троєщина,2026-08-30T22:44:10,2026-08-30T22:56:59,0.2,https://t.me/kievreal1/127889,Троя,127889
2026-08-31,0,Деснянський,Троєщина,2026-08-31T00:16:00,2026-08-31T01:06:25,0.8,https://t.me/kievreal1/127901,На Троєщину,127901
2026-08-31,0,Оболонський,Оболонь,2026-08-31T00:16:00,2026-08-31T01:06:25,0.8,https://t.me/kievreal1/127902,Оболонь,127902
2026-08-31,0,Шевченківський,Лук'янівка,2026-08-31T00:16:00,2026-08-31T01:06:25,0.8,https://t.me/kievreal1/127904,Лукʼянівка,127904
2026-08-31,0,Голосіївський,Голосіїв,2026-08-31T00:16:00,2026-08-31T01:06:25,0.8,https://t.me/kievreal1/127905,На Голосіївський район далі,127905
2026-08-31,0,Деснянський,Троєщина,2026-08-31T00:16:00,2026-08-31T01:06:25,0.8,https://t.me/kievreal1/127916,Троєщина,127916
2026-08-31,0,Деснянський,ТЕЦ-6,2026-08-31T00:16:00,2026-08-31T01:06:25,0.8,https://t.me/kievreal1/127917,ТЕЦ-6,127917
2026-08-31,0,Дарницький,Бортничі,2026-08-31T00:16:00,2026-08-31T01:06:25,0.8,https://t.me/kievreal1/127920,Бортничі - укриття,127920
2026-08-31,0,Дніпровський,Воскресенка,2026-08-31T00:16:00,2026-08-31T01:06:25,0.8,https://t.me/kievreal1/127921,Воскресенка увага,127921
2026-08-31,0,Дарницький,Дарниця,2026-08-31T00:16:00,2026-08-31T01:06:25,0.8,https://t.me/kievreal1/127923,Дарниця,127923
2026-08-31,5,Оболонський,Оболонь,2026-08-31T05:54:28,2026-08-31T06:11:47,0.3,https://t.me/kievreal1/127947,Оболонь,127947
2026-08-31,6,Деснянський,Троєщина,2026-08-31T05:54:28,2026-08-31T06:11:47,0.3,https://t.me/kievreal1/127952,Троєщина,127952
2026-08-31,7,Деснянський,Троєщина,2026-08-31T07:56:02,2026-08-31T08:44:55,0.8,https://t.me/kievreal1/127960,1 на Троєщину,127960
2026-08-31,8,Святошинський,Борщагівка,2026-08-31T07:56:02,2026-08-31T08:44:55,0.8,https://t.me/kievreal1/127961,Святошин/Борщагівка,127961
2026-08-31,8,Деснянський,Троєщина,2026-08-31T07:56:02,2026-08-31T08:44:55,0.8,https://t.me/kievreal1/127964,Троя,127964
2026-08-31,9,Деснянський,Троєщина,2026-08-31T09:05:49,2026-08-31T10:01:04,0.9,https://t.me/kievreal1/127971,Троя,127971
2026-08-31,9,Оболонський,Оболонь,2026-08-31T09:05:49,2026-08-31T10:01:04,0.9,https://t.me/kievreal1/127980,Оболонь,127980
2026-08-31,10,Дніпровський,ДВРЗ,2026-08-31T10:13:10,2026-08-31T10:19:12,0.1,https://t.me/kievreal1/127987,ДВРЗ,127987
2026-08-31,11,Дарницький,Бортничі,2026-08-31T11:44:44,2026-08-31T12:25:33,0.7,https://t.me/kievreal1/127997,Бортничі,127997
2026-08-31,18,Оболонський,Пуща-Водиця,2026-08-31T18:44:34,2026-08-31T18:50:45,0.1,https://t.me/kievreal1/128041,Пуща,128041
2026-08-31,19,Святошинський,Борщагівка,2026-08-31T19:46:15,2026-08-31T22:27:03,2.7,https://t.me/kievreal1/128055,Борщагівки,128055
2026-08-31,20,Голосіївський,Конча-Заспа,2026-08-31T19:46:15,2026-08-31T22:27:03,2.7,https://t.me/kievreal1/128061,Конча-Заспа,128061
2026-08-31,20,Печерський,Видубичі,2026-08-31T19:46:15,2026-08-31T22:27:03,2.7,https://t.me/kievreal1/128063,Видубичі,128063
2026-08-31,20,Солом'янський,Жуляни,2026-08-31T19:46:15,2026-08-31T22:27:03,2.7,https://t.me/kievreal1/128065,Жуляни,128065
2026-08-31,20,Солом'янський,Відрадний,2026-08-31T19:46:15,2026-08-31T22:27:03,2.7,https://t.me/kievreal1/128066,Відрадний,128066
2026-08-31,20,Оболонський,Почайна,2026-08-31T19:46:15,2026-08-31T22:27:03,2.7,https://t.me/kievreal1/128074,Почайна,128074
2026-08-31,20,Святошинський,Борщагівка,2026-08-31T19:46:15,2026-08-31T22:27:03,2.7,https://t.me/kievreal1/128076,Борщагівки,128076
2026-08-31,20,Голосіївський,Голосіїв,2026-08-31T19:46:15,2026-08-31T22:27:03,2.7,https://t.me/kievreal1/128080,"У Солом'янському районі сталося загоряння нежитлової будови внаслідок падіння уламків , – КМВА У Голосіївському районі сталося загоряння тр…",128080
2026-08-31,20,Солом'янський,Солом'янка,2026-08-31T19:46:15,2026-08-31T22:27:03,2.7,https://t.me/kievreal1/128080,"У Солом'янському районі сталося загоряння нежитлової будови внаслідок падіння уламків , – КМВА У Голосіївському районі сталося загоряння тр…",128080
2026-08-31,21,Святошинський,Святошин,2026-08-31T19:46:15,2026-08-31T22:27:03,2.7,https://t.me/kievreal1/128082,Святошин,128082
2026-08-31,21,Дарницький,ТЕЦ-5,2026-08-31T19:46:15,2026-08-31T22:27:03,2.7,https://t.me/kievreal1/128084,ТЕЦ 5,128084
2026-08-31,21,Голосіївський,Голосіїв,2026-08-31T19:46:15,2026-08-31T22:27:03,2.7,https://t.me/kievreal1/128089,У Дарницькому районі пожежа внаслідок падіння БпЛА. У Соломʼянському — загоряння трави біля лісосмуги. Екстрені служби прямують на місця. У…,128089
2026-08-31,21,Дарницький,Дарниця,2026-08-31T19:46:15,2026-08-31T22:27:03,2.7,https://t.me/kievreal1/128089,У Дарницькому районі пожежа внаслідок падіння БпЛА. У Соломʼянському — загоряння трави біля лісосмуги. Екстрені служби прямують на місця. У…,128089
2026-08-31,21,Солом'янський,Солом'янка,2026-08-31T19:46:15,2026-08-31T22:27:03,2.7,https://t.me/kievreal1/128089,У Дарницькому районі пожежа внаслідок падіння БпЛА. У Соломʼянському — загоряння трави біля лісосмуги. Екстрені служби прямують на місця. У…,128089
2026-08-31,22,Солом'янський,Жуляни,2026-08-31T19:46:15,2026-08-31T22:27:03,2.7,https://t.me/kievreal1/128099,Жуляни,128099
2026-09-01,2,Солом'янський,Солом'янка,2026-09-01T02:10:40,2026-09-01T03:21:20,1.2,https://t.me/kievreal1/128123,"У Солом'янському районі, станом на 02:00, відомо про чотирьох постраждалих від ворожої атаки. З них - дві дитини.",128123
2026-09-01,2,Солом'янський,Жуляни,2026-09-01T02:10:40,2026-09-01T03:21:20,1.2,https://t.me/kievreal1/128133,Жуляни,128133
2026-09-01,2,Дарницький,Дарниця,2026-09-01T02:10:40,2026-09-01T03:21:20,1.2,https://t.me/kievreal1/128148,Дарниця,128148
2026-09-01,9,Святошинський,Святошин,2026-09-01T09:49:18,2026-09-01T10:35:23,0.8,https://t.me/kievreal1/128206,На Святошин,128206
2026-09-01,9,Шевченківський,Нивки,2026-09-01T09:49:18,2026-09-01T10:35:23,0.8,https://t.me/kievreal1/128207,Нивки,128207
2026-09-01,10,Святошинський,Академмістечко,2026-09-01T09:49:18,2026-09-01T10:35:23,0.8,https://t.me/kievreal1/128220,Академ увага,128220
2026-09-01,10,Святошинський,Борщагівка,2026-09-01T09:49:18,2026-09-01T10:35:23,0.8,https://t.me/kievreal1/128221,Борщагівки! P.S про рух шахедів в онлайн-режимі пишуть тут – t.me/tryvoga_kyiv,128221
2026-09-01,10,Святошинський,Святошин,2026-09-01T09:49:18,2026-09-01T10:35:23,0.8,https://t.me/kievreal1/128226,Святошин / Петропавлівська Борщагівка – уважно,128226
2026-09-01,10,Шевченківський,Сирець,2026-09-01T09:49:18,2026-09-01T10:35:23,0.8,https://t.me/kievreal1/128227,Нивки/ Сирець увага,128227
2026-09-01,10,Святошинський,Святошин,2026-09-01T09:49:18,2026-09-01T10:35:23,0.8,https://t.me/kievreal1/128228,БпЛА впав … у Святошинському районі,128228
2026-09-01,10,Шевченківський,Сирець,2026-09-01T09:49:18,2026-09-01T10:35:23,0.8,https://t.me/kievreal1/128229,Нивки/ Сирець увага,128229
2026-09-01,10,Солом'янський,Шулявка,2026-09-01T09:49:18,2026-09-01T10:35:23,0.8,https://t.me/kievreal1/128230,На Шулявку,128230
2026-09-01,10,Святошинський,Академмістечко,2026-09-01T09:49:18,2026-09-01T10:35:23,0.8,https://t.me/kievreal1/128231,Академ,128231
2026-09-01,10,Подільський,Виноградар,2026-09-01T09:49:18,2026-09-01T10:35:23,0.8,https://t.me/kievreal1/128232,На Берковець/ Виноградар!,128232
2026-09-01,10,Подільський,Куренівка,2026-09-01T09:49:18,2026-09-01T10:35:23,0.8,https://t.me/kievreal1/128234,Куренівка,128234
2026-09-01,10,Шевченківський,Сирець,2026-09-01T09:49:18,2026-09-01T10:35:23,0.8,https://t.me/kievreal1/128235,Сирець далі,128235
2026-09-01,10,Святошинський,Святошин,2026-09-01T09:49:18,2026-09-01T10:35:23,0.8,https://t.me/kievreal1/128240,Святошин,128240
2026-09-01,10,Шевченківський,Нивки,2026-09-01T09:49:18,2026-09-01T10:35:23,0.8,https://t.me/kievreal1/128242,Лавіна тепер і далі Нивки,128242
2026-09-01,10,Шевченківський,Сирець,2026-09-01T09:49:18,2026-09-01T10:35:23,0.8,https://t.me/kievreal1/128243,Сирець,128243
2026-09-01,10,Оболонський,Почайна,2026-09-01T09:49:18,2026-09-01T10:35:23,0.8,https://t.me/kievreal1/128245,Знову Куренівка/ Почайна.,128245
2026-09-01,10,Подільський,Куренівка,2026-09-01T09:49:18,2026-09-01T10:35:23,0.8,https://t.me/kievreal1/128245,Знову Куренівка/ Почайна.,128245
2026-09-01,10,Святошинський,Святошин,2026-09-01T09:49:18,2026-09-01T10:35:23,0.8,https://t.me/kievreal1/128248,БпЛА впав … у Святошинському районі,128248
2026-09-01,10,Подільський,Поділ,2026-09-01T09:49:18,2026-09-01T10:35:23,0.8,https://t.me/kievreal1/128249,У Подільському районі загоряння в 16-поверховому будинку на рівні 14-15 поверхів,128249
2026-09-01,17,Оболонський,Оболонь,2026-09-01T17:37:49,2026-09-01T18:07:28,0.5,https://t.me/kievreal1/128317,На Оболонь курсом P.S про рух шахедів в онлайн-режимі пишуть тут – t.me/tryvoga_kyiv,128317
2026-09-01,17,Оболонський,Почайна,2026-09-01T17:37:49,2026-09-01T18:07:28,0.5,https://t.me/kievreal1/128318,Поділ/ Почайна далі! Слідкуємо за траєкторією ⬅️,128318
2026-09-01,17,Подільський,Поділ,2026-09-01T17:37:49,2026-09-01T18:07:28,0.5,https://t.me/kievreal1/128318,Поділ/ Почайна далі! Слідкуємо за траєкторією ⬅️,128318
2026-09-01,17,Дніпровський,Лівобережний,2026-09-01T17:37:49,2026-09-01T18:07:28,0.5,https://t.me/kievreal1/128320,Лівобережна,128320
2026-09-01,17,Дарницький,Позняки,2026-09-01T17:37:49,2026-09-01T18:07:28,0.5,https://t.me/kievreal1/128322,Позняки!,128322
2026-09-01,18,Дарницький,Рембаза,2026-09-01T17:37:49,2026-09-01T18:07:28,0.5,https://t.me/kievreal1/128323,Рембаза - увага,128323
2026-09-01,18,Дарницький,Рембаза,2026-09-01T17:37:49,2026-09-01T18:07:28,0.5,https://t.me/kievreal1/128324,"Від Рембази в бік Борисполя, а в сторону Славутича тим часом ще йдуть до 5 бпла Мапа руху ворожих цілей ⬅️",128324
2026-09-01,18,Оболонський,Оболонь,2026-09-01T18:23:56,2026-09-01T19:21:01,1.0,https://t.me/kievreal1/128334,Оболонь/ Мінський до вас,128334
2026-09-01,18,Деснянський,Троєщина,2026-09-01T18:23:56,2026-09-01T19:21:01,1.0,https://t.me/kievreal1/128335,На Троєщину Слідкуємо за траєкторією ⬅️,128335
2026-09-01,18,Деснянський,Троєщина,2026-09-01T18:23:56,2026-09-01T19:21:01,1.0,https://t.me/kievreal1/128337,На Троєщину Слідкуємо за траєкторією ⬅️,128337
2026-09-01,18,Святошинський,Святошин,2026-09-01T18:23:56,2026-09-01T19:21:01,1.0,https://t.me/kievreal1/128338,На Святошин,128338
2026-09-01,18,Солом'янський,Шулявка,2026-09-01T18:23:56,2026-09-01T19:21:01,1.0,https://t.me/kievreal1/128339,На Шулявку курсом,128339
2026-09-01,18,Солом'янський,Відрадний,2026-09-01T18:23:56,2026-09-01T19:21:01,1.0,https://t.me/kievreal1/128340,Відрадний,128340
2026-09-01,18,Солом'янський,Жуляни,2026-09-01T18:23:56,2026-09-01T19:21:01,1.0,https://t.me/kievreal1/128342,Другий по курсу на Жуляни,128342
2026-09-01,18,Святошинський,Борщагівка,2026-09-01T18:23:56,2026-09-01T19:21:01,1.0,https://t.me/kievreal1/128346,На Борщагівки,128346
2026-09-01,18,Шевченківський,Нивки,2026-09-01T18:23:56,2026-09-01T19:21:01,1.0,https://t.me/kievreal1/128347,Нивки,128347
2026-09-01,18,Шевченківський,Нивки,2026-09-01T18:23:56,2026-09-01T19:21:01,1.0,https://t.me/kievreal1/128348,Нивки,128348
2026-09-01,18,Деснянський,Троєщина,2026-09-01T18:23:56,2026-09-01T19:21:01,1.0,https://t.me/kievreal1/128352,Троєщина! Уважно,128352
2026-09-01,18,Деснянський,Троєщина,2026-09-01T18:23:56,2026-09-01T19:21:01,1.0,https://t.me/kievreal1/128358,Троєщина — до вас,128358
2026-09-01,18,Деснянський,Троєщина,2026-09-01T18:23:56,2026-09-01T19:21:01,1.0,https://t.me/kievreal1/128361,"Троєщина, Чабани, ТЕЦ-6, Биківня - обережно! Слідкуємо за траєкторією ⬅️",128361
2026-09-01,18,Голосіївський,Теремки,2026-09-01T18:23:56,2026-09-01T19:21:01,1.0,https://t.me/kievreal1/128362,Теремки,128362
2026-09-01,18,Солом'янський,Жуляни,2026-09-01T18:23:56,2026-09-01T19:21:01,1.0,https://t.me/kievreal1/128363,Жуляни далі,128363
2026-09-01,18,Деснянський,ТЕЦ-6,2026-09-01T18:23:56,2026-09-01T19:21:01,1.0,https://t.me/kievreal1/128372,ТЕЦ-6 P.S про рух шахедів в онлайн-режимі пишуть тут – t.me/tryvoga_kyiv,128372
2026-09-01,18,Деснянський,ТЕЦ-6,2026-09-01T18:23:56,2026-09-01T19:21:01,1.0,https://t.me/kievreal1/128373,ТЕЦ-6 P.S про рух шахедів в онлайн-режимі пишуть тут – t.me/tryvoga_kyiv,128373
2026-09-01,18,Солом'янський,Шулявка,2026-09-01T18:23:56,2026-09-01T19:21:01,1.0,https://t.me/kievreal1/128379,"Шулявка, Лук’янівка, Бровари — увага по бпла! P.S про рух шахедів в онлайн-режимі пишуть тут – t.me/tryvoga_kyiv",128379
2026-09-01,18,Шевченківський,Лук'янівка,2026-09-01T18:23:56,2026-09-01T19:21:01,1.0,https://t.me/kievreal1/128379,"Шулявка, Лук’янівка, Бровари — увага по бпла! P.S про рух шахедів в онлайн-режимі пишуть тут – t.me/tryvoga_kyiv",128379
2026-09-01,18,Шевченківський,Сирець,2026-09-01T18:23:56,2026-09-01T19:21:01,1.0,https://t.me/kievreal1/128380,На Нивки/ Сирець йде,128380
2026-09-01,18,Оболонський,Пуща-Водиця,2026-09-01T18:23:56,2026-09-01T19:21:01,1.0,https://t.me/kievreal1/128381,Пуща увага,128381
2026-09-01,19,Шевченківський,Шевченківський,2026-09-01T18:23:56,2026-09-01T19:21:01,1.0,https://t.me/kievreal1/128385,"На Бровари від Борисполя Тим часом у КМВА повідомили, що в Шевченківському районі виникло загоряння травяного настилу та дерев на відкритій…",128385
2026-09-01,19,Дарницький,Осокорки,2026-09-01T18:23:56,2026-09-01T19:21:01,1.0,https://t.me/kievreal1/128388,Осокорки далі,128388
2026-09-01,19,Дарницький,Рембаза,2026-09-01T18:23:56,2026-09-01T19:21:01,1.0,https://t.me/kievreal1/128389,Рембаза!,128389
2026-09-01,19,Голосіївський,Пирогів,2026-09-01T18:23:56,2026-09-01T19:21:01,1.0,https://t.me/kievreal1/128392,Заспа/ Пирогів,128392
2026-09-01,19,Голосіївський,Пирогів,2026-09-01T18:23:56,2026-09-01T19:21:01,1.0,https://t.me/kievreal1/128393,Заспа/ Пирогів,128393
2026-09-01,19,Оболонський,Оболонь,2026-09-01T18:23:56,2026-09-01T19:21:01,1.0,https://t.me/kievreal1/128394,Оболонь знову,128394
2026-09-01,19,Подільський,Поділ,2026-09-01T18:23:56,2026-09-01T19:21:01,1.0,https://t.me/kievreal1/128395,Поділ/ Шулявка тепер,128395
2026-09-01,19,Солом'янський,Шулявка,2026-09-01T18:23:56,2026-09-01T19:21:01,1.0,https://t.me/kievreal1/128395,Поділ/ Шулявка тепер,128395
2026-09-01,19,Подільський,Поділ,2026-09-01T18:23:56,2026-09-01T19:21:01,1.0,https://t.me/kievreal1/128396,Поділ/ Шулявка тепер,128396
2026-09-01,19,Солом'янський,Шулявка,2026-09-01T18:23:56,2026-09-01T19:21:01,1.0,https://t.me/kievreal1/128396,Поділ/ Шулявка тепер,128396
2026-09-01,19,Голосіївський,Феофанія,2026-09-01T18:23:56,2026-09-01T19:21:01,1.0,https://t.me/kievreal1/128397,Феофанія по курсу,128397
2026-09-01,19,Оболонський,Пуща-Водиця,2026-09-01T19:32:34,2026-09-01T20:21:45,0.8,https://t.me/kievreal1/128411,Димер і Пуща теж увага,128411
2026-09-01,19,Дарницький,Бортничі,2026-09-01T19:32:34,2026-09-01T20:21:45,0.8,https://t.me/kievreal1/128413,"Бородянка, Бортничі, Вишневе",128413
2026-09-01,19,Святошинський,Борщагівка,2026-09-01T19:32:34,2026-09-01T20:21:45,0.8,https://t.me/kievreal1/128414,Борщагівки,128414
2026-09-01,19,Дніпровський,ДВРЗ,2026-09-01T19:32:34,2026-09-01T20:21:45,0.8,https://t.me/kievreal1/128415,ДВРЗ увага,128415
2026-09-01,19,Дарницький,Дарниця,2026-09-01T19:32:34,2026-09-01T20:21:45,0.8,https://t.me/kievreal1/128416,Дарниця!,128416
2026-09-01,19,Дніпровський,Русанівка,2026-09-01T19:32:34,2026-09-01T20:21:45,0.8,https://t.me/kievreal1/128417,"Русанівка, Воскресенка, Ірпінь уважно",128417
2026-09-01,19,Деснянський,Троєщина,2026-09-01T19:32:34,2026-09-01T20:21:45,0.8,https://t.me/kievreal1/128418,Від Воскресенки на Троєщину,128418
2026-09-01,19,Дніпровський,Воскресенка,2026-09-01T19:32:34,2026-09-01T20:21:45,0.8,https://t.me/kievreal1/128418,Від Воскресенки на Троєщину,128418
2026-09-01,19,Подільський,Виноградар,2026-09-01T19:32:34,2026-09-01T20:21:45,0.8,https://t.me/kievreal1/128420,Виноградар 2,128420
2026-09-01,19,Оболонський,Почайна,2026-09-01T19:32:34,2026-09-01T20:21:45,0.8,https://t.me/kievreal1/128421,Почайна,128421
2026-09-01,19,Деснянський,Троєщина,2026-09-01T19:32:34,2026-09-01T20:21:45,0.8,https://t.me/kievreal1/128426,Ще Троєщина,128426
2026-09-01,20,Оболонський,Пуща-Водиця,2026-09-01T19:32:34,2026-09-01T20:21:45,0.8,https://t.me/kievreal1/128433,Пуща та Гребінка — обережно,128433
2026-09-01,20,Голосіївський,Голосіїв,2026-09-01T19:32:34,2026-09-01T20:21:45,0.8,https://t.me/kievreal1/128437,Голосіїв увага,128437
2026-09-01,20,Дніпровський,ДВРЗ,2026-09-01T20:43:51,2026-09-01T21:44:10,1.0,https://t.me/kievreal1/128455,ДВРЗ увага по бпла P.S про рух шахедів в онлайн-режимі пишуть тут – t.me/tryvoga_kyiv,128455
2026-09-01,20,Солом'янський,Жуляни,2026-09-01T20:43:51,2026-09-01T21:44:10,1.0,https://t.me/kievreal1/128458,Жуляни увага,128458
2026-09-01,20,Оболонський,Оболонь,2026-09-01T20:43:51,2026-09-01T21:44:10,1.0,https://t.me/kievreal1/128467,Курсує на Оболонь,128467
2026-09-01,20,Подільський,Куренівка,2026-09-01T20:43:51,2026-09-01T21:44:10,1.0,https://t.me/kievreal1/128468,Куренівка - до вас,128468
2026-09-01,20,Шевченківський,Сирець,2026-09-01T20:43:51,2026-09-01T21:44:10,1.0,https://t.me/kievreal1/128469,Нивки/ Сирець,128469
2026-09-01,20,Святошинський,Академмістечко,2026-09-01T20:43:51,2026-09-01T21:44:10,1.0,https://t.me/kievreal1/128470,Академ далі,128470
2026-09-01,20,Святошинський,Святошин,2026-09-01T20:43:51,2026-09-01T21:44:10,1.0,https://t.me/kievreal1/128471,Святошин Слідкуємо за траєкторією ⬅️,128471
2026-09-01,20,Святошинський,Святошин,2026-09-01T20:43:51,2026-09-01T21:44:10,1.0,https://t.me/kievreal1/128473,Святошин Слідкуємо за траєкторією ⬅️,128473
2026-09-02,10,Деснянський,Троєщина,2026-09-02T10:08:57,2026-09-02T10:46:52,0.6,https://t.me/kievreal1/128634,В сторону Троєщини,128634
2026-09-02,10,Голосіївський,Деміївка,2026-09-02T10:08:57,2026-09-02T10:46:52,0.6,https://t.me/kievreal1/128638,Деміївка,128638
2026-09-02,12,Деснянський,ТЕЦ-6,2026-09-02T12:04:38,2026-09-02T12:13:42,0.2,https://t.me/kievreal1/128661,На ТЕЦ-6,128661
2026-09-02,12,Дарницький,Дарниця,2026-09-02T12:04:38,2026-09-02T12:13:42,0.2,https://t.me/kievreal1/128662,Дарниця і Лісовий увага,128662
2026-09-02,12,Дарницький,Дарниця,2026-09-02T12:04:38,2026-09-02T12:13:42,0.2,https://t.me/kievreal1/128665,1 Видубичі 1 Дарниця Слідкуємо за траєкторією ⬅️,128665
2026-09-02,12,Печерський,Видубичі,2026-09-02T12:04:38,2026-09-02T12:13:42,0.2,https://t.me/kievreal1/128665,1 Видубичі 1 Дарниця Слідкуємо за траєкторією ⬅️,128665
2026-09-02,15,Солом'янський,Відрадний,2026-09-02T15:22:27,2026-09-02T16:05:37,0.7,https://t.me/kievreal1/128746,Відрадний! P.S про рух шахедів в онлайн-режимі пишуть тут – t.me/tryvoga_kyiv,128746
2026-09-02,15,Голосіївський,Феофанія,2026-09-02T15:22:27,2026-09-02T16:05:37,0.7,https://t.me/kievreal1/128748,"Крюківщина, Чабани, Феофанія увага",128748
2026-09-02,15,Голосіївський,Пирогів,2026-09-02T15:22:27,2026-09-02T16:05:37,0.7,https://t.me/kievreal1/128749,Пирогів!,128749
2026-09-02,15,Голосіївський,Теремки,2026-09-02T15:22:27,2026-09-02T16:05:37,0.7,https://t.me/kievreal1/128757,"Жуляни, Теремки!",128757
2026-09-02,15,Солом'янський,Жуляни,2026-09-02T15:22:27,2026-09-02T16:05:37,0.7,https://t.me/kievreal1/128757,"Жуляни, Теремки!",128757
2026-09-02,15,Подільський,Виноградар,2026-09-02T15:22:27,2026-09-02T16:05:37,0.7,https://t.me/kievreal1/128765,1 Виноградар,128765
2026-09-02,15,Солом'янський,Жуляни,2026-09-02T15:22:27,2026-09-02T16:05:37,0.7,https://t.me/kievreal1/128766,Вишгород та Жуляни — ви також уважно по бпла,128766
2026-09-02,15,Голосіївський,Феофанія,2026-09-02T15:22:27,2026-09-02T16:05:37,0.7,https://t.me/kievreal1/128768,Феофанія у вас 1!,128768
2026-09-02,15,Голосіївський,Теремки,2026-09-02T15:22:27,2026-09-02T16:05:37,0.7,https://t.me/kievreal1/128779,Далі Теремки! Слідкуємо за траєкторією ⬅️,128779
2026-09-02,15,Солом'янський,Жуляни,2026-09-02T15:22:27,2026-09-02T16:05:37,0.7,https://t.me/kievreal1/128780,Жуляни,128780
2026-09-02,15,Святошинський,Борщагівка,2026-09-02T15:22:27,2026-09-02T16:05:37,0.7,https://t.me/kievreal1/128782,Борщагівка,128782
2026-09-02,15,Святошинський,Святошин,2026-09-02T15:22:27,2026-09-02T16:05:37,0.7,https://t.me/kievreal1/128783,Святошин до вас,128783
2026-09-02,16,Солом'янський,Солом'янка,2026-09-02T15:22:27,2026-09-02T16:05:37,0.7,https://t.me/kievreal1/128785,"Падіння уламків на території приватного житлового будинку у Соломʼянському районі, – повідомили в КМВА UPD 16:14 у відомстві заявили, що …",128785
2026-09-02,18,Солом'янський,Жуляни,2026-09-02T18:21:44,2026-09-02T19:41:28,1.3,https://t.me/kievreal1/128813,На Жуляни,128813
2026-09-02,18,Дарницький,Бортничі,2026-09-02T18:21:44,2026-09-02T19:41:28,1.3,https://t.me/kievreal1/128817,Бортничі – увага,128817
2026-09-02,18,Дніпровський,Лівобережний,2026-09-02T18:21:44,2026-09-02T19:41:28,1.3,https://t.me/kievreal1/128820,На Лівобережку 1,128820
2026-09-02,18,Подільський,Поділ,2026-09-02T18:21:44,2026-09-02T19:41:28,1.3,https://t.me/kievreal1/128821,Поділ 1 Обухів 1,128821
2026-09-02,18,Голосіївський,Пирогів,2026-09-02T18:21:44,2026-09-02T19:41:28,1.3,https://t.me/kievreal1/128822,На Пирогів від ТЕЦ-5,128822
2026-09-02,18,Дарницький,ТЕЦ-5,2026-09-02T18:21:44,2026-09-02T19:41:28,1.3,https://t.me/kievreal1/128822,На Пирогів від ТЕЦ-5,128822
2026-09-02,18,Святошинський,Борщагівка,2026-09-02T18:21:44,2026-09-02T19:41:28,1.3,https://t.me/kievreal1/128827,Борщагівки!,128827
2026-09-02,18,Святошинський,Академмістечко,2026-09-02T18:21:44,2026-09-02T19:41:28,1.3,https://t.me/kievreal1/128828,Академ,128828
2026-09-02,18,Оболонський,Оболонь,2026-09-02T18:21:44,2026-09-02T19:41:28,1.3,https://t.me/kievreal1/128829,Далі Оболонь,128829
2026-09-02,18,Деснянський,Троєщина,2026-09-02T18:21:44,2026-09-02T19:41:28,1.3,https://t.me/kievreal1/128830,Від Оболоні на Троєщину 1 Васильків 1 на Гребінки Онлайн-мапа руху БпЛА ⬅️,128830
2026-09-02,18,Деснянський,Биківня,2026-09-02T18:21:44,2026-09-02T19:41:28,1.3,https://t.me/kievreal1/128831,Биківня/ Бровари далі,128831
2026-09-02,18,Дарницький,Осокорки,2026-09-02T18:21:44,2026-09-02T19:41:28,1.3,https://t.me/kievreal1/128832,"Рембаза, Осокорки, Харківський — уважно",128832
2026-09-02,18,Дарницький,Осокорки,2026-09-02T18:21:44,2026-09-02T19:41:28,1.3,https://t.me/kievreal1/128833,"Рембаза, Осокорки, Харківський — уважно",128833
2026-09-02,19,Оболонський,Оболонь,2026-09-02T18:21:44,2026-09-02T19:41:28,1.3,https://t.me/kievreal1/128847,На Оболонь через Вишгород,128847
2026-09-02,19,Оболонський,Почайна,2026-09-02T18:21:44,2026-09-02T19:41:28,1.3,https://t.me/kievreal1/128849,Почайна/ Лукʼянівка увага,128849
2026-09-02,19,Шевченківський,Лук'янівка,2026-09-02T18:21:44,2026-09-02T19:41:28,1.3,https://t.me/kievreal1/128849,Почайна/ Лукʼянівка увага,128849
2026-09-02,19,Солом'янський,Жуляни,2026-09-02T18:21:44,2026-09-02T19:41:28,1.3,https://t.me/kievreal1/128850,Жуляни та Васильків,128850
2026-09-02,19,Оболонський,Пуща-Водиця,2026-09-02T18:21:44,2026-09-02T19:41:28,1.3,https://t.me/kievreal1/128851,Пуща,128851
2026-09-02,19,Подільський,Виноградар,2026-09-02T18:21:44,2026-09-02T19:41:28,1.3,https://t.me/kievreal1/128852,Вишневе та Виноградар увага по бпла,128852
2026-09-02,19,Шевченківський,Нивки,2026-09-02T18:21:44,2026-09-02T19:41:28,1.3,https://t.me/kievreal1/128855,"Нивки, Берковець P.S про рух шахедів в онлайн-режимі пишуть тут – t.me/tryvoga_kyiv",128855
2026-09-02,19,Солом'янський,Відрадний,2026-09-02T18:21:44,2026-09-02T19:41:28,1.3,https://t.me/kievreal1/128857,"На Відрадний, Жуляни курс",128857
2026-09-02,19,Святошинський,Борщагівка,2026-09-02T18:21:44,2026-09-02T19:41:28,1.3,https://t.me/kievreal1/128865,"Вишневе, Чайки, Борщагівки — до вас",128865
2026-09-02,19,Оболонський,Оболонь,2026-09-02T18:21:44,2026-09-02T19:41:28,1.3,https://t.me/kievreal1/128869,Оболонь знову увага,128869
2026-09-02,19,Оболонський,Оболонь,2026-09-02T18:21:44,2026-09-02T19:41:28,1.3,https://t.me/kievreal1/128871,Оболонь знову увага,128871
2026-09-02,19,Шевченківський,Лук'янівка,2026-09-02T18:21:44,2026-09-02T19:41:28,1.3,https://t.me/kievreal1/128873,Лукʼянівка укриття,128873
2026-09-02,19,Солом'янський,Шулявка,2026-09-02T18:21:44,2026-09-02T19:41:28,1.3,https://t.me/kievreal1/128874,Шулявка далі,128874
2026-09-02,19,Солом'янський,Жуляни,2026-09-02T18:21:44,2026-09-02T19:41:28,1.3,https://t.me/kievreal1/128875,Жуляни,128875
2026-09-02,19,Голосіївський,Феофанія,2026-09-02T18:21:44,2026-09-02T19:41:28,1.3,https://t.me/kievreal1/128878,"Чабани, Феофанія та Хотів уважно",128878
2026-09-02,19,Дарницький,Осокорки,2026-09-02T18:21:44,2026-09-02T19:41:28,1.3,https://t.me/kievreal1/128880,"Позняки, Осокорки! Останній",128880
2026-09-02,19,Дарницький,Осокорки,2026-09-02T18:21:44,2026-09-02T19:41:28,1.3,https://t.me/kievreal1/128881,"Позняки, Осокорки! Останній",128881
2026-09-02,19,Голосіївський,Голосіїв,2026-09-02T18:21:44,2026-09-02T19:41:28,1.3,https://t.me/kievreal1/128884,"До 13 зросла кількість постраждалих у Києві Наразі в Голосіївському районі рятувальники ліквідували пожежу у складських приміщеннях, а тако…",128884
2026-09-02,19,Голосіївський,Конча-Заспа,2026-09-02T18:21:44,2026-09-02T19:41:28,1.3,https://t.me/kievreal1/128894,Конча-Заспа!,128894
2026-09-01,21,Деснянський,Деснянський,2026-09-01T20:43:51,2026-09-01T21:44:10,1.0,https://t.me/kievreal1/128477,😨 Сьогодні ввечері на сходовій клітці багатоповерхівки у Деснянському районі виявили тіло чоловіка із ознаками насильницької смерті Поруч і…,128477
2026-09-01,21,Деснянський,Троєщина,2026-09-01T20:43:51,2026-09-01T21:44:10,1.0,https://t.me/kievreal1/128481,Бровари / Троєщина,128481
2026-09-02,7,Солом'янський,Жуляни,2026-09-02T07:13:03,2026-09-02T09:19:33,2.1,https://t.me/kievreal1/128530,1 реактивний БпЛА на Жуляни 1 реактивний БпЛА на Коцюбинське,128530
2026-09-02,7,Солом'янський,Жуляни,2026-09-02T07:13:03,2026-09-02T09:19:33,2.1,https://t.me/kievreal1/128531,1 реактивний на Жуляни,128531
2026-09-02,7,Солом'янський,Жуляни,2026-09-02T07:13:03,2026-09-02T09:19:33,2.1,https://t.me/kievreal1/128532,1 реактивний на Жуляни,128532
2026-09-02,7,Подільський,Виноградар,2026-09-02T07:13:03,2026-09-02T09:19:33,2.1,https://t.me/kievreal1/128534,На Виноградар,128534
2026-09-02,7,Голосіївський,Конча-Заспа,2026-09-02T07:13:03,2026-09-02T09:19:33,2.1,https://t.me/kievreal1/128539,1 реактивний БпЛА на Конча-Заспу,128539
2026-09-02,8,Святошинський,Академмістечко,2026-09-02T07:13:03,2026-09-02T09:19:33,2.1,https://t.me/kievreal1/128550,"🚇 Зміни в роботі метрополітену Рух поїздів ""червоною"" лінією здійснюється: ▫️ у напрямку центру – від ст. ""Академмістечко"" до ст. ""Театраль…",128550
2026-09-02,10,Святошинський,Святошин,2026-09-02T10:08:57,2026-09-02T10:46:52,0.6,https://t.me/kievreal1/128577,На Нивки через Святошин P.S про рух шахедів в онлайн-режимі пишуть тут – t.me/tryvoga_kyiv,128577
2026-09-02,10,Шевченківський,Нивки,2026-09-02T10:08:57,2026-09-02T10:46:52,0.6,https://t.me/kievreal1/128577,На Нивки через Святошин P.S про рух шахедів в онлайн-режимі пишуть тут – t.me/tryvoga_kyiv,128577
2026-09-02,10,Святошинський,Святошин,2026-09-02T10:08:57,2026-09-02T10:46:52,0.6,https://t.me/kievreal1/128578,На Нивки через Святошин P.S про рух шахедів в онлайн-режимі пишуть тут – t.me/tryvoga_kyiv,128578
2026-09-02,10,Шевченківський,Нивки,2026-09-02T10:08:57,2026-09-02T10:46:52,0.6,https://t.me/kievreal1/128578,На Нивки через Святошин P.S про рух шахедів в онлайн-режимі пишуть тут – t.me/tryvoga_kyiv,128578
2026-09-02,10,Оболонський,Пріорка,2026-09-02T10:08:57,2026-09-02T10:46:52,0.6,https://t.me/kievreal1/128580,Виноградар/ Пріорка,128580
2026-09-02,10,Подільський,Виноградар,2026-09-02T10:08:57,2026-09-02T10:46:52,0.6,https://t.me/kievreal1/128580,Виноградар/ Пріорка,128580
2026-09-02,10,Оболонський,Почайна,2026-09-02T10:08:57,2026-09-02T10:46:52,0.6,https://t.me/kievreal1/128582,Цей на Почайну,128582
2026-09-02,10,Шевченківський,Лук'янівка,2026-09-02T10:08:57,2026-09-02T10:46:52,0.6,https://t.me/kievreal1/128583,Лукʼянівка,128583
2026-09-02,10,Голосіївський,Деміївка,2026-09-02T10:08:57,2026-09-02T10:46:52,0.6,https://t.me/kievreal1/128585,"Святошин, Деміївка",128585
2026-09-02,10,Святошинський,Святошин,2026-09-02T10:08:57,2026-09-02T10:46:52,0.6,https://t.me/kievreal1/128585,"Святошин, Деміївка",128585
2026-09-02,10,Святошинський,Академмістечко,2026-09-02T10:08:57,2026-09-02T10:46:52,0.6,https://t.me/kievreal1/128586,"Нивки, Академ Слідкувати в онлайні тут – t.me/tryvoga_kyiv",128586
2026-09-02,10,Шевченківський,Нивки,2026-09-02T10:08:57,2026-09-02T10:46:52,0.6,https://t.me/kievreal1/128586,"Нивки, Академ Слідкувати в онлайні тут – t.me/tryvoga_kyiv",128586
2026-09-02,10,Оболонський,Оболонь,2026-09-02T10:08:57,2026-09-02T10:46:52,0.6,https://t.me/kievreal1/128588,"Оболонь, Мінський, Виноградар",128588
2026-09-02,10,Подільський,Виноградар,2026-09-02T10:08:57,2026-09-02T10:46:52,0.6,https://t.me/kievreal1/128588,"Оболонь, Мінський, Виноградар",128588
2026-09-02,10,Печерський,Звіринець,2026-09-02T10:08:57,2026-09-02T10:46:52,0.6,https://t.me/kievreal1/128591,Звіринець,128591
2026-09-02,10,Голосіївський,Феофанія,2026-09-02T10:08:57,2026-09-02T10:46:52,0.6,https://t.me/kievreal1/128594,Феофанія і Святопетрівське уважно,128594
2026-09-02,10,Солом'янський,Жуляни,2026-09-02T10:08:57,2026-09-02T10:46:52,0.6,https://t.me/kievreal1/128596,Жуляни знову,128596
2026-09-02,10,Шевченківський,Лук'янівка,2026-09-02T10:08:57,2026-09-02T10:46:52,0.6,https://t.me/kievreal1/128598,"Нивки, Сирець, Лукʼянівка в укриттях",128598
2026-09-02,10,Оболонський,Почайна,2026-09-02T10:08:57,2026-09-02T10:46:52,0.6,https://t.me/kievreal1/128599,Почайна теж,128599
2026-09-02,10,Печерський,Липки,2026-09-02T10:08:57,2026-09-02T10:46:52,0.6,https://t.me/kievreal1/128600,Липки,128600
2026-09-02,10,Печерський,Липки,2026-09-02T10:08:57,2026-09-02T10:46:52,0.6,https://t.me/kievreal1/128601,Липки,128601
2026-09-02,10,Дніпровський,Березняки,2026-09-02T10:08:57,2026-09-02T10:46:52,0.6,https://t.me/kievreal1/128603,1 Березняки 1 Лукʼянівка,128603
2026-09-02,10,Шевченківський,Лук'янівка,2026-09-02T10:08:57,2026-09-02T10:46:52,0.6,https://t.me/kievreal1/128603,1 Березняки 1 Лукʼянівка,128603
2026-09-02,10,Дніпровський,Березняки,2026-09-02T10:08:57,2026-09-02T10:46:52,0.6,https://t.me/kievreal1/128604,1 Березняки 1 Лукʼянівка,128604
2026-09-02,10,Шевченківський,Лук'янівка,2026-09-02T10:08:57,2026-09-02T10:46:52,0.6,https://t.me/kievreal1/128604,1 Березняки 1 Лукʼянівка,128604
2026-09-02,10,Дніпровський,Лівобережний,2026-09-02T10:08:57,2026-09-02T10:46:52,0.6,https://t.me/kievreal1/128605,"Лівобережка, Гатне увага",128605
2026-09-02,10,Дарницький,ТЕЦ-5,2026-09-02T10:08:57,2026-09-02T10:46:52,0.6,https://t.me/kievreal1/128606,ТЕЦ-5,128606
2026-09-02,10,Голосіївський,Пирогів,2026-09-02T10:08:57,2026-09-02T10:46:52,0.6,https://t.me/kievreal1/128607,Пирогів - до вас,128607
2026-09-02,10,Шевченківський,Нивки,2026-09-02T10:08:57,2026-09-02T10:46:52,0.6,https://t.me/kievreal1/128612,Нивки уважо,128612
2026-09-02,10,Оболонський,Оболонь,2026-09-02T10:08:57,2026-09-02T10:46:52,0.6,https://t.me/kievreal1/128614,"Оболонь, Виноградар - до вас бпла. Почайна теж увага вже Слідкуємо за траєкторією ⬅️",128614
2026-09-02,10,Подільський,Виноградар,2026-09-02T10:08:57,2026-09-02T10:46:52,0.6,https://t.me/kievreal1/128614,"Оболонь, Виноградар - до вас бпла. Почайна теж увага вже Слідкуємо за траєкторією ⬅️",128614
2026-09-02,10,Солом'янський,Шулявка,2026-09-02T10:08:57,2026-09-02T10:46:52,0.6,https://t.me/kievreal1/128615,Зараз Шулявка,128615
2026-09-02,10,Солом'янський,Відрадний,2026-09-02T10:08:57,2026-09-02T10:46:52,0.6,https://t.me/kievreal1/128617,"Відрадний, Жуляни",128617
2026-09-02,10,Оболонський,Оболонь,2026-09-02T10:08:57,2026-09-02T10:46:52,0.6,https://t.me/kievreal1/128624,Оболонь!,128624
2026-09-02,10,Оболонський,Оболонь,2026-09-02T10:08:57,2026-09-02T10:46:52,0.6,https://t.me/kievreal1/128625,Оболонь!,128625
2026-09-02,10,Голосіївський,Деміївка,2026-09-02T10:08:57,2026-09-02T10:46:52,0.6,https://t.me/kievreal1/128627,"Пуща, Деміївка",128627
2026-09-02,10,Оболонський,Пуща-Водиця,2026-09-02T10:08:57,2026-09-02T10:46:52,0.6,https://t.me/kievreal1/128627,"Пуща, Деміївка",128627
2026-09-02,10,Голосіївський,Деміївка,2026-09-02T10:08:57,2026-09-02T10:46:52,0.6,https://t.me/kievreal1/128628,"Пуща, Деміївка",128628
2026-09-02,10,Оболонський,Пуща-Водиця,2026-09-02T10:08:57,2026-09-02T10:46:52,0.6,https://t.me/kievreal1/128628,"Пуща, Деміївка",128628
2026-09-02,10,Шевченківський,Сирець,2026-09-02T10:08:57,2026-09-02T10:46:52,0.6,https://t.me/kievreal1/128631,На Сирець йде Слідкуємо за траєкторією ⬅️,128631
2026-09-02,10,Оболонський,Оболонь,2026-09-02T10:08:57,2026-09-02T10:46:52,0.6,https://t.me/kievreal1/128632,Оболонь увага,128632
2026-09-02,10,Деснянський,Троєщина,2026-09-02T10:08:57,2026-09-02T10:46:52,0.6,https://t.me/kievreal1/128633,В сторону Троєщини,128633
2026-09-02,21,Святошинський,Святошин,2026-09-02T21:20:38,2026-09-02T23:23:08,2.0,https://t.me/kievreal1/128921,Святошин увага,128921
2026-09-02,21,Голосіївський,Теремки,2026-09-02T21:20:38,2026-09-02T23:23:08,2.0,https://t.me/kievreal1/128931,На Теремки 2,128931
2026-09-02,22,Шевченківський,Нивки,2026-09-02T21:20:38,2026-09-02T23:23:08,2.0,https://t.me/kievreal1/128945,Нивки! До вас 1,128945
2026-09-02,22,Голосіївський,Теремки,2026-09-02T21:20:38,2026-09-02T23:23:08,2.0,https://t.me/kievreal1/128946,Теремки,128946
2026-09-02,22,Оболонський,Оболонь,2026-09-02T21:20:38,2026-09-02T23:23:08,2.0,https://t.me/kievreal1/128959,Від Вишгорода на Оболонь Ще 1 Переяслав Слідкуємо за траєкторією ⬅️,128959
2026-09-03,0,Святошинський,Святошин,2026-09-03T00:03:48,2026-09-03T00:46:01,0.7,https://t.me/kievreal1/128977,"Нивки, Святошин",128977
2026-09-03,0,Шевченківський,Нивки,2026-09-03T00:03:48,2026-09-03T00:46:01,0.7,https://t.me/kievreal1/128977,"Нивки, Святошин",128977
2026-09-03,0,Подільський,Виноградар,2026-09-03T00:03:48,2026-09-03T00:46:01,0.7,https://t.me/kievreal1/128986,Виноградар,128986
2026-09-03,0,Голосіївський,Конча-Заспа,2026-09-03T00:03:48,2026-09-03T00:46:01,0.7,https://t.me/kievreal1/128989,Конча-Заспа,128989
2026-09-03,0,Солом'янський,Жуляни,2026-09-03T00:03:48,2026-09-03T00:46:01,0.7,https://t.me/kievreal1/128990,БПЛА на Жуляни,128990
2026-09-03,8,Деснянський,Троєщина,2026-09-03T08:12:06,2026-09-03T09:32:11,1.3,https://t.me/kievreal1/129044,Троя,129044
2026-09-03,11,Оболонський,Оболонь,2026-09-03T10:58:02,2026-09-03T14:20:46,3.4,https://t.me/kievreal1/129075,Оболонь,129075
2026-09-03,11,Святошинський,Святошин,2026-09-03T10:58:02,2026-09-03T14:20:46,3.4,https://t.me/kievreal1/129079,У столиці триває спеціальна поліцейська операція по затриманню озброєного злочинця Повідомлення про стрілянину у Святошинському районі наді…,129079
2026-09-03,11,Голосіївський,Теремки,2026-09-03T10:58:02,2026-09-03T14:20:46,3.4,https://t.me/kievreal1/129087,Теремки,129087
2026-09-03,12,Солом'янський,Жуляни,2026-09-03T10:58:02,2026-09-03T14:20:46,3.4,https://t.me/kievreal1/129092,Жуляни,129092
2026-09-03,12,Святошинський,Святошин,2026-09-03T10:58:02,2026-09-03T14:20:46,3.4,https://t.me/kievreal1/129095,У столиці триває спеціальна поліцейська операція по затриманню озброєного злочинця Повідомлення про стрілянину у Святошинському районі наді…,129095
2026-09-03,13,Дарницький,Дарниця,2026-09-03T10:58:02,2026-09-03T14:20:46,3.4,https://t.me/kievreal1/129102,Дарниця,129102
2026-09-03,15,Шевченківський,Лук'янівка,2026-09-03T15:40:16,2026-09-03T16:46:56,1.1,https://t.me/kievreal1/129123,Лукʼянівка,129123
2026-09-03,16,Деснянський,Троєщина,2026-09-03T15:40:16,2026-09-03T16:46:56,1.1,https://t.me/kievreal1/129126,Троєщина,129126
2026-09-03,16,Оболонський,Оболонь,2026-09-03T15:40:16,2026-09-03T16:46:56,1.1,https://t.me/kievreal1/129127,Оболонь,129127
2026-09-03,16,Святошинський,Борщагівка,2026-09-03T15:40:16,2026-09-03T16:46:56,1.1,https://t.me/kievreal1/129129,"Святошин, Борщагівки, Вишневе",129129
2026-09-03,16,Дарницький,Дарниця,2026-09-03T15:40:16,2026-09-03T16:46:56,1.1,https://t.me/kievreal1/129130,Дарниця/Чабани,129130
2026-09-03,16,Деснянський,Троєщина,2026-09-03T15:40:16,2026-09-03T16:46:56,1.1,https://t.me/kievreal1/129131,Троєщина/Жуляни,129131
2026-09-03,16,Солом'янський,Жуляни,2026-09-03T15:40:16,2026-09-03T16:46:56,1.1,https://t.me/kievreal1/129131,Троєщина/Жуляни,129131
2026-09-03,16,Оболонський,Пуща-Водиця,2026-09-03T15:40:16,2026-09-03T16:46:56,1.1,https://t.me/kievreal1/129132,Пуща,129132
2026-09-03,16,Дарницький,Осокорки,2026-09-03T15:40:16,2026-09-03T16:46:56,1.1,https://t.me/kievreal1/129134,Осокорки,129134
2026-02-13,22,Святошинський,Берковець,2026-02-13T22:39:28,2026-02-13T23:40:35,1.0,https://t.me/kievreal1/111630,На Берковець виліз,111630
2026-03-24,14,Деснянський,Лісовий,2026-03-24T12:35:50,2026-03-24T17:16:54,4.7,https://t.me/kievreal1/113797,Лісовий,113797
2026-01-17,6,Голосіївський,Теличка,2026-01-17T06:33:32,2026-01-17T07:49:56,1.3,https://t.me/kievreal1/109483,БПЛА на Теличку,109483
2026-05-23,22,Деснянський,Лісовий,2026-05-23T21:08:18,2026-05-23T22:27:09,1.3,https://t.me/kievreal1/118123,Лісовий увага по БПЛА,118123
2026-01-24,6,Голосіївський,Теличка,2026-01-24T06:49:01,2026-01-24T06:54:10,0.1,https://t.me/kievreal1/110107,БпЛА курсом на Теличку,110107
2026-02-13,22,Деснянський,Лісовий,2026-02-13T22:39:28,2026-02-13T23:40:35,1.0,https://t.me/kievreal1/111637,Лісовий – БпЛА,111637
2026-05-14,2,Деснянський,Лісовий,2026-05-14T00:50:35,2026-05-14T08:43:13,7.9,https://t.me/kievreal1/117148,"1 на Дарницю, 1 на Лісовий",117148
2026-03-24,0,Голосіївський,Теличка,2026-03-24T00:19:16,2026-03-24T01:32:08,1.2,https://t.me/kievreal1/113708,1 на Лісники 1 на Іванковичі 1 на Теличка,113708
2026-01-09,1,Голосіївський,Теличка,2026-01-08T23:26:43,2026-01-09T04:36:36,5.2,https://t.me/kievreal1/108470,БпЛА курсом на Рембазу БпЛА курсом на Теличку 5х БпЛА курсо…,108470
2026-03-06,18,Оболонський,Мінський,2026-03-06T18:48:45,2026-03-06T19:36:44,0.8,https://t.me/kievreal1/112739,На Мінський / Оболонь йде Стежити за траєкторією - t.me/kyi…,112739
2026-08-28,16,Оболонський,Мінський,2026-08-28T16:45:01,2026-08-28T19:09:52,2.4,https://t.me/kievreal1/126955,Мінський,126955
2026-08-30,16,Деснянський,Лісовий,2026-08-30T15:54:48,2026-08-30T16:52:43,1.0,https://t.me/kievreal1/127825,Лісовий,127825
2026-05-24,2,Деснянський,Лісовий,2026-05-24T00:32:01,2026-05-24T05:41:06,5.2,https://t.me/kievreal1/118214,"Київ : 3 шахеди на Жуляни, Теремки. 3 шахеди на Сирець, Нивки, Святош…",118214
2026-09-01,10,Святошинський,Берковець,2026-09-01T09:49:18,2026-09-01T10:35:23,0.8,https://t.me/kievreal1/128236,Берковець знову,128236
2026-09-01,18,Оболонський,Мінський,2026-09-01T18:23:56,2026-09-01T19:21:01,1.0,https://t.me/kievreal1/128334,Оболонь/ Мінський до вас,128334
2026-06-01,20,Оболонський,Мінський,2026-06-01T20:13:59,2026-06-01T20:38:58,0.4,https://t.me/kievreal1/119151,"Пуща Водиця - до вас перший! Виноградар та Мінський, уважно",119151
2026-08-28,5,Святошинський,Берковець,2026-08-28T05:05:20,2026-08-28T07:18:42,2.2,https://t.me/kievreal1/126763,"2 реактивні шахеди з Виноградар на Нивки, Берковець, Сирець",126763
2026-08-29,3,Святошинський,Берковець,2026-08-29T03:44:59,2026-08-29T07:08:39,3.4,https://t.me/kievreal1/127186,Реактивний БпЛА курсом на Берковець,127186
2026-09-01,10,Оболонський,Мінський,2026-09-01T09:49:18,2026-09-01T10:35:23,0.8,https://t.me/kievreal1/128238,Мінський,128238
2026-05-24,3,Святошинський,Берковець,2026-05-24T00:32:01,2026-05-24T05:41:06,5.2,https://t.me/kievreal1/118252,БпЛА курсом на Берковець,118252
2026-08-29,18,Деснянський,Лісовий,2026-08-29T18:22:33,2026-08-29T18:45:49,0.4,https://t.me/kievreal1/127523,Лісовий,127523
2026-08-29,21,Оболонський,Мінський,2026-08-29T21:41:38,2026-08-29T22:59:55,1.3,https://t.me/kievreal1/127566,"Оболонь, Мінський у ваш бік",127566
2026-06-18,4,Голосіївський,Теличка,2026-06-18T04:02:03,2026-06-18T05:42:11,1.7,https://t.me/kievreal1/120469,1 БпЛА на Теличку,120469
2026-08-29,22,Святошинський,Берковець,2026-08-29T21:41:38,2026-08-29T22:59:55,1.3,https://t.me/kievreal1/127620,"Виноградар, Берковець, Нивки увага",127620
2026-08-05,1,Голосіївський,Теличка,2026-08-05T00:18:57,2026-08-05T01:45:59,1.5,https://t.me/kievreal1/124402,1 реактивний БпЛА на Теличку,124402
2026-08-18,18,Деснянський,Лісовий,2026-08-18T18:29:01,2026-08-18T20:15:24,1.8,https://t.me/kievreal1/125603,Лісовий,125603
2026-08-29,7,Святошинський,Берковець,2026-08-29T07:29:08,2026-08-29T11:54:06,4.4,https://t.me/kievreal1/127285,"Реактивний шахед з Виноградар на Нивки, Сирець, Берковець",127285
2026-08-27,21,Оболонський,Мінський,2026-08-27T21:27:50,2026-08-27T21:51:43,0.4,https://t.me/kievreal1/126677,Мінський,126677
2026-09-01,15,Деснянський,Лісовий,2026-09-01T15:50:04,2026-09-01T15:54:55,0.1,https://t.me/kievreal1/128294,Княжичі/ Лісовий Онлайн-мапа руху БпЛА ⬅️,128294
2026-05-23,22,Деснянський,Лісовий,2026-05-23T21:08:18,2026-05-23T22:27:09,1.3,https://t.me/kievreal1/118124,Лісовий увага по БПЛА,118124
2026-08-29,18,Деснянський,Лісовий,2026-08-29T18:22:33,2026-08-29T18:45:49,0.4,https://t.me/kievreal1/127517,"Лісовий, Троєщина теж увага",127517
2026-09-01,10,Оболонський,Мінський,2026-09-01T09:49:18,2026-09-01T10:35:23,0.8,https://t.me/kievreal1/128233,Мінський далі,128233
2026-08-30,0,Голосіївський,Теличка,2026-08-30T00:14:47,2026-08-30T00:41:56,0.5,https://t.me/kievreal1/127673,Теличка,127673
2026-08-29,8,Оболонський,Мінський,2026-08-29T07:29:08,2026-08-29T11:54:06,4.4,https://t.me/kievreal1/127311,"Знову увага Мінський, Жуляни",127311
2026-08-20,17,Деснянський,Лісовий,2026-08-20T17:03:11,2026-08-20T18:55:35,1.9,https://t.me/kievreal1/125931,Лісовий / Воскресенка,125931
2026-08-28,18,Оболонський,Мінський,2026-08-28T16:45:01,2026-08-28T19:09:52,2.4,https://t.me/kievreal1/127021,На Мінський,127021
2026-09-01,10,Святошинський,Берковець,2026-09-01T09:49:18,2026-09-01T10:35:23,0.8,https://t.me/kievreal1/128232,На Берковець/ Виноградар!,128232
2026-06-09,20,Деснянський,Лісовий,2026-06-09T20:27:35,2026-06-09T20:48:40,0.4,https://t.me/kievreal1/119883,Лісовий - уважно,119883
2026-05-25,10,Деснянський,Лісовий,2026-05-25T10:50:50,2026-05-25T11:07:26,0.3,https://t.me/kievreal1/118627,Лісовий/ Епіцентр P.S про рух повітряних цілей тут – t.me/tryvoga_kyiv,118627
2026-08-29,10,Оболонський,Мінський,2026-08-29T07:29:08,2026-08-29T11:54:06,4.4,https://t.me/kievreal1/127347,"Мінський, Оболонь – у ваш бік Онлайн-мапа руху БпЛА ⬅️",127347
2026-02-22,6,Печерський,Центр,2026-02-22T03:56:52,2026-02-22T07:57:22,4.0,https://t.me/kievreal1/112064,Поділ Центр,112064
2026-05-13,12,Печерський,Центр,2026-05-13T11:52:19,2026-05-13T12:08:26,0.3,https://t.me/kievreal1/116996,"Район Золотих Воріт, центр! Йд",116996
2026-07-22,10,Печерський,Центр,2026-07-22T10:12:23,2026-07-22T10:34:36,0.4,https://t.me/kievreal1/123228,Центр Києва,123228
2026-07-01,22,Печерський,Центр,2026-07-01T19:52:38,2026-07-02T07:05:50,11.2,https://t.me/kievreal1/121327,Центр,121327
2026-07-19,1,Печерський,Центр,2026-07-19T01:21:16,2026-07-19T03:13:41,1.9,https://t.me/kievreal1/122916,Центр обережно,122916
2026-08-12,13,Печерський,Центр,2026-08-12T12:53:43,2026-08-12T14:33:12,1.7,https://t.me/kievreal1/125119,"Нивки, Почайна, центр - до вас",125119
2026-06-15,1,Печерський,Центр,2026-06-15T00:38:45,2026-06-15T05:22:41,4.7,https://t.me/kievreal1/120144,"Центр, Печерськ",120144
2026-01-09,3,Печерський,Центр,2026-01-08T23:26:43,2026-01-09T04:36:36,5.2,https://t.me/kievreal1/108526,Ракети на центр!,108526
2026-05-24,4,Печерський,Центр,2026-05-24T00:32:01,2026-05-24T05:41:06,5.2,https://t.me/kievreal1/118299,У Шевченківському районі також,118299
2026-03-18,10,Печерський,Центр,2026-03-18T09:17:50,2026-03-18T10:14:26,0.9,https://t.me/kievreal1/113395,"🎭 «ПЕРЕВЕРТЕНЬ» , продюсерськи",113395
2026-06-02,13,Печерський,Центр,2026-06-02T12:59:13,2026-06-02T13:28:01,0.5,https://t.me/kievreal1/119360,Йде на Поділ / Центр,119360
2026-07-01,23,Печерський,Центр,2026-07-01T19:52:38,2026-07-02T07:05:50,11.2,https://t.me/kievreal1/121346,Центр укриття,121346
2026-07-08,5,Печерський,Центр,2026-07-08T05:29:20,2026-07-08T08:05:48,2.6,https://t.me/kievreal1/122107,На Центр,122107
2026-06-02,13,Печерський,Центр,2026-06-02T12:59:13,2026-06-02T13:28:01,0.5,https://t.me/kievreal1/119378,Поворот знову на центр,119378
2026-05-24,1,Печерський,Центр,2026-05-24T00:32:01,2026-05-24T05:41:06,5.2,https://t.me/kievreal1/118155,Центр ракета,118155
2026-08-12,13,Печерський,Центр,2026-08-12T12:53:43,2026-08-12T14:33:12,1.7,https://t.me/kievreal1/125121,"Нивки, Почайна, центр - до вас",125121
2026-01-09,0,Печерський,Центр,2026-01-08T23:26:43,2026-01-09T04:36:36,5.2,https://t.me/kievreal1/108454,БпЛА курсом на Центр 10х БпЛА ,108454
2026-01-09,0,Печерський,Центр,2026-01-08T23:26:43,2026-01-09T04:36:36,5.2,https://t.me/kievreal1/108453,Центр/Соломʼянка/Голосіїв - об,108453
2026-06-15,3,Печерський,Центр,2026-06-15T00:38:45,2026-06-15T05:22:41,4.7,https://t.me/kievreal1/120253,5 БПЛА на Центр,120253
2026-03-02,21,Печерський,Центр,2026-03-02T21:44:48,2026-03-02T22:16:57,0.5,https://t.me/kievreal1/112531,Центр / Труханів / Печерськ / ,112531
2026-07-19,1,Печерський,Центр,2026-07-19T01:21:16,2026-07-19T03:13:41,1.9,https://t.me/kievreal1/122927,Центр,122927
2026-05-24,2,Печерський,Центр,2026-05-24T00:32:01,2026-05-24T05:41:06,5.2,https://t.me/kievreal1/118213,Центр обережно,118213
2026-06-02,13,Печерський,Центр,2026-06-02T12:59:13,2026-06-02T13:28:01,0.5,https://t.me/kievreal1/119379,Поворот знову на центр,119379
2026-06-02,13,Печерський,Центр,2026-06-02T12:59:13,2026-06-02T13:28:01,0.5,https://t.me/kievreal1/119361,Йде на Поділ / Центр,119361
2026-03-16,8,Печерський,Центр,2026-03-16T08:26:47,2026-03-16T09:57:03,1.5,https://t.me/kievreal1/113214,Центр,113214
2026-02-03,3,Печерський,Центр,2026-02-03T00:24:02,2026-02-03T07:44:32,7.3,https://t.me/kievreal1/110786,"Центр, Поділ, Солома",110786
2026-03-24,0,Печерський,Центр,2026-03-24T00:19:16,2026-03-24T01:32:08,1.2,https://t.me/kievreal1/113713,Центр обережно,113713
2026-05-21,17,Печерський,Центр,2026-05-21T16:58:33,2026-05-21T17:19:17,0.3,https://t.me/kievreal1/117946,"Липки, центр",117946
2026-08-20,19,Печерський,Центр,2026-08-20T19:46:10,2026-08-20T20:31:01,0.7,https://t.me/kievreal1/125988,На центр/ Поділ Слідкувати за ,125988
2026-05-24,1,Печерський,Центр,2026-05-24T00:32:01,2026-05-24T05:41:06,5.2,https://t.me/kievreal1/118148,Центр обережно,118148
2026-08-20,6,Печерський,Центр,2026-08-19T23:51:02,2026-08-20T08:36:20,8.8,https://t.me/kievreal1/125763,На Центр,125763
2026-07-02,0,Печерський,Центр,2026-07-01T19:52:38,2026-07-02T07:05:50,11.2,https://t.me/kievreal1/121371,Центр ховаємось,121371
2026-07-06,1,Печерський,Центр,2026-07-06T01:12:39,2026-07-06T05:09:36,3.9,https://t.me/kievreal1/121795,Центр,121795
2026-05-24,2,Печерський,Центр,2026-05-24T00:32:01,2026-05-24T05:41:06,5.2,https://t.me/kievreal1/118225,Центр,118225
2026-01-09,3,Печерський,Центр,2026-01-08T23:26:43,2026-01-09T04:36:36,5.2,https://t.me/kievreal1/108539,Центр. Поділ,108539
2026-08-11,0,Печерський,Центр,2026-08-11T00:26:01,2026-08-11T01:05:20,0.7,https://t.me/kievreal1/124973,Ракета на центр,124973
2026-03-16,8,Печерський,Центр,2026-03-16T08:26:47,2026-03-16T09:57:03,1.5,https://t.me/kievreal1/113210,Один на центр,113210
2026-06-15,3,Печерський,Центр,2026-06-15T00:38:45,2026-06-15T05:22:41,4.7,https://t.me/kievreal1/120241,Центр,120241
2026-01-14,9,Печерський,Центр,2026-01-14T09:27:15,2026-01-14T09:51:18,0.4,https://t.me/kievreal1/109192,Центр,109192
2026-08-20,17,Печерський,Центр,2026-08-20T17:03:11,2026-08-20T18:55:35,1.9,https://t.me/kievreal1/125935,Виставковий центр 👉,125935
2026-08-27,10,Печерський,Центр,2026-08-27T09:54:41,2026-08-27T11:08:51,1.2,https://t.me/kievreal1/126551,Центр,126551
2026-08-28,16,Печерський,Центр,2026-08-28T16:45:01,2026-08-28T19:09:52,2.4,https://t.me/kievreal1/126957,Знов на центр! 👉,126957
2026-09-03,13,Печерський,Центр,2026-09-03T10:58:02,2026-09-03T14:20:46,3.4,https://t.me/kievreal1/129103,Центр,129103
2026-08-27,18,Печерський,Центр,2026-08-27T17:51:02,2026-08-27T21:11:07,3.3,https://t.me/kievreal1/126639,Центр,126639
2026-08-28,18,Печерський,Центр,2026-08-28T16:45:01,2026-08-28T19:09:52,2.4,https://t.me/kievreal1/127041,На центр йде,127041
2026-08-27,12,Печерський,Центр,2026-08-27T11:58:19,2026-08-27T12:42:14,0.7,https://t.me/kievreal1/126572,Центр,126572
2026-08-28,18,Печерський,Центр,2026-08-28T16:45:01,2026-08-28T19:09:52,2.4,https://t.me/kievreal1/127010,На Поділ/ центр,127010
2026-09-02,12,Печерський,Центр,2026-09-02T12:04:38,2026-09-02T12:13:42,0.2,https://t.me/kievreal1/128663,Центр!,128663
2026-09-01,0,Печерський,Центр,2026-08-31T23:32:35,2026-09-01T00:15:04,0.7,https://t.me/kievreal1/128111,Центр,128111
2026-09-02,10,Печерський,Центр,2026-09-02T10:08:57,2026-09-02T10:46:52,0.6,https://t.me/kievreal1/128590,Центр знову!,128590
2026-08-31,20,Печерський,Центр,2026-08-31T19:46:15,2026-08-31T22:27:03,2.7,https://t.me/kievreal1/128064,Центр,128064
2026-09-02,10,Печерський,Центр,2026-09-02T10:08:57,2026-09-02T10:46:52,0.6,https://t.me/kievreal1/128584,Центр в укриттях,128584
2026-09-01,18,Печерський,Центр,2026-09-01T18:23:56,2026-09-01T19:21:01,1.0,https://t.me/kievreal1/128360,Центр - бпла!,128360
2026-09-01,19,Печерський,Центр,2026-09-01T19:32:34,2026-09-01T20:21:45,0.8,https://t.me/kievreal1/128423,Центр!,128423
2026-08-30,0,Печерський,Центр,2026-08-30T00:14:47,2026-08-30T00:41:56,0.5,https://t.me/kievreal1/127671,Центр Слідкувати тут – t.me/tr,127671
2026-09-01,2,Печерський,Центр,2026-09-01T02:10:40,2026-09-01T03:21:20,1.2,https://t.me/kievreal1/128134,Центр,128134
2026-08-31,18,Печерський,Центр,2026-08-31T18:44:34,2026-08-31T18:50:45,0.1,https://t.me/kievreal1/128043,Ще один розподільчий центр «Ав,128043
2026-08-29,22,Печерський,Центр,2026-08-29T21:41:38,2026-08-29T22:59:55,1.3,https://t.me/kievreal1/127621,Центр - до вас 1,127621
2026-08-29,8,Печерський,Центр,2026-08-29T07:29:08,2026-08-29T11:54:06,4.4,https://t.me/kievreal1/127305,Центр увага! Онлайн-мапа руху ,127305
2026-09-02,15,Печерський,Центр,2026-09-02T15:22:27,2026-09-02T16:05:37,0.7,https://t.me/kievreal1/128769,Від Оболоні на центр курсом,128769
2026-09-02,10,Печерський,Центр,2026-09-02T10:08:57,2026-09-02T10:46:52,0.6,https://t.me/kievreal1/128626,1 Центр 1 Гостомель,128626
2026-08-27,10,Печерський,Центр,2026-08-27T09:54:41,2026-08-27T11:08:51,1.2,https://t.me/kievreal1/126536,Центр,126536
2026-08-29,22,Печерський,Центр,2026-08-29T21:41:38,2026-08-29T22:59:55,1.3,https://t.me/kievreal1/127622,Центр - до вас 1,127622
2026-09-01,19,Печерський,Центр,2026-09-01T19:32:34,2026-09-01T20:21:45,0.8,https://t.me/kievreal1/128419,1 на Центр 1 Глеваха,128419
2026-08-31,0,Печерський,Центр,2026-08-31T00:16:00,2026-08-31T01:06:25,0.8,https://t.me/kievreal1/127912,Центр ховаємось,127912
2026-08-27,18,Печерський,Центр,2026-08-27T17:51:02,2026-08-27T21:11:07,3.3,https://t.me/kievreal1/126632,Центр,126632
2026-09-02,15,Печерський,Центр,2026-09-02T15:22:27,2026-09-02T16:05:37,0.7,https://t.me/kievreal1/128770,Від Оболоні на центр курсом,128770
2026-08-28,18,Печерський,Центр,2026-08-28T16:45:01,2026-08-28T19:09:52,2.4,https://t.me/kievreal1/127011,На Поділ/ центр,127011
2026-08-30,12,Печерський,Центр,2026-08-30T12:22:39,2026-08-30T13:45:02,1.4,https://t.me/kievreal1/127759,Центр Києва,127759
2026-09-02,10,Печерський,Центр,2026-09-02T10:08:57,2026-09-02T10:46:52,0.6,https://t.me/kievreal1/128636,Центр в укриттях,128636
2026-09-01,18,Печерський,Центр,2026-09-01T18:23:56,2026-09-01T19:21:01,1.0,https://t.me/kievreal1/128378,На центр бпла!,128378
2026-08-28,18,Печерський,Центр,2026-08-28T16:45:01,2026-08-28T19:09:52,2.4,https://t.me/kievreal1/127040,На центр йде,127040
2026-08-30,13,Печерський,Центр,2026-08-30T12:22:39,2026-08-30T13:45:02,1.4,https://t.me/kievreal1/127774,Центр,127774
2026-09-03,15,Печерський,Центр,2026-09-03T15:40:16,2026-09-03T16:46:56,1.1,https://t.me/kievreal1/129120,Центр,129120
2026-08-27,23,Печерський,Центр,2026-08-27T23:55:21,2026-08-28T00:41:02,0.8,https://t.me/kievreal1/126700,Центр,126700
2026-08-27,19,Печерський,Центр,2026-08-27T17:51:02,2026-08-27T21:11:07,3.3,https://t.me/kievreal1/126648,Центр,126648
2026-09-02,12,Голосіївський,Теличка,2026-09-02T12:04:38,2026-09-02T12:13:42,0.2,https://t.me/kievreal1/128666,Теличка,128666
2026-09-02,10,Святошинський,Берковець,2026-09-02T10:08:57,2026-09-02T10:46:52,0.6,https://t.me/kievreal1/128587,Берковець,128587
2026-09-02,10,Оболонський,Мінський,2026-09-02T10:08:57,2026-09-02T10:46:52,0.6,https://t.me/kievreal1/128588,Мінський,128588
2026-09-01,19,Деснянський,Лісовий,2026-09-01T19:32:34,2026-09-01T20:21:45,0.8,https://t.me/kievreal1/128425,Лісовий,128425
2026-09-02,10,Святошинський,Берковець,2026-09-02T10:08:57,2026-09-02T10:46:52,0.6,https://t.me/kievreal1/128611,Берковець,128611
2026-09-02,15,Голосіївський,Теличка,2026-09-02T15:22:27,2026-09-02T16:05:37,0.7,https://t.me/kievreal1/128745,Теличка,128745
2026-09-02,12,Голосіївський,Теличка,2026-09-02T12:30:02,2026-09-02T13:33:08,1.1,https://t.me/kievreal1/128680,Теличка,128680
2026-09-01,18,Деснянський,Лісовий,2026-09-01T18:23:56,2026-09-01T19:21:01,1.0,https://t.me/kievreal1/128377,Лісовий,128377
2026-09-02,12,Деснянський,Лісовий,2026-09-02T12:04:38,2026-09-02T12:13:42,0.2,https://t.me/kievreal1/128662,Лісовий,128662
2026-09-01,18,Деснянський,Лісовий,2026-09-01T18:23:56,2026-09-01T19:21:01,1.0,https://t.me/kievreal1/128375,Лісовий,128375
2026-09-02,18,Голосіївський,Теличка,2026-09-02T18:21:44,2026-09-02T19:41:28,1.3,https://t.me/kievreal1/128815,Теличка,128815
2026-09-02,19,Голосіївський,Теличка,2026-09-02T18:21:44,2026-09-02T19:41:28,1.3,https://t.me/kievreal1/128879,Теличка,128879
2026-09-02,18,Голосіївський,Теличка,2026-09-02T18:21:44,2026-09-02T19:41:28,1.3,https://t.me/kievreal1/128814,Теличка,128814
2026-09-02,19,Святошинський,Берковець,2026-09-02T18:21:44,2026-09-02T19:41:28,1.3,https://t.me/kievreal1/128855,Берковець,128855
2026-09-03,19,Шевченківський,Лук'янівка,2026-09-03T18:56:03,2026-09-03T23:12:51,4.3,https://t.me/kievreal1/129168,Лукʼянівкаㅤ,129168
2026-09-03,19,Солом'янський,Жуляни,2026-09-03T18:56:03,2026-09-03T23:12:51,4.3,https://t.me/kievreal1/129169,Жуляниㅤ,129169
2026-09-03,19,Голосіївський,Голосіївському,2026-09-03T18:56:03,2026-09-03T23:12:51,4.3,https://t.me/kievreal1/129174,"За попередньою інформацією, у Голосіївському районі пошкоджено 9-поверховий житловий будинок внаслідок ворожої атаки.ㅤ",129174
2026-09-03,19,Оболонський,Оболонь,2026-09-03T18:56:03,2026-09-03T23:12:51,4.3,https://t.me/kievreal1/129179,Оболоньㅤ,129179
2026-09-03,19,Голосіївський,Голосіївському,2026-09-03T18:56:03,2026-09-03T23:12:51,4.3,https://t.me/kievreal1/129180,"У житловому будинку в Голосіївському районі, де внаслідок влучання виникла пожежа, є руйнування на 9 поверсі. З будинку евакуювали 15 людей.ㅤ",129180
2026-09-03,19,Солом'янський,Жуляни,2026-09-03T18:56:03,2026-09-03T23:12:51,4.3,https://t.me/kievreal1/129182,Жуляниㅤ,129182
2026-09-03,20,Солом'янський,Солом'янському,2026-09-03T18:56:03,2026-09-03T23:12:51,4.3,https://t.me/kievreal1/129189,У Солом'янському районі падіння уламків на відкритій території. А також — падіння уламків та пожежа на території нежитлової забудови. Упали уламки і на території одного з парків Солом'янського району.ㅤ,129189
2026-09-03,20,Деснянський,Троя,2026-09-03T18:56:03,2026-09-03T23:12:51,4.3,https://t.me/kievreal1/129192,Троя БПЛАㅤ,129192
2026-09-03,20,Подільський,Поділ,2026-09-03T18:56:03,2026-09-03T23:12:51,4.3,https://t.me/kievreal1/129198,Поділㅤ,129198
2026-09-03,20,Дарницький,Позняки,2026-09-03T18:56:03,2026-09-03T23:12:51,4.3,https://t.me/kievreal1/129199,Познякиㅤ,129199
2026-09-03,20,Оболонський,Пуща,2026-09-03T18:56:03,2026-09-03T23:12:51,4.3,https://t.me/kievreal1/129202,Пущаㅤ,129202
2026-09-03,20,Шевченківський,Нивки,2026-09-03T18:56:03,2026-09-03T23:12:51,4.3,https://t.me/kievreal1/129203,Нивкиㅤ,129203
2026-09-03,20,Солом'янський,Відрадний,2026-09-03T18:56:03,2026-09-03T23:12:51,4.3,https://t.me/kievreal1/129204,Відраднийㅤ,129204
2026-09-03,20,Дарницький,Бортничі,2026-09-03T18:56:03,2026-09-03T23:12:51,4.3,https://t.me/kievreal1/129205,Бортничіㅤ,129205
2026-09-03,21,Дарницький,Дарниця,2026-09-03T18:56:03,2026-09-03T23:12:51,4.3,https://t.me/kievreal1/129206,Дарницяㅤ,129206
2026-09-03,21,Печерський,Печерськ,2026-09-03T18:56:03,2026-09-03T23:12:51,4.3,https://t.me/kievreal1/129207,Печерськㅤ,129207
2026-09-03,21,Солом'янський,Жуляни,2026-09-03T18:56:03,2026-09-03T23:12:51,4.3,https://t.me/kievreal1/129208,Жуляниㅤ,129208
2026-09-03,21,Дарницький,Дарницькому,2026-09-03T18:56:03,2026-09-03T23:12:51,4.3,https://t.me/kievreal1/129210,Є поранені в Дарницькому районі через падіння уламківㅤ,129210
2026-09-03,21,Дарницький,Дарницькому,2026-09-03T18:56:03,2026-09-03T23:12:51,4.3,https://t.me/kievreal1/129211,Є поранені в Дарницькому районі через падіння уламків ㅤ,129211
2026-09-03,22,Подільський,Поділ,2026-09-03T18:56:03,2026-09-03T23:12:51,4.3,https://t.me/kievreal1/129223,Поділㅤ,129223
2026-09-03,22,Дарницький,Позняки,2026-09-03T18:56:03,2026-09-03T23:12:51,4.3,https://t.me/kievreal1/129224,Познякиㅤ,129224
2026-09-03,22,Дарницький,Бортничі,2026-09-03T18:56:03,2026-09-03T23:12:51,4.3,https://t.me/kievreal1/129225,Бортничі/Жуляниㅤ,129225
2026-09-03,22,Солом'янський,Жуляни,2026-09-03T18:56:03,2026-09-03T23:12:51,4.3,https://t.me/kievreal1/129225,Бортничі/Жуляниㅤ,129225
2026-09-03,22,Солом'янський,Жуляни,2026-09-03T18:56:03,2026-09-03T23:12:51,4.3,https://t.me/kievreal1/129231,Жуляниㅤ,129231
