{"type":"FeatureCollection","name":"Kyiv Raions","crs":{"type":"name","properties":{"name":"urn:ogc:def:crs:OGC:1.3:CRS84"}},"features":[{"type":"Feature","properties":{"name":"Солом'янський"},"geometry":{"type":"MultiPolygon","coordinates":[[[[30.39854,50.43929],[30.39837,50.43962],[30.39806,50.44001],[30.39787,50.4403],[30.39762,50.44082],[30.39755,50.44112],[30.39751,50.44145],[30.39757,50.44182],[30.39762,50.44204],[30.39774,50.44244],[30.39835,50.44429],[30.39865,50.44523],[30.39909,50.44607],[30.39937,50.44647],[30.39973,50.44689],[30.40034,50.44738],[30.40063,50.44758],[30.4012,50.4479],[30.40195,50.44832],[30.40229,50.44848],[30.40377,50.44924],[30.40418,50.4495],[30.4062,50.4506],[30.40693,50.45099],[30.40798,50.45154],[30.41163,50.45351],[30.41235,50.45389],[30.41306,50.45431],[30.41365,50.45471],[30.41397,50.45493],[30.41439,50.45531],[30.41476,50.45573],[30.41507,50.45626],[30.41526,50.45662],[30.41544,50.45703],[30.41556,50.45747],[30.41565,50.45812],[30.41573,50.45905],[30.41577,50.45942],[30.41628,50.4594],[30.41758,50.45917],[30.41905,50.4589],[30.42035,50.45869],[30.42124,50.45854],[30.4226,50.45832],[30.4244,50.45802],[30.4264,50.45769],[30.42793,50.45743],[30.42964,50.45716],[30.43129,50.45689],[30.4363,50.45608],[30.44061,50.45538],[30.44186,50.45518],[30.44468,50.45472],[30.44617,50.45448],[30.44653,50.45442],[30.44741,50.45426],[30.45076,50.45373],[30.45136,50.45363],[30.45185,50.45354],[30.45322,50.4533],[30.45419,50.45313],[30.45891,50.45236],[30.46278,50.45172],[30.46659,50.45111],[30.46676,50.45108],[30.46675,50.45105],[30.46662,50.45064],[30.46656,50.45046],[30.46631,50.44982],[30.46618,50.4494],[30.46614,50.44927],[30.4661,50.4491],[30.4661,50.44894],[30.46614,50.44851],[30.4662,50.44824],[30.46622,50.44819],[30.46625,50.44811],[30.46627,50.44807],[30.46692,50.44705],[30.4671,50.44673],[30.46714,50.44665],[30.46742,50.44602],[30.47176,50.44688],[30.47261,50.44701],[30.47355,50.44712],[30.47505,50.44718],[30.47657,50.4471],[30.47787,50.44689],[30.47886,50.44666],[30.48094,50.44604],[30.48102,50.44597],[30.48149,50.44578],[30.4817,50.4457],[30.48271,50.4454],[30.48276,50.44546],[30.48319,50.44533],[30.48337,50.44524],[30.48444,50.44494],[30.4852,50.44469],[30.48571,50.44447],[30.48623,50.44418],[30.48714,50.44358],[30.48749,50.44336],[30.48865,50.44249],[30.4887,50.44252],[30.48888,50.4424],[30.49002,50.44156],[30.49013,50.44157],[30.49017,50.44157],[30.49171,50.44166],[30.493,50.44201],[30.49213,50.44146],[30.49121,50.44065],[30.49203,50.44009],[30.49375,50.43873],[30.49405,50.43861],[30.49652,50.43678],[30.49751,50.43611],[30.49915,50.43506],[30.49997,50.43454],[30.50119,50.43387],[30.50133,50.43404],[30.5028,50.43346],[30.50524,50.43271],[30.50568,50.43253],[30.50585,50.43237],[30.50627,50.43196],[30.50686,50.43139],[30.50717,50.43109],[30.50758,50.43073],[30.50783,50.43048],[30.50818,50.43011],[30.50945,50.42893],[30.5096,50.42879],[30.50973,50.42844],[30.50976,50.42826],[30.50977,50.42807],[30.50968,50.42753],[30.50967,50.42727],[30.50965,50.42697],[30.50966,50.4267],[30.50974,50.42644],[30.51024,50.42574],[30.51098,50.42491],[30.51114,50.42469],[30.51139,50.4241],[30.51204,50.42262],[30.51217,50.42242],[30.51259,50.42187],[30.51315,50.42122],[30.514,50.42018],[30.51429,50.41975],[30.5144,50.41954],[30.5144,50.41934],[30.51448,50.41913],[30.5146,50.41895],[30.51508,50.41841],[30.51537,50.41814],[30.51479,50.41791],[30.51108,50.42161],[30.51048,50.42142],[30.5103,50.42134],[30.51003,50.42157],[30.50917,50.42143],[30.50915,50.42152],[30.50899,50.42199],[30.50867,50.42218],[30.5085,50.4222],[30.50834,50.42224],[30.50787,50.42237],[30.50772,50.42239],[30.50721,50.42228],[30.50699,50.42235],[30.50662,50.42219],[30.50646,50.42213],[30.50602,50.42202],[30.50581,50.42196],[30.5057,50.42193],[30.50548,50.42181],[30.50497,50.42156],[30.50488,50.42151],[30.50397,50.42204],[30.50365,50.4221],[30.50355,50.42212],[30.5034,50.42178],[30.5032,50.42145],[30.50282,50.42103],[30.50254,50.42074],[30.50171,50.41997],[30.50016,50.41847],[30.49961,50.41795],[30.49947,50.41783],[30.49905,50.41742],[30.49854,50.41674],[30.49849,50.41655],[30.49857,50.41597],[30.49869,50.41596],[30.49913,50.41555],[30.50004,50.41487],[30.50028,50.41463],[30.50042,50.41451],[30.50099,50.41413],[30.50131,50.41383],[30.50302,50.4129],[30.50365,50.41283],[30.50503,50.41201],[30.50566,50.4117],[30.50687,50.41135],[30.50741,50.41065],[30.50728,50.41062],[30.50698,50.41056],[30.5068,50.41053],[30.50663,50.41051],[30.50645,50.4105],[30.5063,50.41048],[30.50606,50.41046],[30.506,50.41046],[30.50563,50.41043],[30.50519,50.4104],[30.50499,50.41039],[30.50466,50.41037],[30.50442,50.41037],[30.50418,50.41038],[30.50349,50.41045],[30.50131,50.41065],[30.50087,50.41069],[30.50047,50.41071],[30.49974,50.41072],[30.49903,50.41071],[30.49883,50.41071],[30.49796,50.41068],[30.49752,50.41064],[30.49708,50.41058],[30.49661,50.41048],[30.49612,50.41036],[30.49408,50.40976],[30.49394,50.40972],[30.49349,50.4096],[30.49299,50.40939],[30.49259,50.40914],[30.49241,50.40901],[30.4922,50.40882],[30.49204,50.40864],[30.49192,50.40848],[30.49179,50.40831],[30.49167,50.40815],[30.49138,50.40775],[30.49116,50.40744],[30.49086,50.4069],[30.49073,50.40657],[30.4907,50.40639],[30.49069,50.40628],[30.49066,50.40606],[30.49057,50.40541],[30.49045,50.40492],[30.49032,50.40451],[30.49016,50.40405],[30.4899,50.40349],[30.48967,50.40298],[30.48956,50.40274],[30.48929,50.40225],[30.489,50.40178],[30.48869,50.40132],[30.48842,50.40104],[30.48803,50.4007],[30.48775,50.40049],[30.48734,50.4002],[30.48689,50.39989],[30.48664,50.39974],[30.48645,50.39962],[30.486,50.39932],[30.48588,50.39925],[30.48537,50.39897],[30.4844,50.39858],[30.48413,50.39848],[30.48336,50.39824],[30.48187,50.39791],[30.48013,50.39754],[30.47994,50.3975],[30.47974,50.39747],[30.47895,50.39739],[30.47881,50.39734],[30.47871,50.39741],[30.47865,50.39748],[30.47857,50.3976],[30.47855,50.39782],[30.47867,50.39799],[30.4787,50.39801],[30.47886,50.39821],[30.47502,50.39847],[30.47348,50.39837],[30.47304,50.39873],[30.47271,50.39894],[30.47212,50.39904],[30.47168,50.39902],[30.47167,50.39884],[30.47214,50.39868],[30.47247,50.39857],[30.4728,50.39823],[30.47319,50.39815],[30.47292,50.39712],[30.47134,50.39673],[30.47107,50.39666],[30.47054,50.39652],[30.47045,50.39584],[30.47145,50.39206],[30.47112,50.39203],[30.47104,50.39202],[30.47076,50.39199],[30.46995,50.3919],[30.4695,50.39185],[30.46932,50.39183],[30.46919,50.39181],[30.46908,50.3918],[30.46884,50.39176],[30.4679,50.39156],[30.46772,50.3915],[30.46721,50.39134],[30.46652,50.39106],[30.4661,50.39086],[30.46558,50.3906],[30.46538,50.3905],[30.46529,50.39055],[30.46442,50.39116],[30.46427,50.39124],[30.46414,50.39129],[30.46412,50.39129],[30.46347,50.39131],[30.46217,50.39135],[30.46095,50.39139],[30.4607,50.39139],[30.46069,50.39136],[30.46058,50.39071],[30.46049,50.39033],[30.46048,50.38977],[30.46043,50.38936],[30.46038,50.38911],[30.46033,50.38911],[30.46027,50.38912],[30.45967,50.38924],[30.45929,50.38931],[30.45858,50.3882],[30.45799,50.38831],[30.45667,50.38865],[30.45657,50.38855],[30.45623,50.38813],[30.45609,50.38789],[30.45592,50.38776],[30.45564,50.38744],[30.45558,50.38735],[30.45553,50.38727],[30.45552,50.38719],[30.45551,50.38711],[30.45548,50.38698],[30.45543,50.38679],[30.45532,50.38658],[30.45497,50.38599],[30.45467,50.38548],[30.45443,50.38501],[30.45429,50.38472],[30.45432,50.38467],[30.45442,50.3846],[30.4545,50.38454],[30.45413,50.38433],[30.45409,50.38431],[30.45393,50.38423],[30.45383,50.38427],[30.45372,50.38431],[30.4531,50.38459],[30.45243,50.38488],[30.45172,50.38521],[30.45123,50.38548],[30.44994,50.38619],[30.44957,50.38645],[30.44933,50.38651],[30.44901,50.3865],[30.4485,50.38677],[30.44774,50.38637],[30.44763,50.38641],[30.44758,50.38641],[30.44648,50.38573],[30.44618,50.38581],[30.44585,50.38591],[30.44572,50.38589],[30.44393,50.38443],[30.44375,50.38429],[30.44248,50.38348],[30.44184,50.38305],[30.44118,50.38267],[30.441,50.3828],[30.43962,50.38384],[30.43896,50.38433],[30.43785,50.38513],[30.43729,50.38555],[30.4348,50.38735],[30.43178,50.38959],[30.43109,50.39009],[30.43078,50.39033],[30.43006,50.39085],[30.42976,50.39106],[30.42968,50.39113],[30.42954,50.39124],[30.42938,50.39136],[30.42923,50.39149],[30.42907,50.39165],[30.42898,50.39174],[30.42878,50.39174],[30.42858,50.39174],[30.42823,50.3917],[30.42792,50.39157],[30.42772,50.3914],[30.42756,50.39122],[30.42752,50.39103],[30.42732,50.39095],[30.42647,50.39108],[30.42591,50.3912],[30.42526,50.39161],[30.42478,50.39203],[30.42409,50.39248],[30.42316,50.39289],[30.42281,50.39304],[30.42273,50.39313],[30.42206,50.39344],[30.42185,50.39372],[30.42213,50.39464],[30.42224,50.39484],[30.42243,50.39498],[30.42272,50.39509],[30.4233,50.39569],[30.42341,50.39583],[30.42283,50.39606],[30.42258,50.39611],[30.42231,50.39614],[30.42198,50.39613],[30.42166,50.3961],[30.42119,50.39605],[30.42087,50.39601],[30.42048,50.39597],[30.42011,50.39597],[30.4198,50.39599],[30.41949,50.39605],[30.41885,50.39626],[30.41858,50.39634],[30.41824,50.3964],[30.41798,50.39669],[30.41915,50.39706],[30.41854,50.39746],[30.4179,50.3977],[30.41793,50.39804],[30.41798,50.39804],[30.41842,50.39824],[30.41971,50.39888],[30.42053,50.39933],[30.42099,50.39961],[30.42156,50.39995],[30.42221,50.40039],[30.42319,50.40109],[30.42403,50.40173],[30.42461,50.40224],[30.4256,50.40317],[30.42597,50.4039],[30.42616,50.40417],[30.4265,50.40471],[30.42692,50.40539],[30.42732,50.40601],[30.4275,50.40634],[30.42765,50.4067],[30.4277,50.40726],[30.42767,50.40765],[30.42757,50.40805],[30.42742,50.40839],[30.42709,50.40889],[30.42661,50.40936],[30.42619,50.40968],[30.42402,50.41243],[30.42375,50.41258],[30.42349,50.41276],[30.42308,50.41308],[30.42232,50.41383],[30.42217,50.414],[30.42178,50.41441],[30.42047,50.41579],[30.42017,50.41612],[30.41984,50.41646],[30.4194,50.41691],[30.41903,50.41727],[30.41859,50.41764],[30.41766,50.41832],[30.41674,50.419],[30.41581,50.41968],[30.41489,50.42035],[30.41401,50.42105],[30.41325,50.4218],[30.41016,50.42481],[30.40911,50.42584],[30.40715,50.42784],[30.40668,50.42841],[30.40579,50.42959],[30.40497,50.43067],[30.40339,50.43283],[30.40296,50.4334],[30.40168,50.4351],[30.39993,50.43739],[30.39893,50.43878],[30.39854,50.43929]]]]},"center":[30.456909,50.436542]},{"type":"Feature","properties":{"name":"Дніпровський"},"geometry":{"type":"MultiPolygon","coordinates":[[[[30.74145,50.4688],[30.74158,50.46871],[30.73363,50.46363],[30.72573,50.45856],[30.7215,50.45587],[30.72001,50.4549],[30.71663,50.45271],[30.71631,50.45252],[30.71539,50.45193],[30.71427,50.45121],[30.71225,50.44993],[30.71162,50.44953],[30.71061,50.44891],[30.70955,50.44833],[30.70921,50.44816],[30.7084,50.44776],[30.70725,50.44725],[30.70607,50.44677],[30.70484,50.44632],[30.7036,50.4459],[30.70246,50.44552],[30.70117,50.4451],[30.70027,50.4448],[30.69899,50.44438],[30.69866,50.44427],[30.69634,50.44351],[30.69604,50.44341],[30.69541,50.44325],[30.69478,50.4431],[30.69381,50.44292],[30.69252,50.44269],[30.69071,50.44235],[30.68937,50.44208],[30.68862,50.4419],[30.68803,50.44175],[30.68663,50.44139],[30.68543,50.44107],[30.68414,50.44073],[30.68376,50.44063],[30.67632,50.43869],[30.6755,50.43848],[30.675,50.43835],[30.67459,50.43825],[30.67414,50.43814],[30.67368,50.43804],[30.673,50.43792],[30.67233,50.43781],[30.67089,50.4376],[30.67022,50.4375],[30.66957,50.43739],[30.6685,50.43716],[30.66746,50.4369],[30.66639,50.43664],[30.66533,50.43638],[30.6643,50.43612],[30.66299,50.43579],[30.66167,50.43547],[30.66037,50.43514],[30.65905,50.43482],[30.65806,50.43458],[30.65774,50.4345],[30.65708,50.43434],[30.65642,50.43417],[30.65511,50.43386],[30.65407,50.4336],[30.65336,50.43343],[30.65264,50.43325],[30.65214,50.43313],[30.65191,50.43307],[30.65139,50.43294],[30.651,50.43285],[30.65048,50.43272],[30.6489,50.43233],[30.64714,50.43189],[30.64571,50.43154],[30.64048,50.43025],[30.6393,50.42996],[30.63806,50.42965],[30.63739,50.42948],[30.63664,50.4293],[30.63615,50.42917],[30.63591,50.42911],[30.63529,50.42896],[30.635,50.42879],[30.63419,50.42858],[30.63359,50.42843],[30.633,50.42824],[30.63269,50.42817],[30.63226,50.42805],[30.63192,50.42794],[30.63134,50.42771],[30.6308,50.42749],[30.6304,50.4273],[30.63004,50.4271],[30.62941,50.42672],[30.62887,50.42637],[30.62836,50.42608],[30.62795,50.42591],[30.62729,50.42571],[30.62664,50.42557],[30.62607,50.4255],[30.62549,50.42547],[30.6233,50.4254],[30.62216,50.42537],[30.62138,50.42532],[30.62067,50.42523],[30.6199,50.42509],[30.61767,50.42455],[30.61658,50.42427],[30.61532,50.42394],[30.61274,50.42323],[30.60771,50.42185],[30.60586,50.42133],[30.60386,50.42078],[30.60082,50.41995],[30.59693,50.4189],[30.59381,50.41812],[30.59026,50.41722],[30.58973,50.41849],[30.58803,50.42322],[30.58659,50.42528],[30.58142,50.42899],[30.57602,50.43279],[30.56978,50.43631],[30.56539,50.44123],[30.56147,50.44493],[30.55523,50.44789],[30.55171,50.44982],[30.54425,50.45294],[30.5383,50.45504],[30.5349,50.4563],[30.53266,50.4577],[30.53147,50.45888],[30.53053,50.46006],[30.5297,50.46161],[30.52912,50.4636],[30.52896,50.46555],[30.52918,50.46727],[30.53018,50.46885],[30.53641,50.47383],[30.53914,50.47642],[30.54146,50.47905],[30.5424,50.4826],[30.54227,50.48376],[30.54213,50.48484],[30.54135,50.48614],[30.53908,50.48814],[30.5367,50.49093],[30.53956,50.49177],[30.54112,50.49225],[30.54174,50.49246],[30.54329,50.49291],[30.54503,50.49336],[30.54603,50.49354],[30.54679,50.49367],[30.54804,50.49382],[30.54994,50.49405],[30.55288,50.49442],[30.55746,50.49503],[30.55908,50.49522],[30.56055,50.49535],[30.56131,50.49541],[30.56206,50.49545],[30.56388,50.49552],[30.56566,50.49555],[30.56823,50.49553],[30.56893,50.49553],[30.57034,50.49551],[30.57385,50.4955],[30.57592,50.49549],[30.57809,50.49547],[30.58224,50.49544],[30.58362,50.49542],[30.58828,50.49538],[30.59133,50.49537],[30.5935,50.49534],[30.59613,50.49534],[30.60506,50.49535],[30.60608,50.49533],[30.60634,50.49533],[30.60654,50.4953],[30.60703,50.49521],[30.60738,50.49517],[30.60802,50.49516],[30.60812,50.49454],[30.60817,50.49429],[30.60868,50.49322],[30.60972,50.49101],[30.61048,50.48905],[30.61148,50.48753],[30.61196,50.48679],[30.61257,50.48592],[30.61248,50.48583],[30.61289,50.48517],[30.61242,50.48522],[30.61203,50.48529],[30.61155,50.48517],[30.61132,50.48566],[30.61066,50.48566],[30.61055,50.48539],[30.6101,50.48439],[30.60904,50.48224],[30.60819,50.48034],[30.60803,50.47996],[30.60769,50.47903],[30.60767,50.47887],[30.60768,50.47863],[30.60764,50.47852],[30.60893,50.47682],[30.6116,50.4733],[30.61219,50.47256],[30.61243,50.47234],[30.61274,50.47214],[30.61293,50.47205],[30.61313,50.47196],[30.61357,50.47182],[30.61429,50.47157],[30.61458,50.47148],[30.61715,50.47063],[30.61912,50.46998],[30.61981,50.46976],[30.62051,50.46951],[30.62075,50.46943],[30.62086,50.4694],[30.62137,50.46923],[30.62155,50.46918],[30.62195,50.46904],[30.62263,50.46882],[30.62297,50.46868],[30.62325,50.46856],[30.62357,50.4684],[30.62389,50.46822],[30.62423,50.468],[30.62455,50.46778],[30.62477,50.4676],[30.62497,50.4674],[30.62524,50.46711],[30.62548,50.46681],[30.62624,50.46568],[30.627,50.46458],[30.62746,50.46391],[30.62756,50.46382],[30.62773,50.4637],[30.62785,50.46357],[30.62847,50.46267],[30.62879,50.46218],[30.62895,50.46192],[30.62908,50.46168],[30.62924,50.46143],[30.6294,50.46118],[30.62947,50.46107],[30.6298,50.46059],[30.63022,50.45997],[30.63046,50.45963],[30.63079,50.45915],[30.63189,50.45752],[30.63243,50.45674],[30.63315,50.45569],[30.63318,50.45564],[30.63322,50.45557],[30.63308,50.45537],[30.6329,50.45506],[30.63138,50.45263],[30.63123,50.45244],[30.63113,50.45232],[30.63096,50.45211],[30.63053,50.45151],[30.63077,50.45144],[30.63111,50.45136],[30.63152,50.45126],[30.63157,50.45124],[30.63184,50.45117],[30.63223,50.45108],[30.63256,50.451],[30.63291,50.45091],[30.63342,50.45078],[30.63498,50.4504],[30.63545,50.45029],[30.63678,50.44999],[30.63693,50.44999],[30.63708,50.45003],[30.63723,50.45008],[30.63815,50.45033],[30.63891,50.45053],[30.63967,50.45074],[30.64207,50.45141],[30.64211,50.45142],[30.643,50.45166],[30.6431,50.45169],[30.64324,50.4517],[30.64339,50.45168],[30.64349,50.45163],[30.64357,50.45156],[30.64459,50.4501],[30.64468,50.45002],[30.64481,50.44995],[30.64495,50.44991],[30.6451,50.4499],[30.64527,50.44992],[30.64543,50.44996],[30.64821,50.45073],[30.64865,50.45006],[30.6488,50.44984],[30.64926,50.44915],[30.64977,50.44837],[30.64981,50.44831],[30.6503,50.44755],[30.65044,50.44734],[30.65875,50.44918],[30.65951,50.44967],[30.65988,50.45026],[30.65985,50.45084],[30.65989,50.45087],[30.65993,50.45153],[30.65996,50.45182],[30.65996,50.45195],[30.66002,50.45213],[30.66024,50.45216],[30.6597,50.45418],[30.65972,50.45427],[30.65977,50.45486],[30.65986,50.45579],[30.65993,50.45641],[30.66,50.45705],[30.65997,50.45713],[30.66004,50.45751],[30.65993,50.45751],[30.65996,50.45791],[30.65849,50.45832],[30.6563,50.45963],[30.65612,50.46029],[30.65699,50.46044],[30.65627,50.46293],[30.65612,50.46351],[30.65472,50.46334],[30.65477,50.46316],[30.65449,50.46312],[30.65436,50.46354],[30.65426,50.46395],[30.65391,50.46411],[30.65373,50.46435],[30.6535,50.46438],[30.65339,50.46445],[30.65301,50.46451],[30.65289,50.46442],[30.65226,50.46433],[30.65231,50.46454],[30.65219,50.46457],[30.65198,50.46454],[30.65177,50.46437],[30.65165,50.4645],[30.65162,50.4646],[30.6514,50.46474],[30.65142,50.4649],[30.65149,50.46498],[30.65162,50.46502],[30.65173,50.46503],[30.65185,50.46518],[30.65363,50.46566],[30.65417,50.46577],[30.65474,50.46586],[30.65557,50.46602],[30.65601,50.4661],[30.6563,50.46625],[30.65646,50.46643],[30.65652,50.46662],[30.65623,50.46724],[30.65615,50.4675],[30.65588,50.46787],[30.66299,50.46984],[30.66549,50.47052],[30.668,50.47121],[30.68135,50.4749],[30.70495,50.4814],[30.72471,50.48678],[30.7324,50.48892],[30.73707,50.49021],[30.73981,50.49099],[30.74171,50.49158],[30.74254,50.49037],[30.74318,50.4905],[30.74327,50.49058],[30.743,50.49093],[30.7437,50.4911],[30.7437,50.49118],[30.7461,50.49187],[30.7467,50.49197],[30.74678,50.49197],[30.74695,50.49197],[30.7473,50.49162],[30.74833,50.48897],[30.74885,50.48775],[30.7491,50.48758],[30.74997,50.48775],[30.75038,50.48785],[30.75047,50.48767],[30.75158,50.48793],[30.75162,50.4882],[30.75228,50.48863],[30.75315,50.48916],[30.75368,50.48969],[30.75409,50.48994],[30.75438,50.49023],[30.75512,50.48947],[30.7552,50.48897],[30.7558,50.48887],[30.75983,50.48355],[30.75923,50.48338],[30.75708,50.48328],[30.75613,50.48325],[30.75567,50.48287],[30.75414,50.48305],[30.75331,50.48314],[30.75191,50.48333],[30.74997,50.48363],[30.74927,50.48372],[30.74869,50.48384],[30.74838,50.48298],[30.7481,50.48224],[30.74798,50.48192],[30.74722,50.47995],[30.7467,50.479],[30.74618,50.47763],[30.74627,50.47755],[30.74635,50.47737],[30.74781,50.47639],[30.74958,50.47512],[30.74991,50.47436],[30.74833,50.47317],[30.7461,50.4718],[30.74432,50.47065],[30.74145,50.4688]]]]},"center":[30.593433,50.452019]},{"type":"Feature","properties":{"name":"Печерський"},"geometry":{"type":"MultiPolygon","coordinates":[[[[30.52775,50.45352],[30.52759,50.45426],[30.52754,50.45459],[30.5304,50.45463],[30.5305,50.4544],[30.53065,50.45426],[30.53067,50.4542],[30.53064,50.4541],[30.53064,50.4541],[30.53064,50.45409],[30.53067,50.45395],[30.53067,50.45392],[30.53072,50.45383],[30.53076,50.4538],[30.53086,50.45365],[30.53093,50.4536],[30.53096,50.45353],[30.53098,50.45347],[30.53101,50.45341],[30.53105,50.45339],[30.53111,50.45337],[30.53151,50.45325],[30.53178,50.45318],[30.53216,50.45305],[30.53249,50.45293],[30.53289,50.4528],[30.53302,50.45276],[30.53323,50.45273],[30.5334,50.45273],[30.53361,50.4527],[30.53384,50.45267],[30.53406,50.45251],[30.53421,50.45239],[30.53428,50.45233],[30.5344,50.45237],[30.53466,50.45243],[30.5383,50.45504],[30.54425,50.45294],[30.55171,50.44982],[30.55523,50.44789],[30.56147,50.44493],[30.56539,50.44123],[30.56978,50.43631],[30.57602,50.43279],[30.58142,50.42899],[30.58659,50.42528],[30.58803,50.42322],[30.58973,50.41849],[30.59026,50.41722],[30.58837,50.41675],[30.58519,50.41596],[30.57907,50.41447],[30.57609,50.41372],[30.57535,50.41353],[30.5748,50.41336],[30.57421,50.41316],[30.57335,50.41284],[30.57262,50.41251],[30.57155,50.41182],[30.57094,50.41135],[30.57045,50.41093],[30.57014,50.4106],[30.56957,50.41003],[30.56928,50.40969],[30.56909,50.4094],[30.56892,50.40906],[30.56858,50.40834],[30.56841,50.40804],[30.5682,50.40773],[30.56781,50.40729],[30.56759,50.4071],[30.56716,50.40675],[30.56572,50.40578],[30.56505,50.40524],[30.56469,50.40498],[30.56433,50.40472],[30.56421,50.40462],[30.56372,50.40425],[30.56341,50.40402],[30.56309,50.40384],[30.56259,50.40359],[30.56199,50.40333],[30.56151,50.40316],[30.56064,50.40292],[30.56001,50.40278],[30.55965,50.40272],[30.55892,50.40263],[30.55847,50.40259],[30.55794,50.40256],[30.55726,50.40255],[30.55654,50.40257],[30.55552,50.40263],[30.55447,50.40275],[30.55392,50.40282],[30.55321,50.40295],[30.55185,50.40324],[30.54968,50.40372],[30.54869,50.40394],[30.54805,50.40408],[30.54787,50.40412],[30.54709,50.4043],[30.54622,50.40449],[30.54562,50.40461],[30.54474,50.40473],[30.54411,50.40483],[30.54353,50.40489],[30.54285,50.40495],[30.54237,50.40498],[30.54168,50.40499],[30.54034,50.405],[30.53795,50.40504],[30.53667,50.40508],[30.53435,50.40514],[30.53382,50.40516],[30.53327,50.40521],[30.53287,50.40525],[30.53238,50.40533],[30.53191,50.40543],[30.5314,50.40553],[30.53062,50.40572],[30.52999,50.40587],[30.52854,50.40618],[30.52819,50.40625],[30.52765,50.40637],[30.52709,50.40653],[30.52647,50.40675],[30.52597,50.40695],[30.5255,50.40716],[30.52499,50.40741],[30.52458,50.40765],[30.52395,50.40803],[30.52348,50.40838],[30.52317,50.40862],[30.523,50.40876],[30.52279,50.40896],[30.52307,50.40907],[30.5237,50.40937],[30.52397,50.40948],[30.52441,50.40969],[30.52576,50.41034],[30.52692,50.41087],[30.52661,50.4113],[30.52651,50.41144],[30.5259,50.41245],[30.52584,50.41254],[30.52577,50.41265],[30.52561,50.41289],[30.52551,50.41306],[30.52539,50.41325],[30.52534,50.41333],[30.52521,50.41353],[30.52487,50.41409],[30.52469,50.41441],[30.52442,50.41487],[30.52428,50.41511],[30.52424,50.41517],[30.5241,50.41539],[30.52406,50.41545],[30.52402,50.41549],[30.52364,50.41611],[30.52348,50.41637],[30.5231,50.417],[30.52303,50.41712],[30.52298,50.4172],[30.52216,50.41846],[30.52177,50.41905],[30.52171,50.41916],[30.52165,50.41925],[30.52134,50.41974],[30.52134,50.41974],[30.52115,50.42004],[30.52085,50.42051],[30.52053,50.42102],[30.52046,50.42113],[30.5192,50.4231],[30.51868,50.42394],[30.51844,50.42431],[30.51796,50.42507],[30.51789,50.42518],[30.51783,50.42527],[30.51745,50.42589],[30.5168,50.42694],[30.51669,50.42711],[30.5164,50.42759],[30.51617,50.42797],[30.51611,50.42808],[30.51609,50.4282],[30.51608,50.42846],[30.51605,50.42975],[30.51604,50.42992],[30.51605,50.4301],[30.51605,50.4305],[30.51606,50.43129],[30.51607,50.43192],[30.51607,50.43199],[30.51607,50.43338],[30.51607,50.43383],[30.51607,50.43394],[30.51607,50.43415],[30.51607,50.43454],[30.51607,50.43579],[30.51607,50.43595],[30.51606,50.43609],[30.51606,50.4367],[30.51606,50.43676],[30.51606,50.43731],[30.51605,50.4377],[30.51605,50.43863],[30.51606,50.43888],[30.51608,50.43903],[30.51624,50.43926],[30.51625,50.43928],[30.51638,50.4393],[30.5168,50.43931],[30.51703,50.43941],[30.51742,50.43959],[30.51809,50.43989],[30.51812,50.4399],[30.51846,50.44006],[30.51907,50.44034],[30.51954,50.44056],[30.51967,50.44067],[30.51974,50.44079],[30.51979,50.44091],[30.51983,50.44105],[30.51984,50.44109],[30.5199,50.44125],[30.52021,50.44221],[30.52194,50.44193],[30.52214,50.44188],[30.52238,50.44189],[30.52235,50.44213],[30.52233,50.44227],[30.52233,50.44233],[30.52231,50.44247],[30.52226,50.44255],[30.52221,50.44259],[30.52204,50.44266],[30.5218,50.4427],[30.52124,50.4428],[30.52117,50.44281],[30.52089,50.44287],[30.52067,50.44294],[30.52048,50.44302],[30.52065,50.44354],[30.52072,50.44375],[30.52088,50.44426],[30.52106,50.44478],[30.52109,50.4449],[30.52198,50.44761],[30.52204,50.44778],[30.5223,50.44833],[30.52254,50.44872],[30.5228,50.44905],[30.52308,50.44933],[30.52336,50.44923],[30.52442,50.4489],[30.52477,50.44928],[30.52585,50.44886],[30.52611,50.44873],[30.52698,50.44945],[30.52657,50.44962],[30.5249,50.45023],[30.52466,50.45033],[30.52452,50.4504],[30.52474,50.45056],[30.52539,50.45104],[30.52604,50.45152],[30.52634,50.45175],[30.52656,50.45184],[30.5267,50.45187],[30.52685,50.45189],[30.5276,50.45183],[30.5278,50.4518],[30.52808,50.45173],[30.5282,50.45177],[30.52829,50.45179],[30.52816,50.45201],[30.52811,50.45219],[30.52798,50.4527],[30.52789,50.45297],[30.52775,50.45352]]]]},"center":[30.548056,50.428455]},{"type":"Feature","properties":{"name":"Оболонський"},"geometry":{"type":"MultiPolygon","coordinates":[[[[30.52607,50.4827],[30.52563,50.48267],[30.52402,50.48271],[30.52092,50.48275],[30.51853,50.48277],[30.51706,50.48284],[30.51466,50.48297],[30.51351,50.48306],[30.51013,50.48337],[30.50976,50.48342],[30.50814,50.48356],[30.50663,50.4836],[30.50549,50.48361],[30.5033,50.48357],[30.50228,50.48349],[30.50208,50.48348],[30.50138,50.48337],[30.50093,50.48329],[30.50052,50.48318],[30.50011,50.48299],[30.49959,50.48271],[30.49954,50.48268],[30.49909,50.48236],[30.49883,50.4821],[30.49855,50.48169],[30.49849,50.48159],[30.49838,50.48138],[30.49835,50.48131],[30.49827,50.48104],[30.49824,50.48078],[30.49827,50.48025],[30.49831,50.47961],[30.49832,50.47954],[30.49829,50.47928],[30.49828,50.47919],[30.49825,50.47913],[30.49822,50.47907],[30.49818,50.47902],[30.49811,50.47891],[30.49802,50.47881],[30.49776,50.47855],[30.4976,50.47844],[30.4975,50.47835],[30.4974,50.47823],[30.49728,50.47807],[30.49686,50.47762],[30.49664,50.47736],[30.49654,50.47723],[30.4963,50.47718],[30.49623,50.47717],[30.49613,50.47716],[30.49582,50.47715],[30.49547,50.4772],[30.49513,50.47737],[30.49462,50.47767],[30.49415,50.47796],[30.49402,50.47803],[30.49375,50.4782],[30.49313,50.47857],[30.4931,50.47859],[30.49254,50.47893],[30.49242,50.47901],[30.49236,50.47904],[30.49184,50.47936],[30.49172,50.47944],[30.49164,50.47948],[30.49117,50.47977],[30.49093,50.47992],[30.49073,50.48004],[30.49017,50.4804],[30.48929,50.48096],[30.48906,50.48111],[30.48897,50.48115],[30.4885,50.48143],[30.4855,50.48398],[30.48466,50.48468],[30.48344,50.48572],[30.483,50.4861],[30.48239,50.48663],[30.48196,50.48696],[30.48164,50.48719],[30.48125,50.48741],[30.48082,50.48758],[30.48037,50.4877],[30.47987,50.48781],[30.47894,50.48794],[30.47842,50.48801],[30.47679,50.48824],[30.47549,50.48843],[30.47411,50.48863],[30.47369,50.4887],[30.47329,50.4888],[30.47296,50.48891],[30.47271,50.48894],[30.47201,50.48904],[30.47195,50.48905],[30.47053,50.48927],[30.46709,50.48971],[30.46705,50.48972],[30.46685,50.4897],[30.46659,50.48968],[30.46631,50.48986],[30.46617,50.48994],[30.46592,50.49009],[30.4652,50.49053],[30.46502,50.49067],[30.46479,50.49084],[30.46442,50.49117],[30.46363,50.49193],[30.46274,50.49276],[30.46261,50.49288],[30.46245,50.49301],[30.46147,50.49381],[30.4614,50.49387],[30.46093,50.49426],[30.46064,50.49447],[30.46019,50.49479],[30.45947,50.49525],[30.45938,50.4953],[30.45933,50.49533],[30.45781,50.49608],[30.45715,50.49643],[30.45648,50.4968],[30.45639,50.49685],[30.45626,50.49691],[30.45618,50.49696],[30.45597,50.49712],[30.45576,50.49727],[30.45502,50.49781],[30.45451,50.4982],[30.45439,50.4983],[30.45323,50.4992],[30.45287,50.49949],[30.45283,50.49952],[30.4525,50.49978],[30.45185,50.50036],[30.45178,50.50047],[30.45175,50.50058],[30.45174,50.50076],[30.45171,50.50109],[30.45155,50.50223],[30.45139,50.50349],[30.45125,50.50428],[30.45117,50.50474],[30.45109,50.50511],[30.45102,50.50535],[30.45097,50.50556],[30.45094,50.50588],[30.45092,50.50606],[30.45087,50.50653],[30.45085,50.50679],[30.4508,50.50826],[30.45079,50.50836],[30.45078,50.50846],[30.45064,50.50966],[30.45059,50.51006],[30.45058,50.51016],[30.45043,50.51129],[30.45038,50.5116],[30.45035,50.51188],[30.45033,50.51203],[30.45026,50.51253],[30.45025,50.51266],[30.45023,50.51275],[30.45018,50.51324],[30.45007,50.51414],[30.45002,50.51459],[30.45001,50.5147],[30.44985,50.51603],[30.44984,50.51614],[30.44975,50.51682],[30.44975,50.51688],[30.44975,50.51747],[30.44963,50.51849],[30.4495,50.51945],[30.44939,50.52022],[30.44938,50.52047],[30.44917,50.52071],[30.44886,50.52079],[30.44882,50.52092],[30.4478,50.52364],[30.4472,50.52522],[30.44715,50.52537],[30.44677,50.5265],[30.44673,50.52664],[30.4463,50.52659],[30.44316,50.52627],[30.44154,50.52612],[30.43969,50.52595],[30.439,50.5259],[30.43829,50.52585],[30.43758,50.5258],[30.43689,50.52575],[30.43621,50.52569],[30.4355,50.52559],[30.43484,50.52547],[30.4345,50.5254],[30.43416,50.52531],[30.43353,50.52511],[30.43292,50.52488],[30.43236,50.52462],[30.43182,50.52433],[30.43131,50.52401],[30.43085,50.52368],[30.43038,50.52334],[30.42992,50.52301],[30.42944,50.52267],[30.42893,50.52236],[30.42835,50.5221],[30.42777,50.52185],[30.42713,50.52164],[30.42649,50.52146],[30.42584,50.52131],[30.42517,50.5212],[30.42446,50.52112],[30.42378,50.52106],[30.42295,50.521],[30.42224,50.52095],[30.42154,50.52089],[30.42083,50.52084],[30.42014,50.52079],[30.41944,50.52074],[30.41874,50.52068],[30.41805,50.52063],[30.41733,50.52058],[30.41663,50.52053],[30.41593,50.52048],[30.41522,50.52043],[30.41452,50.52037],[30.41383,50.52032],[30.41312,50.52027],[30.41244,50.52022],[30.41173,50.52017],[30.41102,50.52012],[30.41032,50.52007],[30.40962,50.52001],[30.40893,50.51996],[30.40822,50.51991],[30.40752,50.51986],[30.40683,50.51981],[30.40613,50.51975],[30.40542,50.5197],[30.40472,50.51965],[30.40402,50.51959],[30.40331,50.51954],[30.40261,50.51949],[30.40192,50.51944],[30.40122,50.51938],[30.40051,50.51933],[30.39982,50.51928],[30.39912,50.51922],[30.39841,50.51917],[30.39771,50.51912],[30.39702,50.51907],[30.39651,50.51903],[30.39563,50.51896],[30.39492,50.51891],[30.39291,50.51876],[30.39014,50.51855],[30.38738,50.51834],[30.38383,50.51808],[30.38089,50.51786],[30.37922,50.51773],[30.37446,50.51738],[30.37282,50.51725],[30.372,50.51719],[30.37123,50.51708],[30.37072,50.51699],[30.37028,50.51687],[30.36973,50.51671],[30.36912,50.51652],[30.36698,50.51585],[30.36669,50.51578],[30.36632,50.51571],[30.36595,50.51564],[30.36549,50.51558],[30.36418,50.51551],[30.36372,50.51553],[30.36323,50.51556],[30.36237,50.51567],[30.36205,50.51575],[30.36173,50.51582],[30.36121,50.51596],[30.36091,50.51604],[30.3608,50.51607],[30.35922,50.51655],[30.358,50.51691],[30.35685,50.51725],[30.35585,50.51757],[30.35483,50.5179],[30.35407,50.51825],[30.35343,50.51855],[30.35273,50.51887],[30.35223,50.5191],[30.35181,50.51937],[30.35115,50.51987],[30.35035,50.52036],[30.34939,50.52094],[30.34832,50.52155],[30.34717,50.52223],[30.34538,50.52326],[30.34529,50.52332],[30.34508,50.52344],[30.33993,50.52641],[30.33787,50.52759],[30.33033,50.53194],[30.32851,50.53299],[30.32827,50.53313],[30.32342,50.53597],[30.32308,50.53616],[30.31982,50.53801],[30.312,50.54252],[30.31107,50.54306],[30.30852,50.54453],[30.30644,50.54573],[30.30303,50.54768],[30.30321,50.54776],[30.30251,50.54816],[30.30073,50.54919],[30.30035,50.54941],[30.29749,50.55159],[30.29803,50.55442],[30.30114,50.55331],[30.30179,50.55342],[30.30486,50.55421],[30.30587,50.55445],[30.30649,50.55459],[30.30735,50.55478],[30.30919,50.55501],[30.31081,50.55513],[30.31553,50.55242],[30.31706,50.5516],[30.31836,50.55081],[30.31984,50.55001],[30.32148,50.54902],[30.32295,50.54807],[30.32646,50.54625],[30.32631,50.54779],[30.32625,50.54823],[30.32617,50.54891],[30.326,50.55009],[30.32776,50.54966],[30.32823,50.54956],[30.32854,50.54951],[30.32881,50.54949],[30.3292,50.54951],[30.32943,50.54954],[30.32964,50.5496],[30.33009,50.54979],[30.33052,50.54999],[30.33163,50.55072],[30.3324,50.55117],[30.33263,50.5513],[30.33268,50.55133],[30.33256,50.55138],[30.32968,50.55289],[30.33018,50.55308],[30.33045,50.55316],[30.33071,50.55321],[30.33196,50.55325],[30.3308,50.55427],[30.33175,50.55459],[30.33154,50.55507],[30.33119,50.55499],[30.33064,50.55578],[30.33165,50.55579],[30.3315,50.55651],[30.33331,50.55686],[30.33547,50.55652],[30.33712,50.55646],[30.34038,50.55633],[30.34158,50.55732],[30.338,50.55866],[30.33416,50.55901],[30.33163,50.5593],[30.32564,50.56286],[30.32668,50.56375],[30.3264,50.564],[30.32699,50.56454],[30.32642,50.56476],[30.32265,50.56599],[30.32037,50.56679],[30.31809,50.5675],[30.31797,50.56754],[30.31054,50.56965],[30.30732,50.57057],[30.33923,50.57384],[30.37065,50.57356],[30.37066,50.57793],[30.37098,50.58644],[30.39377,50.58638],[30.40859,50.58621],[30.41637,50.5861],[30.43109,50.58596],[30.44681,50.58581],[30.44708,50.58581],[30.44725,50.5858],[30.44746,50.58579],[30.46221,50.58399],[30.46311,50.58435],[30.46327,50.58297],[30.46397,50.57633],[30.46461,50.57175],[30.47196,50.57211],[30.47234,50.57212],[30.47718,50.57213],[30.47951,50.5722],[30.48062,50.57223],[30.48132,50.57225],[30.48159,50.57227],[30.48499,50.56932],[30.48348,50.56845],[30.4841,50.5681],[30.48409,50.56775],[30.48745,50.5689],[30.49031,50.56763],[30.49033,50.56725],[30.49067,50.56725],[30.49076,50.56616],[30.4908,50.56483],[30.4911,50.56338],[30.49187,50.56027],[30.4929,50.55727],[30.49445,50.55394],[30.49599,50.55182],[30.49779,50.55034],[30.50065,50.54826],[30.50312,50.54653],[30.50655,50.54527],[30.50843,50.54454],[30.50921,50.54424],[30.50952,50.54416],[30.51359,50.54309],[30.51711,50.542],[30.52123,50.54025],[30.52406,50.53889],[30.52515,50.53853],[30.52638,50.53791],[30.52706,50.53785],[30.52803,50.53722],[30.52956,50.53655],[30.53032,50.53622],[30.53256,50.53464],[30.53323,50.53354],[30.53357,50.53292],[30.53361,50.53237],[30.535,50.52847],[30.53486,50.52684],[30.53447,50.52602],[30.53796,50.52449],[30.53751,50.52386],[30.53412,50.51884],[30.53139,50.51557],[30.52921,50.5126],[30.52717,50.50972],[30.52603,50.50686],[30.5254,50.50401],[30.52549,50.50255],[30.52584,50.50109],[30.52838,50.49871],[30.53126,50.49691],[30.53483,50.49289],[30.5367,50.49093],[30.53908,50.48814],[30.54135,50.48614],[30.54213,50.48484],[30.54227,50.48376],[30.5374,50.48369],[30.53649,50.48369],[30.53471,50.48368],[30.53319,50.48368],[30.53242,50.48368],[30.53222,50.48368],[30.53204,50.48367],[30.53189,50.48367],[30.53177,50.48367],[30.53168,50.48366],[30.53153,50.48366],[30.53142,50.48365],[30.53127,50.48364],[30.53116,50.48363],[30.53104,50.48362],[30.53082,50.48359],[30.53069,50.48357],[30.53055,50.48355],[30.53041,50.48353],[30.53025,50.4835],[30.52995,50.48345],[30.52954,50.48338],[30.52919,50.48331],[30.52901,50.48328],[30.52881,50.48325],[30.52866,50.48322],[30.5285,50.4832],[30.52842,50.48319],[30.52834,50.48318],[30.52818,50.48316],[30.52807,50.48314],[30.52796,50.48313],[30.52786,50.48312],[30.52777,50.48311],[30.52769,50.4831],[30.52756,50.48309],[30.52748,50.48309],[30.5274,50.48308],[30.52724,50.48307],[30.52716,50.48307],[30.52709,50.48307],[30.52693,50.48306],[30.5265,50.48305],[30.52607,50.48305],[30.52607,50.48301],[30.52607,50.4827]]]]},"center":[30.475162,50.539501]},{"type":"Feature","properties":{"name":"Подільський"},"geometry":{"type":"MultiPolygon","coordinates":[[[[30.39617,50.48656],[30.39612,50.48661],[30.39606,50.48664],[30.39599,50.48667],[30.39592,50.48669],[30.39558,50.48686],[30.39507,50.48709],[30.39479,50.48719],[30.39457,50.48728],[30.39445,50.48732],[30.39439,50.48735],[30.39436,50.48736],[30.39381,50.48758],[30.39297,50.48791],[30.39207,50.48826],[30.39113,50.48862],[30.39014,50.48901],[30.38965,50.4892],[30.38905,50.48944],[30.38717,50.49017],[30.38711,50.49019],[30.38649,50.49043],[30.38612,50.49057],[30.38579,50.4907],[30.38424,50.4913],[30.38379,50.49148],[30.3837,50.49151],[30.38292,50.49182],[30.38207,50.49215],[30.38132,50.49244],[30.38042,50.49279],[30.37966,50.49309],[30.37918,50.49328],[30.379,50.49335],[30.37878,50.49343],[30.37625,50.49442],[30.37592,50.49455],[30.37393,50.49534],[30.37345,50.49552],[30.3728,50.49578],[30.37211,50.49605],[30.37144,50.49629],[30.37117,50.49639],[30.37113,50.4964],[30.37025,50.49673],[30.37021,50.49674],[30.36991,50.49691],[30.36968,50.497],[30.36792,50.49762],[30.36759,50.49773],[30.36739,50.49781],[30.36702,50.49795],[30.3665,50.49816],[30.36552,50.49846],[30.36511,50.4987],[30.36506,50.4992],[30.36498,50.50022],[30.36491,50.50053],[30.36476,50.50131],[30.36469,50.50172],[30.36436,50.50341],[30.36416,50.50447],[30.36395,50.50552],[30.36296,50.51064],[30.3621,50.51542],[30.36205,50.51575],[30.36237,50.51567],[30.36323,50.51556],[30.36372,50.51553],[30.36418,50.51551],[30.36549,50.51558],[30.36595,50.51564],[30.36632,50.51571],[30.36669,50.51578],[30.36698,50.51585],[30.36912,50.51652],[30.36973,50.51671],[30.37028,50.51687],[30.37072,50.51699],[30.37123,50.51708],[30.372,50.51719],[30.37282,50.51725],[30.37446,50.51738],[30.37922,50.51773],[30.38089,50.51786],[30.38383,50.51808],[30.38738,50.51834],[30.39014,50.51855],[30.39291,50.51876],[30.39492,50.51891],[30.39563,50.51896],[30.39651,50.51903],[30.39702,50.51907],[30.39771,50.51912],[30.39841,50.51917],[30.39912,50.51922],[30.39982,50.51928],[30.40051,50.51933],[30.40122,50.51938],[30.40192,50.51944],[30.40261,50.51949],[30.40331,50.51954],[30.40402,50.51959],[30.40472,50.51965],[30.40542,50.5197],[30.40613,50.51975],[30.40683,50.51981],[30.40752,50.51986],[30.40822,50.51991],[30.40893,50.51996],[30.40962,50.52001],[30.41032,50.52007],[30.41102,50.52012],[30.41173,50.52017],[30.41244,50.52022],[30.41312,50.52027],[30.41383,50.52032],[30.41452,50.52037],[30.41522,50.52043],[30.41593,50.52048],[30.41663,50.52053],[30.41733,50.52058],[30.41805,50.52063],[30.41874,50.52068],[30.41944,50.52074],[30.42014,50.52079],[30.42083,50.52084],[30.42154,50.52089],[30.42224,50.52095],[30.42295,50.521],[30.42378,50.52106],[30.42446,50.52112],[30.42517,50.5212],[30.42584,50.52131],[30.42649,50.52146],[30.42713,50.52164],[30.42777,50.52185],[30.42835,50.5221],[30.42893,50.52236],[30.42944,50.52267],[30.42992,50.52301],[30.43038,50.52334],[30.43085,50.52368],[30.43131,50.52401],[30.43182,50.52433],[30.43236,50.52462],[30.43292,50.52488],[30.43353,50.52511],[30.43416,50.52531],[30.4345,50.5254],[30.43484,50.52547],[30.4355,50.52559],[30.43621,50.52569],[30.43689,50.52575],[30.43758,50.5258],[30.43829,50.52585],[30.439,50.5259],[30.43969,50.52595],[30.44154,50.52612],[30.44316,50.52627],[30.4463,50.52659],[30.44673,50.52664],[30.44677,50.5265],[30.44715,50.52537],[30.4472,50.52522],[30.4478,50.52364],[30.44882,50.52092],[30.44886,50.52079],[30.44917,50.52071],[30.44938,50.52047],[30.44939,50.52022],[30.4495,50.51945],[30.44963,50.51849],[30.44975,50.51747],[30.44975,50.51688],[30.44975,50.51682],[30.44984,50.51614],[30.44985,50.51603],[30.45001,50.5147],[30.45002,50.51459],[30.45007,50.51414],[30.45018,50.51324],[30.45023,50.51275],[30.45025,50.51266],[30.45026,50.51253],[30.45033,50.51203],[30.45035,50.51188],[30.45038,50.5116],[30.45043,50.51129],[30.45058,50.51016],[30.45059,50.51006],[30.45064,50.50966],[30.45078,50.50846],[30.45079,50.50836],[30.4508,50.50826],[30.45085,50.50679],[30.45087,50.50653],[30.45092,50.50606],[30.45094,50.50588],[30.45097,50.50556],[30.45102,50.50535],[30.45109,50.50511],[30.45117,50.50474],[30.45125,50.50428],[30.45139,50.50349],[30.45155,50.50223],[30.45171,50.50109],[30.45174,50.50076],[30.45175,50.50058],[30.45178,50.50047],[30.45185,50.50036],[30.4525,50.49978],[30.45283,50.49952],[30.45287,50.49949],[30.45323,50.4992],[30.45439,50.4983],[30.45451,50.4982],[30.45502,50.49781],[30.45576,50.49727],[30.45597,50.49712],[30.45618,50.49696],[30.45626,50.49691],[30.45639,50.49685],[30.45648,50.4968],[30.45715,50.49643],[30.45781,50.49608],[30.45933,50.49533],[30.45938,50.4953],[30.45947,50.49525],[30.46019,50.49479],[30.46064,50.49447],[30.46093,50.49426],[30.4614,50.49387],[30.46147,50.49381],[30.46245,50.49301],[30.46261,50.49288],[30.46274,50.49276],[30.46363,50.49193],[30.46442,50.49117],[30.46479,50.49084],[30.46502,50.49067],[30.4652,50.49053],[30.46592,50.49009],[30.46617,50.48994],[30.46631,50.48986],[30.46659,50.48968],[30.46685,50.4897],[30.46705,50.48972],[30.46709,50.48971],[30.47053,50.48927],[30.47195,50.48905],[30.47201,50.48904],[30.47271,50.48894],[30.47296,50.48891],[30.47329,50.4888],[30.47369,50.4887],[30.47411,50.48863],[30.47549,50.48843],[30.47679,50.48824],[30.47842,50.48801],[30.47894,50.48794],[30.47987,50.48781],[30.48037,50.4877],[30.48082,50.48758],[30.48125,50.48741],[30.48164,50.48719],[30.48196,50.48696],[30.48239,50.48663],[30.483,50.4861],[30.48344,50.48572],[30.48466,50.48468],[30.4855,50.48398],[30.4885,50.48143],[30.48897,50.48115],[30.48906,50.48111],[30.48929,50.48096],[30.49017,50.4804],[30.49073,50.48004],[30.49093,50.47992],[30.49117,50.47977],[30.49164,50.47948],[30.49172,50.47944],[30.49184,50.47936],[30.49236,50.47904],[30.49242,50.47901],[30.49254,50.47893],[30.4931,50.47859],[30.49313,50.47857],[30.49375,50.4782],[30.49402,50.47803],[30.49415,50.47796],[30.49462,50.47767],[30.49513,50.47737],[30.49547,50.4772],[30.49582,50.47715],[30.49613,50.47716],[30.49623,50.47717],[30.4963,50.47718],[30.49654,50.47723],[30.49664,50.47736],[30.49686,50.47762],[30.49728,50.47807],[30.4974,50.47823],[30.4975,50.47835],[30.4976,50.47844],[30.49776,50.47855],[30.49802,50.47881],[30.49811,50.47891],[30.49818,50.47902],[30.49822,50.47907],[30.49825,50.47913],[30.49828,50.47919],[30.49829,50.47928],[30.49832,50.47954],[30.49831,50.47961],[30.49827,50.48025],[30.49824,50.48078],[30.49827,50.48104],[30.49835,50.48131],[30.49838,50.48138],[30.49849,50.48159],[30.49855,50.48169],[30.49883,50.4821],[30.49909,50.48236],[30.49954,50.48268],[30.49959,50.48271],[30.50011,50.48299],[30.50052,50.48318],[30.50093,50.48329],[30.50138,50.48337],[30.50208,50.48348],[30.50228,50.48349],[30.5033,50.48357],[30.50549,50.48361],[30.50663,50.4836],[30.50814,50.48356],[30.50976,50.48342],[30.51013,50.48337],[30.51351,50.48306],[30.51466,50.48297],[30.51706,50.48284],[30.51853,50.48277],[30.52092,50.48275],[30.52402,50.48271],[30.52563,50.48267],[30.52607,50.4827],[30.52607,50.48301],[30.52607,50.48305],[30.5265,50.48305],[30.52693,50.48306],[30.52709,50.48307],[30.52716,50.48307],[30.52724,50.48307],[30.5274,50.48308],[30.52748,50.48309],[30.52756,50.48309],[30.52769,50.4831],[30.52777,50.48311],[30.52786,50.48312],[30.52796,50.48313],[30.52807,50.48314],[30.52818,50.48316],[30.52834,50.48318],[30.52842,50.48319],[30.5285,50.4832],[30.52866,50.48322],[30.52881,50.48325],[30.52901,50.48328],[30.52919,50.48331],[30.52954,50.48338],[30.52995,50.48345],[30.53025,50.4835],[30.53041,50.48353],[30.53055,50.48355],[30.53069,50.48357],[30.53082,50.48359],[30.53104,50.48362],[30.53116,50.48363],[30.53127,50.48364],[30.53142,50.48365],[30.53153,50.48366],[30.53168,50.48366],[30.53177,50.48367],[30.53189,50.48367],[30.53204,50.48367],[30.53222,50.48368],[30.53242,50.48368],[30.53319,50.48368],[30.53471,50.48368],[30.53649,50.48369],[30.5374,50.48369],[30.54227,50.48376],[30.5424,50.4826],[30.54146,50.47905],[30.53914,50.47642],[30.53641,50.47383],[30.53018,50.46885],[30.52918,50.46727],[30.52896,50.46555],[30.52912,50.4636],[30.5297,50.46161],[30.53053,50.46006],[30.53147,50.45888],[30.53266,50.4577],[30.5349,50.4563],[30.5383,50.45504],[30.53466,50.45243],[30.5344,50.45237],[30.53428,50.45233],[30.53421,50.45239],[30.53406,50.45251],[30.53384,50.45267],[30.53361,50.4527],[30.5334,50.45273],[30.53323,50.45273],[30.53302,50.45276],[30.53289,50.4528],[30.53249,50.45293],[30.53216,50.45305],[30.53178,50.45318],[30.53151,50.45325],[30.53111,50.45337],[30.53105,50.45339],[30.53101,50.45341],[30.53098,50.45347],[30.53096,50.45353],[30.53093,50.4536],[30.53086,50.45365],[30.53076,50.4538],[30.53072,50.45383],[30.53067,50.45392],[30.53067,50.45395],[30.53064,50.45409],[30.53064,50.4541],[30.53064,50.4541],[30.53067,50.4542],[30.53065,50.45426],[30.5305,50.4544],[30.5304,50.45463],[30.52754,50.45459],[30.52753,50.45478],[30.52752,50.4549],[30.52754,50.45504],[30.52756,50.45513],[30.52759,50.45524],[30.52763,50.45536],[30.52771,50.45553],[30.5278,50.45564],[30.52789,50.45575],[30.52798,50.45588],[30.52804,50.456],[30.52805,50.45611],[30.52806,50.45624],[30.528,50.45641],[30.52792,50.45655],[30.52781,50.45671],[30.52753,50.45701],[30.52722,50.4573],[30.52665,50.45779],[30.52628,50.45811],[30.52607,50.45826],[30.5258,50.45843],[30.52515,50.45886],[30.5251,50.4589],[30.52433,50.45875],[30.52413,50.45851],[30.52384,50.45814],[30.5232,50.45732],[30.52317,50.45729],[30.52311,50.45732],[30.52272,50.45746],[30.52257,50.45752],[30.52204,50.45788],[30.52137,50.45833],[30.5212,50.45843],[30.52095,50.45849],[30.52054,50.4585],[30.52037,50.45851],[30.52022,50.45854],[30.52009,50.4586],[30.51992,50.4587],[30.51976,50.45878],[30.51959,50.45883],[30.51934,50.45885],[30.51906,50.45885],[30.51884,50.4589],[30.51863,50.45905],[30.51852,50.45921],[30.51841,50.4594],[30.51835,50.45945],[30.51824,50.45947],[30.51803,50.45945],[30.51773,50.45944],[30.51738,50.45943],[30.51732,50.45943],[30.5174,50.45933],[30.51746,50.45901],[30.51751,50.45894],[30.51789,50.4586],[30.51806,50.45849],[30.51813,50.45844],[30.51817,50.45841],[30.51821,50.45834],[30.51774,50.45826],[30.5174,50.45837],[30.5168,50.45875],[30.51653,50.45882],[30.5163,50.45894],[30.51633,50.45918],[30.51589,50.45905],[30.51566,50.45904],[30.5154,50.45914],[30.51529,50.45913],[30.51526,50.45905],[30.51475,50.45894],[30.51443,50.45879],[30.51375,50.45893],[30.51366,50.45888],[30.51351,50.4588],[30.5137,50.4585],[30.51376,50.45821],[30.51395,50.458],[30.51397,50.45757],[30.51388,50.45733],[30.51458,50.45692],[30.51419,50.45664],[30.51378,50.45684],[30.51344,50.45705],[30.5129,50.45726],[30.51289,50.45786],[30.5127,50.45842],[30.51245,50.45911],[30.51197,50.45938],[30.51147,50.45946],[30.51109,50.45936],[30.51099,50.4592],[30.51093,50.45865],[30.51085,50.45858],[30.51105,50.45829],[30.5112,50.45808],[30.51124,50.45798],[30.5111,50.45779],[30.51112,50.45775],[30.51105,50.45775],[30.51098,50.45778],[30.51082,50.45788],[30.51065,50.45806],[30.51034,50.45796],[30.51027,50.45793],[30.5099,50.45779],[30.50914,50.4577],[30.50854,50.45741],[30.50829,50.45755],[30.50844,50.4579],[30.50942,50.4584],[30.50928,50.45861],[30.50927,50.45897],[30.50937,50.45912],[30.50925,50.45938],[30.50893,50.45954],[30.50861,50.46053],[30.50798,50.46086],[30.50689,50.46114],[30.50676,50.4609],[30.50593,50.46149],[30.50593,50.46184],[30.50617,50.46212],[30.50645,50.46238],[30.5067,50.46243],[30.50694,50.46247],[30.50721,50.46262],[30.50745,50.46277],[30.50754,50.46282],[30.50849,50.4634],[30.509,50.46373],[30.50965,50.46416],[30.50982,50.46427],[30.50985,50.46429],[30.5099,50.46432],[30.51023,50.46454],[30.51026,50.46456],[30.50938,50.46507],[30.50783,50.46592],[30.5068,50.46668],[30.50603,50.46745],[30.50512,50.46748],[30.50375,50.46838],[30.50277,50.46874],[30.50242,50.46843],[30.50135,50.46767],[30.50131,50.46698],[30.50122,50.46627],[30.50084,50.46575],[30.49951,50.46597],[30.49968,50.46704],[30.49908,50.46731],[30.49779,50.46707],[30.49693,50.46671],[30.49612,50.46638],[30.49589,50.4663],[30.49594,50.46581],[30.49541,50.46571],[30.49511,50.46566],[30.49468,50.46584],[30.49418,50.46607],[30.49343,50.46625],[30.49355,50.46673],[30.4938,50.4672],[30.49436,50.46738],[30.49467,50.4679],[30.49431,50.4697],[30.49469,50.47074],[30.49558,50.47185],[30.4941,50.47255],[30.49332,50.47302],[30.49322,50.47308],[30.49279,50.47334],[30.49219,50.47401],[30.49073,50.47421],[30.49025,50.47381],[30.48942,50.47323],[30.48934,50.47318],[30.48766,50.47289],[30.48619,50.47333],[30.48621,50.47417],[30.48652,50.47504],[30.48485,50.47565],[30.48432,50.47622],[30.48408,50.47685],[30.4847,50.47756],[30.4846,50.4776],[30.48048,50.47941],[30.47936,50.47903],[30.47847,50.47895],[30.47741,50.47924],[30.47599,50.48019],[30.47531,50.48093],[30.47537,50.48132],[30.47595,50.4817],[30.47614,50.48182],[30.47608,50.48185],[30.47598,50.48191],[30.47565,50.48185],[30.47521,50.4816],[30.47482,50.48155],[30.47467,50.48153],[30.47406,50.48143],[30.47343,50.48119],[30.47298,50.48101],[30.47265,50.4808],[30.47237,50.48068],[30.47212,50.48016],[30.47211,50.48009],[30.47211,50.48003],[30.47248,50.47928],[30.47248,50.47923],[30.47245,50.47913],[30.47227,50.47882],[30.47208,50.47869],[30.47127,50.47817],[30.46806,50.47815],[30.46271,50.4768],[30.4622,50.47716],[30.45675,50.48116],[30.45671,50.4812],[30.45663,50.48129],[30.4561,50.48188],[30.4558,50.48228],[30.45568,50.48244],[30.45527,50.48308],[30.45364,50.4829],[30.45295,50.48282],[30.45189,50.48268],[30.45177,50.48267],[30.4517,50.48266],[30.45165,50.48286],[30.45121,50.48421],[30.44983,50.48383],[30.44948,50.48405],[30.44867,50.48378],[30.44821,50.48355],[30.4478,50.48324],[30.44704,50.48367],[30.44725,50.48396],[30.44594,50.48474],[30.44415,50.48414],[30.4434,50.4848],[30.44314,50.48487],[30.4428,50.48471],[30.44247,50.48462],[30.44234,50.48474],[30.44218,50.48504],[30.44212,50.48519],[30.44195,50.48561],[30.44184,50.48579],[30.44176,50.48591],[30.44159,50.48611],[30.44156,50.48615],[30.44133,50.48642],[30.44125,50.48652],[30.44106,50.48678],[30.44075,50.48677],[30.44045,50.48667],[30.44001,50.48651],[30.43848,50.48589],[30.43826,50.48582],[30.43796,50.48583],[30.43645,50.48605],[30.4361,50.4861],[30.4357,50.48619],[30.43549,50.48619],[30.43326,50.48395],[30.43197,50.4826],[30.43045,50.48093],[30.43005,50.48049],[30.42976,50.48008],[30.42942,50.47947],[30.42917,50.47854],[30.42912,50.47821],[30.42913,50.47787],[30.42918,50.47751],[30.42926,50.47718],[30.42937,50.47691],[30.4295,50.47668],[30.42892,50.47661],[30.42839,50.47657],[30.42758,50.47658],[30.42706,50.47662],[30.42596,50.47678],[30.42547,50.47686],[30.42446,50.47698],[30.4223,50.47709],[30.42026,50.4772],[30.4173,50.47736],[30.41607,50.47741],[30.41435,50.47741],[30.41398,50.47742],[30.41357,50.47745],[30.41345,50.47748],[30.41308,50.47757],[30.41291,50.47761],[30.41239,50.47778],[30.4122,50.47788],[30.41098,50.47853],[30.40991,50.4791],[30.4098,50.47916],[30.40917,50.47949],[30.40871,50.47977],[30.40854,50.47987],[30.40851,50.47989],[30.40842,50.47994],[30.40719,50.48069],[30.40489,50.482],[30.40446,50.48218],[30.40406,50.4823],[30.40362,50.48248],[30.40321,50.48271],[30.40239,50.48316],[30.40118,50.4838],[30.40011,50.48438],[30.3999,50.48449],[30.39908,50.48494],[30.39892,50.48502],[30.39824,50.48539],[30.39798,50.48552],[30.39701,50.48607],[30.3968,50.48622],[30.39659,50.48635],[30.39641,50.48644],[30.39617,50.48656]]]]},"center":[30.42537,50.50307]},{"type":"Feature","properties":{"name":"Дарницький"},"geometry":{"type":"MultiPolygon","coordinates":[[[[30.80002,50.41489],[30.80133,50.41391],[30.80202,50.41345],[30.8032,50.41263],[30.80363,50.41234],[30.80409,50.41204],[30.80415,50.41193],[30.80411,50.41186],[30.80452,50.41159],[30.80526,50.41114],[30.80674,50.41038],[30.80791,50.40989],[30.80838,50.40972],[30.80866,50.40962],[30.80877,50.4096],[30.80885,50.40961],[30.80892,50.40965],[30.80896,50.40973],[30.80897,50.40984],[30.80901,50.40994],[30.80942,50.41019],[30.80973,50.41048],[30.80995,50.4107],[30.81019,50.41078],[30.8106,50.41072],[30.81088,50.41059],[30.81105,50.41045],[30.81137,50.41025],[30.81167,50.41008],[30.81201,50.40988],[30.81227,50.40975],[30.81246,50.4097],[30.81271,50.4097],[30.81296,50.40964],[30.8133,50.40947],[30.81358,50.40931],[30.81384,50.40923],[30.81431,50.40917],[30.81469,50.40914],[30.81634,50.40891],[30.81704,50.40886],[30.81744,50.40877],[30.81857,50.40857],[30.81955,50.40838],[30.82028,50.40823],[30.8205,50.40822],[30.82092,50.40824],[30.8215,50.40827],[30.82178,50.40807],[30.82218,50.40778],[30.82258,50.40745],[30.82291,50.40718],[30.82338,50.4068],[30.82415,50.40619],[30.8251,50.40557],[30.82528,50.40544],[30.8254,50.40533],[30.8256,50.40508],[30.82597,50.40482],[30.82604,50.40462],[30.82614,50.40457],[30.82758,50.4054],[30.82765,50.40533],[30.82718,50.40494],[30.82727,50.4046],[30.82696,50.40403],[30.82636,50.40367],[30.82684,50.40329],[30.8269,50.40248],[30.82734,50.40198],[30.82676,50.40199],[30.82549,50.40245],[30.8253,50.40223],[30.82427,50.40226],[30.82389,50.40162],[30.82348,50.4017],[30.82331,50.40149],[30.82459,50.40111],[30.82423,50.40062],[30.8228,50.40102],[30.82236,50.40093],[30.82244,50.4006],[30.82218,50.40017],[30.82217,50.40003],[30.82225,50.39992],[30.82242,50.3997],[30.82176,50.39922],[30.82172,50.39792],[30.8223,50.3978],[30.82227,50.39749],[30.82213,50.39697],[30.82242,50.39692],[30.82159,50.39511],[30.82224,50.39494],[30.82209,50.39468],[30.822,50.39469],[30.82077,50.39492],[30.82054,50.3948],[30.82065,50.39423],[30.82066,50.39407],[30.82023,50.39404],[30.82036,50.39394],[30.82064,50.39374],[30.82068,50.39359],[30.82036,50.39193],[30.81987,50.38903],[30.81992,50.38853],[30.82073,50.38643],[30.82097,50.38594],[30.82055,50.38592],[30.81354,50.38669],[30.81592,50.38732],[30.81592,50.38804],[30.81632,50.38884],[30.8148,50.38898],[30.81417,50.3903],[30.81372,50.39165],[30.80887,50.39251],[30.80604,50.39279],[30.80492,50.39294],[30.80164,50.39294],[30.7989,50.39357],[30.7975,50.39425],[30.79791,50.3948],[30.79342,50.3966],[30.79265,50.39588],[30.79068,50.39809],[30.78964,50.39749],[30.7772,50.39577],[30.77572,50.39471],[30.77532,50.39442],[30.77509,50.39228],[30.77601,50.38977],[30.77591,50.38957],[30.77583,50.38941],[30.77577,50.38929],[30.77685,50.38872],[30.77687,50.38842],[30.77718,50.38822],[30.77764,50.38801],[30.77799,50.38858],[30.77836,50.38863],[30.77936,50.38849],[30.78028,50.38819],[30.78062,50.388],[30.78093,50.38768],[30.78055,50.38621],[30.78037,50.38598],[30.78051,50.3857],[30.78062,50.38558],[30.7802,50.38519],[30.78018,50.38484],[30.78017,50.38458],[30.77954,50.38454],[30.77898,50.38366],[30.77856,50.383],[30.77714,50.38238],[30.77356,50.38195],[30.77331,50.38124],[30.77294,50.38011],[30.77391,50.37987],[30.77511,50.37996],[30.77635,50.37968],[30.7764,50.37928],[30.77597,50.37922],[30.77508,50.3791],[30.77493,50.37868],[30.77686,50.37809],[30.77633,50.37753],[30.77429,50.37703],[30.77355,50.37419],[30.77504,50.374],[30.77535,50.37346],[30.77783,50.37311],[30.7776,50.37213],[30.77725,50.37059],[30.77471,50.37086],[30.77053,50.3713],[30.76738,50.37163],[30.76207,50.37215],[30.76178,50.37218],[30.75902,50.37246],[30.75627,50.37286],[30.75408,50.37232],[30.74997,50.37137],[30.74583,50.37052],[30.74138,50.37188],[30.74082,50.37199],[30.73888,50.37232],[30.73125,50.37412],[30.72698,50.37545],[30.72889,50.37683],[30.72738,50.3785],[30.72533,50.38003],[30.72343,50.38063],[30.72274,50.38126],[30.72181,50.38175],[30.71885,50.38257],[30.71803,50.38262],[30.71686,50.38236],[30.71683,50.38217],[30.71645,50.38172],[30.71542,50.38107],[30.71396,50.38047],[30.71414,50.38],[30.71329,50.37973],[30.71373,50.37901],[30.71159,50.37858],[30.71179,50.3768],[30.7114,50.3766],[30.71156,50.37618],[30.71196,50.3763],[30.71278,50.37582],[30.71244,50.37555],[30.71225,50.37541],[30.71202,50.37503],[30.71218,50.37483],[30.71297,50.37451],[30.71258,50.37379],[30.71246,50.37357],[30.71315,50.37356],[30.71342,50.37353],[30.71331,50.37337],[30.71265,50.37329],[30.71211,50.3732],[30.7119,50.37307],[30.71167,50.37288],[30.71227,50.37244],[30.71276,50.37205],[30.71338,50.37164],[30.71383,50.3712],[30.71442,50.37093],[30.71492,50.37053],[30.71511,50.36968],[30.71505,50.36934],[30.71495,50.36922],[30.71487,50.3688],[30.71436,50.36832],[30.7135,50.36814],[30.7134,50.36768],[30.71223,50.36777],[30.71224,50.36801],[30.71055,50.36803],[30.70988,50.36802],[30.70956,50.36789],[30.70937,50.36708],[30.70873,50.36687],[30.70835,50.3669],[30.70773,50.36702],[30.70745,50.36643],[30.7073,50.36619],[30.70713,50.36597],[30.70707,50.36571],[30.70709,50.36547],[30.70727,50.36536],[30.70777,50.36522],[30.70847,50.36506],[30.70867,50.36472],[30.70851,50.36454],[30.70795,50.36446],[30.70732,50.36393],[30.708,50.36356],[30.70992,50.36256],[30.71084,50.36149],[30.71155,50.36063],[30.71231,50.35972],[30.71354,50.35812],[30.71377,50.35736],[30.71371,50.35621],[30.71309,50.35463],[30.71274,50.35454],[30.71203,50.3543],[30.71179,50.35384],[30.71168,50.35343],[30.71142,50.35232],[30.70842,50.35128],[30.70738,50.35095],[30.70318,50.34948],[30.70112,50.3488],[30.69975,50.34837],[30.69915,50.34812],[30.69803,50.34768],[30.69675,50.34725],[30.69619,50.34853],[30.69615,50.34905],[30.69555,50.34965],[30.69357,50.34957],[30.69117,50.35017],[30.68858,50.3512],[30.68395,50.35267],[30.67932,50.35327],[30.67777,50.35302],[30.67737,50.35302],[30.67724,50.35301],[30.67716,50.35305],[30.67701,50.35307],[30.67676,50.35315],[30.6764,50.35321],[30.67505,50.35408],[30.67468,50.35428],[30.67435,50.35523],[30.67425,50.35643],[30.67468,50.35842],[30.66997,50.35875],[30.66697,50.35798],[30.66558,50.35772],[30.66507,50.35772],[30.66387,50.35755],[30.66285,50.35747],[30.6595,50.35712],[30.6522,50.35678],[30.64997,50.3567],[30.64757,50.3567],[30.64688,50.35987],[30.64678,50.36013],[30.64662,50.36073],[30.64653,50.36098],[30.6461,50.36305],[30.64233,50.3627],[30.63915,50.36253],[30.63572,50.36235],[30.63057,50.36133],[30.62825,50.36082],[30.6267,50.36063],[30.62653,50.36038],[30.62018,50.35962],[30.61975,50.35892],[30.61923,50.35902],[30.6158,50.35995],[30.61301,50.35774],[30.61512,50.35644],[30.61644,50.35563],[30.6172,50.35495],[30.62422,50.3494],[30.62473,50.34948],[30.62525,50.34932],[30.62542,50.3488],[30.62457,50.34845],[30.617,50.3476],[30.61128,50.3464],[30.61392,50.34365],[30.61427,50.34334],[30.6144,50.34323],[30.61451,50.34312],[30.61457,50.34307],[30.61467,50.34277],[30.61469,50.34268],[30.6148,50.3426],[30.61491,50.34256],[30.61492,50.3425],[30.61493,50.34248],[30.61495,50.34235],[30.61483,50.34231],[30.61479,50.34226],[30.61481,50.34218],[30.61501,50.34189],[30.61534,50.34167],[30.61539,50.34164],[30.61543,50.34161],[30.61545,50.34158],[30.61548,50.34151],[30.61547,50.34133],[30.61549,50.34129],[30.61553,50.34118],[30.61567,50.34106],[30.61579,50.34068],[30.61598,50.34021],[30.61624,50.3399],[30.61488,50.33934],[30.61492,50.33851],[30.61288,50.33727],[30.60711,50.34079],[30.60212,50.34721],[30.5985,50.3499],[30.59263,50.35273],[30.59,50.3562],[30.58694,50.3609],[30.58422,50.36975],[30.58327,50.37436],[30.58382,50.38026],[30.5868,50.3877],[30.59424,50.3958],[30.59571,50.40021],[30.59603,50.40435],[30.59609,50.40889],[30.59433,50.41157],[30.59108,50.41578],[30.59026,50.41722],[30.59381,50.41812],[30.59693,50.4189],[30.60082,50.41995],[30.60386,50.42078],[30.60586,50.42133],[30.60771,50.42185],[30.61274,50.42323],[30.61532,50.42394],[30.61658,50.42427],[30.61767,50.42455],[30.6199,50.42509],[30.62067,50.42523],[30.62138,50.42532],[30.62216,50.42537],[30.6233,50.4254],[30.62549,50.42547],[30.62607,50.4255],[30.62664,50.42557],[30.62729,50.42571],[30.62795,50.42591],[30.62836,50.42608],[30.62887,50.42637],[30.62941,50.42672],[30.63004,50.4271],[30.6304,50.4273],[30.6308,50.42749],[30.63134,50.42771],[30.63192,50.42794],[30.63226,50.42805],[30.63269,50.42817],[30.633,50.42824],[30.63359,50.42843],[30.63419,50.42858],[30.635,50.42879],[30.63529,50.42896],[30.63591,50.42911],[30.63615,50.42917],[30.63664,50.4293],[30.63739,50.42948],[30.63806,50.42965],[30.6393,50.42996],[30.64048,50.43025],[30.64571,50.43154],[30.64714,50.43189],[30.6489,50.43233],[30.65048,50.43272],[30.651,50.43285],[30.65139,50.43294],[30.65191,50.43307],[30.65214,50.43313],[30.65264,50.43325],[30.65336,50.43343],[30.65407,50.4336],[30.65511,50.43386],[30.65642,50.43417],[30.65708,50.43434],[30.65774,50.4345],[30.65806,50.43458],[30.65905,50.43482],[30.66037,50.43514],[30.66167,50.43547],[30.66299,50.43579],[30.6643,50.43612],[30.66533,50.43638],[30.66639,50.43664],[30.66746,50.4369],[30.6685,50.43716],[30.66957,50.43739],[30.67022,50.4375],[30.67089,50.4376],[30.67233,50.43781],[30.673,50.43792],[30.67368,50.43804],[30.67414,50.43814],[30.67459,50.43825],[30.675,50.43835],[30.6755,50.43848],[30.67632,50.43869],[30.68376,50.44063],[30.68414,50.44073],[30.68543,50.44107],[30.68663,50.44139],[30.68803,50.44175],[30.68862,50.4419],[30.68937,50.44208],[30.69071,50.44235],[30.69252,50.44269],[30.69381,50.44292],[30.69478,50.4431],[30.69541,50.44325],[30.69604,50.44341],[30.69634,50.44351],[30.69866,50.44427],[30.69899,50.44438],[30.70027,50.4448],[30.70117,50.4451],[30.70246,50.44552],[30.7036,50.4459],[30.70484,50.44632],[30.70607,50.44677],[30.70725,50.44725],[30.7084,50.44776],[30.70921,50.44816],[30.70955,50.44833],[30.71061,50.44891],[30.71162,50.44953],[30.71225,50.44993],[30.71427,50.45121],[30.71539,50.45193],[30.71631,50.45252],[30.71663,50.45271],[30.72001,50.4549],[30.7215,50.45587],[30.72573,50.45856],[30.73363,50.46363],[30.74158,50.46871],[30.74164,50.46867],[30.74177,50.46859],[30.74262,50.4691],[30.74302,50.46897],[30.7435,50.46899],[30.74409,50.46909],[30.74438,50.4692],[30.74481,50.46915],[30.74532,50.46917],[30.7466,50.46948],[30.747,50.4695],[30.74757,50.46949],[30.74828,50.46956],[30.74964,50.46967],[30.74985,50.46958],[30.75172,50.4699],[30.75244,50.46979],[30.75369,50.46901],[30.75157,50.46761],[30.75335,50.4664],[30.75312,50.46625],[30.75142,50.46494],[30.7511,50.46468],[30.75066,50.46421],[30.75125,50.46387],[30.75178,50.46353],[30.75214,50.4633],[30.75223,50.46324],[30.7526,50.46297],[30.75467,50.4616],[30.75143,50.4603],[30.74963,50.45986],[30.74794,50.45951],[30.74619,50.45915],[30.74469,50.45891],[30.74258,50.45847],[30.74448,50.45739],[30.75365,50.45207],[30.75902,50.44874],[30.76123,50.44785],[30.762,50.4476],[30.76793,50.44575],[30.76861,50.44561],[30.77688,50.44332],[30.77658,50.44287],[30.77642,50.44148],[30.77633,50.44076],[30.77613,50.43983],[30.77618,50.4393],[30.7762,50.43914],[30.77688,50.43859],[30.77789,50.43807],[30.78027,50.43706],[30.78112,50.4367],[30.78112,50.43684],[30.78268,50.43619],[30.78307,50.43607],[30.78352,50.43583],[30.78595,50.4347],[30.78685,50.43433],[30.78724,50.43409],[30.78829,50.43367],[30.78875,50.43344],[30.78953,50.43306],[30.78991,50.43288],[30.79077,50.43344],[30.7911,50.43353],[30.79145,50.43371],[30.79164,50.43384],[30.79182,50.43389],[30.79201,50.43386],[30.79219,50.43375],[30.79261,50.43339],[30.7931,50.43294],[30.79376,50.43243],[30.79389,50.43225],[30.79405,50.43217],[30.79428,50.43204],[30.79477,50.43168],[30.79548,50.43115],[30.79578,50.43091],[30.79591,50.43073],[30.79606,50.43046],[30.79613,50.43032],[30.79619,50.43019],[30.79651,50.42982],[30.79708,50.42943],[30.79779,50.42898],[30.79874,50.4284],[30.79964,50.42782],[30.8004,50.4274],[30.80109,50.42705],[30.80156,50.42681],[30.80065,50.42585],[30.80014,50.42528],[30.79996,50.42532],[30.79977,50.42498],[30.80029,50.42468],[30.80084,50.42453],[30.8007,50.42431],[30.80139,50.42402],[30.80171,50.42373],[30.80171,50.42344],[30.80217,50.42302],[30.80064,50.42211],[30.80039,50.42192],[30.80029,50.4218],[30.80027,50.42166],[30.8003,50.42154],[30.80039,50.42143],[30.80098,50.42099],[30.80105,50.4209],[30.80106,50.42082],[30.80103,50.42076],[30.80084,50.42062],[30.7989,50.41945],[30.79733,50.41851],[30.79694,50.41828],[30.79668,50.41813],[30.79646,50.41799],[30.79632,50.41784],[30.79623,50.41773],[30.79619,50.41763],[30.79618,50.41749],[30.7962,50.41737],[30.79636,50.41713],[30.79665,50.41697],[30.79694,50.41671],[30.79782,50.41573],[30.79807,50.41543],[30.79818,50.41532],[30.79883,50.41532],[30.80002,50.41489]]]]},"center":[30.660187,50.415987]},{"type":"Feature","properties":{"name":"Деснянський"},"geometry":{"type":"MultiPolygon","coordinates":[[[[30.53796,50.52449],[30.54096,50.5232],[30.54418,50.52201],[30.54422,50.522],[30.54697,50.5184],[30.55161,50.51376],[30.55384,50.5129],[30.55624,50.5129],[30.55864,50.51325],[30.56139,50.51411],[30.56568,50.51685],[30.56685,50.51646],[30.56708,50.51658],[30.56704,50.5168],[30.56693,50.51705],[30.56708,50.51745],[30.56676,50.51768],[30.5667,50.51776],[30.56676,50.51795],[30.56679,50.5181],[30.56691,50.51841],[30.56696,50.5187],[30.56696,50.51889],[30.56716,50.51905],[30.56732,50.51925],[30.56762,50.51956],[30.56789,50.51994],[30.56802,50.52012],[30.56787,50.52029],[30.56787,50.52044],[30.56795,50.52077],[30.56798,50.52097],[30.56764,50.52134],[30.56721,50.5218],[30.56665,50.52243],[30.56615,50.523],[30.56558,50.52359],[30.56529,50.524],[30.56509,50.52438],[30.56472,50.52476],[30.56424,50.52498],[30.56412,50.52514],[30.5639,50.5252],[30.56363,50.5252],[30.56346,50.52534],[30.56327,50.52559],[30.56316,50.52573],[30.56284,50.52588],[30.56262,50.52607],[30.56248,50.52633],[30.56224,50.52647],[30.56206,50.52661],[30.56194,50.52682],[30.56162,50.52711],[30.56116,50.52735],[30.56086,50.52758],[30.56078,50.52784],[30.56091,50.52796],[30.56013,50.52856],[30.55994,50.52851],[30.55959,50.52858],[30.55928,50.52867],[30.55905,50.52885],[30.55888,50.52897],[30.55865,50.52914],[30.55849,50.52918],[30.55825,50.52914],[30.55808,50.52914],[30.55781,50.52914],[30.55753,50.52918],[30.55734,50.52926],[30.55703,50.52936],[30.55676,50.52941],[30.5565,50.52956],[30.55631,50.52962],[30.55611,50.52963],[30.5559,50.52967],[30.55564,50.52974],[30.5554,50.52974],[30.55534,50.52991],[30.55525,50.53005],[30.55502,50.53018],[30.55489,50.53029],[30.55473,50.53042],[30.55456,50.53057],[30.55429,50.53058],[30.55427,50.53073],[30.55425,50.53091],[30.55416,50.53099],[30.55419,50.53122],[30.55403,50.53137],[30.55393,50.53151],[30.55396,50.53166],[30.55388,50.53185],[30.55369,50.53203],[30.55369,50.53214],[30.55379,50.53218],[30.55362,50.53226],[30.55345,50.5324],[30.55345,50.53258],[30.55343,50.53278],[30.55347,50.53298],[30.55352,50.53318],[30.55358,50.53336],[30.5536,50.53346],[30.55384,50.53354],[30.5536,50.53361],[30.55347,50.53373],[30.55319,50.53394],[30.55281,50.53407],[30.55258,50.53431],[30.55262,50.53444],[30.55278,50.53465],[30.55288,50.53508],[30.55292,50.53538],[30.55307,50.53563],[30.55298,50.53586],[30.55316,50.53606],[30.55305,50.53626],[30.55297,50.53638],[30.55318,50.53658],[30.55338,50.53676],[30.55376,50.53698],[30.55408,50.53716],[30.55447,50.53728],[30.55458,50.5374],[30.55443,50.53748],[30.55449,50.5376],[30.5547,50.53764],[30.55496,50.53767],[30.55516,50.53774],[30.5555,50.53797],[30.55573,50.53827],[30.5559,50.53866],[30.55607,50.53902],[30.55631,50.53938],[30.55655,50.53965],[30.55697,50.54028],[30.56403,50.5391],[30.57156,50.53855],[30.57179,50.53783],[30.57465,50.53765],[30.59224,50.53645],[30.59407,50.53632],[30.61197,50.53562],[30.6237,50.53502],[30.62746,50.53481],[30.65041,50.53458],[30.65404,50.53417],[30.6549,50.53584],[30.65555,50.53756],[30.65576,50.53885],[30.65748,50.54128],[30.66003,50.54342],[30.66105,50.54468],[30.66233,50.54662],[30.66264,50.54761],[30.66275,50.54862],[30.66294,50.54983],[30.66351,50.55064],[30.66407,50.5515],[30.66613,50.55225],[30.66996,50.55377],[30.67091,50.55404],[30.67229,50.55367],[30.6742,50.55406],[30.67566,50.55436],[30.67866,50.55511],[30.68113,50.55579],[30.68331,50.55658],[30.68756,50.55823],[30.69705,50.56175],[30.69743,50.56201],[30.69778,50.56061],[30.69815,50.5565],[30.69895,50.55465],[30.714,50.55565],[30.71361,50.55769],[30.71267,50.56262],[30.71091,50.57178],[30.71022,50.57247],[30.70833,50.57281],[30.70936,50.57419],[30.71356,50.57849],[30.72138,50.58587],[30.71992,50.58672],[30.71983,50.58688],[30.71923,50.58723],[30.71898,50.58775],[30.71752,50.58955],[30.71727,50.58998],[30.71812,50.59083],[30.71958,50.59083],[30.72119,50.59071],[30.72283,50.59058],[30.7243,50.59015],[30.7255,50.5899],[30.72705,50.58955],[30.73366,50.58798],[30.73648,50.58732],[30.7376,50.58707],[30.73807,50.58696],[30.75065,50.58397],[30.75133,50.5838],[30.75316,50.58337],[30.75408,50.58328],[30.75518,50.58316],[30.75671,50.58326],[30.76232,50.58363],[30.76638,50.58391],[30.76769,50.5816],[30.76996,50.57746],[30.77096,50.5756],[30.77811,50.5767],[30.78318,50.57745],[30.78306,50.5776],[30.78215,50.57865],[30.78352,50.57977],[30.78382,50.57998],[30.78387,50.58002],[30.78438,50.57952],[30.78558,50.57848],[30.78712,50.57702],[30.7885,50.5771],[30.78962,50.5759],[30.7897,50.57565],[30.79038,50.57478],[30.79098,50.5741],[30.79133,50.57385],[30.79158,50.57377],[30.79227,50.57358],[30.7927,50.57315],[30.79477,50.57168],[30.79615,50.57071],[30.79742,50.57007],[30.8,50.56938],[30.80609,50.56775],[30.81221,50.56611],[30.81179,50.56557],[30.81584,50.56397],[30.81485,50.56303],[30.81477,50.56298],[30.81442,50.56277],[30.81436,50.56257],[30.81406,50.56166],[30.81444,50.56117],[30.81417,50.56035],[30.8151,50.56004],[30.81399,50.55834],[30.81639,50.55772],[30.81738,50.55787],[30.81762,50.55789],[30.81852,50.55345],[30.81937,50.54953],[30.81992,50.54672],[30.82074,50.54294],[30.82083,50.54253],[30.82128,50.53993],[30.82141,50.53892],[30.82346,50.53727],[30.81959,50.5361],[30.81858,50.53564],[30.81702,50.535],[30.81603,50.53479],[30.81342,50.53448],[30.80996,50.53392],[30.80798,50.53354],[30.80584,50.53268],[30.80468,50.53204],[30.80252,50.53102],[30.79854,50.52998],[30.79698,50.52982],[30.79615,50.52972],[30.79525,50.52978],[30.79252,50.5289],[30.79035,50.52842],[30.7853,50.52748],[30.7831,50.52693],[30.78106,50.52624],[30.7775,50.52514],[30.77207,50.52323],[30.77125,50.52268],[30.76701,50.52154],[30.76479,50.52089],[30.76212,50.52058],[30.76034,50.51977],[30.75944,50.51957],[30.75692,50.51922],[30.75654,50.51926],[30.75486,50.51896],[30.75553,50.51831],[30.75449,50.51784],[30.75353,50.5174],[30.75417,50.51663],[30.75503,50.51699],[30.75666,50.51591],[30.75783,50.51551],[30.75859,50.51625],[30.75958,50.51606],[30.76036,50.51676],[30.76091,50.51653],[30.75991,50.5155],[30.75996,50.5152],[30.76018,50.51498],[30.76098,50.51447],[30.76122,50.51411],[30.76189,50.51348],[30.76114,50.51215],[30.76163,50.51178],[30.76135,50.5112],[30.76175,50.51078],[30.76178,50.51068],[30.76119,50.51028],[30.76192,50.50903],[30.75982,50.50841],[30.75931,50.50917],[30.75856,50.50904],[30.7577,50.50889],[30.75725,50.50881],[30.75773,50.50784],[30.75417,50.50682],[30.75142,50.5057],[30.74992,50.50505],[30.74896,50.50461],[30.74997,50.50295],[30.75047,50.50241],[30.74997,50.50235],[30.74649,50.50214],[30.74621,50.50208],[30.74611,50.50241],[30.74619,50.50274],[30.74584,50.50311],[30.74562,50.50303],[30.74561,50.50286],[30.74536,50.50273],[30.74564,50.50209],[30.74545,50.50191],[30.74472,50.50167],[30.74412,50.5014],[30.7424,50.50063],[30.74103,50.50003],[30.74068,50.49987],[30.74001,50.49905],[30.73788,50.49919],[30.73767,50.49892],[30.73797,50.49823],[30.73871,50.49831],[30.73892,50.49811],[30.74006,50.49464],[30.74065,50.494],[30.74082,50.49378],[30.74203,50.4919],[30.74171,50.49158],[30.73981,50.49099],[30.73707,50.49021],[30.7324,50.48892],[30.72471,50.48678],[30.70495,50.4814],[30.68135,50.4749],[30.668,50.47121],[30.66549,50.47052],[30.66299,50.46984],[30.65588,50.46787],[30.65615,50.4675],[30.65623,50.46724],[30.65652,50.46662],[30.65646,50.46643],[30.6563,50.46625],[30.65601,50.4661],[30.65557,50.46602],[30.65474,50.46586],[30.65417,50.46577],[30.65363,50.46566],[30.65185,50.46518],[30.65173,50.46503],[30.65162,50.46502],[30.65149,50.46498],[30.65142,50.4649],[30.6514,50.46474],[30.65162,50.4646],[30.65165,50.4645],[30.65177,50.46437],[30.65198,50.46454],[30.65219,50.46457],[30.65231,50.46454],[30.65226,50.46433],[30.65289,50.46442],[30.65301,50.46451],[30.65339,50.46445],[30.6535,50.46438],[30.65373,50.46435],[30.65391,50.46411],[30.65426,50.46395],[30.65436,50.46354],[30.65449,50.46312],[30.65477,50.46316],[30.65472,50.46334],[30.65612,50.46351],[30.65627,50.46293],[30.65699,50.46044],[30.65612,50.46029],[30.6563,50.45963],[30.65849,50.45832],[30.65996,50.45791],[30.65993,50.45751],[30.66004,50.45751],[30.65997,50.45713],[30.66,50.45705],[30.65993,50.45641],[30.65986,50.45579],[30.65977,50.45486],[30.65972,50.45427],[30.6597,50.45418],[30.66024,50.45216],[30.66002,50.45213],[30.65996,50.45195],[30.65996,50.45182],[30.65993,50.45153],[30.65989,50.45087],[30.65985,50.45084],[30.65988,50.45026],[30.65951,50.44967],[30.65875,50.44918],[30.65044,50.44734],[30.6503,50.44755],[30.64981,50.44831],[30.64977,50.44837],[30.64926,50.44915],[30.6488,50.44984],[30.64865,50.45006],[30.64821,50.45073],[30.64543,50.44996],[30.64527,50.44992],[30.6451,50.4499],[30.64495,50.44991],[30.64481,50.44995],[30.64468,50.45002],[30.64459,50.4501],[30.64357,50.45156],[30.64349,50.45163],[30.64339,50.45168],[30.64324,50.4517],[30.6431,50.45169],[30.643,50.45166],[30.64211,50.45142],[30.64207,50.45141],[30.63967,50.45074],[30.63891,50.45053],[30.63815,50.45033],[30.63723,50.45008],[30.63708,50.45003],[30.63693,50.44999],[30.63678,50.44999],[30.63545,50.45029],[30.63498,50.4504],[30.63342,50.45078],[30.63291,50.45091],[30.63256,50.451],[30.63223,50.45108],[30.63184,50.45117],[30.63157,50.45124],[30.63152,50.45126],[30.63111,50.45136],[30.63077,50.45144],[30.63053,50.45151],[30.63096,50.45211],[30.63113,50.45232],[30.63123,50.45244],[30.63138,50.45263],[30.6329,50.45506],[30.63308,50.45537],[30.63322,50.45557],[30.63318,50.45564],[30.63315,50.45569],[30.63243,50.45674],[30.63189,50.45752],[30.63079,50.45915],[30.63046,50.45963],[30.63022,50.45997],[30.6298,50.46059],[30.62947,50.46107],[30.6294,50.46118],[30.62924,50.46143],[30.62908,50.46168],[30.62895,50.46192],[30.62879,50.46218],[30.62847,50.46267],[30.62785,50.46357],[30.62773,50.4637],[30.62756,50.46382],[30.62746,50.46391],[30.627,50.46458],[30.62624,50.46568],[30.62548,50.46681],[30.62524,50.46711],[30.62497,50.4674],[30.62477,50.4676],[30.62455,50.46778],[30.62423,50.468],[30.62389,50.46822],[30.62357,50.4684],[30.62325,50.46856],[30.62297,50.46868],[30.62263,50.46882],[30.62195,50.46904],[30.62155,50.46918],[30.62137,50.46923],[30.62086,50.4694],[30.62075,50.46943],[30.62051,50.46951],[30.61981,50.46976],[30.61912,50.46998],[30.61715,50.47063],[30.61458,50.47148],[30.61429,50.47157],[30.61357,50.47182],[30.61313,50.47196],[30.61293,50.47205],[30.61274,50.47214],[30.61243,50.47234],[30.61219,50.47256],[30.6116,50.4733],[30.60893,50.47682],[30.60764,50.47852],[30.60768,50.47863],[30.60767,50.47887],[30.60769,50.47903],[30.60803,50.47996],[30.60819,50.48034],[30.60904,50.48224],[30.6101,50.48439],[30.61055,50.48539],[30.61066,50.48566],[30.61132,50.48566],[30.61155,50.48517],[30.61203,50.48529],[30.61242,50.48522],[30.61289,50.48517],[30.61248,50.48583],[30.61257,50.48592],[30.61196,50.48679],[30.61148,50.48753],[30.61048,50.48905],[30.60972,50.49101],[30.60868,50.49322],[30.60817,50.49429],[30.60812,50.49454],[30.60802,50.49516],[30.60738,50.49517],[30.60703,50.49521],[30.60654,50.4953],[30.60634,50.49533],[30.60608,50.49533],[30.60506,50.49535],[30.59613,50.49534],[30.5935,50.49534],[30.59133,50.49537],[30.58828,50.49538],[30.58362,50.49542],[30.58224,50.49544],[30.57809,50.49547],[30.57592,50.49549],[30.57385,50.4955],[30.57034,50.49551],[30.56893,50.49553],[30.56823,50.49553],[30.56566,50.49555],[30.56388,50.49552],[30.56206,50.49545],[30.56131,50.49541],[30.56055,50.49535],[30.55908,50.49522],[30.55746,50.49503],[30.55288,50.49442],[30.54994,50.49405],[30.54804,50.49382],[30.54679,50.49367],[30.54603,50.49354],[30.54503,50.49336],[30.54329,50.49291],[30.54174,50.49246],[30.54112,50.49225],[30.53956,50.49177],[30.5367,50.49093],[30.53483,50.49289],[30.53126,50.49691],[30.52838,50.49871],[30.52584,50.50109],[30.52549,50.50255],[30.5254,50.50401],[30.52603,50.50686],[30.52717,50.50972],[30.52921,50.5126],[30.53139,50.51557],[30.53412,50.51884],[30.53751,50.52386],[30.53796,50.52449]]]]},"center":[30.652876631155756,50.50989407973202]},{"type":"Feature","properties":{"name":"Голосіївський"},"geometry":{"type":"MultiPolygon","coordinates":[[[[30.47881,50.39734],[30.47895,50.39739],[30.47974,50.39747],[30.47994,50.3975],[30.48013,50.39754],[30.48187,50.39791],[30.48336,50.39824],[30.48413,50.39848],[30.4844,50.39858],[30.48537,50.39897],[30.48588,50.39925],[30.486,50.39932],[30.48645,50.39962],[30.48664,50.39974],[30.48689,50.39989],[30.48734,50.4002],[30.48775,50.40049],[30.48803,50.4007],[30.48842,50.40104],[30.48869,50.40132],[30.489,50.40178],[30.48929,50.40225],[30.48956,50.40274],[30.48967,50.40298],[30.4899,50.40349],[30.49016,50.40405],[30.49032,50.40451],[30.49045,50.40492],[30.49057,50.40541],[30.49066,50.40606],[30.49069,50.40628],[30.4907,50.40639],[30.49073,50.40657],[30.49086,50.4069],[30.49116,50.40744],[30.49138,50.40775],[30.49167,50.40815],[30.49179,50.40831],[30.49192,50.40848],[30.49204,50.40864],[30.4922,50.40882],[30.49241,50.40901],[30.49259,50.40914],[30.49299,50.40939],[30.49349,50.4096],[30.49394,50.40972],[30.49408,50.40976],[30.49612,50.41036],[30.49661,50.41048],[30.49708,50.41058],[30.49752,50.41064],[30.49796,50.41068],[30.49883,50.41071],[30.49903,50.41071],[30.49974,50.41072],[30.50047,50.41071],[30.50087,50.41069],[30.50131,50.41065],[30.50349,50.41045],[30.50418,50.41038],[30.50442,50.41037],[30.50466,50.41037],[30.50499,50.41039],[30.50519,50.4104],[30.50563,50.41043],[30.506,50.41046],[30.50606,50.41046],[30.5063,50.41048],[30.50645,50.4105],[30.50663,50.41051],[30.5068,50.41053],[30.50698,50.41056],[30.50728,50.41062],[30.50741,50.41065],[30.50687,50.41135],[30.50566,50.4117],[30.50503,50.41201],[30.50365,50.41283],[30.50302,50.4129],[30.50131,50.41383],[30.50099,50.41413],[30.50042,50.41451],[30.50028,50.41463],[30.50004,50.41487],[30.49913,50.41555],[30.49869,50.41596],[30.49857,50.41597],[30.49849,50.41655],[30.49854,50.41674],[30.49905,50.41742],[30.49947,50.41783],[30.49961,50.41795],[30.50016,50.41847],[30.50171,50.41997],[30.50254,50.42074],[30.50282,50.42103],[30.5032,50.42145],[30.5034,50.42178],[30.50355,50.42212],[30.50365,50.4221],[30.50397,50.42204],[30.50488,50.42151],[30.50497,50.42156],[30.50548,50.42181],[30.5057,50.42193],[30.50581,50.42196],[30.50602,50.42202],[30.50646,50.42213],[30.50662,50.42219],[30.50699,50.42235],[30.50721,50.42228],[30.50772,50.42239],[30.50787,50.42237],[30.50834,50.42224],[30.5085,50.4222],[30.50867,50.42218],[30.50899,50.42199],[30.50915,50.42152],[30.50917,50.42143],[30.51003,50.42157],[30.5103,50.42134],[30.51048,50.42142],[30.51108,50.42161],[30.51479,50.41791],[30.51537,50.41814],[30.51508,50.41841],[30.5146,50.41895],[30.51448,50.41913],[30.5144,50.41934],[30.5144,50.41954],[30.51429,50.41975],[30.514,50.42018],[30.51315,50.42122],[30.51259,50.42187],[30.51217,50.42242],[30.51204,50.42262],[30.51139,50.4241],[30.51114,50.42469],[30.51098,50.42491],[30.51024,50.42574],[30.50974,50.42644],[30.50966,50.4267],[30.50965,50.42697],[30.50967,50.42727],[30.50968,50.42753],[30.50977,50.42807],[30.50976,50.42826],[30.50973,50.42844],[30.5096,50.42879],[30.50945,50.42893],[30.50818,50.43011],[30.50783,50.43048],[30.50758,50.43073],[30.50717,50.43109],[30.50686,50.43139],[30.50627,50.43196],[30.50585,50.43237],[30.50568,50.43253],[30.50524,50.43271],[30.5028,50.43346],[30.50133,50.43404],[30.50119,50.43387],[30.49997,50.43454],[30.49915,50.43506],[30.49751,50.43611],[30.49652,50.43678],[30.49405,50.43861],[30.49412,50.43864],[30.49522,50.43918],[30.4953,50.43922],[30.49546,50.43929],[30.49555,50.43933],[30.49686,50.43991],[30.49698,50.43997],[30.49754,50.44022],[30.49773,50.4403],[30.49795,50.44039],[30.49897,50.44083],[30.49906,50.44088],[30.49952,50.44107],[30.49975,50.44117],[30.49988,50.44122],[30.5015,50.44192],[30.5018,50.44187],[30.50817,50.44083],[30.50841,50.4408],[30.51091,50.4404],[30.51114,50.44037],[30.51135,50.44033],[30.5115,50.44031],[30.51202,50.44022],[30.51272,50.44011],[30.51336,50.44],[30.51348,50.43998],[30.51356,50.43996],[30.51368,50.43993],[30.51379,50.43992],[30.51395,50.43988],[30.51429,50.43982],[30.51592,50.43955],[30.51608,50.43943],[30.51617,50.43936],[30.51625,50.43928],[30.51624,50.43926],[30.51608,50.43903],[30.51606,50.43888],[30.51605,50.43863],[30.51605,50.4377],[30.51606,50.43731],[30.51606,50.43676],[30.51606,50.4367],[30.51606,50.43609],[30.51607,50.43595],[30.51607,50.43579],[30.51607,50.43454],[30.51607,50.43415],[30.51607,50.43394],[30.51607,50.43383],[30.51607,50.43338],[30.51607,50.43199],[30.51607,50.43192],[30.51606,50.43129],[30.51605,50.4305],[30.51605,50.4301],[30.51604,50.42992],[30.51605,50.42975],[30.51608,50.42846],[30.51609,50.4282],[30.51611,50.42808],[30.51617,50.42797],[30.5164,50.42759],[30.51669,50.42711],[30.5168,50.42694],[30.51745,50.42589],[30.51783,50.42527],[30.51789,50.42518],[30.51796,50.42507],[30.51844,50.42431],[30.51868,50.42394],[30.5192,50.4231],[30.52046,50.42113],[30.52053,50.42102],[30.52085,50.42051],[30.52115,50.42004],[30.52134,50.41974],[30.52134,50.41974],[30.52165,50.41925],[30.52171,50.41916],[30.52177,50.41905],[30.52216,50.41846],[30.52298,50.4172],[30.52303,50.41712],[30.5231,50.417],[30.52348,50.41637],[30.52364,50.41611],[30.52402,50.41549],[30.52406,50.41545],[30.5241,50.41539],[30.52424,50.41517],[30.52428,50.41511],[30.52442,50.41487],[30.52469,50.41441],[30.52487,50.41409],[30.52521,50.41353],[30.52534,50.41333],[30.52539,50.41325],[30.52551,50.41306],[30.52561,50.41289],[30.52577,50.41265],[30.52584,50.41254],[30.5259,50.41245],[30.52651,50.41144],[30.52661,50.4113],[30.52692,50.41087],[30.52576,50.41034],[30.52441,50.40969],[30.52397,50.40948],[30.5237,50.40937],[30.52307,50.40907],[30.52279,50.40896],[30.523,50.40876],[30.52317,50.40862],[30.52348,50.40838],[30.52395,50.40803],[30.52458,50.40765],[30.52499,50.40741],[30.5255,50.40716],[30.52597,50.40695],[30.52647,50.40675],[30.52709,50.40653],[30.52765,50.40637],[30.52819,50.40625],[30.52854,50.40618],[30.52999,50.40587],[30.53062,50.40572],[30.5314,50.40553],[30.53191,50.40543],[30.53238,50.40533],[30.53287,50.40525],[30.53327,50.40521],[30.53382,50.40516],[30.53435,50.40514],[30.53667,50.40508],[30.53795,50.40504],[30.54034,50.405],[30.54168,50.40499],[30.54237,50.40498],[30.54285,50.40495],[30.54353,50.40489],[30.54411,50.40483],[30.54474,50.40473],[30.54562,50.40461],[30.54622,50.40449],[30.54709,50.4043],[30.54787,50.40412],[30.54805,50.40408],[30.54869,50.40394],[30.54968,50.40372],[30.55185,50.40324],[30.55321,50.40295],[30.55392,50.40282],[30.55447,50.40275],[30.55552,50.40263],[30.55654,50.40257],[30.55726,50.40255],[30.55794,50.40256],[30.55847,50.40259],[30.55892,50.40263],[30.55965,50.40272],[30.56001,50.40278],[30.56064,50.40292],[30.56151,50.40316],[30.56199,50.40333],[30.56259,50.40359],[30.56309,50.40384],[30.56341,50.40402],[30.56372,50.40425],[30.56421,50.40462],[30.56433,50.40472],[30.56469,50.40498],[30.56505,50.40524],[30.56572,50.40578],[30.56716,50.40675],[30.56759,50.4071],[30.56781,50.40729],[30.5682,50.40773],[30.56841,50.40804],[30.56858,50.40834],[30.56892,50.40906],[30.56909,50.4094],[30.56928,50.40969],[30.56957,50.41003],[30.57014,50.4106],[30.57045,50.41093],[30.57094,50.41135],[30.57155,50.41182],[30.57262,50.41251],[30.57335,50.41284],[30.57421,50.41316],[30.5748,50.41336],[30.57535,50.41353],[30.57609,50.41372],[30.57907,50.41447],[30.58519,50.41596],[30.58837,50.41675],[30.59026,50.41722],[30.59108,50.41578],[30.59433,50.41157],[30.59609,50.40889],[30.59603,50.40435],[30.59571,50.40021],[30.59424,50.3958],[30.5868,50.3877],[30.58382,50.38026],[30.58327,50.37436],[30.58422,50.36975],[30.58694,50.3609],[30.59,50.3562],[30.59263,50.35273],[30.5985,50.3499],[30.60212,50.34721],[30.60711,50.34079],[30.61288,50.33727],[30.61559,50.3347],[30.61804,50.33201],[30.62241,50.32782],[30.62359,50.32576],[30.62437,50.32318],[30.62616,50.31885],[30.62858,50.31614],[30.63115,50.31374],[30.63707,50.30963],[30.64192,50.30453],[30.64363,50.30135],[30.64623,50.29836],[30.64732,50.29613],[30.64727,50.29348],[30.64704,50.29139],[30.645,50.28669],[30.64479,50.28498],[30.64506,50.28299],[30.64104,50.28022],[30.63143,50.2803],[30.63057,50.2803],[30.62473,50.28065],[30.62353,50.28065],[30.61907,50.28073],[30.61503,50.28065],[30.61247,50.28082],[30.61057,50.28073],[30.61015,50.2797],[30.6098,50.27877],[30.6105,50.2781],[30.61085,50.27738],[30.61003,50.27691],[30.61103,50.27508],[30.61116,50.27497],[30.61202,50.2743],[30.61405,50.2744],[30.61432,50.27309],[30.6146,50.27239],[30.61504,50.27206],[30.61542,50.27181],[30.61618,50.27186],[30.61608,50.26923],[30.61636,50.26671],[30.6175,50.26554],[30.61844,50.26487],[30.61966,50.26458],[30.62105,50.26452],[30.62638,50.26309],[30.62612,50.26237],[30.62565,50.26109],[30.62549,50.26066],[30.62547,50.2606],[30.62564,50.25951],[30.62527,50.25716],[30.62808,50.25529],[30.62871,50.25475],[30.63093,50.25277],[30.63275,50.25114],[30.63272,50.25047],[30.63296,50.24879],[30.63368,50.24694],[30.63912,50.24338],[30.64152,50.24215],[30.6432,50.24124],[30.64429,50.24061],[30.64511,50.2399],[30.64502,50.23972],[30.64486,50.2393],[30.64543,50.23738],[30.64346,50.23673],[30.6429,50.23684],[30.6406,50.23627],[30.63692,50.23536],[30.63802,50.23385],[30.64062,50.2302],[30.64253,50.22756],[30.64355,50.22609],[30.59366,50.21335],[30.59266,50.21324],[30.59119,50.22104],[30.59103,50.2222],[30.59091,50.22801],[30.5908,50.22919],[30.59063,50.23014],[30.58826,50.23861],[30.58811,50.23915],[30.58679,50.24363],[30.5865,50.24456],[30.58621,50.24539],[30.58549,50.24664],[30.58505,50.24724],[30.57627,50.25861],[30.57549,50.25954],[30.57496,50.25949],[30.57452,50.25945],[30.57422,50.25944],[30.57015,50.25928],[30.56482,50.25902],[30.56328,50.25893],[30.56217,50.25885],[30.5607,50.25877],[30.55745,50.25858],[30.55418,50.25867],[30.55298,50.25885],[30.55108,50.26168],[30.5534,50.26332],[30.55358,50.26452],[30.55392,50.26623],[30.55402,50.26675],[30.5541,50.26717],[30.55418,50.26795],[30.55402,50.26837],[30.55392,50.26932],[30.55367,50.26967],[30.55092,50.27087],[30.54955,50.27163],[30.54765,50.27343],[30.5474,50.27362],[30.54525,50.27403],[30.54405,50.27447],[30.54225,50.27507],[30.54293,50.27627],[30.54337,50.27678],[30.5438,50.27747],[30.5444,50.27807],[30.54533,50.27877],[30.54688,50.28082],[30.548,50.28278],[30.54748,50.28425],[30.5468,50.28597],[30.54637,50.29095],[30.54525,50.29095],[30.54448,50.29087],[30.54165,50.29078],[30.53865,50.2906],[30.5365,50.29043],[30.53389,50.29025],[30.53335,50.29022],[30.52895,50.2906],[30.52768,50.29065],[30.52752,50.29067],[30.52954,50.29252],[30.53313,50.29585],[30.53334,50.29586],[30.53333,50.29674],[30.53393,50.29734],[30.53582,50.29918],[30.53719,50.30037],[30.53637,50.30063],[30.53443,50.30125],[30.53418,50.30133],[30.53375,50.3015],[30.5335,50.30158],[30.53323,50.30177],[30.5317,50.30237],[30.53172,50.30371],[30.53203,50.30622],[30.53187,50.30692],[30.53203,50.3076],[30.53247,50.30948],[30.53255,50.31043],[30.53298,50.31251],[30.53277,50.31595],[30.53337,50.31647],[30.53358,50.31712],[30.53082,50.31786],[30.52852,50.31849],[30.52522,50.31941],[30.52186,50.31981],[30.51874,50.32037],[30.51649,50.32099],[30.51442,50.32248],[30.51016,50.32521],[30.50916,50.32616],[30.50437,50.32458],[30.50116,50.32355],[30.49759,50.32245],[30.49625,50.32193],[30.49264,50.3243],[30.48851,50.32681],[30.4887,50.32783],[30.49563,50.33026],[30.4947,50.33161],[30.49739,50.33255],[30.4948,50.33349],[30.49288,50.33369],[30.49203,50.33435],[30.49124,50.33541],[30.48631,50.3358],[30.48588,50.3361],[30.48515,50.33608],[30.48479,50.33565],[30.48495,50.33443],[30.48514,50.33395],[30.48225,50.33352],[30.48068,50.33341],[30.47985,50.33342],[30.47895,50.3334],[30.47814,50.33342],[30.47528,50.33343],[30.47502,50.33359],[30.4747,50.33455],[30.47448,50.335],[30.47449,50.33519],[30.4747,50.33586],[30.47495,50.33674],[30.47668,50.33673],[30.47669,50.33718],[30.47671,50.33744],[30.47775,50.33746],[30.47815,50.33804],[30.47818,50.33957],[30.47623,50.33955],[30.47627,50.33976],[30.47538,50.33976],[30.47461,50.33976],[30.4742,50.34045],[30.47468,50.34085],[30.47462,50.34133],[30.47435,50.34227],[30.47315,50.3427],[30.47402,50.34338],[30.47342,50.3463],[30.47298,50.34812],[30.47298,50.34897],[30.47298,50.34923],[30.47289,50.35057],[30.47278,50.35141],[30.47033,50.35203],[30.46804,50.35256],[30.46815,50.35357],[30.46827,50.35403],[30.46835,50.35412],[30.4686,50.35428],[30.47003,50.35533],[30.46996,50.35595],[30.47005,50.35658],[30.46955,50.35779],[30.46726,50.3585],[30.4683,50.3601],[30.46573,50.36024],[30.46364,50.36042],[30.46165,50.36068],[30.4605,50.36083],[30.45951,50.361],[30.4577,50.36107],[30.45606,50.3604],[30.45492,50.35986],[30.45434,50.35822],[30.45411,50.35755],[30.4536,50.35654],[30.45331,50.35631],[30.45308,50.35586],[30.45325,50.3556],[30.45242,50.35474],[30.45223,50.35455],[30.45053,50.3548],[30.44778,50.35517],[30.44737,50.35517],[30.44698,50.35511],[30.44175,50.35591],[30.43878,50.35641],[30.43837,50.35657],[30.43827,50.35662],[30.43801,50.35685],[30.43766,50.35699],[30.43763,50.35786],[30.43776,50.35859],[30.43791,50.35999],[30.43673,50.36051],[30.43653,50.36036],[30.43623,50.36053],[30.4358,50.36081],[30.43644,50.36304],[30.43679,50.36342],[30.43766,50.36691],[30.43776,50.36738],[30.43208,50.37056],[30.43027,50.37186],[30.43114,50.37238],[30.4337,50.37429],[30.43636,50.37673],[30.4387,50.379],[30.43941,50.37945],[30.44223,50.38123],[30.44271,50.38153],[30.44239,50.38178],[30.44118,50.38267],[30.44184,50.38305],[30.44248,50.38348],[30.44375,50.38429],[30.44393,50.38443],[30.44572,50.38589],[30.44585,50.38591],[30.44618,50.38581],[30.44648,50.38573],[30.44758,50.38641],[30.44763,50.38641],[30.44774,50.38637],[30.4485,50.38677],[30.44901,50.3865],[30.44933,50.38651],[30.44957,50.38645],[30.44994,50.38619],[30.45123,50.38548],[30.45172,50.38521],[30.45243,50.38488],[30.4531,50.38459],[30.45372,50.38431],[30.45383,50.38427],[30.45393,50.38423],[30.45409,50.38431],[30.45413,50.38433],[30.4545,50.38454],[30.45442,50.3846],[30.45432,50.38467],[30.45429,50.38472],[30.45443,50.38501],[30.45467,50.38548],[30.45497,50.38599],[30.45532,50.38658],[30.45543,50.38679],[30.45548,50.38698],[30.45551,50.38711],[30.45552,50.38719],[30.45553,50.38727],[30.45558,50.38735],[30.45564,50.38744],[30.45592,50.38776],[30.45609,50.38789],[30.45623,50.38813],[30.45657,50.38855],[30.45667,50.38865],[30.45799,50.38831],[30.45858,50.3882],[30.45929,50.38931],[30.45967,50.38924],[30.46027,50.38912],[30.46033,50.38911],[30.46038,50.38911],[30.46043,50.38936],[30.46048,50.38977],[30.46049,50.39033],[30.46058,50.39071],[30.46069,50.39136],[30.4607,50.39139],[30.46095,50.39139],[30.46217,50.39135],[30.46347,50.39131],[30.46412,50.39129],[30.46414,50.39129],[30.46427,50.39124],[30.46442,50.39116],[30.46529,50.39055],[30.46538,50.3905],[30.46558,50.3906],[30.4661,50.39086],[30.46652,50.39106],[30.46721,50.39134],[30.46772,50.3915],[30.4679,50.39156],[30.46884,50.39176],[30.46908,50.3918],[30.46919,50.39181],[30.46932,50.39183],[30.4695,50.39185],[30.46995,50.3919],[30.47076,50.39199],[30.47104,50.39202],[30.47112,50.39203],[30.47145,50.39206],[30.47045,50.39584],[30.47054,50.39652],[30.47107,50.39666],[30.47134,50.39673],[30.47292,50.39712],[30.47319,50.39815],[30.4728,50.39823],[30.47247,50.39857],[30.47214,50.39868],[30.47167,50.39884],[30.47168,50.39902],[30.47212,50.39904],[30.47271,50.39894],[30.47304,50.39873],[30.47348,50.39837],[30.47502,50.39847],[30.47886,50.39821],[30.4787,50.39801],[30.47867,50.39799],[30.47855,50.39782],[30.47857,50.3976],[30.47865,50.39748],[30.47871,50.39741],[30.47881,50.39734]]]]},"center":[30.51869059061698,50.37116316619533]},{"type":"Feature","properties":{"name":"Святошинський"},"geometry":{"type":"MultiPolygon","coordinates":[[[[30.39854,50.43929],[30.39893,50.43878],[30.39993,50.43739],[30.40168,50.4351],[30.40296,50.4334],[30.40339,50.43283],[30.40497,50.43067],[30.40579,50.42959],[30.40668,50.42841],[30.40715,50.42784],[30.40911,50.42584],[30.41016,50.42481],[30.41325,50.4218],[30.41401,50.42105],[30.41489,50.42035],[30.41581,50.41968],[30.41674,50.419],[30.41766,50.41832],[30.41859,50.41764],[30.41903,50.41727],[30.4194,50.41691],[30.41984,50.41646],[30.42017,50.41612],[30.42047,50.41579],[30.42178,50.41441],[30.42217,50.414],[30.42232,50.41383],[30.42308,50.41308],[30.42349,50.41276],[30.42375,50.41258],[30.42402,50.41243],[30.42619,50.40968],[30.42661,50.40936],[30.42709,50.40889],[30.42742,50.40839],[30.42757,50.40805],[30.42767,50.40765],[30.4277,50.40726],[30.42765,50.4067],[30.4275,50.40634],[30.42732,50.40601],[30.42692,50.40539],[30.4265,50.40471],[30.42616,50.40417],[30.42597,50.4039],[30.4256,50.40317],[30.42461,50.40224],[30.42403,50.40173],[30.42319,50.40109],[30.42221,50.40039],[30.42156,50.39995],[30.42099,50.39961],[30.42053,50.39933],[30.41971,50.39888],[30.41842,50.39824],[30.41798,50.39804],[30.41793,50.39804],[30.41689,50.39839],[30.41386,50.39941],[30.4118,50.4001],[30.40828,50.40119],[30.40797,50.40128],[30.40684,50.40157],[30.40641,50.40172],[30.40489,50.40218],[30.40299,50.40283],[30.40166,50.40328],[30.39926,50.4041],[30.39791,50.40456],[30.39687,50.40491],[30.39574,50.4053],[30.3947,50.40565],[30.39456,50.4057],[30.39401,50.40592],[30.39344,50.40619],[30.39283,50.40648],[30.3927,50.40655],[30.39225,50.40683],[30.39204,50.40696],[30.39109,50.40753],[30.39035,50.40796],[30.3897,50.40839],[30.38935,50.40861],[30.38908,50.40879],[30.38835,50.40924],[30.38822,50.40933],[30.38792,50.40952],[30.38787,50.40955],[30.38665,50.4103],[30.38633,50.4105],[30.38591,50.41075],[30.3852,50.41119],[30.38462,50.41157],[30.38334,50.4124],[30.38274,50.41276],[30.38223,50.41308],[30.38163,50.41343],[30.38123,50.41368],[30.38094,50.41387],[30.37971,50.41466],[30.37889,50.41518],[30.37811,50.41566],[30.37804,50.41571],[30.37776,50.41588],[30.37655,50.41664],[30.37605,50.41696],[30.37499,50.41765],[30.37395,50.41827],[30.37304,50.41882],[30.37297,50.41886],[30.37208,50.41944],[30.37127,50.41997],[30.37055,50.42043],[30.37029,50.42061],[30.37003,50.42082],[30.36977,50.42102],[30.36952,50.42124],[30.36916,50.42157],[30.36884,50.42193],[30.36856,50.42226],[30.36854,50.42229],[30.3683,50.42257],[30.36735,50.4238],[30.36717,50.42404],[30.36656,50.42485],[30.36647,50.42496],[30.36635,50.42511],[30.36588,50.42571],[30.36507,50.42671],[30.36442,50.42754],[30.36405,50.42807],[30.36394,50.4282],[30.36358,50.42864],[30.363,50.42935],[30.36252,50.43003],[30.36209,50.43058],[30.36184,50.43091],[30.36144,50.43142],[30.36122,50.4317],[30.36078,50.43231],[30.36056,50.43271],[30.36032,50.43317],[30.36021,50.43342],[30.35992,50.43416],[30.35987,50.43436],[30.35972,50.43501],[30.35966,50.43529],[30.35958,50.43576],[30.35933,50.43738],[30.35929,50.43761],[30.35929,50.43765],[30.35923,50.43803],[30.35912,50.43879],[30.35903,50.43939],[30.35899,50.43972],[30.35889,50.44032],[30.35878,50.44098],[30.35872,50.44141],[30.35862,50.44206],[30.35851,50.44267],[30.35848,50.44288],[30.35831,50.44389],[30.35826,50.44433],[30.35818,50.44474],[30.3581,50.44523],[30.35337,50.44523],[30.35158,50.44575],[30.35129,50.4463],[30.35122,50.44945],[30.35104,50.44945],[30.3511,50.44905],[30.34919,50.44887],[30.34893,50.44928],[30.34836,50.45003],[30.34903,50.45109],[30.34887,50.45111],[30.3475,50.45231],[30.34372,50.45437],[30.34218,50.45265],[30.34284,50.45207],[30.34372,50.45128],[30.34374,50.4508],[30.34432,50.44742],[30.34418,50.4466],[30.34403,50.44611],[30.34408,50.44587],[30.34219,50.44564],[30.33354,50.44475],[30.3291,50.4441],[30.32333,50.44289],[30.32198,50.4425],[30.32175,50.44235],[30.32142,50.44236],[30.31445,50.44243],[30.31283,50.44264],[30.30727,50.44345],[30.30017,50.44461],[30.29696,50.44506],[30.28133,50.44734],[30.28178,50.44458],[30.28093,50.44257],[30.28012,50.43998],[30.2788,50.43801],[30.27461,50.43175],[30.27468,50.4317],[30.27672,50.43045],[30.27479,50.42941],[30.26929,50.42645],[30.25995,50.43181],[30.25659,50.43191],[30.25607,50.43207],[30.25498,50.43202],[30.25488,50.43111],[30.25456,50.43038],[30.25355,50.42906],[30.25051,50.42634],[30.24549,50.42361],[30.24418,50.42571],[30.24219,50.4282],[30.23639,50.43066],[30.23722,50.43152],[30.23778,50.43199],[30.2387,50.43304],[30.23889,50.43324],[30.24184,50.43466],[30.24193,50.43481],[30.24212,50.43512],[30.2423,50.43542],[30.24229,50.43554],[30.24246,50.43754],[30.24255,50.43873],[30.24326,50.43914],[30.24576,50.43939],[30.24677,50.44036],[30.24631,50.44143],[30.24611,50.44234],[30.24662,50.443],[30.24119,50.44695],[30.24074,50.44745],[30.24026,50.44801],[30.24012,50.44836],[30.23937,50.45002],[30.24047,50.45206],[30.24225,50.45501],[30.2453,50.45908],[30.2468,50.46063],[30.24849,50.46254],[30.25031,50.46346],[30.25077,50.4637],[30.25136,50.46455],[30.2518,50.46502],[30.25308,50.4663],[30.25395,50.46682],[30.25583,50.46785],[30.25687,50.46845],[30.25793,50.46978],[30.25643,50.47145],[30.25592,50.47205],[30.25583,50.47213],[30.25532,50.4723],[30.2532,50.47286],[30.24982,50.47377],[30.24965,50.47402],[30.2494,50.47462],[30.24948,50.47513],[30.24982,50.47703],[30.24984,50.47711],[30.25,50.47772],[30.25072,50.47856],[30.25119,50.47913],[30.25123,50.47957],[30.25116,50.47982],[30.2515,50.48032],[30.25154,50.48064],[30.25159,50.48086],[30.25145,50.4816],[30.25126,50.48173],[30.2512,50.48177],[30.2513,50.48212],[30.25147,50.48227],[30.25152,50.48252],[30.25144,50.48275],[30.25131,50.48299],[30.2516,50.48434],[30.25166,50.48481],[30.25171,50.4849],[30.25208,50.48561],[30.25249,50.4862],[30.25279,50.48651],[30.25317,50.48669],[30.25347,50.48683],[30.25386,50.48687],[30.25431,50.48682],[30.25522,50.4866],[30.25572,50.48657],[30.2562,50.48664],[30.25747,50.48655],[30.25796,50.48655],[30.25833,50.48664],[30.2587,50.48679],[30.25928,50.48703],[30.26004,50.48741],[30.2604,50.4876],[30.26084,50.48772],[30.2611,50.48782],[30.2627,50.48775],[30.26313,50.48827],[30.26308,50.4884],[30.26254,50.48865],[30.26273,50.48883],[30.26299,50.4888],[30.26425,50.49033],[30.26585,50.49216],[30.26647,50.49264],[30.26526,50.49382],[30.26531,50.49388],[30.26793,50.49614],[30.26878,50.49709],[30.27008,50.49824],[30.27013,50.49842],[30.27021,50.49869],[30.27025,50.49884],[30.27029,50.49988],[30.27047,50.5016],[30.27038,50.50224],[30.27024,50.50243],[30.26987,50.5024],[30.26952,50.503],[30.26583,50.50521],[30.26412,50.50617],[30.26221,50.50788],[30.26118,50.50939],[30.26018,50.51001],[30.26027,50.51016],[30.26058,50.5107],[30.26106,50.51152],[30.26314,50.51361],[30.26399,50.51505],[30.26494,50.51583],[30.26583,50.51605],[30.26643,50.51685],[30.26658,50.51721],[30.26739,50.51786],[30.26773,50.51789],[30.26865,50.51853],[30.27009,50.51912],[30.27113,50.51902],[30.27171,50.51935],[30.27166,50.51961],[30.27224,50.52019],[30.27347,50.52096],[30.27372,50.52115],[30.2738,50.52138],[30.27495,50.52164],[30.27626,50.52131],[30.27701,50.52154],[30.27789,50.52181],[30.2789,50.5217],[30.28012,50.52195],[30.28074,50.52244],[30.28145,50.52218],[30.28263,50.52269],[30.28357,50.52297],[30.28417,50.52344],[30.2851,50.52415],[30.28797,50.52511],[30.28902,50.52546],[30.28922,50.52552],[30.28974,50.52569],[30.29,50.52578],[30.29005,50.52599],[30.29024,50.52685],[30.29036,50.52741],[30.29048,50.52794],[30.2907,50.52892],[30.29077,50.52922],[30.2927,50.53276],[30.29875,50.53298],[30.30232,50.53248],[30.30249,50.53325],[30.3039,50.53968],[30.30407,50.54055],[30.30452,50.54366],[30.3045,50.54403],[30.3018,50.54721],[30.30296,50.54766],[30.30303,50.54768],[30.30644,50.54573],[30.30852,50.54453],[30.31107,50.54306],[30.312,50.54252],[30.31982,50.53801],[30.32308,50.53616],[30.32342,50.53597],[30.32827,50.53313],[30.32851,50.53299],[30.33033,50.53194],[30.33787,50.52759],[30.33993,50.52641],[30.34508,50.52344],[30.34529,50.52332],[30.34538,50.52326],[30.34717,50.52223],[30.34832,50.52155],[30.34939,50.52094],[30.35035,50.52036],[30.35115,50.51987],[30.35181,50.51937],[30.35223,50.5191],[30.35273,50.51887],[30.35343,50.51855],[30.35407,50.51825],[30.35483,50.5179],[30.35585,50.51757],[30.35685,50.51725],[30.358,50.51691],[30.35922,50.51655],[30.3608,50.51607],[30.36091,50.51604],[30.36121,50.51596],[30.36173,50.51582],[30.36205,50.51575],[30.3621,50.51542],[30.36296,50.51064],[30.36395,50.50552],[30.36416,50.50447],[30.36436,50.50341],[30.36469,50.50172],[30.36476,50.50131],[30.36491,50.50053],[30.36498,50.50022],[30.36506,50.4992],[30.36511,50.4987],[30.36552,50.49846],[30.3665,50.49816],[30.36702,50.49795],[30.36739,50.49781],[30.36759,50.49773],[30.36792,50.49762],[30.36968,50.497],[30.36991,50.49691],[30.37021,50.49674],[30.37025,50.49673],[30.37113,50.4964],[30.37117,50.49639],[30.37144,50.49629],[30.37211,50.49605],[30.3728,50.49578],[30.37345,50.49552],[30.37393,50.49534],[30.37592,50.49455],[30.37625,50.49442],[30.37878,50.49343],[30.379,50.49335],[30.37918,50.49328],[30.37966,50.49309],[30.38042,50.49279],[30.38132,50.49244],[30.38207,50.49215],[30.38292,50.49182],[30.3837,50.49151],[30.38379,50.49148],[30.38424,50.4913],[30.38579,50.4907],[30.38612,50.49057],[30.38649,50.49043],[30.38711,50.49019],[30.38717,50.49017],[30.38905,50.48944],[30.38965,50.4892],[30.39014,50.48901],[30.39113,50.48862],[30.39207,50.48826],[30.39297,50.48791],[30.39381,50.48758],[30.39436,50.48736],[30.39439,50.48735],[30.39445,50.48732],[30.39457,50.48728],[30.39479,50.48719],[30.39507,50.48709],[30.39558,50.48686],[30.39592,50.48669],[30.39599,50.48667],[30.39606,50.48664],[30.3958,50.48642],[30.39571,50.48617],[30.39568,50.48597],[30.39571,50.4858],[30.39571,50.48537],[30.39572,50.48517],[30.39573,50.48478],[30.39575,50.48428],[30.39576,50.48418],[30.39577,50.4836],[30.39579,50.48319],[30.39581,50.48291],[30.39579,50.48237],[30.39582,50.48158],[30.39583,50.48145],[30.39583,50.48135],[30.39583,50.48126],[30.39582,50.47994],[30.39583,50.47976],[30.39583,50.47918],[30.39585,50.47856],[30.39586,50.47836],[30.3959,50.47712],[30.3959,50.47683],[30.3959,50.47634],[30.39593,50.4756],[30.39594,50.47493],[30.39593,50.47471],[30.39593,50.47461],[30.39596,50.47194],[30.39598,50.47076],[30.396,50.46971],[30.39605,50.46738],[30.39605,50.46728],[30.39603,50.46704],[30.39604,50.4645],[30.39604,50.46441],[30.39604,50.46405],[30.39606,50.46359],[30.39606,50.4618],[30.39606,50.46143],[30.39607,50.46015],[30.39605,50.45987],[30.39604,50.45949],[30.39604,50.45858],[30.39605,50.45823],[30.39607,50.45807],[30.39606,50.45801],[30.39957,50.45824],[30.40079,50.45832],[30.40158,50.45837],[30.40291,50.45842],[30.40985,50.45889],[30.41073,50.45896],[30.41092,50.45899],[30.41436,50.45938],[30.41485,50.45942],[30.41577,50.45942],[30.41573,50.45905],[30.41565,50.45812],[30.41556,50.45747],[30.41544,50.45703],[30.41526,50.45662],[30.41507,50.45626],[30.41476,50.45573],[30.41439,50.45531],[30.41397,50.45493],[30.41365,50.45471],[30.41306,50.45431],[30.41235,50.45389],[30.41163,50.45351],[30.40798,50.45154],[30.40693,50.45099],[30.4062,50.4506],[30.40418,50.4495],[30.40377,50.44924],[30.40229,50.44848],[30.40195,50.44832],[30.4012,50.4479],[30.40063,50.44758],[30.40034,50.44738],[30.39973,50.44689],[30.39937,50.44647],[30.39909,50.44607],[30.39865,50.44523],[30.39835,50.44429],[30.39774,50.44244],[30.39762,50.44204],[30.39757,50.44182],[30.39751,50.44145],[30.39755,50.44112],[30.39762,50.44082],[30.39787,50.4403],[30.39806,50.44001],[30.39837,50.43962],[30.39854,50.43929]],[[30.33934,50.48427],[30.34119,50.48564],[30.34238,50.48672],[30.34387,50.48647],[30.34391,50.48657],[30.34427,50.48741],[30.34561,50.4872],[30.34524,50.48622],[30.34805,50.48588],[30.34907,50.48887],[30.34605,50.48938],[30.34477,50.49142],[30.34486,50.49176],[30.34505,50.49187],[30.34559,50.49177],[30.34572,50.49198],[30.34639,50.49412],[30.34543,50.49867],[30.34388,50.49867],[30.34372,50.49789],[30.34207,50.49758],[30.34116,50.49764],[30.34096,50.49628],[30.34001,50.49672],[30.33977,50.49752],[30.3403,50.49824],[30.33998,50.49827],[30.33942,50.49828],[30.33931,50.49773],[30.33919,50.49754],[30.33909,50.49717],[30.33902,50.49656],[30.33723,50.49645],[30.33711,50.49434],[30.3347,50.49457],[30.33487,50.49345],[30.33473,50.49344],[30.32753,50.49292],[30.32505,50.49274],[30.32004,50.49516],[30.3196,50.49576],[30.31935,50.49587],[30.31917,50.49569],[30.31903,50.49554],[30.31876,50.49527],[30.31871,50.49523],[30.31868,50.4952],[30.31853,50.49507],[30.31838,50.49489],[30.31803,50.49453],[30.31773,50.49408],[30.31737,50.49201],[30.31752,50.49154],[30.31815,50.49162],[30.31881,50.49065],[30.31901,50.49061],[30.32001,50.49065],[30.32041,50.48877],[30.32077,50.4874],[30.32085,50.4871],[30.32089,50.48693],[30.32087,50.4867],[30.32185,50.48643],[30.3223,50.48631],[30.32256,50.48624],[30.32272,50.48619],[30.32412,50.48578],[30.32454,50.48568],[30.32483,50.48559],[30.32505,50.48552],[30.32702,50.48508],[30.32727,50.48471],[30.32793,50.48459],[30.33131,50.484],[30.33301,50.48384],[30.33633,50.48321],[30.33649,50.48395],[30.33672,50.48467],[30.33723,50.48511],[30.33746,50.48511],[30.33934,50.48427]]]]},"center":[30.356052,50.473786]},{"type":"Feature","properties":{"name":"Шевченківський"},"geometry":{"type":"MultiPolygon","coordinates":[[[[30.39617,50.48656],[30.39641,50.48644],[30.39659,50.48635],[30.3968,50.48622],[30.39701,50.48607],[30.39798,50.48552],[30.39824,50.48539],[30.39892,50.48502],[30.39908,50.48494],[30.3999,50.48449],[30.40011,50.48438],[30.40118,50.4838],[30.40239,50.48316],[30.40321,50.48271],[30.40362,50.48248],[30.40406,50.4823],[30.40446,50.48218],[30.40489,50.482],[30.40719,50.48069],[30.40842,50.47994],[30.40851,50.47989],[30.40854,50.47987],[30.40871,50.47977],[30.40917,50.47949],[30.4098,50.47916],[30.40991,50.4791],[30.41098,50.47853],[30.4122,50.47788],[30.41239,50.47778],[30.41291,50.47761],[30.41308,50.47757],[30.41345,50.47748],[30.41357,50.47745],[30.41398,50.47742],[30.41435,50.47741],[30.41607,50.47741],[30.4173,50.47736],[30.42026,50.4772],[30.4223,50.47709],[30.42446,50.47698],[30.42547,50.47686],[30.42596,50.47678],[30.42706,50.47662],[30.42758,50.47658],[30.42839,50.47657],[30.42892,50.47661],[30.4295,50.47668],[30.42937,50.47691],[30.42926,50.47718],[30.42918,50.47751],[30.42913,50.47787],[30.42912,50.47821],[30.42917,50.47854],[30.42942,50.47947],[30.42976,50.48008],[30.43005,50.48049],[30.43045,50.48093],[30.43197,50.4826],[30.43326,50.48395],[30.43549,50.48619],[30.4357,50.48619],[30.4361,50.4861],[30.43645,50.48605],[30.43796,50.48583],[30.43826,50.48582],[30.43848,50.48589],[30.44001,50.48651],[30.44045,50.48667],[30.44075,50.48677],[30.44106,50.48678],[30.44125,50.48652],[30.44133,50.48642],[30.44156,50.48615],[30.44159,50.48611],[30.44176,50.48591],[30.44184,50.48579],[30.44195,50.48561],[30.44212,50.48519],[30.44218,50.48504],[30.44234,50.48474],[30.44247,50.48462],[30.4428,50.48471],[30.44314,50.48487],[30.4434,50.4848],[30.44415,50.48414],[30.44594,50.48474],[30.44725,50.48396],[30.44704,50.48367],[30.4478,50.48324],[30.44821,50.48355],[30.44867,50.48378],[30.44948,50.48405],[30.44983,50.48383],[30.45121,50.48421],[30.45165,50.48286],[30.4517,50.48266],[30.45177,50.48267],[30.45189,50.48268],[30.45295,50.48282],[30.45364,50.4829],[30.45527,50.48308],[30.45568,50.48244],[30.4558,50.48228],[30.4561,50.48188],[30.45663,50.48129],[30.45671,50.4812],[30.45675,50.48116],[30.4622,50.47716],[30.46271,50.4768],[30.46806,50.47815],[30.47127,50.47817],[30.47208,50.47869],[30.47227,50.47882],[30.47245,50.47913],[30.47248,50.47923],[30.47248,50.47928],[30.47211,50.48003],[30.47211,50.48009],[30.47212,50.48016],[30.47237,50.48068],[30.47265,50.4808],[30.47298,50.48101],[30.47343,50.48119],[30.47406,50.48143],[30.47467,50.48153],[30.47482,50.48155],[30.47521,50.4816],[30.47565,50.48185],[30.47598,50.48191],[30.47608,50.48185],[30.47614,50.48182],[30.47595,50.4817],[30.47537,50.48132],[30.47531,50.48093],[30.47599,50.48019],[30.47741,50.47924],[30.47847,50.47895],[30.47936,50.47903],[30.48048,50.47941],[30.4846,50.4776],[30.4847,50.47756],[30.48408,50.47685],[30.48432,50.47622],[30.48485,50.47565],[30.48652,50.47504],[30.48621,50.47417],[30.48619,50.47333],[30.48766,50.47289],[30.48934,50.47318],[30.48942,50.47323],[30.49025,50.47381],[30.49073,50.47421],[30.49219,50.47401],[30.49279,50.47334],[30.49322,50.47308],[30.49332,50.47302],[30.4941,50.47255],[30.49558,50.47185],[30.49469,50.47074],[30.49431,50.4697],[30.49467,50.4679],[30.49436,50.46738],[30.4938,50.4672],[30.49355,50.46673],[30.49343,50.46625],[30.49418,50.46607],[30.49468,50.46584],[30.49511,50.46566],[30.49541,50.46571],[30.49594,50.46581],[30.49589,50.4663],[30.49612,50.46638],[30.49693,50.46671],[30.49779,50.46707],[30.49908,50.46731],[30.49968,50.46704],[30.49951,50.46597],[30.50084,50.46575],[30.50122,50.46627],[30.50131,50.46698],[30.50135,50.46767],[30.50242,50.46843],[30.50277,50.46874],[30.50375,50.46838],[30.50512,50.46748],[30.50603,50.46745],[30.5068,50.46668],[30.50783,50.46592],[30.50938,50.46507],[30.51026,50.46456],[30.51023,50.46454],[30.5099,50.46432],[30.50985,50.46429],[30.50982,50.46427],[30.50965,50.46416],[30.509,50.46373],[30.50849,50.4634],[30.50754,50.46282],[30.50745,50.46277],[30.50721,50.46262],[30.50694,50.46247],[30.5067,50.46243],[30.50645,50.46238],[30.50617,50.46212],[30.50593,50.46184],[30.50593,50.46149],[30.50676,50.4609],[30.50689,50.46114],[30.50798,50.46086],[30.50861,50.46053],[30.50893,50.45954],[30.50925,50.45938],[30.50937,50.45912],[30.50927,50.45897],[30.50928,50.45861],[30.50942,50.4584],[30.50844,50.4579],[30.50829,50.45755],[30.50854,50.45741],[30.50914,50.4577],[30.5099,50.45779],[30.51027,50.45793],[30.51034,50.45796],[30.51065,50.45806],[30.51082,50.45788],[30.51098,50.45778],[30.51105,50.45775],[30.51112,50.45775],[30.5111,50.45779],[30.51124,50.45798],[30.5112,50.45808],[30.51105,50.45829],[30.51085,50.45858],[30.51093,50.45865],[30.51099,50.4592],[30.51109,50.45936],[30.51147,50.45946],[30.51197,50.45938],[30.51245,50.45911],[30.5127,50.45842],[30.51289,50.45786],[30.5129,50.45726],[30.51344,50.45705],[30.51378,50.45684],[30.51419,50.45664],[30.51458,50.45692],[30.51388,50.45733],[30.51397,50.45757],[30.51395,50.458],[30.51376,50.45821],[30.5137,50.4585],[30.51351,50.4588],[30.51366,50.45888],[30.51375,50.45893],[30.51443,50.45879],[30.51475,50.45894],[30.51526,50.45905],[30.51529,50.45913],[30.5154,50.45914],[30.51566,50.45904],[30.51589,50.45905],[30.51633,50.45918],[30.5163,50.45894],[30.51653,50.45882],[30.5168,50.45875],[30.5174,50.45837],[30.51774,50.45826],[30.51821,50.45834],[30.51817,50.45841],[30.51813,50.45844],[30.51806,50.45849],[30.51789,50.4586],[30.51751,50.45894],[30.51746,50.45901],[30.5174,50.45933],[30.51732,50.45943],[30.51738,50.45943],[30.51773,50.45944],[30.51803,50.45945],[30.51824,50.45947],[30.51835,50.45945],[30.51841,50.4594],[30.51852,50.45921],[30.51863,50.45905],[30.51884,50.4589],[30.51906,50.45885],[30.51934,50.45885],[30.51959,50.45883],[30.51976,50.45878],[30.51992,50.4587],[30.52009,50.4586],[30.52022,50.45854],[30.52037,50.45851],[30.52054,50.4585],[30.52095,50.45849],[30.5212,50.45843],[30.52137,50.45833],[30.52204,50.45788],[30.52257,50.45752],[30.52272,50.45746],[30.52311,50.45732],[30.52317,50.45729],[30.5232,50.45732],[30.52384,50.45814],[30.52413,50.45851],[30.52433,50.45875],[30.5251,50.4589],[30.52515,50.45886],[30.5258,50.45843],[30.52607,50.45826],[30.52628,50.45811],[30.52665,50.45779],[30.52722,50.4573],[30.52753,50.45701],[30.52781,50.45671],[30.52792,50.45655],[30.528,50.45641],[30.52806,50.45624],[30.52805,50.45611],[30.52804,50.456],[30.52798,50.45588],[30.52789,50.45575],[30.5278,50.45564],[30.52771,50.45553],[30.52763,50.45536],[30.52759,50.45524],[30.52756,50.45513],[30.52754,50.45504],[30.52752,50.4549],[30.52753,50.45478],[30.52754,50.45459],[30.52759,50.45426],[30.52775,50.45352],[30.52789,50.45297],[30.52798,50.4527],[30.52811,50.45219],[30.52816,50.45201],[30.52829,50.45179],[30.5282,50.45177],[30.52808,50.45173],[30.5278,50.4518],[30.5276,50.45183],[30.52685,50.45189],[30.5267,50.45187],[30.52656,50.45184],[30.52634,50.45175],[30.52604,50.45152],[30.52539,50.45104],[30.52474,50.45056],[30.52452,50.4504],[30.52466,50.45033],[30.5249,50.45023],[30.52657,50.44962],[30.52698,50.44945],[30.52611,50.44873],[30.52585,50.44886],[30.52477,50.44928],[30.52442,50.4489],[30.52336,50.44923],[30.52308,50.44933],[30.5228,50.44905],[30.52254,50.44872],[30.5223,50.44833],[30.52204,50.44778],[30.52198,50.44761],[30.52109,50.4449],[30.52106,50.44478],[30.52088,50.44426],[30.52072,50.44375],[30.52065,50.44354],[30.52048,50.44302],[30.52067,50.44294],[30.52089,50.44287],[30.52117,50.44281],[30.52124,50.4428],[30.5218,50.4427],[30.52204,50.44266],[30.52221,50.44259],[30.52226,50.44255],[30.52231,50.44247],[30.52233,50.44233],[30.52233,50.44227],[30.52235,50.44213],[30.52238,50.44189],[30.52214,50.44188],[30.52194,50.44193],[30.52021,50.44221],[30.5199,50.44125],[30.51984,50.44109],[30.51983,50.44105],[30.51979,50.44091],[30.51974,50.44079],[30.51967,50.44067],[30.51954,50.44056],[30.51907,50.44034],[30.51846,50.44006],[30.51812,50.4399],[30.51809,50.43989],[30.51742,50.43959],[30.51703,50.43941],[30.5168,50.43931],[30.51638,50.4393],[30.51625,50.43928],[30.51617,50.43936],[30.51608,50.43943],[30.51592,50.43955],[30.51429,50.43982],[30.51395,50.43988],[30.51379,50.43992],[30.51368,50.43993],[30.51356,50.43996],[30.51348,50.43998],[30.51336,50.44],[30.51272,50.44011],[30.51202,50.44022],[30.5115,50.44031],[30.51135,50.44033],[30.51114,50.44037],[30.51091,50.4404],[30.50841,50.4408],[30.50817,50.44083],[30.5018,50.44187],[30.5015,50.44192],[30.49988,50.44122],[30.49975,50.44117],[30.49952,50.44107],[30.49906,50.44088],[30.49897,50.44083],[30.49795,50.44039],[30.49773,50.4403],[30.49754,50.44022],[30.49698,50.43997],[30.49686,50.43991],[30.49555,50.43933],[30.49546,50.43929],[30.4953,50.43922],[30.49522,50.43918],[30.49412,50.43864],[30.49405,50.43861],[30.49375,50.43873],[30.49203,50.44009],[30.49121,50.44065],[30.49213,50.44146],[30.493,50.44201],[30.49171,50.44166],[30.49017,50.44157],[30.49013,50.44157],[30.49002,50.44156],[30.48888,50.4424],[30.4887,50.44252],[30.48865,50.44249],[30.48749,50.44336],[30.48714,50.44358],[30.48623,50.44418],[30.48571,50.44447],[30.4852,50.44469],[30.48444,50.44494],[30.48337,50.44524],[30.48319,50.44533],[30.48276,50.44546],[30.48271,50.4454],[30.4817,50.4457],[30.48149,50.44578],[30.48102,50.44597],[30.48094,50.44604],[30.47886,50.44666],[30.47787,50.44689],[30.47657,50.4471],[30.47505,50.44718],[30.47355,50.44712],[30.47261,50.44701],[30.47176,50.44688],[30.46742,50.44602],[30.46714,50.44665],[30.4671,50.44673],[30.46692,50.44705],[30.46627,50.44807],[30.46625,50.44811],[30.46622,50.44819],[30.4662,50.44824],[30.46614,50.44851],[30.4661,50.44894],[30.4661,50.4491],[30.46614,50.44927],[30.46618,50.4494],[30.46631,50.44982],[30.46656,50.45046],[30.46662,50.45064],[30.46675,50.45105],[30.46676,50.45108],[30.46659,50.45111],[30.46278,50.45172],[30.45891,50.45236],[30.45419,50.45313],[30.45322,50.4533],[30.45185,50.45354],[30.45136,50.45363],[30.45076,50.45373],[30.44741,50.45426],[30.44653,50.45442],[30.44617,50.45448],[30.44468,50.45472],[30.44186,50.45518],[30.44061,50.45538],[30.4363,50.45608],[30.43129,50.45689],[30.42964,50.45716],[30.42793,50.45743],[30.4264,50.45769],[30.4244,50.45802],[30.4226,50.45832],[30.42124,50.45854],[30.42035,50.45869],[30.41905,50.4589],[30.41758,50.45917],[30.41628,50.4594],[30.41577,50.45942],[30.41485,50.45942],[30.41436,50.45938],[30.41092,50.45899],[30.41073,50.45896],[30.40985,50.45889],[30.40291,50.45842],[30.40158,50.45837],[30.40079,50.45832],[30.39957,50.45824],[30.39606,50.45801],[30.39607,50.45807],[30.39605,50.45823],[30.39604,50.45858],[30.39604,50.45949],[30.39605,50.45987],[30.39607,50.46015],[30.39606,50.46143],[30.39606,50.4618],[30.39606,50.46359],[30.39604,50.46405],[30.39604,50.46441],[30.39604,50.4645],[30.39603,50.46704],[30.39605,50.46728],[30.39605,50.46738],[30.396,50.46971],[30.39598,50.47076],[30.39596,50.47194],[30.39593,50.47461],[30.39593,50.47471],[30.39594,50.47493],[30.39593,50.4756],[30.3959,50.47634],[30.3959,50.47683],[30.3959,50.47712],[30.39586,50.47836],[30.39585,50.47856],[30.39583,50.47918],[30.39583,50.47976],[30.39582,50.47994],[30.39583,50.48126],[30.39583,50.48135],[30.39583,50.48145],[30.39582,50.48158],[30.39579,50.48237],[30.39581,50.48291],[30.39579,50.48319],[30.39577,50.4836],[30.39576,50.48418],[30.39575,50.48428],[30.39573,50.48478],[30.39572,50.48517],[30.39571,50.48537],[30.39571,50.4858],[30.39568,50.48597],[30.39571,50.48617],[30.3958,50.48642],[30.39606,50.48664],[30.39612,50.48661],[30.39617,50.48656]]]]},"center":[30.466122,50.468121]}]}