date,hour,district,matched_term,window_start,window_end,hours,hour_start,hour_end,post_id,post_url,post_text_short
2026-01-01,1,Вишгородський,Іванків,2026-01-01T00:46:49+02:00,2026-01-01T02:40:39+02:00,1.9,0,2,107920,https://t.me/kievreal1/107920,5 шахедів на Іванків
2026-01-01,4,Вишгородський,Чорнобиль,2026-01-01T04:25:39+02:00,2026-01-01T09:27:59+02:00,5.0,4,9,107923,https://t.me/kievreal1/107923,1 шахед на Чорнобиль 1 шахед на Іванків
2026-01-01,4,Вишгородський,Іванків,2026-01-01T04:25:39+02:00,2026-01-01T09:27:59+02:00,5.0,4,9,107923,https://t.me/kievreal1/107923,1 шахед на Чорнобиль 1 шахед на Іванків
2026-01-01,5,Бучанський,Пісківка,2026-01-01T04:25:39+02:00,2026-01-01T09:27:59+02:00,5.0,4,9,107924,https://t.me/kievreal1/107924,2 шахеди на Пісківку 2 шахеди на Іванків
2026-01-01,5,Вишгородський,Іванків,2026-01-01T04:25:39+02:00,2026-01-01T09:27:59+02:00,5.0,4,9,107924,https://t.me/kievreal1/107924,2 шахеди на Пісківку 2 шахеди на Іванків
2026-01-01,8,Бучанський,Бучанський,2026-01-01T04:25:39+02:00,2026-01-01T09:27:59+02:00,5.0,4,9,107925,https://t.me/kievreal1/107925,Тривога в Бучанському районі. БпЛА на Житомирщину повз Іванків
2026-01-01,8,Вишгородський,Іванків,2026-01-01T04:25:39+02:00,2026-01-01T09:27:59+02:00,5.0,4,9,107925,https://t.me/kievreal1/107925,Тривога в Бучанському районі. БпЛА на Житомирщину повз Іванків
2026-01-01,11,Вишгородський,Вишгородський,2026-01-01T11:26:19+02:00,2026-01-01T14:13:59+02:00,2.8,11,14,107934,https://t.me/kievreal1/107934,🚨 КИЇВСЬКА ОБЛАСТЬ - ОГОЛОШЕНА ПОВІТРЯНА ТРИВОГА БпЛА повз Вишгородський район у бік Житомирщини.
2026-01-01,11,Вишгородський,Чорнобиль,2026-01-01T11:26:19+02:00,2026-01-01T14:13:59+02:00,2.8,11,14,107935,https://t.me/kievreal1/107935,БпЛА в Чорнобильській зоні вже
2026-01-01,12,Вишгородський,Чорнобиль,2026-01-01T11:26:19+02:00,2026-01-01T14:13:59+02:00,2.8,11,14,107938,https://t.me/kievreal1/107938,"З моря на Чорнобильську зону ще БпЛА, по ракетах вже відбій"
2026-01-01,13,Вишгородський,Чорнобиль,2026-01-01T11:26:19+02:00,2026-01-01T14:13:59+02:00,2.8,11,14,107940,https://t.me/kievreal1/107940,"БпЛА на Чорнобильську зону, Красятичі і в бік Житомирщини 🤫 якщо у вас premium, підтримайте, будь ласка, наш канал своїм голосом – t.me/kie…"
2026-01-01,16,Вишгородський,Вишгородський,2026-01-01T16:50:49+02:00,2026-01-01T18:14:09+02:00,1.4,16,18,107945,https://t.me/kievreal1/107945,🚨 КИЇВСЬКА ОБЛАСТЬ - ОГОЛОШЕНА ПОВІТРЯНА ТРИВОГА У Вишгородському районі БпЛА поблизу Чорнобильської зони.
2026-01-01,16,Вишгородський,Чорнобиль,2026-01-01T16:50:49+02:00,2026-01-01T18:14:09+02:00,1.4,16,18,107945,https://t.me/kievreal1/107945,🚨 КИЇВСЬКА ОБЛАСТЬ - ОГОЛОШЕНА ПОВІТРЯНА ТРИВОГА У Вишгородському районі БпЛА поблизу Чорнобильської зони.
2026-01-01,17,Бучанський,Гостомель,2026-01-01T16:50:49+02:00,2026-01-01T18:14:09+02:00,1.4,16,18,107948,https://t.me/kievreal1/107948,На Гостомель
2026-01-01,17,Вишгородський,Лебедівка,2026-01-01T16:50:49+02:00,2026-01-01T18:14:09+02:00,1.4,16,18,107949,https://t.me/kievreal1/107949,Лебедівка – уважно
2026-01-01,18,Броварський,Броварський,2026-01-01T16:50:49+02:00,2026-01-01T18:14:09+02:00,1.4,16,18,107951,https://t.me/kievreal1/107951,"У нас чисто, однак ще триває тривога в Броварському та Вишгородському районах"
2026-01-01,18,Вишгородський,Вишгородський,2026-01-01T16:50:49+02:00,2026-01-01T18:14:09+02:00,1.4,16,18,107951,https://t.me/kievreal1/107951,"У нас чисто, однак ще триває тривога в Броварському та Вишгородському районах"
2026-01-02,1,Вишгородський,Чорнобиль,2026-01-02T01:00:09+02:00,2026-01-02T02:17:03+02:00,1.3,1,2,107968,https://t.me/kievreal1/107968,Шахед на Чорнобиль
2026-01-02,22,Броварський,Броварський,2026-01-02T22:24:59+02:00,2026-01-02T23:38:49+02:00,1.2,22,23,108005,https://t.me/kievreal1/108005,БПЛА на Броварський район
2026-01-02,22,Броварський,Бровари,2026-01-02T22:24:59+02:00,2026-01-02T23:38:49+02:00,1.2,22,23,108009,https://t.me/kievreal1/108009,Бровари
2026-01-02,22,Бориспільський,Бориспіль,2026-01-02T22:24:59+02:00,2026-01-02T23:38:49+02:00,1.2,22,23,108015,https://t.me/kievreal1/108015,"Вишеньки, Бориспіль"
2026-01-02,22,Обухівський,Обухів,2026-01-02T22:24:59+02:00,2026-01-02T23:38:49+02:00,1.2,22,23,108016,https://t.me/kievreal1/108016,Обухів
2026-01-02,22,Бориспільський,Бориспіль,2026-01-02T22:24:59+02:00,2026-01-02T23:38:49+02:00,1.2,22,23,108017,https://t.me/kievreal1/108017,2 на Бориспіль
2026-01-02,23,Бориспільський,Бориспіль,2026-01-02T22:24:59+02:00,2026-01-02T23:38:49+02:00,1.2,22,23,108018,https://t.me/kievreal1/108018,2 на Бориспіль
2026-01-02,23,Бориспільський,Переяслав,2026-01-02T22:24:59+02:00,2026-01-02T23:38:49+02:00,1.2,22,23,108019,https://t.me/kievreal1/108019,1 на Вишеньки 1 на Переяслав
2026-01-02,23,Обухівський,Козин,2026-01-02T22:24:59+02:00,2026-01-02T23:38:49+02:00,1.2,22,23,108020,https://t.me/kievreal1/108020,БПЛА на Козин
2026-01-02,23,Бориспільський,Переяслав,2026-01-02T22:24:59+02:00,2026-01-02T23:38:49+02:00,1.2,22,23,108021,https://t.me/kievreal1/108021,Переяслав - ховаємось
2026-01-04,8,Броварський,Броварський,2026-01-04T08:25:39+02:00,2026-01-04T08:40:19+02:00,0.2,8,8,108070,https://t.me/kievreal1/108070,🚨 КИЇВСЬКА ОБЛАСТЬ - ОГОЛОШЕНА ПОВІТРЯНА ТРИВОГА Загроза для Броварського району через БпЛА із Чернігівщини курсом на Семиполки.
2026-01-04,8,Броварський,Бровари,2026-01-04T08:25:39+02:00,2026-01-04T08:40:19+02:00,0.2,8,8,108072,https://t.me/kievreal1/108072,Йде на Бровари / Залісся / Богданівку
2026-01-04,8,Броварський,Залісся,2026-01-04T08:25:39+02:00,2026-01-04T08:40:19+02:00,0.2,8,8,108072,https://t.me/kievreal1/108072,Йде на Бровари / Залісся / Богданівку
2026-01-04,8,Броварський,Бровари,2026-01-04T08:25:39+02:00,2026-01-04T08:40:19+02:00,0.2,8,8,108073,https://t.me/kievreal1/108073,Йде на Бровари / Залісся / Богданівку
2026-01-04,8,Броварський,Залісся,2026-01-04T08:25:39+02:00,2026-01-04T08:40:19+02:00,0.2,8,8,108073,https://t.me/kievreal1/108073,Йде на Бровари / Залісся / Богданівку
2026-01-04,8,Броварський,Бровари,2026-01-04T08:25:39+02:00,2026-01-04T08:40:19+02:00,0.2,8,8,108074,https://t.me/kievreal1/108074,"Бровари – йде до вас, обережно"
2026-01-04,8,Броварський,Бровари,2026-01-04T08:25:39+02:00,2026-01-04T08:40:19+02:00,0.2,8,8,108075,https://t.me/kievreal1/108075,"Бровари – йде до вас, обережно"
2026-01-05,1,Обухівський,Миронівка,2026-01-05T00:40:49+02:00,2026-01-05T05:45:49+02:00,5.1,0,5,108115,https://t.me/kievreal1/108115,1 шахед на Богуслав 1 шахед на Миронівку 1 шахед на Васильків
2026-01-05,1,Обухівський,Васильків,2026-01-05T00:40:49+02:00,2026-01-05T05:45:49+02:00,5.1,0,5,108115,https://t.me/kievreal1/108115,1 шахед на Богуслав 1 шахед на Миронівку 1 шахед на Васильків
2026-01-05,1,Броварський,Баришівка,2026-01-05T00:40:49+02:00,2026-01-05T05:45:49+02:00,5.1,0,5,108116,https://t.me/kievreal1/108116,1 шахед на Баришівку 1 шахед на Білу Церкву 1 шахед на Узин
2026-01-05,1,Обухівський,Васильків,2026-01-05T00:40:49+02:00,2026-01-05T05:45:49+02:00,5.1,0,5,108119,https://t.me/kievreal1/108119,1 шахед на Васильків
2026-01-05,1,Фастівський,Фастів,2026-01-05T00:40:49+02:00,2026-01-05T05:45:49+02:00,5.1,0,5,108122,https://t.me/kievreal1/108122,Фастів в укриттях
2026-01-05,1,Броварський,Бровари,2026-01-05T00:40:49+02:00,2026-01-05T05:45:49+02:00,5.1,0,5,108124,https://t.me/kievreal1/108124,1 шахед на Бровари
2026-01-05,1,Вишгородський,Вишгород,2026-01-05T00:40:49+02:00,2026-01-05T05:45:49+02:00,5.1,0,5,108125,https://t.me/kievreal1/108125,1 шахед на Вишгород 1 шахед на Васильків 2 шахеди на Бровари
2026-01-05,1,Обухівський,Васильків,2026-01-05T00:40:49+02:00,2026-01-05T05:45:49+02:00,5.1,0,5,108125,https://t.me/kievreal1/108125,1 шахед на Вишгород 1 шахед на Васильків 2 шахеди на Бровари
2026-01-05,1,Броварський,Бровари,2026-01-05T00:40:49+02:00,2026-01-05T05:45:49+02:00,5.1,0,5,108125,https://t.me/kievreal1/108125,1 шахед на Вишгород 1 шахед на Васильків 2 шахеди на Бровари
2026-01-05,2,Вишгородський,Вишгород,2026-01-05T00:40:49+02:00,2026-01-05T05:45:49+02:00,5.1,0,5,108127,https://t.me/kievreal1/108127,Цілі на Вишгород
2026-01-05,2,Вишгородський,Вишгород,2026-01-05T00:40:49+02:00,2026-01-05T05:45:49+02:00,5.1,0,5,108128,https://t.me/kievreal1/108128,Цілі на Вишгород
2026-01-05,2,Броварський,Бровари,2026-01-05T00:40:49+02:00,2026-01-05T05:45:49+02:00,5.1,0,5,108132,https://t.me/kievreal1/108132,2 шахеда на Бровари
2026-01-05,2,Вишгородський,Жукин,2026-01-05T00:40:49+02:00,2026-01-05T05:45:49+02:00,5.1,0,5,108133,https://t.me/kievreal1/108133,1 шахед на Жукин
2026-01-05,2,Вишгородський,Вишгород,2026-01-05T00:40:49+02:00,2026-01-05T05:45:49+02:00,5.1,0,5,108134,https://t.me/kievreal1/108134,1 шахед на Троєщину 6 шахедів на Вишгород
2026-01-05,2,Вишгородський,Вишгород,2026-01-05T00:40:49+02:00,2026-01-05T05:45:49+02:00,5.1,0,5,108138,https://t.me/kievreal1/108138,1 шахед на Вишгород 1 шахед на Димер
2026-01-05,2,Вишгородський,Димер,2026-01-05T00:40:49+02:00,2026-01-05T05:45:49+02:00,5.1,0,5,108138,https://t.me/kievreal1/108138,1 шахед на Вишгород 1 шахед на Димер
2026-01-05,3,Вишгородський,Вишгород,2026-01-05T00:40:49+02:00,2026-01-05T05:45:49+02:00,5.1,0,5,108140,https://t.me/kievreal1/108140,2 шахеди на Вишгород 1 шахед на Калиту
2026-01-05,3,Броварський,Калита,2026-01-05T00:40:49+02:00,2026-01-05T05:45:49+02:00,5.1,0,5,108140,https://t.me/kievreal1/108140,2 шахеди на Вишгород 1 шахед на Калиту
2026-01-05,3,Вишгородський,Вишгород,2026-01-05T00:40:49+02:00,2026-01-05T05:45:49+02:00,5.1,0,5,108142,https://t.me/kievreal1/108142,2 шахеди на Вишгород 1 шахед на Бровари 1 шахед на Залісся
2026-01-05,3,Броварський,Бровари,2026-01-05T00:40:49+02:00,2026-01-05T05:45:49+02:00,5.1,0,5,108142,https://t.me/kievreal1/108142,2 шахеди на Вишгород 1 шахед на Бровари 1 шахед на Залісся
2026-01-05,3,Броварський,Залісся,2026-01-05T00:40:49+02:00,2026-01-05T05:45:49+02:00,5.1,0,5,108142,https://t.me/kievreal1/108142,2 шахеди на Вишгород 1 шахед на Бровари 1 шахед на Залісся
2026-01-05,3,Бучанський,Коцюбинське,2026-01-05T00:40:49+02:00,2026-01-05T05:45:49+02:00,5.1,0,5,108143,https://t.me/kievreal1/108143,"Київ : 2 шахеди на Коцюбинське Підтримати канал, буду вдячний Вам: https://base.monobank.ua/5Fq7h9FVj7BSWk ➡"
2026-01-05,3,Бориспільський,Бориспіль,2026-01-05T00:40:49+02:00,2026-01-05T05:45:49+02:00,5.1,0,5,108144,https://t.me/kievreal1/108144,Шахеди на Бориспіль
2026-01-05,3,Бориспільський,Переяслав,2026-01-05T00:40:49+02:00,2026-01-05T05:45:49+02:00,5.1,0,5,108148,https://t.me/kievreal1/108148,Останній шахед на Переяслав/Яготин
2026-01-05,3,Бориспільський,Яготин,2026-01-05T00:40:49+02:00,2026-01-05T05:45:49+02:00,5.1,0,5,108148,https://t.me/kievreal1/108148,Останній шахед на Переяслав/Яготин
2026-01-05,4,Бориспільський,Бориспіль,2026-01-05T00:40:49+02:00,2026-01-05T05:45:49+02:00,5.1,0,5,108149,https://t.me/kievreal1/108149,1 шахед на Бориспіль
2026-01-05,4,Вишгородський,Димер,2026-01-05T00:40:49+02:00,2026-01-05T05:45:49+02:00,5.1,0,5,108150,https://t.me/kievreal1/108150,2 шахеди на Димер
2026-01-05,4,Фастівський,Фастівський,2026-01-05T00:40:49+02:00,2026-01-05T05:45:49+02:00,5.1,0,5,108151,https://t.me/kievreal1/108151,"Цієї ночі ворог знову цинічно та масовано атакує Київщину Під ударом — мирні міста й села, домівки звичайних людей, об’єкти критичної інфра…"
2026-01-05,4,Вишгородський,Славутич,2026-01-05T00:40:49+02:00,2026-01-05T05:45:49+02:00,5.1,0,5,108151,https://t.me/kievreal1/108151,"Цієї ночі ворог знову цинічно та масовано атакує Київщину Під ударом — мирні міста й села, домівки звичайних людей, об’єкти критичної інфра…"
2026-01-05,4,Бучанський,Бородянка,2026-01-05T00:40:49+02:00,2026-01-05T05:45:49+02:00,5.1,0,5,108153,https://t.me/kievreal1/108153,2 шахеди на Бородянку
2026-01-05,4,Фастівський,Фастівський,2026-01-05T00:40:49+02:00,2026-01-05T05:45:49+02:00,5.1,0,5,108154,https://t.me/kievreal1/108154,"Цієї ночі ворог знову цинічно та масовано атакує Київщину Під ударом — мирні міста й села, домівки звичайних людей, об’єкти критичної інфра…"
2026-01-05,5,Бучанський,Бородянка,2026-01-05T00:40:49+02:00,2026-01-05T05:45:49+02:00,5.1,0,5,108161,https://t.me/kievreal1/108161,1 шахед в районі Бородянки
2026-01-05,12,Вишгородський,Вишгородський,2026-01-05T12:21:59+02:00,2026-01-05T12:40:19+02:00,0.3,12,12,108200,https://t.me/kievreal1/108200,🚨 КИЇВСЬКА ОБЛАСТЬ - ОГОЛОШЕНА ПОВІТРЯНА ТРИВОГА Загроза для Вишгородського району через БпЛА.
2026-01-08,22,Броварський,Броварський,2026-01-08T22:09:39+02:00,2026-01-09T04:38:59+02:00,6.5,22,4,108387,https://t.me/kievreal1/108387,🚨 КИЇВСЬКА ОБЛАСТЬ - ОГОЛОШЕНА ПОВІТРЯНА ТРИВОГА Загроза для Броварського району через БпЛА з Чернігівщини.
2026-01-08,22,Броварський,Згурівка,2026-01-08T22:09:39+02:00,2026-01-09T04:38:59+02:00,6.5,22,4,108388,https://t.me/kievreal1/108388,На Згурівку один
2026-01-08,22,Броварський,Згурівка,2026-01-08T22:09:39+02:00,2026-01-09T04:38:59+02:00,6.5,22,4,108389,https://t.me/kievreal1/108389,На Згурівку один
2026-01-08,22,Бориспільський,Березань,2026-01-08T22:09:39+02:00,2026-01-09T04:38:59+02:00,6.5,22,4,108391,https://t.me/kievreal1/108391,На Березань / Баришівку
2026-01-08,22,Броварський,Баришівка,2026-01-08T22:09:39+02:00,2026-01-09T04:38:59+02:00,6.5,22,4,108391,https://t.me/kievreal1/108391,На Березань / Баришівку
2026-01-08,22,Бориспільський,Переяслав,2026-01-08T22:09:39+02:00,2026-01-09T04:38:59+02:00,6.5,22,4,108392,https://t.me/kievreal1/108392,На Переяслав
2026-01-08,22,Бориспільський,Бориспіль,2026-01-08T22:09:39+02:00,2026-01-09T04:38:59+02:00,6.5,22,4,108393,https://t.me/kievreal1/108393,На Бориспіль
2026-01-08,22,Бориспільський,Бориспіль,2026-01-08T22:09:39+02:00,2026-01-09T04:38:59+02:00,6.5,22,4,108395,https://t.me/kievreal1/108395,Для Києва загроза через той БпЛА в районі Борисполя
2026-01-08,22,Бориспільський,Бориспіль,2026-01-08T22:09:39+02:00,2026-01-09T04:38:59+02:00,6.5,22,4,108396,https://t.me/kievreal1/108396,Для Києва загроза через той БпЛА в районі Борисполя
2026-01-08,22,Броварський,Бровари,2026-01-08T22:09:39+02:00,2026-01-09T04:38:59+02:00,6.5,22,4,108399,https://t.me/kievreal1/108399,На Бровари
2026-01-08,22,Бориспільський,Яготин,2026-01-08T22:09:39+02:00,2026-01-09T04:38:59+02:00,6.5,22,4,108403,https://t.me/kievreal1/108403,На Яготин від Черняхівки
2026-01-08,22,Броварський,Згурівка,2026-01-08T22:09:39+02:00,2026-01-09T04:38:59+02:00,6.5,22,4,108408,https://t.me/kievreal1/108408,Згурівка / Яготин – уважно ще
2026-01-08,22,Бориспільський,Яготин,2026-01-08T22:09:39+02:00,2026-01-09T04:38:59+02:00,6.5,22,4,108408,https://t.me/kievreal1/108408,Згурівка / Яготин – уважно ще
2026-01-08,23,Броварський,Бровари,2026-01-08T22:09:39+02:00,2026-01-09T04:38:59+02:00,6.5,22,4,108410,https://t.me/kievreal1/108410,2 шахеди на Бровари 1 шахед на Погреби 1 шахед на Згурівку
2026-01-08,23,Броварський,Згурівка,2026-01-08T22:09:39+02:00,2026-01-09T04:38:59+02:00,6.5,22,4,108410,https://t.me/kievreal1/108410,2 шахеди на Бровари 1 шахед на Погреби 1 шахед на Згурівку
2026-01-08,23,Броварський,Велика Димерка,2026-01-08T22:09:39+02:00,2026-01-09T04:38:59+02:00,6.5,22,4,108411,https://t.me/kievreal1/108411,4 шахеди на Велику Димерку 3 шахеди на Миронівку 2 шахеди на Березань 2 шахеди на Згурівку
2026-01-08,23,Обухівський,Миронівка,2026-01-08T22:09:39+02:00,2026-01-09T04:38:59+02:00,6.5,22,4,108411,https://t.me/kievreal1/108411,4 шахеди на Велику Димерку 3 шахеди на Миронівку 2 шахеди на Березань 2 шахеди на Згурівку
2026-01-08,23,Бориспільський,Березань,2026-01-08T22:09:39+02:00,2026-01-09T04:38:59+02:00,6.5,22,4,108411,https://t.me/kievreal1/108411,4 шахеди на Велику Димерку 3 шахеди на Миронівку 2 шахеди на Березань 2 шахеди на Згурівку
2026-01-08,23,Броварський,Згурівка,2026-01-08T22:09:39+02:00,2026-01-09T04:38:59+02:00,6.5,22,4,108411,https://t.me/kievreal1/108411,4 шахеди на Велику Димерку 3 шахеди на Миронівку 2 шахеди на Березань 2 шахеди на Згурівку
2026-01-08,23,Броварський,Бровари,2026-01-08T22:09:39+02:00,2026-01-09T04:38:59+02:00,6.5,22,4,108413,https://t.me/kievreal1/108413,"БПЛА на Бровари Підтримати канал, буду вдячний Вам: https://base.monobank.ua/4jYdAKEbmcrmLL ➡"
2026-01-08,23,Броварський,Бровари,2026-01-08T22:09:39+02:00,2026-01-09T04:38:59+02:00,6.5,22,4,108414,https://t.me/kievreal1/108414,БпЛА курсом на Погреби 2х БпЛА курсом на Бровари
2026-01-08,23,Вишгородський,Вишгород,2026-01-08T22:09:39+02:00,2026-01-09T04:38:59+02:00,6.5,22,4,108417,https://t.me/kievreal1/108417,"БПЛА на Вишгород, Оболонь"
2026-01-08,23,Броварський,Бровари,2026-01-08T22:09:39+02:00,2026-01-09T04:38:59+02:00,6.5,22,4,108420,https://t.me/kievreal1/108420,7 шахедів повз Бровари курсом на Київ 2 шахеди на Бориспіль 2 шахеди на Васильків 2 шахеди на Обухів 1 шахед на Миронівку
2026-01-08,23,Бориспільський,Бориспіль,2026-01-08T22:09:39+02:00,2026-01-09T04:38:59+02:00,6.5,22,4,108420,https://t.me/kievreal1/108420,7 шахедів повз Бровари курсом на Київ 2 шахеди на Бориспіль 2 шахеди на Васильків 2 шахеди на Обухів 1 шахед на Миронівку
2026-01-08,23,Обухівський,Васильків,2026-01-08T22:09:39+02:00,2026-01-09T04:38:59+02:00,6.5,22,4,108420,https://t.me/kievreal1/108420,7 шахедів повз Бровари курсом на Київ 2 шахеди на Бориспіль 2 шахеди на Васильків 2 шахеди на Обухів 1 шахед на Миронівку
2026-01-08,23,Обухівський,Обухів,2026-01-08T22:09:39+02:00,2026-01-09T04:38:59+02:00,6.5,22,4,108420,https://t.me/kievreal1/108420,7 шахедів повз Бровари курсом на Київ 2 шахеди на Бориспіль 2 шахеди на Васильків 2 шахеди на Обухів 1 шахед на Миронівку
2026-01-08,23,Обухівський,Миронівка,2026-01-08T22:09:39+02:00,2026-01-09T04:38:59+02:00,6.5,22,4,108420,https://t.me/kievreal1/108420,7 шахедів повз Бровари курсом на Київ 2 шахеди на Бориспіль 2 шахеди на Васильків 2 шахеди на Обухів 1 шахед на Миронівку
2026-01-08,0,Бориспільський,Бориспіль,2026-01-08T22:09:39+02:00,2026-01-09T04:38:59+02:00,6.5,22,4,108429,https://t.me/kievreal1/108429,Шахед на Бориспіль
2026-01-08,0,Броварський,Бровари,2026-01-08T22:09:39+02:00,2026-01-09T04:38:59+02:00,6.5,22,4,108441,https://t.me/kievreal1/108441,11 шахедів повз Бровари в бік Києва 10 шахедів на Таращу 6 шахедів повз Бориспіль в бік Києва 4 шахеди на Кагарлик 1 шахед на Яготин 1 шахе…
2026-01-08,0,Білоцерківський,Тараща,2026-01-08T22:09:39+02:00,2026-01-09T04:38:59+02:00,6.5,22,4,108441,https://t.me/kievreal1/108441,11 шахедів повз Бровари в бік Києва 10 шахедів на Таращу 6 шахедів повз Бориспіль в бік Києва 4 шахеди на Кагарлик 1 шахед на Яготин 1 шахе…
2026-01-08,0,Бориспільський,Бориспіль,2026-01-08T22:09:39+02:00,2026-01-09T04:38:59+02:00,6.5,22,4,108441,https://t.me/kievreal1/108441,11 шахедів повз Бровари в бік Києва 10 шахедів на Таращу 6 шахедів повз Бориспіль в бік Києва 4 шахеди на Кагарлик 1 шахед на Яготин 1 шахе…
2026-01-08,0,Обухівський,Кагарлик,2026-01-08T22:09:39+02:00,2026-01-09T04:38:59+02:00,6.5,22,4,108441,https://t.me/kievreal1/108441,11 шахедів повз Бровари в бік Києва 10 шахедів на Таращу 6 шахедів повз Бориспіль в бік Києва 4 шахеди на Кагарлик 1 шахед на Яготин 1 шахе…
2026-01-08,0,Бориспільський,Яготин,2026-01-08T22:09:39+02:00,2026-01-09T04:38:59+02:00,6.5,22,4,108441,https://t.me/kievreal1/108441,11 шахедів повз Бровари в бік Києва 10 шахедів на Таращу 6 шахедів повз Бориспіль в бік Києва 4 шахеди на Кагарлик 1 шахед на Яготин 1 шахе…
2026-01-08,0,Броварський,Баришівка,2026-01-08T22:09:39+02:00,2026-01-09T04:38:59+02:00,6.5,22,4,108441,https://t.me/kievreal1/108441,11 шахедів повз Бровари в бік Києва 10 шахедів на Таращу 6 шахедів повз Бориспіль в бік Києва 4 шахеди на Кагарлик 1 шахед на Яготин 1 шахе…
2026-01-08,0,Фастівський,Калинівка,2026-01-08T22:09:39+02:00,2026-01-09T04:38:59+02:00,6.5,22,4,108441,https://t.me/kievreal1/108441,11 шахедів повз Бровари в бік Києва 10 шахедів на Таращу 6 шахедів повз Бориспіль в бік Києва 4 шахеди на Кагарлик 1 шахед на Яготин 1 шахе…
2026-01-08,0,Обухівський,Ржищів,2026-01-08T22:09:39+02:00,2026-01-09T04:38:59+02:00,6.5,22,4,108441,https://t.me/kievreal1/108441,11 шахедів повз Бровари в бік Києва 10 шахедів на Таращу 6 шахедів повз Бориспіль в бік Києва 4 шахеди на Кагарлик 1 шахед на Яготин 1 шахе…
2026-01-08,0,Обухівський,Козин,2026-01-08T22:09:39+02:00,2026-01-09T04:38:59+02:00,6.5,22,4,108442,https://t.me/kievreal1/108442,"Конча-Заспа, Козин - обережно"
2026-01-08,0,Вишгородський,Вишгород,2026-01-08T22:09:39+02:00,2026-01-09T04:38:59+02:00,6.5,22,4,108443,https://t.me/kievreal1/108443,Київ : БпЛА курсом на Вишгород 2х БпЛА курсом на Рембазу БпЛА курсом на ДВРЗ БпЛА курсом на Нижні Сади БпЛА курсом на Бортничі 2х БпЛА курс…
2026-01-08,0,Броварський,Бровари,2026-01-08T22:09:39+02:00,2026-01-09T04:38:59+02:00,6.5,22,4,108443,https://t.me/kievreal1/108443,Київ : БпЛА курсом на Вишгород 2х БпЛА курсом на Рембазу БпЛА курсом на ДВРЗ БпЛА курсом на Нижні Сади БпЛА курсом на Бортничі 2х БпЛА курс…
2026-01-08,0,Броварський,Бровари,2026-01-08T22:09:39+02:00,2026-01-09T04:38:59+02:00,6.5,22,4,108446,https://t.me/kievreal1/108446,БпЛА курсом на Лісовий масив БпЛА курсом на Дарницю 2х БпЛА курсом на Осокорк БпЛА курсом на Нижні Сади БпЛА курсом на Бортничі 14х БпЛА ку…
2026-01-08,0,Обухівський,Ржищів,2026-01-08T22:09:39+02:00,2026-01-09T04:38:59+02:00,6.5,22,4,108451,https://t.me/kievreal1/108451,Київщина : 16 шахедів на Київ 10 шахедів на Ржищів 10 шахедів повз Рокитне на Білу Церкву 2 шахеди на Березань 2 шахеди на Обухів 1 шахед н…
2026-01-08,0,Білоцерківський,Рокитне,2026-01-08T22:09:39+02:00,2026-01-09T04:38:59+02:00,6.5,22,4,108451,https://t.me/kievreal1/108451,Київщина : 16 шахедів на Київ 10 шахедів на Ржищів 10 шахедів повз Рокитне на Білу Церкву 2 шахеди на Березань 2 шахеди на Обухів 1 шахед н…
2026-01-08,0,Бориспільський,Березань,2026-01-08T22:09:39+02:00,2026-01-09T04:38:59+02:00,6.5,22,4,108451,https://t.me/kievreal1/108451,Київщина : 16 шахедів на Київ 10 шахедів на Ржищів 10 шахедів повз Рокитне на Білу Церкву 2 шахеди на Березань 2 шахеди на Обухів 1 шахед н…
2026-01-08,0,Обухівський,Обухів,2026-01-08T22:09:39+02:00,2026-01-09T04:38:59+02:00,6.5,22,4,108451,https://t.me/kievreal1/108451,Київщина : 16 шахедів на Київ 10 шахедів на Ржищів 10 шахедів повз Рокитне на Білу Церкву 2 шахеди на Березань 2 шахеди на Обухів 1 шахед н…
2026-01-08,0,Броварський,Згурівка,2026-01-08T22:09:39+02:00,2026-01-09T04:38:59+02:00,6.5,22,4,108451,https://t.me/kievreal1/108451,Київщина : 16 шахедів на Київ 10 шахедів на Ржищів 10 шахедів повз Рокитне на Білу Церкву 2 шахеди на Березань 2 шахеди на Обухів 1 шахед н…
2026-01-08,0,Броварський,Баришівка,2026-01-08T22:09:39+02:00,2026-01-09T04:38:59+02:00,6.5,22,4,108451,https://t.me/kievreal1/108451,Київщина : 16 шахедів на Київ 10 шахедів на Ржищів 10 шахедів повз Рокитне на Білу Церкву 2 шахеди на Березань 2 шахеди на Обухів 1 шахед н…
2026-01-08,0,Обухівський,Українка,2026-01-08T22:09:39+02:00,2026-01-09T04:38:59+02:00,6.5,22,4,108451,https://t.me/kievreal1/108451,Київщина : 16 шахедів на Київ 10 шахедів на Ржищів 10 шахедів повз Рокитне на Білу Церкву 2 шахеди на Березань 2 шахеди на Обухів 1 шахед н…
2026-01-08,0,Обухівський,Миронівка,2026-01-08T22:09:39+02:00,2026-01-09T04:38:59+02:00,6.5,22,4,108451,https://t.me/kievreal1/108451,Київщина : 16 шахедів на Київ 10 шахедів на Ржищів 10 шахедів повз Рокитне на Білу Церкву 2 шахеди на Березань 2 шахеди на Обухів 1 шахед н…
2026-01-08,1,Бориспільський,Бориспіль,2026-01-08T22:09:39+02:00,2026-01-09T04:38:59+02:00,6.5,22,4,108457,https://t.me/kievreal1/108457,Ще шахеди підлітають до Києва зі сторони Борисполя
2026-01-08,1,Білоцерківський,Рокитне,2026-01-08T22:09:39+02:00,2026-01-09T04:38:59+02:00,6.5,22,4,108459,https://t.me/kievreal1/108459,13 шахедів повз Рокитне в бік Києва 11 шахедів повз Бориспіль в бік Києва 6 шахедів на Велику Димерку 6 шахедів повз Обухів в бік Києва 2 ш…
2026-01-08,1,Бориспільський,Бориспіль,2026-01-08T22:09:39+02:00,2026-01-09T04:38:59+02:00,6.5,22,4,108459,https://t.me/kievreal1/108459,13 шахедів повз Рокитне в бік Києва 11 шахедів повз Бориспіль в бік Києва 6 шахедів на Велику Димерку 6 шахедів повз Обухів в бік Києва 2 ш…
2026-01-08,1,Броварський,Велика Димерка,2026-01-08T22:09:39+02:00,2026-01-09T04:38:59+02:00,6.5,22,4,108459,https://t.me/kievreal1/108459,13 шахедів повз Рокитне в бік Києва 11 шахедів повз Бориспіль в бік Києва 6 шахедів на Велику Димерку 6 шахедів повз Обухів в бік Києва 2 ш…
2026-01-08,1,Обухівський,Обухів,2026-01-08T22:09:39+02:00,2026-01-09T04:38:59+02:00,6.5,22,4,108459,https://t.me/kievreal1/108459,13 шахедів повз Рокитне в бік Києва 11 шахедів повз Бориспіль в бік Києва 6 шахедів на Велику Димерку 6 шахедів повз Обухів в бік Києва 2 ш…
2026-01-08,1,Бориспільський,Яготин,2026-01-08T22:09:39+02:00,2026-01-09T04:38:59+02:00,6.5,22,4,108459,https://t.me/kievreal1/108459,13 шахедів повз Рокитне в бік Києва 11 шахедів повз Бориспіль в бік Києва 6 шахедів на Велику Димерку 6 шахедів повз Обухів в бік Києва 2 ш…
2026-01-08,1,Фастівський,Гатне,2026-01-08T22:09:39+02:00,2026-01-09T04:38:59+02:00,6.5,22,4,108461,https://t.me/kievreal1/108461,БпЛА курсом на Гатне 8х БпЛА курсом на Конча-Заспу 3х БпЛА курсом на Осокорки 6х БпЛА курсом на Бортничі
2026-01-08,1,Обухівський,Васильків,2026-01-08T22:09:39+02:00,2026-01-09T04:38:59+02:00,6.5,22,4,108462,https://t.me/kievreal1/108462,БпЛА курсом на Васильків 7х БпЛА курсом на Дарницю 7х БпЛА курсом на Бровари 4х БпЛА курсом на Козин
2026-01-08,1,Броварський,Бровари,2026-01-08T22:09:39+02:00,2026-01-09T04:38:59+02:00,6.5,22,4,108462,https://t.me/kievreal1/108462,БпЛА курсом на Васильків 7х БпЛА курсом на Дарницю 7х БпЛА курсом на Бровари 4х БпЛА курсом на Козин
2026-01-08,1,Обухівський,Козин,2026-01-08T22:09:39+02:00,2026-01-09T04:38:59+02:00,6.5,22,4,108462,https://t.me/kievreal1/108462,БпЛА курсом на Васильків 7х БпЛА курсом на Дарницю 7х БпЛА курсом на Бровари 4х БпЛА курсом на Козин
2026-01-08,1,Броварський,Бровари,2026-01-08T22:09:39+02:00,2026-01-09T04:38:59+02:00,6.5,22,4,108466,https://t.me/kievreal1/108466,7 шахедів повз Бровари в бік Києва 6 шахедів повз Бориспіль в бік Києва 4 шахеди повз Переяслав в бік Києва 3 шахеди над Києвом 4 шахеди по…
2026-01-08,1,Бориспільський,Бориспіль,2026-01-08T22:09:39+02:00,2026-01-09T04:38:59+02:00,6.5,22,4,108466,https://t.me/kievreal1/108466,7 шахедів повз Бровари в бік Києва 6 шахедів повз Бориспіль в бік Києва 4 шахеди повз Переяслав в бік Києва 3 шахеди над Києвом 4 шахеди по…
2026-01-08,1,Бориспільський,Переяслав,2026-01-08T22:09:39+02:00,2026-01-09T04:38:59+02:00,6.5,22,4,108466,https://t.me/kievreal1/108466,7 шахедів повз Бровари в бік Києва 6 шахедів повз Бориспіль в бік Києва 4 шахеди повз Переяслав в бік Києва 3 шахеди над Києвом 4 шахеди по…
2026-01-08,1,Обухівський,Обухів,2026-01-08T22:09:39+02:00,2026-01-09T04:38:59+02:00,6.5,22,4,108466,https://t.me/kievreal1/108466,7 шахедів повз Бровари в бік Києва 6 шахедів повз Бориспіль в бік Києва 4 шахеди повз Переяслав в бік Києва 3 шахеди над Києвом 4 шахеди по…
2026-01-08,1,Білоцерківський,Рокитне,2026-01-08T22:09:39+02:00,2026-01-09T04:38:59+02:00,6.5,22,4,108466,https://t.me/kievreal1/108466,7 шахедів повз Бровари в бік Києва 6 шахедів повз Бориспіль в бік Києва 4 шахеди повз Переяслав в бік Києва 3 шахеди над Києвом 4 шахеди по…
2026-01-08,1,Обухівський,Васильків,2026-01-08T22:09:39+02:00,2026-01-09T04:38:59+02:00,6.5,22,4,108466,https://t.me/kievreal1/108466,7 шахедів повз Бровари в бік Києва 6 шахедів повз Бориспіль в бік Києва 4 шахеди повз Переяслав в бік Києва 3 шахеди над Києвом 4 шахеди по…
2026-01-08,1,Бориспільський,Бориспіль,2026-01-08T22:09:39+02:00,2026-01-09T04:38:59+02:00,6.5,22,4,108469,https://t.me/kievreal1/108469,14 шахедів повз Бориспіль в бік Києва 11 шахедів повз Васильків в бік Києва 5 шахедів повз Бровари курсом на Київ 2 шахеди повз Переяслав в…
2026-01-08,1,Обухівський,Васильків,2026-01-08T22:09:39+02:00,2026-01-09T04:38:59+02:00,6.5,22,4,108469,https://t.me/kievreal1/108469,14 шахедів повз Бориспіль в бік Києва 11 шахедів повз Васильків в бік Києва 5 шахедів повз Бровари курсом на Київ 2 шахеди повз Переяслав в…
2026-01-08,1,Броварський,Бровари,2026-01-08T22:09:39+02:00,2026-01-09T04:38:59+02:00,6.5,22,4,108469,https://t.me/kievreal1/108469,14 шахедів повз Бориспіль в бік Києва 11 шахедів повз Васильків в бік Києва 5 шахедів повз Бровари курсом на Київ 2 шахеди повз Переяслав в…
2026-01-08,1,Бориспільський,Переяслав,2026-01-08T22:09:39+02:00,2026-01-09T04:38:59+02:00,6.5,22,4,108469,https://t.me/kievreal1/108469,14 шахедів повз Бориспіль в бік Києва 11 шахедів повз Васильків в бік Києва 5 шахедів повз Бровари курсом на Київ 2 шахеди повз Переяслав в…
2026-01-08,1,Броварський,Бровари,2026-01-08T22:09:39+02:00,2026-01-09T04:38:59+02:00,6.5,22,4,108472,https://t.me/kievreal1/108472,"Київ : 3 шахеди на Бровари 3 шахеди на Лісовий масив 1 шахед на Троєщину 1 шахед на Русанівку Підтримати канал, буду вдячний Вам: https://b…"
2026-01-08,1,Обухівський,Васильків,2026-01-08T22:09:39+02:00,2026-01-09T04:38:59+02:00,6.5,22,4,108481,https://t.me/kievreal1/108481,5 шахедів повз Васильків в бік Києва 4 шахеди повз Бровари курсом на Київ 2 шахеди на Згурівку
2026-01-08,1,Броварський,Бровари,2026-01-08T22:09:39+02:00,2026-01-09T04:38:59+02:00,6.5,22,4,108481,https://t.me/kievreal1/108481,5 шахедів повз Васильків в бік Києва 4 шахеди повз Бровари курсом на Київ 2 шахеди на Згурівку
2026-01-08,1,Броварський,Згурівка,2026-01-08T22:09:39+02:00,2026-01-09T04:38:59+02:00,6.5,22,4,108481,https://t.me/kievreal1/108481,5 шахедів повз Васильків в бік Києва 4 шахеди повз Бровари курсом на Київ 2 шахеди на Згурівку
2026-01-08,1,Броварський,Бровари,2026-01-08T22:09:39+02:00,2026-01-09T04:38:59+02:00,6.5,22,4,108482,https://t.me/kievreal1/108482,По 2 БпЛА на Бровари /Бортничі
2026-01-08,2,Броварський,Бровари,2026-01-08T22:09:39+02:00,2026-01-09T04:38:59+02:00,6.5,22,4,108488,https://t.me/kievreal1/108488,5 шахедів повз Бровари в бік Києва 1 шахед на Згурівку 2 шахеди повз Українку в бік Києва
2026-01-08,2,Броварський,Згурівка,2026-01-08T22:09:39+02:00,2026-01-09T04:38:59+02:00,6.5,22,4,108488,https://t.me/kievreal1/108488,5 шахедів повз Бровари в бік Києва 1 шахед на Згурівку 2 шахеди повз Українку в бік Києва
2026-01-08,2,Обухівський,Українка,2026-01-08T22:09:39+02:00,2026-01-09T04:38:59+02:00,6.5,22,4,108488,https://t.me/kievreal1/108488,5 шахедів повз Бровари в бік Києва 1 шахед на Згурівку 2 шахеди повз Українку в бік Києва
2026-01-08,2,Броварський,Бровари,2026-01-08T22:09:39+02:00,2026-01-09T04:38:59+02:00,6.5,22,4,108495,https://t.me/kievreal1/108495,15 шахедів повз Бровари на Київ 12 шахедів повз Бориспіль на Київ 2 шахеди на Рокитне 1 шахед на Згурівку
2026-01-08,2,Бориспільський,Бориспіль,2026-01-08T22:09:39+02:00,2026-01-09T04:38:59+02:00,6.5,22,4,108495,https://t.me/kievreal1/108495,15 шахедів повз Бровари на Київ 12 шахедів повз Бориспіль на Київ 2 шахеди на Рокитне 1 шахед на Згурівку
2026-01-08,2,Білоцерківський,Рокитне,2026-01-08T22:09:39+02:00,2026-01-09T04:38:59+02:00,6.5,22,4,108495,https://t.me/kievreal1/108495,15 шахедів повз Бровари на Київ 12 шахедів повз Бориспіль на Київ 2 шахеди на Рокитне 1 шахед на Згурівку
2026-01-08,2,Броварський,Згурівка,2026-01-08T22:09:39+02:00,2026-01-09T04:38:59+02:00,6.5,22,4,108495,https://t.me/kievreal1/108495,15 шахедів повз Бровари на Київ 12 шахедів повз Бориспіль на Київ 2 шахеди на Рокитне 1 шахед на Згурівку
2026-01-08,2,Обухівський,Васильків,2026-01-08T22:09:39+02:00,2026-01-09T04:38:59+02:00,6.5,22,4,108500,https://t.me/kievreal1/108500,25 шахедів на Київ 2 шахеди на Васильків
2026-01-08,2,Броварський,Бровари,2026-01-08T22:09:39+02:00,2026-01-09T04:38:59+02:00,6.5,22,4,108507,https://t.me/kievreal1/108507,Київ : БпЛА курсом на Жуляни БпЛА курсом на Святошин 5х БпЛА курсом на Троєщину 8х БпЛА курсом на Бортничі 8х БпЛА курсом на Бровари Підтри…
2026-01-08,2,Бучанський,Петропавлівська Борщагівка,2026-01-08T22:09:39+02:00,2026-01-09T04:38:59+02:00,6.5,22,4,108508,https://t.me/kievreal1/108508,17 шахедів на Київ 3 шахеди на Петропавлівську Борщагівку 1 шахед на Обухів 1 шахед на Васильків
2026-01-08,2,Обухівський,Обухів,2026-01-08T22:09:39+02:00,2026-01-09T04:38:59+02:00,6.5,22,4,108508,https://t.me/kievreal1/108508,17 шахедів на Київ 3 шахеди на Петропавлівську Борщагівку 1 шахед на Обухів 1 шахед на Васильків
2026-01-08,2,Обухівський,Васильків,2026-01-08T22:09:39+02:00,2026-01-09T04:38:59+02:00,6.5,22,4,108508,https://t.me/kievreal1/108508,17 шахедів на Київ 3 шахеди на Петропавлівську Борщагівку 1 шахед на Обухів 1 шахед на Васильків
2026-01-08,2,Броварський,Бровари,2026-01-08T22:09:39+02:00,2026-01-09T04:38:59+02:00,6.5,22,4,108509,https://t.me/kievreal1/108509,БпЛА курсом на Жуляни БпЛА курсом на Нивки БпЛА курсом на Троєщину БпЛА курсом на Бортничі 10х БпЛА курсом на Бровари
2026-01-08,2,Броварський,Бровари,2026-01-08T22:09:39+02:00,2026-01-09T04:38:59+02:00,6.5,22,4,108513,https://t.me/kievreal1/108513,2х БпЛА курсом на Поділ БпЛА курсом на Святошин БпЛА курсом на Осокорки 2х БпЛА курсом на Троєщину 6х БпЛА курсом на Бровари
2026-01-08,2,Бучанський,Вишневе,2026-01-08T22:09:39+02:00,2026-01-09T04:38:59+02:00,6.5,22,4,108515,https://t.me/kievreal1/108515,БпЛА курсом на Троєщину БпЛА курсом на Вишневе 2х БпЛА курсом на Вишеньки БпЛА курсом на Боярку 5х БпЛА курсом на Бровари
2026-01-08,2,Фастівський,Боярка,2026-01-08T22:09:39+02:00,2026-01-09T04:38:59+02:00,6.5,22,4,108515,https://t.me/kievreal1/108515,БпЛА курсом на Троєщину БпЛА курсом на Вишневе 2х БпЛА курсом на Вишеньки БпЛА курсом на Боярку 5х БпЛА курсом на Бровари
2026-01-08,2,Броварський,Бровари,2026-01-08T22:09:39+02:00,2026-01-09T04:38:59+02:00,6.5,22,4,108515,https://t.me/kievreal1/108515,БпЛА курсом на Троєщину БпЛА курсом на Вишневе 2х БпЛА курсом на Вишеньки БпЛА курсом на Боярку 5х БпЛА курсом на Бровари
2026-01-08,2,Бучанський,Вишневе,2026-01-08T22:09:39+02:00,2026-01-09T04:38:59+02:00,6.5,22,4,108518,https://t.me/kievreal1/108518,БпЛА курсом на Жуляни БпЛА курсом на Вишневе 2х БпЛА курсом на Велику Димерку БпЛА курсом на Бориспіль 4х БпЛА курсом на Бровари
2026-01-08,2,Броварський,Велика Димерка,2026-01-08T22:09:39+02:00,2026-01-09T04:38:59+02:00,6.5,22,4,108518,https://t.me/kievreal1/108518,БпЛА курсом на Жуляни БпЛА курсом на Вишневе 2х БпЛА курсом на Велику Димерку БпЛА курсом на Бориспіль 4х БпЛА курсом на Бровари
2026-01-08,2,Бориспільський,Бориспіль,2026-01-08T22:09:39+02:00,2026-01-09T04:38:59+02:00,6.5,22,4,108518,https://t.me/kievreal1/108518,БпЛА курсом на Жуляни БпЛА курсом на Вишневе 2х БпЛА курсом на Велику Димерку БпЛА курсом на Бориспіль 4х БпЛА курсом на Бровари
2026-01-08,2,Броварський,Бровари,2026-01-08T22:09:39+02:00,2026-01-09T04:38:59+02:00,6.5,22,4,108518,https://t.me/kievreal1/108518,БпЛА курсом на Жуляни БпЛА курсом на Вишневе 2х БпЛА курсом на Велику Димерку БпЛА курсом на Бориспіль 4х БпЛА курсом на Бровари
2026-01-08,2,Бориспільський,Яготин,2026-01-08T22:09:39+02:00,2026-01-09T04:38:59+02:00,6.5,22,4,108520,https://t.me/kievreal1/108520,Група КР курсом на Яготин
2026-01-08,2,Обухівський,Глеваха,2026-01-08T22:09:39+02:00,2026-01-09T04:38:59+02:00,6.5,22,4,108521,https://t.me/kievreal1/108521,БпЛА курсом на Глеваху БпЛА курсом на Оболонь 3х БпЛА курсом на Велику Димерку БпЛА курсом на Бровари
2026-01-08,2,Броварський,Велика Димерка,2026-01-08T22:09:39+02:00,2026-01-09T04:38:59+02:00,6.5,22,4,108521,https://t.me/kievreal1/108521,БпЛА курсом на Глеваху БпЛА курсом на Оболонь 3х БпЛА курсом на Велику Димерку БпЛА курсом на Бровари
2026-01-08,2,Броварський,Бровари,2026-01-08T22:09:39+02:00,2026-01-09T04:38:59+02:00,6.5,22,4,108521,https://t.me/kievreal1/108521,БпЛА курсом на Глеваху БпЛА курсом на Оболонь 3х БпЛА курсом на Велику Димерку БпЛА курсом на Бровари
2026-01-08,2,Броварський,Згурівка,2026-01-08T22:09:39+02:00,2026-01-09T04:38:59+02:00,6.5,22,4,108522,https://t.me/kievreal1/108522,Група КР курсом на Згурівку
2026-01-08,2,Броварський,Бровари,2026-01-08T22:09:39+02:00,2026-01-09T04:38:59+02:00,6.5,22,4,108523,https://t.me/kievreal1/108523,2х Групи КР повз Бровари в бік Києва Група КР курсом на Згурівку
2026-01-08,2,Броварський,Згурівка,2026-01-08T22:09:39+02:00,2026-01-09T04:38:59+02:00,6.5,22,4,108523,https://t.me/kievreal1/108523,2х Групи КР повз Бровари в бік Києва Група КР курсом на Згурівку
2026-01-08,3,Броварський,Бровари,2026-01-08T22:09:39+02:00,2026-01-09T04:38:59+02:00,6.5,22,4,108529,https://t.me/kievreal1/108529,Група КР повз Бровари в бік Києва
2026-01-08,3,Бориспільський,Бориспіль,2026-01-08T22:09:39+02:00,2026-01-09T04:38:59+02:00,6.5,22,4,108531,https://t.me/kievreal1/108531,БпЛА курсом на Бориспіль БпЛА курсом на Обухів БпЛА курсом на Ржищів
2026-01-08,3,Обухівський,Обухів,2026-01-08T22:09:39+02:00,2026-01-09T04:38:59+02:00,6.5,22,4,108531,https://t.me/kievreal1/108531,БпЛА курсом на Бориспіль БпЛА курсом на Обухів БпЛА курсом на Ржищів
2026-01-08,3,Обухівський,Ржищів,2026-01-08T22:09:39+02:00,2026-01-09T04:38:59+02:00,6.5,22,4,108531,https://t.me/kievreal1/108531,БпЛА курсом на Бориспіль БпЛА курсом на Обухів БпЛА курсом на Ржищів
2026-01-08,3,Білоцерківський,Рокитне,2026-01-08T22:09:39+02:00,2026-01-09T04:38:59+02:00,6.5,22,4,108534,https://t.me/kievreal1/108534,Група КР повз Рокитне в бік Києва Група КР курсом на Згурівку
2026-01-08,3,Броварський,Згурівка,2026-01-08T22:09:39+02:00,2026-01-09T04:38:59+02:00,6.5,22,4,108534,https://t.me/kievreal1/108534,Група КР повз Рокитне в бік Києва Група КР курсом на Згурівку
2026-01-08,3,Бориспільський,Яготин,2026-01-08T22:09:39+02:00,2026-01-09T04:38:59+02:00,6.5,22,4,108536,https://t.me/kievreal1/108536,Ракета на Яготин
2026-01-08,3,Броварський,Бровари,2026-01-08T22:09:39+02:00,2026-01-09T04:38:59+02:00,6.5,22,4,108541,https://t.me/kievreal1/108541,Група КР повз Вишеньки в бік Києва Група КР повз Бровари курсом на Київ 2х Групи КР повз Яготин курсом на Київ
2026-01-08,3,Бориспільський,Яготин,2026-01-08T22:09:39+02:00,2026-01-09T04:38:59+02:00,6.5,22,4,108541,https://t.me/kievreal1/108541,Група КР повз Вишеньки в бік Києва Група КР повз Бровари курсом на Київ 2х Групи КР повз Яготин курсом на Київ
2026-01-08,3,Бориспільський,Бориспіль,2026-01-08T22:09:39+02:00,2026-01-09T04:38:59+02:00,6.5,22,4,108545,https://t.me/kievreal1/108545,Група КР курсом на Мишоловку Група КР курсом на Нижні Сади Група КР курсом на Бориспіль
2026-01-08,3,Бориспільський,Бориспіль,2026-01-08T22:09:39+02:00,2026-01-09T04:38:59+02:00,6.5,22,4,108547,https://t.me/kievreal1/108547,Група КР курсом на Деміївку Група КР курсом на Бортничі Група КР курсом на Бориспіль
2026-01-08,3,Бориспільський,Бориспіль,2026-01-08T22:09:39+02:00,2026-01-09T04:38:59+02:00,6.5,22,4,108548,https://t.me/kievreal1/108548,Група КР курсом на Осокорки Група КР курсом на Бориспіль
2026-01-08,3,Броварський,Бровари,2026-01-08T22:09:39+02:00,2026-01-09T04:38:59+02:00,6.5,22,4,108550,https://t.me/kievreal1/108550,2х Групи КР курсом на Святошин Група КР курсом на Березняки 2х Групи КР курсом на Бровари
2026-01-08,3,Бучанський,Коцюбинське,2026-01-08T22:09:39+02:00,2026-01-09T04:38:59+02:00,6.5,22,4,108551,https://t.me/kievreal1/108551,Група КР курсом на Коцюбинське 2х Групи КР курсом на Вишгород
2026-01-08,3,Вишгородський,Вишгород,2026-01-08T22:09:39+02:00,2026-01-09T04:38:59+02:00,6.5,22,4,108551,https://t.me/kievreal1/108551,Група КР курсом на Коцюбинське 2х Групи КР курсом на Вишгород
2026-01-08,4,Броварський,Бровари,2026-01-08T22:09:39+02:00,2026-01-09T04:38:59+02:00,6.5,22,4,108569,https://t.me/kievreal1/108569,"❗️ Бровари : З пожежі в приватному будинку врятовано четверо людей, в тому числі 5-річну дівчинку. Всі постраждалі перебувають в місцевій л…"
2026-01-09,22,Вишгородський,Вишгородський,2026-01-09T22:18:39+02:00,2026-01-10T01:02:49+02:00,2.7,22,1,108692,https://t.me/kievreal1/108692,🚨 КИЇВСЬКА ОБЛАСТЬ - ОГОЛОШЕНА ПОВІТРЯНА ТРИВОГА Загроза для Вишгородського району через БпЛА від Чернігівщини в район моря.
2026-01-09,22,Вишгородський,Іванків,2026-01-09T22:18:39+02:00,2026-01-10T01:02:49+02:00,2.7,22,1,108693,https://t.me/kievreal1/108693,БпЛА на Іванків
2026-01-09,22,Вишгородський,Димер,2026-01-09T22:18:39+02:00,2026-01-10T01:02:49+02:00,2.7,22,1,108696,https://t.me/kievreal1/108696,Біля Димера
2026-01-09,23,Бучанський,Гостомель,2026-01-09T22:18:39+02:00,2026-01-10T01:02:49+02:00,2.7,22,1,108700,https://t.me/kievreal1/108700,"Київщина : 1 шахед на Гостомель з півночі, 3 шахеди на Стоянку із заходу, 7 шахедів на Димер з Чернігівщини Підтримати канал, буду вдячний …"
2026-01-09,23,Бучанський,Стоянка,2026-01-09T22:18:39+02:00,2026-01-10T01:02:49+02:00,2.7,22,1,108700,https://t.me/kievreal1/108700,"Київщина : 1 шахед на Гостомель з півночі, 3 шахеди на Стоянку із заходу, 7 шахедів на Димер з Чернігівщини Підтримати канал, буду вдячний …"
2026-01-09,23,Вишгородський,Димер,2026-01-09T22:18:39+02:00,2026-01-10T01:02:49+02:00,2.7,22,1,108700,https://t.me/kievreal1/108700,"Київщина : 1 шахед на Гостомель з півночі, 3 шахеди на Стоянку із заходу, 7 шахедів на Димер з Чернігівщини Підтримати канал, буду вдячний …"
2026-01-09,23,Бучанський,Ірпінь,2026-01-09T22:18:39+02:00,2026-01-10T01:02:49+02:00,2.7,22,1,108703,https://t.me/kievreal1/108703,2х БпЛА курсом на Святошин БпЛА курсом на Ірпінь
2026-01-09,23,Вишгородський,Димер,2026-01-09T22:18:39+02:00,2026-01-10T01:02:49+02:00,2.7,22,1,108704,https://t.me/kievreal1/108704,2 шахеди курсом на Димер
2026-01-09,23,Бучанський,Ірпінь,2026-01-09T22:18:39+02:00,2026-01-10T01:02:49+02:00,2.7,22,1,108708,https://t.me/kievreal1/108708,"1 шахед на Ірпінь з півночі, 1 шахед на Димер з Чернігівщини"
2026-01-09,23,Вишгородський,Димер,2026-01-09T22:18:39+02:00,2026-01-10T01:02:49+02:00,2.7,22,1,108708,https://t.me/kievreal1/108708,"1 шахед на Ірпінь з півночі, 1 шахед на Димер з Чернігівщини"
2026-01-09,23,Бучанський,Ірпінь,2026-01-09T22:18:39+02:00,2026-01-10T01:02:49+02:00,2.7,22,1,108709,https://t.me/kievreal1/108709,4 шахеди повз Ірпінь в бік Києва
2026-01-09,23,Вишгородський,Вишгород,2026-01-09T22:18:39+02:00,2026-01-10T01:02:49+02:00,2.7,22,1,108711,https://t.me/kievreal1/108711,2 шахеди на Троєщину/Вишгород
2026-01-09,23,Вишгородський,Вишгород,2026-01-09T22:18:39+02:00,2026-01-10T01:02:49+02:00,2.7,22,1,108714,https://t.me/kievreal1/108714,2 шахеди північніше Вишгорода
2026-01-09,23,Вишгородський,Вишгород,2026-01-09T22:18:39+02:00,2026-01-10T01:02:49+02:00,2.7,22,1,108717,https://t.me/kievreal1/108717,1 шахед на Вишгород 2 шахеди повз Коцюбинське в бік Києва
2026-01-09,23,Бучанський,Коцюбинське,2026-01-09T22:18:39+02:00,2026-01-10T01:02:49+02:00,2.7,22,1,108717,https://t.me/kievreal1/108717,1 шахед на Вишгород 2 шахеди повз Коцюбинське в бік Києва
2026-01-09,23,Бучанський,Ірпінь,2026-01-09T22:18:39+02:00,2026-01-10T01:02:49+02:00,2.7,22,1,108719,https://t.me/kievreal1/108719,Шахед на Ірпінь
2026-01-09,23,Бучанський,Борщагівка,2026-01-09T22:18:39+02:00,2026-01-10T01:02:49+02:00,2.7,22,1,108721,https://t.me/kievreal1/108721,"1 шахед на Борщагівки, 1 на Мощун"
2026-01-09,0,Вишгородський,Жукин,2026-01-09T22:18:39+02:00,2026-01-10T01:02:49+02:00,2.7,22,1,108725,https://t.me/kievreal1/108725,1 шахед на Жукин 1 шахед на Яготин
2026-01-09,0,Бориспільський,Яготин,2026-01-09T22:18:39+02:00,2026-01-10T01:02:49+02:00,2.7,22,1,108725,https://t.me/kievreal1/108725,1 шахед на Жукин 1 шахед на Яготин
2026-01-09,0,Бучанський,Коцюбинське,2026-01-09T22:18:39+02:00,2026-01-10T01:02:49+02:00,2.7,22,1,108728,https://t.me/kievreal1/108728,1 шахед на Коцюбинське
2026-01-10,20,Броварський,Броварський,2026-01-10T19:42:39+02:00,2026-01-10T23:40:19+02:00,4.0,19,23,108785,https://t.me/kievreal1/108785,"Київщина: графіки відключень на 11 січня Нагадаємо, в частині Броварського та Бориспільського районів області тривають екстрені відключення…"
2026-01-10,20,Бориспільський,Бориспільський,2026-01-10T19:42:39+02:00,2026-01-10T23:40:19+02:00,4.0,19,23,108785,https://t.me/kievreal1/108785,"Київщина: графіки відключень на 11 січня Нагадаємо, в частині Броварського та Бориспільського районів області тривають екстрені відключення…"
2026-01-10,21,Вишгородський,Іванків,2026-01-10T19:42:39+02:00,2026-01-10T23:40:19+02:00,4.0,19,23,108789,https://t.me/kievreal1/108789,На Іванків БПЛА
2026-01-10,22,Броварський,Бровари,2026-01-10T19:42:39+02:00,2026-01-10T23:40:19+02:00,4.0,19,23,108790,https://t.me/kievreal1/108790,"Сутичка цивільних з людьми у військовій формі в Броварах ✈️ якщо ви побачили щось важливе – надсилайте нам, ми покажемо це на каналі — @nov…"
2026-01-10,0,Броварський,Броварський,2026-01-10T23:47:39+02:00,2026-01-11T18:41:36+02:00,18.9,23,18,108793,https://t.me/kievreal1/108793,БПЛА на Броварський район
2026-01-10,0,Броварський,Баришівка,2026-01-10T23:47:39+02:00,2026-01-11T18:41:36+02:00,18.9,23,18,108794,https://t.me/kievreal1/108794,5 з Чернігівщини на Баришівку 1 на Богуслав 1 на Яготин
2026-01-10,0,Бориспільський,Яготин,2026-01-10T23:47:39+02:00,2026-01-11T18:41:36+02:00,18.9,23,18,108794,https://t.me/kievreal1/108794,5 з Чернігівщини на Баришівку 1 на Богуслав 1 на Яготин
2026-01-10,0,Бориспільський,Березань,2026-01-10T23:47:39+02:00,2026-01-11T18:41:36+02:00,18.9,23,18,108796,https://t.me/kievreal1/108796,7 на Березань 2 на Переяслав
2026-01-10,0,Бориспільський,Переяслав,2026-01-10T23:47:39+02:00,2026-01-11T18:41:36+02:00,18.9,23,18,108796,https://t.me/kievreal1/108796,7 на Березань 2 на Переяслав
2026-01-10,0,Броварський,Баришівка,2026-01-10T23:47:39+02:00,2026-01-11T18:41:36+02:00,18.9,23,18,108797,https://t.me/kievreal1/108797,5 на Баришівку 1 на Ржищів 1 на Миронівку 1 на Богуслав 2 на Яготин
2026-01-10,0,Обухівський,Ржищів,2026-01-10T23:47:39+02:00,2026-01-11T18:41:36+02:00,18.9,23,18,108797,https://t.me/kievreal1/108797,5 на Баришівку 1 на Ржищів 1 на Миронівку 1 на Богуслав 2 на Яготин
2026-01-10,0,Обухівський,Миронівка,2026-01-10T23:47:39+02:00,2026-01-11T18:41:36+02:00,18.9,23,18,108797,https://t.me/kievreal1/108797,5 на Баришівку 1 на Ржищів 1 на Миронівку 1 на Богуслав 2 на Яготин
2026-01-10,0,Бориспільський,Яготин,2026-01-10T23:47:39+02:00,2026-01-11T18:41:36+02:00,18.9,23,18,108797,https://t.me/kievreal1/108797,5 на Баришівку 1 на Ржищів 1 на Миронівку 1 на Богуслав 2 на Яготин
2026-01-10,0,Бориспільський,Бориспіль,2026-01-10T23:47:39+02:00,2026-01-11T18:41:36+02:00,18.9,23,18,108798,https://t.me/kievreal1/108798,2 на Бориспіль
2026-01-10,1,Бориспільський,Бориспіль,2026-01-10T23:47:39+02:00,2026-01-11T18:41:36+02:00,18.9,23,18,108799,https://t.me/kievreal1/108799,4 над Борисполем 2 біля Кагарлика 1 на Ржищів 1 біля Яготина
2026-01-10,1,Обухівський,Кагарлик,2026-01-10T23:47:39+02:00,2026-01-11T18:41:36+02:00,18.9,23,18,108799,https://t.me/kievreal1/108799,4 над Борисполем 2 біля Кагарлика 1 на Ржищів 1 біля Яготина
2026-01-10,1,Обухівський,Ржищів,2026-01-10T23:47:39+02:00,2026-01-11T18:41:36+02:00,18.9,23,18,108799,https://t.me/kievreal1/108799,4 над Борисполем 2 біля Кагарлика 1 на Ржищів 1 біля Яготина
2026-01-10,1,Бориспільський,Яготин,2026-01-10T23:47:39+02:00,2026-01-11T18:41:36+02:00,18.9,23,18,108799,https://t.me/kievreal1/108799,4 над Борисполем 2 біля Кагарлика 1 на Ржищів 1 біля Яготина
2026-01-10,1,Обухівський,Обухів,2026-01-10T23:47:39+02:00,2026-01-11T18:41:36+02:00,18.9,23,18,108800,https://t.me/kievreal1/108800,БПЛА на Обухів
2026-01-10,1,Обухівський,Кагарлик,2026-01-10T23:47:39+02:00,2026-01-11T18:41:36+02:00,18.9,23,18,108802,https://t.me/kievreal1/108802,1 на Василькова 1 над Кагарликом 1 на Яготин 1 на Українку
2026-01-10,1,Бориспільський,Яготин,2026-01-10T23:47:39+02:00,2026-01-11T18:41:36+02:00,18.9,23,18,108802,https://t.me/kievreal1/108802,1 на Василькова 1 над Кагарликом 1 на Яготин 1 на Українку
2026-01-10,1,Обухівський,Українка,2026-01-10T23:47:39+02:00,2026-01-11T18:41:36+02:00,18.9,23,18,108802,https://t.me/kievreal1/108802,1 на Василькова 1 над Кагарликом 1 на Яготин 1 на Українку
2026-01-10,1,Обухівський,Обухів,2026-01-10T23:47:39+02:00,2026-01-11T18:41:36+02:00,18.9,23,18,108804,https://t.me/kievreal1/108804,1 на Обухів
2026-01-10,1,Обухівський,Васильків,2026-01-10T23:47:39+02:00,2026-01-11T18:41:36+02:00,18.9,23,18,108805,https://t.me/kievreal1/108805,2 на Васильків 1 на Витачів 1 на Козин 1 на Вишеньки 1 Бориспіль
2026-01-10,1,Обухівський,Козин,2026-01-10T23:47:39+02:00,2026-01-11T18:41:36+02:00,18.9,23,18,108805,https://t.me/kievreal1/108805,2 на Васильків 1 на Витачів 1 на Козин 1 на Вишеньки 1 Бориспіль
2026-01-10,1,Бориспільський,Бориспіль,2026-01-10T23:47:39+02:00,2026-01-11T18:41:36+02:00,18.9,23,18,108805,https://t.me/kievreal1/108805,2 на Васильків 1 на Витачів 1 на Козин 1 на Вишеньки 1 Бориспіль
2026-01-10,1,Обухівський,Українка,2026-01-10T23:47:39+02:00,2026-01-11T18:41:36+02:00,18.9,23,18,108807,https://t.me/kievreal1/108807,1 на Вишеньки 2 на Українку 1 на Бориспіль 5 на Васильків
2026-01-10,1,Бориспільський,Бориспіль,2026-01-10T23:47:39+02:00,2026-01-11T18:41:36+02:00,18.9,23,18,108807,https://t.me/kievreal1/108807,1 на Вишеньки 2 на Українку 1 на Бориспіль 5 на Васильків
2026-01-10,1,Обухівський,Васильків,2026-01-10T23:47:39+02:00,2026-01-11T18:41:36+02:00,18.9,23,18,108807,https://t.me/kievreal1/108807,1 на Вишеньки 2 на Українку 1 на Бориспіль 5 на Васильків
2026-01-10,1,Обухівський,Глеваха,2026-01-10T23:47:39+02:00,2026-01-11T18:41:36+02:00,18.9,23,18,108809,https://t.me/kievreal1/108809,1 на Глеваху 1 на Ржищів 3 на Васильків
2026-01-10,1,Обухівський,Ржищів,2026-01-10T23:47:39+02:00,2026-01-11T18:41:36+02:00,18.9,23,18,108809,https://t.me/kievreal1/108809,1 на Глеваху 1 на Ржищів 3 на Васильків
2026-01-10,1,Обухівський,Васильків,2026-01-10T23:47:39+02:00,2026-01-11T18:41:36+02:00,18.9,23,18,108809,https://t.me/kievreal1/108809,1 на Глеваху 1 на Ржищів 3 на Васильків
2026-01-10,1,Обухівський,Обухів,2026-01-10T23:47:39+02:00,2026-01-11T18:41:36+02:00,18.9,23,18,108810,https://t.me/kievreal1/108810,1 на Обухів 1 на Іванковичі
2026-01-10,1,Бучанський,Вишневе,2026-01-10T23:47:39+02:00,2026-01-11T18:41:36+02:00,18.9,23,18,108812,https://t.me/kievreal1/108812,2 на Вишневе
2026-01-10,1,Обухівський,Козин,2026-01-10T23:47:39+02:00,2026-01-11T18:41:36+02:00,18.9,23,18,108814,https://t.me/kievreal1/108814,1 на Козин 1 на Лісники
2026-01-10,1,Обухівський,Глеваха,2026-01-10T23:47:39+02:00,2026-01-11T18:41:36+02:00,18.9,23,18,108815,https://t.me/kievreal1/108815,1 на Глеваха
2026-01-10,1,Обухівський,Козин,2026-01-10T23:47:39+02:00,2026-01-11T18:41:36+02:00,18.9,23,18,108816,https://t.me/kievreal1/108816,1 біля Козина 2 на Дитятки
2026-01-10,4,Вишгородський,Чорнобиль,2026-01-10T23:47:39+02:00,2026-01-11T18:41:36+02:00,18.9,23,18,108819,https://t.me/kievreal1/108819,БПЛА на Чорнобиль
2026-01-10,5,Вишгородський,Іванків,2026-01-10T23:47:39+02:00,2026-01-11T18:41:36+02:00,18.9,23,18,108820,https://t.me/kievreal1/108820,1 на Сухолуччя 1 на Іванків 1 на Бородянку
2026-01-10,5,Бучанський,Бородянка,2026-01-10T23:47:39+02:00,2026-01-11T18:41:36+02:00,18.9,23,18,108820,https://t.me/kievreal1/108820,1 на Сухолуччя 1 на Іванків 1 на Бородянку
2026-01-10,10,Броварський,Броварський,2026-01-10T23:47:39+02:00,2026-01-11T18:41:36+02:00,18.9,23,18,108826,https://t.me/kievreal1/108826,"Київщина: 370 000 родин знову зі світлом після негоди Уже третю добу енергетики Київщини працюють у посиленому режимі, долаючи наслідки нег…"
2026-01-10,10,Бучанський,Бучанський,2026-01-10T23:47:39+02:00,2026-01-11T18:41:36+02:00,18.9,23,18,108826,https://t.me/kievreal1/108826,"Київщина: 370 000 родин знову зі світлом після негоди Уже третю добу енергетики Київщини працюють у посиленому режимі, долаючи наслідки нег…"
2026-01-10,10,Фастівський,Фастівський,2026-01-10T23:47:39+02:00,2026-01-11T18:41:36+02:00,18.9,23,18,108826,https://t.me/kievreal1/108826,"Київщина: 370 000 родин знову зі світлом після негоди Уже третю добу енергетики Київщини працюють у посиленому режимі, долаючи наслідки нег…"
2026-01-10,10,Бориспільський,Бориспільський,2026-01-10T23:47:39+02:00,2026-01-11T18:41:36+02:00,18.9,23,18,108826,https://t.me/kievreal1/108826,"Київщина: 370 000 родин знову зі світлом після негоди Уже третю добу енергетики Київщини працюють у посиленому режимі, долаючи наслідки нег…"
2026-01-10,16,Вишгородський,Вишгород,2026-01-10T23:47:39+02:00,2026-01-11T18:41:36+02:00,18.9,23,18,108838,https://t.me/kievreal1/108838,БПЛА на Вишгород
2026-01-11,19,Броварський,Броварський,2026-01-11T19:15:36+02:00,2026-01-11T21:12:56+02:00,2.0,19,21,108849,https://t.me/kievreal1/108849,"Київщина: графіки відключень на 12 січня Нагадаємо, в частині Броварського та Бориспільського районів області тривають екстрені відключення…"
2026-01-11,19,Бориспільський,Бориспільський,2026-01-11T19:15:36+02:00,2026-01-11T21:12:56+02:00,2.0,19,21,108849,https://t.me/kievreal1/108849,"Київщина: графіки відключень на 12 січня Нагадаємо, в частині Броварського та Бориспільського районів області тривають екстрені відключення…"
2026-01-11,20,Броварський,Броварський,2026-01-11T19:15:36+02:00,2026-01-11T21:12:56+02:00,2.0,19,21,108852,https://t.me/kievreal1/108852,⚡️ Наразі відбулося екстрене відключення електроенергії у Броварському та Бориспільському районах. Терміни закінчення аварійно-відновлюваль…
2026-01-11,20,Бориспільський,Бориспільський,2026-01-11T19:15:36+02:00,2026-01-11T21:12:56+02:00,2.0,19,21,108852,https://t.me/kievreal1/108852,⚡️ Наразі відбулося екстрене відключення електроенергії у Броварському та Бориспільському районах. Терміни закінчення аварійно-відновлюваль…
2026-01-11,23,Бучанський,Вишневе,2026-01-11T23:30:46+02:00,2026-01-12T04:40:06+02:00,5.2,23,4,108858,https://t.me/kievreal1/108858,"Київщина : БПЛА на Вишневе Підтримати канал, буду вдячний Вам: https://base.monobank.ua/4jYdAKEbmcrmLL ➡️"
2026-01-11,23,Обухівський,Глеваха,2026-01-11T23:30:46+02:00,2026-01-12T04:40:06+02:00,5.2,23,4,108859,https://t.me/kievreal1/108859,БПЛА на Глеваху
2026-01-11,23,Фастівський,Фастів,2026-01-11T23:30:46+02:00,2026-01-12T04:40:06+02:00,5.2,23,4,108860,https://t.me/kievreal1/108860,Шахед далі на Фастів
2026-01-11,0,Фастівський,Фастів,2026-01-11T23:30:46+02:00,2026-01-12T04:40:06+02:00,5.2,23,4,108861,https://t.me/kievreal1/108861,Виліз шахед з півночі на Фастів
2026-01-11,1,Вишгородський,Іванків,2026-01-11T23:30:46+02:00,2026-01-12T04:40:06+02:00,5.2,23,4,108865,https://t.me/kievreal1/108865,4 шахеди на Іванків 1 шахед на Пісківку
2026-01-11,1,Бучанський,Пісківка,2026-01-11T23:30:46+02:00,2026-01-12T04:40:06+02:00,5.2,23,4,108865,https://t.me/kievreal1/108865,4 шахеди на Іванків 1 шахед на Пісківку
2026-01-11,1,Вишгородський,Димер,2026-01-11T23:30:46+02:00,2026-01-12T04:40:06+02:00,5.2,23,4,108866,https://t.me/kievreal1/108866,2 шахеди через водосховище на Димер
2026-01-11,1,Вишгородський,Димер,2026-01-11T23:30:46+02:00,2026-01-12T04:40:06+02:00,5.2,23,4,108867,https://t.me/kievreal1/108867,2 шахеди на Димер 1 шахед на Ворзель
2026-01-11,1,Бучанський,Ворзель,2026-01-11T23:30:46+02:00,2026-01-12T04:40:06+02:00,5.2,23,4,108867,https://t.me/kievreal1/108867,2 шахеди на Димер 1 шахед на Ворзель
2026-01-11,1,Вишгородський,Димер,2026-01-11T23:30:46+02:00,2026-01-12T04:40:06+02:00,5.2,23,4,108870,https://t.me/kievreal1/108870,1 шахед на Димер
2026-01-11,1,Вишгородський,Чорнобиль,2026-01-11T23:30:46+02:00,2026-01-12T04:40:06+02:00,5.2,23,4,108872,https://t.me/kievreal1/108872,1 шахед на Чорнобиль 1 шахед на Гостомель
2026-01-11,1,Бучанський,Гостомель,2026-01-11T23:30:46+02:00,2026-01-12T04:40:06+02:00,5.2,23,4,108872,https://t.me/kievreal1/108872,1 шахед на Чорнобиль 1 шахед на Гостомель
2026-01-11,1,Вишгородський,Димер,2026-01-11T23:30:46+02:00,2026-01-12T04:40:06+02:00,5.2,23,4,108876,https://t.me/kievreal1/108876,1 шахед на Димер
2026-01-11,2,Вишгородський,Іванків,2026-01-11T23:30:46+02:00,2026-01-12T04:40:06+02:00,5.2,23,4,108880,https://t.me/kievreal1/108880,1 шахед на Іванків
2026-01-11,2,Вишгородський,Чорнобиль,2026-01-11T23:30:46+02:00,2026-01-12T04:40:06+02:00,5.2,23,4,108884,https://t.me/kievreal1/108884,4 шахеди на Чорнобиль 1 шахед на Красятичі
2026-01-11,3,Вишгородський,Чорнобиль,2026-01-11T23:30:46+02:00,2026-01-12T04:40:06+02:00,5.2,23,4,108885,https://t.me/kievreal1/108885,2 шахеди на Красятичі 1 шахед на Чорнобиль
2026-01-11,3,Вишгородський,Чорнобиль,2026-01-11T23:30:46+02:00,2026-01-12T04:40:06+02:00,5.2,23,4,108886,https://t.me/kievreal1/108886,2 шахеди на Чорнобиль 1 шахед на Залісся 1 шахед на Димер
2026-01-11,3,Броварський,Залісся,2026-01-11T23:30:46+02:00,2026-01-12T04:40:06+02:00,5.2,23,4,108886,https://t.me/kievreal1/108886,2 шахеди на Чорнобиль 1 шахед на Залісся 1 шахед на Димер
2026-01-11,3,Вишгородський,Димер,2026-01-11T23:30:46+02:00,2026-01-12T04:40:06+02:00,5.2,23,4,108886,https://t.me/kievreal1/108886,2 шахеди на Чорнобиль 1 шахед на Залісся 1 шахед на Димер
2026-01-11,3,Вишгородський,Іванків,2026-01-11T23:30:46+02:00,2026-01-12T04:40:06+02:00,5.2,23,4,108887,https://t.me/kievreal1/108887,3 шахеди на Іванків 1 шахед на Димер
2026-01-11,3,Вишгородський,Димер,2026-01-11T23:30:46+02:00,2026-01-12T04:40:06+02:00,5.2,23,4,108887,https://t.me/kievreal1/108887,3 шахеди на Іванків 1 шахед на Димер
2026-01-11,3,Бучанський,Бородянка,2026-01-11T23:30:46+02:00,2026-01-12T04:40:06+02:00,5.2,23,4,108888,https://t.me/kievreal1/108888,2 шахеди на Бородянку 1 шахед на Димер 1 шахед на Красятичі
2026-01-11,3,Вишгородський,Димер,2026-01-11T23:30:46+02:00,2026-01-12T04:40:06+02:00,5.2,23,4,108888,https://t.me/kievreal1/108888,2 шахеди на Бородянку 1 шахед на Димер 1 шахед на Красятичі
2026-01-11,3,Вишгородський,Вишгород,2026-01-11T23:30:46+02:00,2026-01-12T04:40:06+02:00,5.2,23,4,108890,https://t.me/kievreal1/108890,"Шахед на/повз Вишгород Підтримати канал, буду вдячний Вам: https://base.monobank.ua/4jYdAKEbmcrmLL ➡"
2026-01-11,4,Бучанський,Бородянка,2026-01-11T23:30:46+02:00,2026-01-12T04:40:06+02:00,5.2,23,4,108892,https://t.me/kievreal1/108892,1 шахед на Бородянку
2026-01-11,4,Обухівський,Обухів,2026-01-11T23:30:46+02:00,2026-01-12T04:40:06+02:00,5.2,23,4,108894,https://t.me/kievreal1/108894,БПЛА на Обухів
2026-01-11,4,Обухівський,Васильків,2026-01-11T23:30:46+02:00,2026-01-12T04:40:06+02:00,5.2,23,4,108895,https://t.me/kievreal1/108895,Шахед на Васильків
2026-01-11,4,Бучанський,Ворзель,2026-01-11T23:30:46+02:00,2026-01-12T04:40:06+02:00,5.2,23,4,108897,https://t.me/kievreal1/108897,1 шахед на Ворзель 1 шахед на Васильків
2026-01-11,4,Обухівський,Васильків,2026-01-11T23:30:46+02:00,2026-01-12T04:40:06+02:00,5.2,23,4,108897,https://t.me/kievreal1/108897,1 шахед на Ворзель 1 шахед на Васильків
2026-01-11,4,Фастівський,Боярка,2026-01-11T23:30:46+02:00,2026-01-12T04:40:06+02:00,5.2,23,4,108898,https://t.me/kievreal1/108898,Шахед на Боярку
2026-01-12,8,Обухівський,Обухівський,2026-01-12T08:39:16+02:00,2026-01-12T09:28:06+02:00,0.8,8,9,108908,https://t.me/kievreal1/108908,🚨 КИЇВСЬКА ОБЛАСТЬ - ОГОЛОШЕНА ПОВІТРЯНА ТРИВОГА Загроза для Обухівського району. БпЛА на Миронівку.
2026-01-12,8,Обухівський,Миронівка,2026-01-12T08:39:16+02:00,2026-01-12T09:28:06+02:00,0.8,8,9,108908,https://t.me/kievreal1/108908,🚨 КИЇВСЬКА ОБЛАСТЬ - ОГОЛОШЕНА ПОВІТРЯНА ТРИВОГА Загроза для Обухівського району. БпЛА на Миронівку.
2026-01-12,8,Білоцерківський,Рокитне,2026-01-12T08:39:16+02:00,2026-01-12T09:28:06+02:00,0.8,8,9,108909,https://t.me/kievreal1/108909,Далі на Рокитне
2026-01-12,9,Вишгородський,Вишгородський,2026-01-12T09:40:56+02:00,2026-01-12T12:07:36+02:00,2.4,9,12,108913,https://t.me/kievreal1/108913,Загроза для Вишгородського та Броварського району через БпЛА із Чернігівщини на водосховище
2026-01-12,9,Броварський,Броварський,2026-01-12T09:40:56+02:00,2026-01-12T12:07:36+02:00,2.4,9,12,108913,https://t.me/kievreal1/108913,Загроза для Вишгородського та Броварського району через БпЛА із Чернігівщини на водосховище
2026-01-12,9,Вишгородський,Вишгородський,2026-01-12T09:40:56+02:00,2026-01-12T12:07:36+02:00,2.4,9,12,108914,https://t.me/kievreal1/108914,Загроза для Вишгородського та Броварського району через БпЛА із Чернігівщини на водосховище
2026-01-12,9,Броварський,Броварський,2026-01-12T09:40:56+02:00,2026-01-12T12:07:36+02:00,2.4,9,12,108914,https://t.me/kievreal1/108914,Загроза для Вишгородського та Броварського району через БпЛА із Чернігівщини на водосховище
2026-01-12,10,Вишгородський,Чорнобиль,2026-01-12T09:40:56+02:00,2026-01-12T12:07:36+02:00,2.4,9,12,108916,https://t.me/kievreal1/108916,В Чорнобильській зоні фіксують БпЛА
2026-01-12,10,Вишгородський,Чорнобиль,2026-01-12T09:40:56+02:00,2026-01-12T12:07:36+02:00,2.4,9,12,108917,https://t.me/kievreal1/108917,В Чорнобильській зоні фіксують БпЛА
2026-01-12,14,Бориспільський,Бориспільський,2026-01-12T14:20:56+02:00,2026-01-12T14:47:46+02:00,0.4,14,14,108953,https://t.me/kievreal1/108953,Загроза для Бориспільського та Броварського районів через БпЛА з Чернігівщини Стежити за обстановкою в Чернігові можна тут - t.me/Chernihiv
2026-01-12,14,Броварський,Броварський,2026-01-12T14:20:56+02:00,2026-01-12T14:47:46+02:00,0.4,14,14,108953,https://t.me/kievreal1/108953,Загроза для Бориспільського та Броварського районів через БпЛА з Чернігівщини Стежити за обстановкою в Чернігові можна тут - t.me/Chernihiv
2026-01-12,14,Бориспільський,Бориспільський,2026-01-12T14:20:56+02:00,2026-01-12T14:47:46+02:00,0.4,14,14,108954,https://t.me/kievreal1/108954,Загроза для Бориспільського та Броварського районів через БпЛА з Чернігівщини Стежити за обстановкою в Чернігові можна тут - t.me/Chernihiv
2026-01-12,14,Броварський,Броварський,2026-01-12T14:20:56+02:00,2026-01-12T14:47:46+02:00,0.4,14,14,108954,https://t.me/kievreal1/108954,Загроза для Бориспільського та Броварського районів через БпЛА з Чернігівщини Стежити за обстановкою в Чернігові можна тут - t.me/Chernihiv
2026-01-12,14,Броварський,Бровари,2026-01-12T14:20:56+02:00,2026-01-12T14:47:46+02:00,0.4,14,14,108957,https://t.me/kievreal1/108957,Зараз біля Броварів!
2026-01-12,14,Вишгородський,Вишгород,2026-01-12T14:20:56+02:00,2026-01-12T14:47:46+02:00,0.4,14,14,108960,https://t.me/kievreal1/108960,Вишгород / Оболонь / Погреби
2026-01-12,16,Вишгородський,Вишгородський,2026-01-12T16:07:46+02:00,2026-01-12T19:59:26+02:00,3.9,16,19,108978,https://t.me/kievreal1/108978,Загроза для Вишгородського та Броварського районів через БпЛА на Бровари
2026-01-12,16,Броварський,Броварський,2026-01-12T16:07:46+02:00,2026-01-12T19:59:26+02:00,3.9,16,19,108978,https://t.me/kievreal1/108978,Загроза для Вишгородського та Броварського районів через БпЛА на Бровари
2026-01-12,16,Броварський,Бровари,2026-01-12T16:07:46+02:00,2026-01-12T19:59:26+02:00,3.9,16,19,108978,https://t.me/kievreal1/108978,Загроза для Вишгородського та Броварського районів через БпЛА на Бровари
2026-01-12,16,Бучанський,Бучанський,2026-01-12T16:07:46+02:00,2026-01-12T19:59:26+02:00,3.9,16,19,108982,https://t.me/kievreal1/108982,+тривога в Бучанському районі
2026-01-12,16,Вишгородський,Вишгород,2026-01-12T16:07:46+02:00,2026-01-12T19:59:26+02:00,3.9,16,19,108984,https://t.me/kievreal1/108984,На Вишгород
2026-01-12,18,Вишгородський,Вишгородський,2026-01-12T16:07:46+02:00,2026-01-12T19:59:26+02:00,3.9,16,19,108994,https://t.me/kievreal1/108994,"🚨 КИЇВСЬКА ОБЛАСТЬ - ОГОЛОШЕНА ПОВІТРЯНА ТРИВОГА Загроза для Вишгородського району, БпЛА в бік Чорнобильської зони."
2026-01-12,18,Вишгородський,Чорнобиль,2026-01-12T16:07:46+02:00,2026-01-12T19:59:26+02:00,3.9,16,19,108994,https://t.me/kievreal1/108994,"🚨 КИЇВСЬКА ОБЛАСТЬ - ОГОЛОШЕНА ПОВІТРЯНА ТРИВОГА Загроза для Вишгородського району, БпЛА в бік Чорнобильської зони."
2026-01-12,19,Обухівський,Обухівський,2026-01-12T16:07:46+02:00,2026-01-12T19:59:26+02:00,3.9,16,19,109000,https://t.me/kievreal1/109000,Додатково тривога в Обухівському та Фастівському районах
2026-01-12,19,Фастівський,Фастівський,2026-01-12T16:07:46+02:00,2026-01-12T19:59:26+02:00,3.9,16,19,109000,https://t.me/kievreal1/109000,Додатково тривога в Обухівському та Фастівському районах
2026-01-12,0,Вишгородський,Чорнобиль,2026-01-12T23:27:36+02:00,2026-01-13T02:09:36+02:00,2.7,23,2,109016,https://t.me/kievreal1/109016,2 шахеди повз Чорнобильську зону відчуження в напрямку Житомирщини
2026-01-12,1,Броварський,Бровари,2026-01-12T23:27:36+02:00,2026-01-13T02:09:36+02:00,2.7,23,2,109021,https://t.me/kievreal1/109021,Троя/ Бровари сховались
2026-01-12,1,Броварський,Бровари,2026-01-12T23:27:36+02:00,2026-01-13T02:09:36+02:00,2.7,23,2,109023,https://t.me/kievreal1/109023,Ще ціль в нашому напрямку Бровари/Бориспіль сховались
2026-01-12,1,Бориспільський,Бориспіль,2026-01-12T23:27:36+02:00,2026-01-13T02:09:36+02:00,2.7,23,2,109023,https://t.me/kievreal1/109023,Ще ціль в нашому напрямку Бровари/Бориспіль сховались
2026-01-12,1,Бучанський,Ірпінь,2026-01-12T23:27:36+02:00,2026-01-13T02:09:36+02:00,2.7,23,2,109026,https://t.me/kievreal1/109026,"❗️ Ірпінь , Буча майже повністю знеструмлені після вибухів. Є проблеми з водопостачанням."
2026-01-12,1,Бучанський,Буча,2026-01-12T23:27:36+02:00,2026-01-13T02:09:36+02:00,2.7,23,2,109026,https://t.me/kievreal1/109026,"❗️ Ірпінь , Буча майже повністю знеструмлені після вибухів. Є проблеми з водопостачанням."
2026-01-13,2,Вишгородський,Чорнобиль,2026-01-13T02:54:26+02:00,2026-01-13T09:54:26+02:00,7.0,2,9,109037,https://t.me/kievreal1/109037,2 шахеди в Чорнобильську зону відчуження
2026-01-13,3,Вишгородський,Іванків,2026-01-13T02:54:26+02:00,2026-01-13T09:54:26+02:00,7.0,2,9,109039,https://t.me/kievreal1/109039,1 шахед на Іванків
2026-01-13,3,Вишгородський,Чорнобиль,2026-01-13T02:54:26+02:00,2026-01-13T09:54:26+02:00,7.0,2,9,109040,https://t.me/kievreal1/109040,1 шахед на Чорнобиль
2026-01-13,4,Вишгородський,Чорнобиль,2026-01-13T02:54:26+02:00,2026-01-13T09:54:26+02:00,7.0,2,9,109041,https://t.me/kievreal1/109041,1 шахед на Чорнобиль
2026-01-13,4,Вишгородський,Чорнобиль,2026-01-13T02:54:26+02:00,2026-01-13T09:54:26+02:00,7.0,2,9,109042,https://t.me/kievreal1/109042,1 шахед на Чорнобиль з Білорусі
2026-01-13,4,Вишгородський,Чорнобиль,2026-01-13T02:54:26+02:00,2026-01-13T09:54:26+02:00,7.0,2,9,109044,https://t.me/kievreal1/109044,1 шахед на Чорнобиль з Білорусі 1 шахед на Пісківку 1 шахед на Вишневе
2026-01-13,4,Бучанський,Пісківка,2026-01-13T02:54:26+02:00,2026-01-13T09:54:26+02:00,7.0,2,9,109044,https://t.me/kievreal1/109044,1 шахед на Чорнобиль з Білорусі 1 шахед на Пісківку 1 шахед на Вишневе
2026-01-13,4,Бучанський,Вишневе,2026-01-13T02:54:26+02:00,2026-01-13T09:54:26+02:00,7.0,2,9,109044,https://t.me/kievreal1/109044,1 шахед на Чорнобиль з Білорусі 1 шахед на Пісківку 1 шахед на Вишневе
2026-01-13,4,Вишгородський,Димер,2026-01-13T02:54:26+02:00,2026-01-13T09:54:26+02:00,7.0,2,9,109045,https://t.me/kievreal1/109045,1 шахед на Димер 1 шахед на Вишневе
2026-01-13,4,Бучанський,Вишневе,2026-01-13T02:54:26+02:00,2026-01-13T09:54:26+02:00,7.0,2,9,109045,https://t.me/kievreal1/109045,1 шахед на Димер 1 шахед на Вишневе
2026-01-13,4,Броварський,Бровари,2026-01-13T02:54:26+02:00,2026-01-13T09:54:26+02:00,7.0,2,9,109048,https://t.me/kievreal1/109048,1 шахед на Бровари 1 шахед на Клавдієво-Тарасове
2026-01-13,4,Броварський,Велика Димерка,2026-01-13T02:54:26+02:00,2026-01-13T09:54:26+02:00,7.0,2,9,109051,https://t.me/kievreal1/109051,1 шахед на Велику Димерку 1 шахед на Фастів
2026-01-13,4,Фастівський,Фастів,2026-01-13T02:54:26+02:00,2026-01-13T09:54:26+02:00,7.0,2,9,109051,https://t.me/kievreal1/109051,1 шахед на Велику Димерку 1 шахед на Фастів
2026-01-13,4,Бориспільський,Бориспіль,2026-01-13T02:54:26+02:00,2026-01-13T09:54:26+02:00,7.0,2,9,109053,https://t.me/kievreal1/109053,2 шахеди на Бориспіль
2026-01-13,5,Бориспільський,Бориспіль,2026-01-13T02:54:26+02:00,2026-01-13T09:54:26+02:00,7.0,2,9,109054,https://t.me/kievreal1/109054,5 шахедів на Бориспіль
2026-01-13,5,Бориспільський,Бориспіль,2026-01-13T02:54:26+02:00,2026-01-13T09:54:26+02:00,7.0,2,9,109055,https://t.me/kievreal1/109055,1 шахед на Бориспіль 2 шахеди на Бровари 2 шахеди на Димер
2026-01-13,5,Броварський,Бровари,2026-01-13T02:54:26+02:00,2026-01-13T09:54:26+02:00,7.0,2,9,109055,https://t.me/kievreal1/109055,1 шахед на Бориспіль 2 шахеди на Бровари 2 шахеди на Димер
2026-01-13,5,Вишгородський,Димер,2026-01-13T02:54:26+02:00,2026-01-13T09:54:26+02:00,7.0,2,9,109055,https://t.me/kievreal1/109055,1 шахед на Бориспіль 2 шахеди на Бровари 2 шахеди на Димер
2026-01-13,5,Броварський,Баришівка,2026-01-13T02:54:26+02:00,2026-01-13T09:54:26+02:00,7.0,2,9,109056,https://t.me/kievreal1/109056,1 шахед на Баришівку 1 шахед на Бровари 1 шахед на Вишгород 1 шахед на Бориспіль 10 шахедів на Іванків
2026-01-13,5,Броварський,Бровари,2026-01-13T02:54:26+02:00,2026-01-13T09:54:26+02:00,7.0,2,9,109056,https://t.me/kievreal1/109056,1 шахед на Баришівку 1 шахед на Бровари 1 шахед на Вишгород 1 шахед на Бориспіль 10 шахедів на Іванків
2026-01-13,5,Вишгородський,Вишгород,2026-01-13T02:54:26+02:00,2026-01-13T09:54:26+02:00,7.0,2,9,109056,https://t.me/kievreal1/109056,1 шахед на Баришівку 1 шахед на Бровари 1 шахед на Вишгород 1 шахед на Бориспіль 10 шахедів на Іванків
2026-01-13,5,Бориспільський,Бориспіль,2026-01-13T02:54:26+02:00,2026-01-13T09:54:26+02:00,7.0,2,9,109056,https://t.me/kievreal1/109056,1 шахед на Баришівку 1 шахед на Бровари 1 шахед на Вишгород 1 шахед на Бориспіль 10 шахедів на Іванків
2026-01-13,5,Вишгородський,Іванків,2026-01-13T02:54:26+02:00,2026-01-13T09:54:26+02:00,7.0,2,9,109056,https://t.me/kievreal1/109056,1 шахед на Баришівку 1 шахед на Бровари 1 шахед на Вишгород 1 шахед на Бориспіль 10 шахедів на Іванків
2026-01-13,6,Броварський,Бровари,2026-01-13T02:54:26+02:00,2026-01-13T09:54:26+02:00,7.0,2,9,109057,https://t.me/kievreal1/109057,2 шахеди на Бровари 4 шахеди на Бородянку 6 шахедів на Іванків
2026-01-13,6,Бучанський,Бородянка,2026-01-13T02:54:26+02:00,2026-01-13T09:54:26+02:00,7.0,2,9,109057,https://t.me/kievreal1/109057,2 шахеди на Бровари 4 шахеди на Бородянку 6 шахедів на Іванків
2026-01-13,6,Вишгородський,Іванків,2026-01-13T02:54:26+02:00,2026-01-13T09:54:26+02:00,7.0,2,9,109057,https://t.me/kievreal1/109057,2 шахеди на Бровари 4 шахеди на Бородянку 6 шахедів на Іванків
2026-01-13,6,Бучанський,Бородянка,2026-01-13T02:54:26+02:00,2026-01-13T09:54:26+02:00,7.0,2,9,109059,https://t.me/kievreal1/109059,1 шахед на Бородянку 1 шахед на Калиту
2026-01-13,6,Броварський,Калита,2026-01-13T02:54:26+02:00,2026-01-13T09:54:26+02:00,7.0,2,9,109059,https://t.me/kievreal1/109059,1 шахед на Бородянку 1 шахед на Калиту
2026-01-13,7,Броварський,Велика Димерка,2026-01-13T02:54:26+02:00,2026-01-13T09:54:26+02:00,7.0,2,9,109060,https://t.me/kievreal1/109060,1 шахед на Велику Димерку 1 шахед на Березань 1 шахед на Вишгород 2 шахеди на Гостомель 2 шахеди на Макарів
2026-01-13,7,Бориспільський,Березань,2026-01-13T02:54:26+02:00,2026-01-13T09:54:26+02:00,7.0,2,9,109060,https://t.me/kievreal1/109060,1 шахед на Велику Димерку 1 шахед на Березань 1 шахед на Вишгород 2 шахеди на Гостомель 2 шахеди на Макарів
2026-01-13,7,Вишгородський,Вишгород,2026-01-13T02:54:26+02:00,2026-01-13T09:54:26+02:00,7.0,2,9,109060,https://t.me/kievreal1/109060,1 шахед на Велику Димерку 1 шахед на Березань 1 шахед на Вишгород 2 шахеди на Гостомель 2 шахеди на Макарів
2026-01-13,7,Бучанський,Гостомель,2026-01-13T02:54:26+02:00,2026-01-13T09:54:26+02:00,7.0,2,9,109060,https://t.me/kievreal1/109060,1 шахед на Велику Димерку 1 шахед на Березань 1 шахед на Вишгород 2 шахеди на Гостомель 2 шахеди на Макарів
2026-01-13,7,Бучанський,Макарів,2026-01-13T02:54:26+02:00,2026-01-13T09:54:26+02:00,7.0,2,9,109060,https://t.me/kievreal1/109060,1 шахед на Велику Димерку 1 шахед на Березань 1 шахед на Вишгород 2 шахеди на Гостомель 2 шахеди на Макарів
2026-01-13,7,Бучанський,Макарів,2026-01-13T02:54:26+02:00,2026-01-13T09:54:26+02:00,7.0,2,9,109062,https://t.me/kievreal1/109062,1 шахед на Макарів 3 шахеди на Іванків 3 шахеди на Бровари
2026-01-13,7,Вишгородський,Іванків,2026-01-13T02:54:26+02:00,2026-01-13T09:54:26+02:00,7.0,2,9,109062,https://t.me/kievreal1/109062,1 шахед на Макарів 3 шахеди на Іванків 3 шахеди на Бровари
2026-01-13,7,Броварський,Бровари,2026-01-13T02:54:26+02:00,2026-01-13T09:54:26+02:00,7.0,2,9,109062,https://t.me/kievreal1/109062,1 шахед на Макарів 3 шахеди на Іванків 3 шахеди на Бровари
2026-01-13,7,Бориспільський,Яготин,2026-01-13T02:54:26+02:00,2026-01-13T09:54:26+02:00,7.0,2,9,109065,https://t.me/kievreal1/109065,1 КР на Яготин 1 КР на Переяслав
2026-01-13,7,Бориспільський,Переяслав,2026-01-13T02:54:26+02:00,2026-01-13T09:54:26+02:00,7.0,2,9,109065,https://t.me/kievreal1/109065,1 КР на Яготин 1 КР на Переяслав
2026-01-13,7,Вишгородський,Жукин,2026-01-13T02:54:26+02:00,2026-01-13T09:54:26+02:00,7.0,2,9,109066,https://t.me/kievreal1/109066,1 шахед на Жукин 1 шахед на Іванків 3 шахеди на Бровари
2026-01-13,7,Вишгородський,Іванків,2026-01-13T02:54:26+02:00,2026-01-13T09:54:26+02:00,7.0,2,9,109066,https://t.me/kievreal1/109066,1 шахед на Жукин 1 шахед на Іванків 3 шахеди на Бровари
2026-01-13,7,Броварський,Бровари,2026-01-13T02:54:26+02:00,2026-01-13T09:54:26+02:00,7.0,2,9,109066,https://t.me/kievreal1/109066,1 шахед на Жукин 1 шахед на Іванків 3 шахеди на Бровари
2026-01-13,7,Обухівський,Українка,2026-01-13T02:54:26+02:00,2026-01-13T09:54:26+02:00,7.0,2,9,109067,https://t.me/kievreal1/109067,1 КР на Українку 1 КР на Переяслав
2026-01-13,7,Бориспільський,Переяслав,2026-01-13T02:54:26+02:00,2026-01-13T09:54:26+02:00,7.0,2,9,109067,https://t.me/kievreal1/109067,1 КР на Українку 1 КР на Переяслав
2026-01-13,7,Вишгородський,Вишгород,2026-01-13T02:54:26+02:00,2026-01-13T09:54:26+02:00,7.0,2,9,109068,https://t.me/kievreal1/109068,"Київ : 1 шахед на Троєщину 1 шахед на Вишгород Підтримати канал, буду вдячний Вам: https://base.monobank.ua/4jYdAKEbmcrmLL ➡"
2026-01-13,7,Обухівський,Ржищів,2026-01-13T02:54:26+02:00,2026-01-13T09:54:26+02:00,7.0,2,9,109069,https://t.me/kievreal1/109069,1 КР на Ржищів
2026-01-13,7,Бориспільський,Бориспіль,2026-01-13T02:54:26+02:00,2026-01-13T09:54:26+02:00,7.0,2,9,109070,https://t.me/kievreal1/109070,1 КР на Бориспіль
2026-01-13,7,Вишгородський,Димер,2026-01-13T02:54:26+02:00,2026-01-13T09:54:26+02:00,7.0,2,9,109075,https://t.me/kievreal1/109075,1 КР на Димер з Чернігівщини
2026-01-13,7,Бучанський,Бородянка,2026-01-13T02:54:26+02:00,2026-01-13T09:54:26+02:00,7.0,2,9,109076,https://t.me/kievreal1/109076,1 КР на Бородянку
2026-01-13,7,Броварський,Бровари,2026-01-13T02:54:26+02:00,2026-01-13T09:54:26+02:00,7.0,2,9,109077,https://t.me/kievreal1/109077,1 шахед на Красятичі 3 шахеди на Бровари
2026-01-13,7,Бучанський,Макарів,2026-01-13T02:54:26+02:00,2026-01-13T09:54:26+02:00,7.0,2,9,109078,https://t.me/kievreal1/109078,1 КР на Макарів
2026-01-13,7,Броварський,Велика Димерка,2026-01-13T02:54:26+02:00,2026-01-13T09:54:26+02:00,7.0,2,9,109081,https://t.me/kievreal1/109081,1 шахед на Велику Димерку 3 шахеди на Бровари 1 шахед на Іванків 1 шахед на Вишгород
2026-01-13,7,Броварський,Бровари,2026-01-13T02:54:26+02:00,2026-01-13T09:54:26+02:00,7.0,2,9,109081,https://t.me/kievreal1/109081,1 шахед на Велику Димерку 3 шахеди на Бровари 1 шахед на Іванків 1 шахед на Вишгород
2026-01-13,7,Вишгородський,Іванків,2026-01-13T02:54:26+02:00,2026-01-13T09:54:26+02:00,7.0,2,9,109081,https://t.me/kievreal1/109081,1 шахед на Велику Димерку 3 шахеди на Бровари 1 шахед на Іванків 1 шахед на Вишгород
2026-01-13,7,Вишгородський,Вишгород,2026-01-13T02:54:26+02:00,2026-01-13T09:54:26+02:00,7.0,2,9,109081,https://t.me/kievreal1/109081,1 шахед на Велику Димерку 3 шахеди на Бровари 1 шахед на Іванків 1 шахед на Вишгород
2026-01-13,7,Фастівський,Фастів,2026-01-13T02:54:26+02:00,2026-01-13T09:54:26+02:00,7.0,2,9,109082,https://t.me/kievreal1/109082,Взяла вектор на Фастівщину
2026-01-13,7,Білоцерківський,Рокитне,2026-01-13T02:54:26+02:00,2026-01-13T09:54:26+02:00,7.0,2,9,109084,https://t.me/kievreal1/109084,1 КР на Білу Церкву повз Рокитне
2026-01-13,7,Бориспільський,Яготин,2026-01-13T02:54:26+02:00,2026-01-13T09:54:26+02:00,7.0,2,9,109085,https://t.me/kievreal1/109085,На Яготин!
2026-01-13,8,Бориспільський,Бориспіль,2026-01-13T02:54:26+02:00,2026-01-13T09:54:26+02:00,7.0,2,9,109086,https://t.me/kievreal1/109086,Бориспіль ! Бровари !
2026-01-13,8,Броварський,Бровари,2026-01-13T02:54:26+02:00,2026-01-13T09:54:26+02:00,7.0,2,9,109086,https://t.me/kievreal1/109086,Бориспіль ! Бровари !
2026-01-13,8,Обухівський,Українка,2026-01-13T02:54:26+02:00,2026-01-13T09:54:26+02:00,7.0,2,9,109091,https://t.me/kievreal1/109091,На Українку
2026-01-13,8,Вишгородський,Димер,2026-01-13T02:54:26+02:00,2026-01-13T09:54:26+02:00,7.0,2,9,109092,https://t.me/kievreal1/109092,"По ракетах чисто, БпЛА на Димер"
2026-01-13,8,Броварський,Бровари,2026-01-13T02:54:26+02:00,2026-01-13T09:54:26+02:00,7.0,2,9,109093,https://t.me/kievreal1/109093,Біля Броварів декілька БпЛА
2026-01-13,8,Вишгородський,Димер,2026-01-13T02:54:26+02:00,2026-01-13T09:54:26+02:00,7.0,2,9,109094,https://t.me/kievreal1/109094,"Ще на Димер 🤫 якщо у вас premium, підтримайте, будь ласка, наш канал своїм голосом – t.me/kievreal1?boost"
2026-01-13,8,Вишгородський,Вишгород,2026-01-13T02:54:26+02:00,2026-01-13T09:54:26+02:00,7.0,2,9,109095,https://t.me/kievreal1/109095,Уважно Вишгород
2026-01-13,8,Вишгородський,Чорнобиль,2026-01-13T02:54:26+02:00,2026-01-13T09:54:26+02:00,7.0,2,9,109096,https://t.me/kievreal1/109096,Ще один в Чорнобильській зоні
2026-01-13,8,Броварський,Броварський,2026-01-13T02:54:26+02:00,2026-01-13T09:54:26+02:00,7.0,2,9,109097,https://t.me/kievreal1/109097,У Требухові Броварського району уламки ракети впали на відкритій території Працюють спеціалісти ДСНС. Інформації щодо потерпілих наразі нем…
2026-01-13,8,Бучанський,Бородянка,2026-01-13T02:54:26+02:00,2026-01-13T09:54:26+02:00,7.0,2,9,109098,https://t.me/kievreal1/109098,Бородянка – до вас ще
2026-01-13,8,Вишгородський,Чорнобиль,2026-01-13T02:54:26+02:00,2026-01-13T09:54:26+02:00,7.0,2,9,109100,https://t.me/kievreal1/109100,Один БпЛА лишається в Чорнобильській зоні
2026-01-13,9,Броварський,Броварський,2026-01-13T02:54:26+02:00,2026-01-13T09:54:26+02:00,7.0,2,9,109104,https://t.me/kievreal1/109104,"На знімках наслідки атаки на Київщину, є руйнування, виникли пожежі в житловій забудові та на промислових об’єктах У Броварському та Фастів…"
2026-01-13,9,Фастівський,Фастівський,2026-01-13T02:54:26+02:00,2026-01-13T09:54:26+02:00,7.0,2,9,109104,https://t.me/kievreal1/109104,"На знімках наслідки атаки на Київщину, є руйнування, виникли пожежі в житловій забудові та на промислових об’єктах У Броварському та Фастів…"
2026-01-13,9,Вишгородський,Вишгород,2026-01-13T02:54:26+02:00,2026-01-13T09:54:26+02:00,7.0,2,9,109104,https://t.me/kievreal1/109104,"На знімках наслідки атаки на Київщину, є руйнування, виникли пожежі в житловій забудові та на промислових об’єктах У Броварському та Фастів…"
2026-01-13,18,Вишгородський,Вишгородський,2026-01-13T18:35:46+02:00,2026-01-14T03:05:56+02:00,8.5,18,3,109131,https://t.me/kievreal1/109131,🚨 КИЇВСЬКА ОБЛАСТЬ - ОГОЛОШЕНА ПОВІТРЯНА ТРИВОГА Загроза для Вишгородського району через БпЛА з Чернігівщини на Чорнобильську зону.
2026-01-13,18,Вишгородський,Чорнобиль,2026-01-13T18:35:46+02:00,2026-01-14T03:05:56+02:00,8.5,18,3,109131,https://t.me/kievreal1/109131,🚨 КИЇВСЬКА ОБЛАСТЬ - ОГОЛОШЕНА ПОВІТРЯНА ТРИВОГА Загроза для Вишгородського району через БпЛА з Чернігівщини на Чорнобильську зону.
2026-01-13,18,Бучанський,Ірпінь,2026-01-13T18:35:46+02:00,2026-01-14T03:05:56+02:00,8.5,18,3,109132,https://t.me/kievreal1/109132,"На території Ірпінської та Гостомельської громад, через відсутність світла, водопостачання здійснюватиметься за тимчасовим графіком: • з 06…"
2026-01-13,18,Бучанський,Гостомель,2026-01-13T18:35:46+02:00,2026-01-14T03:05:56+02:00,8.5,18,3,109132,https://t.me/kievreal1/109132,"На території Ірпінської та Гостомельської громад, через відсутність світла, водопостачання здійснюватиметься за тимчасовим графіком: • з 06…"
2026-01-13,19,Бориспільський,Переяслав,2026-01-13T18:35:46+02:00,2026-01-14T03:05:56+02:00,8.5,18,3,109135,https://t.me/kievreal1/109135,БпЛА з Черкащини курсом на Переяслав
2026-01-13,20,Бучанський,Петропавлівська Борщагівка,2026-01-13T18:35:46+02:00,2026-01-14T03:05:56+02:00,8.5,18,3,109136,https://t.me/kievreal1/109136,"🛜 Зв’язок на Київщині працює в ускладнених умовах через тривалі відключення електроенергії, – повідомили у Kyivstar Ситуація станом на вечі…"
2026-01-13,20,Бучанський,Ірпінь,2026-01-13T18:35:46+02:00,2026-01-14T03:05:56+02:00,8.5,18,3,109136,https://t.me/kievreal1/109136,"🛜 Зв’язок на Київщині працює в ускладнених умовах через тривалі відключення електроенергії, – повідомили у Kyivstar Ситуація станом на вечі…"
2026-01-13,20,Бучанський,Буча,2026-01-13T18:35:46+02:00,2026-01-14T03:05:56+02:00,8.5,18,3,109136,https://t.me/kievreal1/109136,"🛜 Зв’язок на Київщині працює в ускладнених умовах через тривалі відключення електроенергії, – повідомили у Kyivstar Ситуація станом на вечі…"
2026-01-13,20,Броварський,Бровари,2026-01-13T18:35:46+02:00,2026-01-14T03:05:56+02:00,8.5,18,3,109136,https://t.me/kievreal1/109136,"🛜 Зв’язок на Київщині працює в ускладнених умовах через тривалі відключення електроенергії, – повідомили у Kyivstar Ситуація станом на вечі…"
2026-01-13,20,Бориспільський,Бориспіль,2026-01-13T18:35:46+02:00,2026-01-14T03:05:56+02:00,8.5,18,3,109136,https://t.me/kievreal1/109136,"🛜 Зв’язок на Київщині працює в ускладнених умовах через тривалі відключення електроенергії, – повідомили у Kyivstar Ситуація станом на вечі…"
2026-01-13,20,Обухівський,Кагарлик,2026-01-13T18:35:46+02:00,2026-01-14T03:05:56+02:00,8.5,18,3,109137,https://t.me/kievreal1/109137,БпЛА на Кагарлик
2026-01-13,20,Обухівський,Кагарлик,2026-01-13T18:35:46+02:00,2026-01-14T03:05:56+02:00,8.5,18,3,109138,https://t.me/kievreal1/109138,БпЛА на Кагарлик
2026-01-13,20,Бориспільський,Бориспіль,2026-01-13T18:35:46+02:00,2026-01-14T03:05:56+02:00,8.5,18,3,109139,https://t.me/kievreal1/109139,На Бориспіль
2026-01-13,20,Бориспільський,Бориспіль,2026-01-13T18:35:46+02:00,2026-01-14T03:05:56+02:00,8.5,18,3,109141,https://t.me/kievreal1/109141,На Бориспіль / Рогозів
2026-01-13,21,Бориспільський,Бориспільський,2026-01-13T18:35:46+02:00,2026-01-14T03:05:56+02:00,8.5,18,3,109145,https://t.me/kievreal1/109145,Бойову частину ворожого безпілотника знайшли на території Бориспільського району На місце негайно виїхали вибухотехніки. Під час обстеження…
2026-01-13,21,Броварський,Броварський,2026-01-13T18:35:46+02:00,2026-01-14T03:05:56+02:00,8.5,18,3,109148,https://t.me/kievreal1/109148,"Графіки погодинних відключень для Київщини на завтра, 14 січня Проте, в частині Броварського , Бориспільського та Бучанського районів облас…"
2026-01-13,21,Бориспільський,Бориспільський,2026-01-13T18:35:46+02:00,2026-01-14T03:05:56+02:00,8.5,18,3,109148,https://t.me/kievreal1/109148,"Графіки погодинних відключень для Київщини на завтра, 14 січня Проте, в частині Броварського , Бориспільського та Бучанського районів облас…"
2026-01-13,21,Бучанський,Бучанський,2026-01-13T18:35:46+02:00,2026-01-14T03:05:56+02:00,8.5,18,3,109148,https://t.me/kievreal1/109148,"Графіки погодинних відключень для Київщини на завтра, 14 січня Проте, в частині Броварського , Бориспільського та Бучанського районів облас…"
2026-01-13,23,Вишгородський,Чорнобиль,2026-01-13T18:35:46+02:00,2026-01-14T03:05:56+02:00,8.5,18,3,109154,https://t.me/kievreal1/109154,1 шахед на Чорнобиль
2026-01-14,7,Вишгородський,Вишгород,2026-01-14T07:29:26+02:00,2026-01-14T09:51:26+02:00,2.4,7,9,109161,https://t.me/kievreal1/109161,"2 БПЛА на Вишгород Підтримати канал, буду вдячний Вам: https://base.monobank.ua/4jYdAKEbmcrmLL ➡"
2026-01-14,7,Вишгородський,Вишгород,2026-01-14T07:29:26+02:00,2026-01-14T09:51:26+02:00,2.4,7,9,109163,https://t.me/kievreal1/109163,4 БПЛА на Вишгород
2026-01-14,7,Вишгородський,Вишгород,2026-01-14T07:29:26+02:00,2026-01-14T09:51:26+02:00,2.4,7,9,109164,https://t.me/kievreal1/109164,1 шахед на Вишгород 1 шахед на Чорнобиль
2026-01-14,7,Вишгородський,Чорнобиль,2026-01-14T07:29:26+02:00,2026-01-14T09:51:26+02:00,2.4,7,9,109164,https://t.me/kievreal1/109164,1 шахед на Вишгород 1 шахед на Чорнобиль
2026-01-14,8,Вишгородський,Вишгород,2026-01-14T07:29:26+02:00,2026-01-14T09:51:26+02:00,2.4,7,9,109168,https://t.me/kievreal1/109168,"Дорозвідка по першому, інший летить на Вишгород"
2026-01-14,8,Бучанський,Борщагівка,2026-01-14T07:29:26+02:00,2026-01-14T09:51:26+02:00,2.4,7,9,109172,https://t.me/kievreal1/109172,Борщагівка
2026-01-14,9,Вишгородський,Вишгород,2026-01-14T07:29:26+02:00,2026-01-14T09:51:26+02:00,2.4,7,9,109188,https://t.me/kievreal1/109188,БПЛА на Вишгород
2026-01-14,9,Вишгородський,Димер,2026-01-14T07:29:26+02:00,2026-01-14T09:51:26+02:00,2.4,7,9,109189,https://t.me/kievreal1/109189,Димер
2026-01-14,9,Бучанський,Борщагівка,2026-01-14T07:29:26+02:00,2026-01-14T09:51:26+02:00,2.4,7,9,109195,https://t.me/kievreal1/109195,Борщагівки
2026-01-14,15,Вишгородський,Вишгород,2026-01-14T15:09:26+02:00,2026-01-14T17:46:16+02:00,2.6,15,17,109218,https://t.me/kievreal1/109218,Вишгород
2026-01-14,15,Обухівський,Козин,2026-01-14T15:09:26+02:00,2026-01-14T17:46:16+02:00,2.6,15,17,109224,https://t.me/kievreal1/109224,Козин
2026-01-14,15,Бориспільський,Бориспіль,2026-01-14T15:09:26+02:00,2026-01-14T17:46:16+02:00,2.6,15,17,109227,https://t.me/kievreal1/109227,Бориспіль
2026-01-14,15,Бориспільський,Бориспіль,2026-01-14T15:09:26+02:00,2026-01-14T17:46:16+02:00,2.6,15,17,109231,https://t.me/kievreal1/109231,Бориспіль
2026-01-14,16,Бориспільський,Бориспіль,2026-01-14T15:09:26+02:00,2026-01-14T17:46:16+02:00,2.6,15,17,109233,https://t.me/kievreal1/109233,Нові БПЛА на Бориспіль
2026-01-14,16,Білоцерківський,Біла Церква,2026-01-14T15:09:26+02:00,2026-01-14T17:46:16+02:00,2.6,15,17,109237,https://t.me/kievreal1/109237,Біла Церква
2026-01-14,16,Фастівський,Фастів,2026-01-14T15:09:26+02:00,2026-01-14T17:46:16+02:00,2.6,15,17,109239,https://t.me/kievreal1/109239,Фастів
2026-01-14,16,Обухівський,Васильків,2026-01-14T15:09:26+02:00,2026-01-14T17:46:16+02:00,2.6,15,17,109240,https://t.me/kievreal1/109240,Васильків
2026-01-14,16,Фастівський,Фастів,2026-01-14T15:09:26+02:00,2026-01-14T17:46:16+02:00,2.6,15,17,109241,https://t.me/kievreal1/109241,Ще нові на Фастів
2026-01-14,17,Білоцерківський,Біла Церква,2026-01-14T15:09:26+02:00,2026-01-14T17:46:16+02:00,2.6,15,17,109243,https://t.me/kievreal1/109243,Біла Церква
2026-01-14,22,Бориспільський,Яготин,2026-01-14T22:32:46+02:00,2026-01-15T02:00:06+02:00,3.5,22,2,109258,https://t.me/kievreal1/109258,БПЛА на Яготин
2026-01-14,23,Вишгородський,Димер,2026-01-14T22:32:46+02:00,2026-01-15T02:00:06+02:00,3.5,22,2,109259,https://t.me/kievreal1/109259,1 шахед на Димер
2026-01-14,0,Вишгородський,Чорнобиль,2026-01-14T22:32:46+02:00,2026-01-15T02:00:06+02:00,3.5,22,2,109261,https://t.me/kievreal1/109261,1 шахед на Чорнобиль
2026-01-14,1,Вишгородський,Димер,2026-01-14T22:32:46+02:00,2026-01-15T02:00:06+02:00,3.5,22,2,109263,https://t.me/kievreal1/109263,Шахед на Димер
2026-01-15,2,Бучанський,Ірпінь,2026-01-15T02:02:26+02:00,2026-01-15T03:47:26+02:00,1.8,2,3,109266,https://t.me/kievreal1/109266,БпЛА повз Возлель курсом на Ірпінь
2026-01-15,2,Бучанський,Бородянка,2026-01-15T02:02:26+02:00,2026-01-15T03:47:26+02:00,1.8,2,3,109268,https://t.me/kievreal1/109268,БпЛА на Бородянку
2026-01-15,2,Бучанський,Макарів,2026-01-15T02:02:26+02:00,2026-01-15T03:47:26+02:00,1.8,2,3,109269,https://t.me/kievreal1/109269,1 шахед на Київське водосховище. 1 шахед на Макарів.
2026-01-15,2,Бучанський,Бородянка,2026-01-15T02:02:26+02:00,2026-01-15T03:47:26+02:00,1.8,2,3,109270,https://t.me/kievreal1/109270,1 шахед на Красятичі 1 шахед на Бородянку
2026-01-15,6,Бучанський,Гостомель,2026-01-15T06:27:56+02:00,2026-01-15T07:01:56+02:00,0.6,6,7,109274,https://t.me/kievreal1/109274,БпЛА курсом на Гостомель БпЛА курсом на Бородянк
2026-01-15,6,Бучанський,Бородянка,2026-01-15T06:27:56+02:00,2026-01-15T07:01:56+02:00,0.6,6,7,109274,https://t.me/kievreal1/109274,БпЛА курсом на Гостомель БпЛА курсом на Бородянк
2026-01-15,6,Вишгородський,Вишгород,2026-01-15T06:27:56+02:00,2026-01-15T07:01:56+02:00,0.6,6,7,109276,https://t.me/kievreal1/109276,"Київ : БпЛА на Вишгород Підтримати канал, буду вдячний Вам: https://base.monobank.ua/4jYdAKEbmcrmLL ➡"
2026-01-15,8,Вишгородський,Вишгородський,2026-01-15T08:25:46+02:00,2026-01-15T09:36:26+02:00,1.2,8,9,109290,https://t.me/kievreal1/109290,Вишгородський район БПЛА
2026-01-15,8,Броварський,Бровари,2026-01-15T08:25:46+02:00,2026-01-15T09:36:26+02:00,1.2,8,9,109295,https://t.me/kievreal1/109295,Бровари
2026-01-15,9,Обухівський,Васильків,2026-01-15T08:25:46+02:00,2026-01-15T09:36:26+02:00,1.2,8,9,109300,https://t.me/kievreal1/109300,Васильків
2026-01-15,9,Броварський,Бровари,2026-01-15T08:25:46+02:00,2026-01-15T09:36:26+02:00,1.2,8,9,109303,https://t.me/kievreal1/109303,Бровари
2026-01-15,14,Вишгородський,Чорнобиль,2026-01-15T14:43:06+02:00,2026-01-15T16:20:06+02:00,1.6,14,16,109323,https://t.me/kievreal1/109323,БПЛА в Чорнобильській зоні
2026-01-15,15,Бучанський,Ворзель,2026-01-15T14:43:06+02:00,2026-01-15T16:20:06+02:00,1.6,14,16,109326,https://t.me/kievreal1/109326,БПЛА Ворзель
2026-01-15,18,Вишгородський,Вишгород,2026-01-15T18:23:26+02:00,2026-01-15T23:46:16+02:00,5.4,18,23,109343,https://t.me/kievreal1/109343,Вишгород
2026-01-15,18,Бучанський,Борщагівка,2026-01-15T18:23:26+02:00,2026-01-15T23:46:16+02:00,5.4,18,23,109346,https://t.me/kievreal1/109346,Борщагівки
2026-01-15,18,Бучанський,Гостомель,2026-01-15T18:23:26+02:00,2026-01-15T23:46:16+02:00,5.4,18,23,109348,https://t.me/kievreal1/109348,Гостомель
2026-01-16,2,Вишгородський,Димер,2026-01-16T02:11:56+02:00,2026-01-16T03:30:06+02:00,1.3,2,3,109373,https://t.me/kievreal1/109373,БпЛА на Димер з Чернігівщини
2026-01-16,2,Вишгородський,Страхолісся,2026-01-16T02:11:56+02:00,2026-01-16T03:30:06+02:00,1.3,2,3,109375,https://t.me/kievreal1/109375,4 шахеди на Страхолісся
2026-01-16,4,Броварський,Велика Димерка,2026-01-16T04:35:26+02:00,2026-01-16T05:03:36+02:00,0.5,4,5,109380,https://t.me/kievreal1/109380,БпЛА курсом на Велику Димерку
2026-01-16,8,Броварський,Броварський,2026-01-16T08:06:06+02:00,2026-01-16T08:20:56+02:00,0.2,8,8,109382,https://t.me/kievreal1/109382,🚨 КИЇВСЬКА ОБЛАСТЬ - ОГОЛОШЕНА ПОВІТРЯНА ТРИВОГА Броварський район – загроза по БпЛА.
2026-01-16,8,Броварський,Велика Димерка,2026-01-16T08:06:06+02:00,2026-01-16T08:20:56+02:00,0.2,8,8,109383,https://t.me/kievreal1/109383,"БпЛА на Велику Димерку / Бровари 📩 Стали свідком чогось незвичного чи важливого? Одразу надсилайте в наш чат, а ми покажемо це на каналі – …"
2026-01-16,8,Броварський,Бровари,2026-01-16T08:06:06+02:00,2026-01-16T08:20:56+02:00,0.2,8,8,109383,https://t.me/kievreal1/109383,"БпЛА на Велику Димерку / Бровари 📩 Стали свідком чогось незвичного чи важливого? Одразу надсилайте в наш чат, а ми покажемо це на каналі – …"
2026-01-16,9,Броварський,Броварський,2026-01-16T09:47:06+02:00,2026-01-16T09:59:06+02:00,0.2,9,9,109393,https://t.me/kievreal1/109393,🚨 КИЇВСЬКА ОБЛАСТЬ - ОГОЛОШЕНА ПОВІТРЯНА ТРИВОГА 2 БпЛА на Броварський район від Чернігівської області.
2026-01-16,9,Бориспільський,Бориспіль,2026-01-16T09:47:06+02:00,2026-01-16T09:59:06+02:00,0.2,9,9,109394,https://t.me/kievreal1/109394,Курсом на Бориспіль / Бровари
2026-01-16,9,Броварський,Бровари,2026-01-16T09:47:06+02:00,2026-01-16T09:59:06+02:00,0.2,9,9,109394,https://t.me/kievreal1/109394,Курсом на Бориспіль / Бровари
2026-01-16,17,Вишгородський,Вишгород,2026-01-16T17:46:56+02:00,2026-01-16T18:24:46+02:00,0.6,17,18,109430,https://t.me/kievreal1/109430,"Над водосховищем, неподалік Вишгорода, фіксація БпЛА"
2026-01-17,1,Бориспільський,Яготин,2026-01-17T00:48:36+02:00,2026-01-17T02:55:16+02:00,2.1,0,2,109447,https://t.me/kievreal1/109447,БПЛА на Яготин зі сходу
2026-01-17,1,Броварський,Бровари,2026-01-17T00:48:36+02:00,2026-01-17T02:55:16+02:00,2.1,0,2,109449,https://t.me/kievreal1/109449,БПЛА на Бровари
2026-01-17,1,Броварський,Бровари,2026-01-17T00:48:36+02:00,2026-01-17T02:55:16+02:00,2.1,0,2,109451,https://t.me/kievreal1/109451,Шахеди на Бровари і Бучу
2026-01-17,1,Вишгородський,Вишгород,2026-01-17T00:48:36+02:00,2026-01-17T02:55:16+02:00,2.1,0,2,109452,https://t.me/kievreal1/109452,БПЛА на Вишгород
2026-01-17,1,Вишгородський,Вишгород,2026-01-17T00:48:36+02:00,2026-01-17T02:55:16+02:00,2.1,0,2,109455,https://t.me/kievreal1/109455,БпЛА курсом на Вишгород БпЛА повз Димер на Гостомель 2х БпЛА курсом на Пущу-Водицю
2026-01-17,1,Вишгородський,Димер,2026-01-17T00:48:36+02:00,2026-01-17T02:55:16+02:00,2.1,0,2,109455,https://t.me/kievreal1/109455,БпЛА курсом на Вишгород БпЛА повз Димер на Гостомель 2х БпЛА курсом на Пущу-Водицю
2026-01-17,1,Бучанський,Гостомель,2026-01-17T00:48:36+02:00,2026-01-17T02:55:16+02:00,2.1,0,2,109455,https://t.me/kievreal1/109455,БпЛА курсом на Вишгород БпЛА повз Димер на Гостомель 2х БпЛА курсом на Пущу-Водицю
2026-01-17,1,Бучанський,Бородянка,2026-01-17T00:48:36+02:00,2026-01-17T02:55:16+02:00,2.1,0,2,109456,https://t.me/kievreal1/109456,2 шахеди на Бородянку 1 шахед на Вишгород 1 шахед на Борщагівку
2026-01-17,1,Вишгородський,Вишгород,2026-01-17T00:48:36+02:00,2026-01-17T02:55:16+02:00,2.1,0,2,109456,https://t.me/kievreal1/109456,2 шахеди на Бородянку 1 шахед на Вишгород 1 шахед на Борщагівку
2026-01-17,1,Бучанський,Борщагівка,2026-01-17T00:48:36+02:00,2026-01-17T02:55:16+02:00,2.1,0,2,109456,https://t.me/kievreal1/109456,2 шахеди на Бородянку 1 шахед на Вишгород 1 шахед на Борщагівку
2026-01-17,1,Вишгородський,Вишгород,2026-01-17T00:48:36+02:00,2026-01-17T02:55:16+02:00,2.1,0,2,109457,https://t.me/kievreal1/109457,БПЛА на Оболонь з Вишгорода
2026-01-17,1,Бучанський,Бородянка,2026-01-17T00:48:36+02:00,2026-01-17T02:55:16+02:00,2.1,0,2,109458,https://t.me/kievreal1/109458,2 шахеди на Бородянку 1 шахед на Іванків
2026-01-17,1,Вишгородський,Іванків,2026-01-17T00:48:36+02:00,2026-01-17T02:55:16+02:00,2.1,0,2,109458,https://t.me/kievreal1/109458,2 шахеди на Бородянку 1 шахед на Іванків
2026-01-17,1,Вишгородський,Вишгород,2026-01-17T00:48:36+02:00,2026-01-17T02:55:16+02:00,2.1,0,2,109459,https://t.me/kievreal1/109459,Ще шахед на Вишгород
2026-01-17,1,Вишгородський,Вишгород,2026-01-17T00:48:36+02:00,2026-01-17T02:55:16+02:00,2.1,0,2,109462,https://t.me/kievreal1/109462,Нові на Вишгород
2026-01-17,2,Вишгородський,Вишгород,2026-01-17T00:48:36+02:00,2026-01-17T02:55:16+02:00,2.1,0,2,109463,https://t.me/kievreal1/109463,4 шахеди на Вишгород 2 шахеди на Бородянку
2026-01-17,2,Бучанський,Бородянка,2026-01-17T00:48:36+02:00,2026-01-17T02:55:16+02:00,2.1,0,2,109463,https://t.me/kievreal1/109463,4 шахеди на Вишгород 2 шахеди на Бородянку
2026-01-17,2,Вишгородський,Димер,2026-01-17T00:48:36+02:00,2026-01-17T02:55:16+02:00,2.1,0,2,109464,https://t.me/kievreal1/109464,БПЛА на Димер
2026-01-17,2,Вишгородський,Вишгород,2026-01-17T00:48:36+02:00,2026-01-17T02:55:16+02:00,2.1,0,2,109465,https://t.me/kievreal1/109465,Шахед на Вишгород
2026-01-17,2,Бучанський,Гостомель,2026-01-17T00:48:36+02:00,2026-01-17T02:55:16+02:00,2.1,0,2,109467,https://t.me/kievreal1/109467,3 шахеди на Гостомель /Бучу
2026-01-17,2,Вишгородський,Вишгород,2026-01-17T00:48:36+02:00,2026-01-17T02:55:16+02:00,2.1,0,2,109468,https://t.me/kievreal1/109468,БпЛА курсом на Бучу 5х БпЛА курсом на Вишгород
2026-01-17,2,Бучанський,Гостомель,2026-01-17T00:48:36+02:00,2026-01-17T02:55:16+02:00,2.1,0,2,109469,https://t.me/kievreal1/109469,4 шахеди на Гостомель 3 шахеди на Вишгород 1 шахед на Чорнобиль
2026-01-17,2,Вишгородський,Вишгород,2026-01-17T00:48:36+02:00,2026-01-17T02:55:16+02:00,2.1,0,2,109469,https://t.me/kievreal1/109469,4 шахеди на Гостомель 3 шахеди на Вишгород 1 шахед на Чорнобиль
2026-01-17,2,Вишгородський,Чорнобиль,2026-01-17T00:48:36+02:00,2026-01-17T02:55:16+02:00,2.1,0,2,109469,https://t.me/kievreal1/109469,4 шахеди на Гостомель 3 шахеди на Вишгород 1 шахед на Чорнобиль
2026-01-17,2,Вишгородський,Вишгород,2026-01-17T00:48:36+02:00,2026-01-17T02:55:16+02:00,2.1,0,2,109470,https://t.me/kievreal1/109470,Вишгород/район - вибухи
2026-01-17,4,Броварський,Згурівка,2026-01-17T04:40:06+02:00,2026-01-17T08:23:26+02:00,3.7,4,8,109476,https://t.me/kievreal1/109476,1 шахед на Згурівку
2026-01-17,5,Броварський,Баришівка,2026-01-17T04:40:06+02:00,2026-01-17T08:23:26+02:00,3.7,4,8,109477,https://t.me/kievreal1/109477,1 шахед на Баришівку
2026-01-17,6,Броварський,Баришівка,2026-01-17T04:40:06+02:00,2026-01-17T08:23:26+02:00,3.7,4,8,109478,https://t.me/kievreal1/109478,1 шахед на Баришівку
2026-01-17,6,Обухівський,Обухів,2026-01-17T04:40:06+02:00,2026-01-17T08:23:26+02:00,3.7,4,8,109479,https://t.me/kievreal1/109479,БпЛА на Обухів з південного сходу
2026-01-17,6,Обухівський,Українка,2026-01-17T04:40:06+02:00,2026-01-17T08:23:26+02:00,3.7,4,8,109481,https://t.me/kievreal1/109481,БпЛА курсом на Українку
2026-01-17,6,Бориспільський,Бориспіль,2026-01-17T04:40:06+02:00,2026-01-17T08:23:26+02:00,3.7,4,8,109487,https://t.me/kievreal1/109487,БпЛА курсом на Бориспіль
2026-01-17,6,Обухівський,Ржищів,2026-01-17T04:40:06+02:00,2026-01-17T08:23:26+02:00,3.7,4,8,109488,https://t.me/kievreal1/109488,БпЛА звернув на Ржищів
2026-01-17,7,Обухівський,Українка,2026-01-17T04:40:06+02:00,2026-01-17T08:23:26+02:00,3.7,4,8,109489,https://t.me/kievreal1/109489,БпЛА курсом на Українку
2026-01-17,8,Броварський,Броварський,2026-01-17T04:40:06+02:00,2026-01-17T08:23:26+02:00,3.7,4,8,109491,https://t.me/kievreal1/109491,Наразі в нас чисто. Тривога станом на зараз в нас лише в Броварському районі Ще фіксують БпЛА на Чернігівщині. 🤫 побачили якусь подію – над…
2026-01-17,11,Вишгородський,Вишгородський,2026-01-17T11:18:46+02:00,2026-01-17T11:37:46+02:00,0.3,11,11,109501,https://t.me/kievreal1/109501,🚨 КИЇВСЬКА ОБЛАСТЬ - ОГОЛОШЕНА ПОВІТРЯНА ТРИВОГА Загроза для Вишгородського району через БпЛА з Чернігівщини.
2026-01-17,11,Вишгородський,Славутич,2026-01-17T11:18:46+02:00,2026-01-17T11:37:46+02:00,0.3,11,11,109502,https://t.me/kievreal1/109502,На Славутич БпЛА
2026-01-17,17,Вишгородський,Чорнобиль,2026-01-17T17:11:36+02:00,2026-01-17T18:00:16+02:00,0.8,17,18,109518,https://t.me/kievreal1/109518,З Чернігівщини БпЛА на Чорнобильську зону. Загроза для Вишгородського району
2026-01-17,17,Вишгородський,Вишгородський,2026-01-17T17:11:36+02:00,2026-01-17T18:00:16+02:00,0.8,17,18,109518,https://t.me/kievreal1/109518,З Чернігівщини БпЛА на Чорнобильську зону. Загроза для Вишгородського району
2026-01-17,17,Обухівський,Українка,2026-01-17T17:11:36+02:00,2026-01-17T18:00:16+02:00,0.8,17,18,109519,https://t.me/kievreal1/109519,"Нам пишуть, що на бульварі Лесі Українки, 7а третю добу затоплює паркінг, також вже затопило ліфтові шахти, а зараз це все замерзає, оскіль…"
2026-01-17,20,Броварський,Згурівка,2026-01-17T20:56:46+02:00,2026-01-17T22:04:56+02:00,1.1,20,22,109533,https://t.me/kievreal1/109533,БпЛА з Чернігівщини на Згурівку. Загроза для Броварського району
2026-01-17,20,Броварський,Броварський,2026-01-17T20:56:46+02:00,2026-01-17T22:04:56+02:00,1.1,20,22,109533,https://t.me/kievreal1/109533,БпЛА з Чернігівщини на Згурівку. Загроза для Броварського району
2026-01-18,0,Обухівський,Миронівка,2026-01-18T00:28:56+02:00,2026-01-18T03:44:26+02:00,3.3,0,3,109550,https://t.me/kievreal1/109550,2 шахеди на Миронівку 1 шахед на Жукин
2026-01-18,0,Вишгородський,Жукин,2026-01-18T00:28:56+02:00,2026-01-18T03:44:26+02:00,3.3,0,3,109550,https://t.me/kievreal1/109550,2 шахеди на Миронівку 1 шахед на Жукин
2026-01-18,1,Білоцерківський,Ставище,2026-01-18T00:28:56+02:00,2026-01-18T03:44:26+02:00,3.3,0,3,109551,https://t.me/kievreal1/109551,2 шахеди на Ставище 1 шахед на Іванків 1 шахед на Димер 1 шахед на Яготин
2026-01-18,1,Вишгородський,Іванків,2026-01-18T00:28:56+02:00,2026-01-18T03:44:26+02:00,3.3,0,3,109551,https://t.me/kievreal1/109551,2 шахеди на Ставище 1 шахед на Іванків 1 шахед на Димер 1 шахед на Яготин
2026-01-18,1,Вишгородський,Димер,2026-01-18T00:28:56+02:00,2026-01-18T03:44:26+02:00,3.3,0,3,109551,https://t.me/kievreal1/109551,2 шахеди на Ставище 1 шахед на Іванків 1 шахед на Димер 1 шахед на Яготин
2026-01-18,1,Бориспільський,Яготин,2026-01-18T00:28:56+02:00,2026-01-18T03:44:26+02:00,3.3,0,3,109551,https://t.me/kievreal1/109551,2 шахеди на Ставище 1 шахед на Іванків 1 шахед на Димер 1 шахед на Яготин
2026-01-18,1,Вишгородський,Димер,2026-01-18T00:28:56+02:00,2026-01-18T03:44:26+02:00,3.3,0,3,109552,https://t.me/kievreal1/109552,БПЛА на Димер
2026-01-18,1,Вишгородський,Димер,2026-01-18T00:28:56+02:00,2026-01-18T03:44:26+02:00,3.3,0,3,109553,https://t.me/kievreal1/109553,5 шахедів на Димер 2 шахеди на Миронівку 1 шахед на Бородянку
2026-01-18,1,Обухівський,Миронівка,2026-01-18T00:28:56+02:00,2026-01-18T03:44:26+02:00,3.3,0,3,109553,https://t.me/kievreal1/109553,5 шахедів на Димер 2 шахеди на Миронівку 1 шахед на Бородянку
2026-01-18,1,Бучанський,Бородянка,2026-01-18T00:28:56+02:00,2026-01-18T03:44:26+02:00,3.3,0,3,109553,https://t.me/kievreal1/109553,5 шахедів на Димер 2 шахеди на Миронівку 1 шахед на Бородянку
2026-01-18,1,Білоцерківський,Тетіїв,2026-01-18T00:28:56+02:00,2026-01-18T03:44:26+02:00,3.3,0,3,109554,https://t.me/kievreal1/109554,2 шахеди на Тетіїв 1 шахед на Обухів 1 шахед на Дослідницьке
2026-01-18,1,Обухівський,Обухів,2026-01-18T00:28:56+02:00,2026-01-18T03:44:26+02:00,3.3,0,3,109554,https://t.me/kievreal1/109554,2 шахеди на Тетіїв 1 шахед на Обухів 1 шахед на Дослідницьке
2026-01-18,1,Обухівський,Васильків,2026-01-18T00:28:56+02:00,2026-01-18T03:44:26+02:00,3.3,0,3,109555,https://t.me/kievreal1/109555,БПЛА на Васильків
2026-01-18,2,Обухівський,Васильків,2026-01-18T00:28:56+02:00,2026-01-18T03:44:26+02:00,3.3,0,3,109556,https://t.me/kievreal1/109556,2 шахеди на Васильків 1 шахед на Іванків
2026-01-18,2,Вишгородський,Іванків,2026-01-18T00:28:56+02:00,2026-01-18T03:44:26+02:00,3.3,0,3,109556,https://t.me/kievreal1/109556,2 шахеди на Васильків 1 шахед на Іванків
2026-01-18,2,Фастівський,Боярка,2026-01-18T00:28:56+02:00,2026-01-18T03:44:26+02:00,3.3,0,3,109559,https://t.me/kievreal1/109559,1 шахед на Боярку 1 шахед на Дослідницьке 1 шахед на Іванків
2026-01-18,2,Вишгородський,Іванків,2026-01-18T00:28:56+02:00,2026-01-18T03:44:26+02:00,3.3,0,3,109559,https://t.me/kievreal1/109559,1 шахед на Боярку 1 шахед на Дослідницьке 1 шахед на Іванків
2026-01-18,2,Фастівський,Фастів,2026-01-18T00:28:56+02:00,2026-01-18T03:44:26+02:00,3.3,0,3,109561,https://t.me/kievreal1/109561,1 шахед на Фастів
2026-01-18,3,Фастівський,Фастів,2026-01-18T00:28:56+02:00,2026-01-18T03:44:26+02:00,3.3,0,3,109563,https://t.me/kievreal1/109563,Шахед на Фастів
2026-01-18,11,Вишгородський,Іванків,2026-01-18T11:01:06+02:00,2026-01-18T12:11:16+02:00,1.2,11,12,109570,https://t.me/kievreal1/109570,Іванків
2026-01-18,22,Вишгородський,Чорнобиль,2026-01-18T22:43:56+02:00,2026-01-19T01:05:16+02:00,2.4,22,1,109588,https://t.me/kievreal1/109588,Розвідка біля Чорнобиля
2026-01-20,1,Обухівський,Миронівка,2026-01-20T00:40:16+02:00,2026-01-20T13:00:06+02:00,12.3,0,13,109636,https://t.me/kievreal1/109636,БпЛА курсом на Миронівку
2026-01-20,1,Бориспільський,Березань,2026-01-20T00:40:16+02:00,2026-01-20T13:00:06+02:00,12.3,0,13,109637,https://t.me/kievreal1/109637,БпЛА курсом на Богуслав БпЛА курсом на Березань 2х БпЛА курсом на Велику Димерку
2026-01-20,1,Броварський,Велика Димерка,2026-01-20T00:40:16+02:00,2026-01-20T13:00:06+02:00,12.3,0,13,109637,https://t.me/kievreal1/109637,БпЛА курсом на Богуслав БпЛА курсом на Березань 2х БпЛА курсом на Велику Димерку
2026-01-20,1,Бориспільський,Бориспіль,2026-01-20T00:40:16+02:00,2026-01-20T13:00:06+02:00,12.3,0,13,109641,https://t.me/kievreal1/109641,БпЛА курсом на Бариш БпЛА курсом на Бориспіль 3х БпЛА курсом на Велику Димерку БпЛА курсом на Кагарлик
2026-01-20,1,Броварський,Велика Димерка,2026-01-20T00:40:16+02:00,2026-01-20T13:00:06+02:00,12.3,0,13,109641,https://t.me/kievreal1/109641,БпЛА курсом на Бариш БпЛА курсом на Бориспіль 3х БпЛА курсом на Велику Димерку БпЛА курсом на Кагарлик
2026-01-20,1,Обухівський,Кагарлик,2026-01-20T00:40:16+02:00,2026-01-20T13:00:06+02:00,12.3,0,13,109641,https://t.me/kievreal1/109641,БпЛА курсом на Бариш БпЛА курсом на Бориспіль 3х БпЛА курсом на Велику Димерку БпЛА курсом на Кагарлик
2026-01-20,1,Бориспільський,Бориспіль,2026-01-20T00:40:16+02:00,2026-01-20T13:00:06+02:00,12.3,0,13,109644,https://t.me/kievreal1/109644,Київ : БпЛА курсом на Воскресенку БпЛА курсом на Бориспіль 2х БпЛА курсом на Дударків
2026-01-20,1,Броварський,Бровари,2026-01-20T00:40:16+02:00,2026-01-20T13:00:06+02:00,12.3,0,13,109648,https://t.me/kievreal1/109648,"Над Києвом дорозвідка, ще один Бровари"
2026-01-20,1,Броварський,Бровари,2026-01-20T00:40:16+02:00,2026-01-20T13:00:06+02:00,12.3,0,13,109649,https://t.me/kievreal1/109649,"Київ : БпЛА курсом на Осокорки БпЛА курсом на Воскресенку БпЛА курсом на Бровари Підтримати канал, буду вдячний Вам: https://base.monobank.…"
2026-01-20,2,Броварський,Бровари,2026-01-20T00:40:16+02:00,2026-01-20T13:00:06+02:00,12.3,0,13,109658,https://t.me/kievreal1/109658,БпЛА повз Бровари курсом на Воскресенку
2026-01-20,2,Броварський,Бровари,2026-01-20T00:40:16+02:00,2026-01-20T13:00:06+02:00,12.3,0,13,109659,https://t.me/kievreal1/109659,"Київ поки чисто, Шахеди летять до Броварів"
2026-01-20,2,Броварський,Бровари,2026-01-20T00:40:16+02:00,2026-01-20T13:00:06+02:00,12.3,0,13,109661,https://t.me/kievreal1/109661,БпЛА курсом на Київ БпЛА курсом на Бровари
2026-01-20,3,Вишгородський,Вишгород,2026-01-20T00:40:16+02:00,2026-01-20T13:00:06+02:00,12.3,0,13,109678,https://t.me/kievreal1/109678,Реактивний шахед на Вишгород
2026-01-20,4,Вишгородський,Чорнобиль,2026-01-20T00:40:16+02:00,2026-01-20T13:00:06+02:00,12.3,0,13,109681,https://t.me/kievreal1/109681,БпЛА курсом на Чорнобиль БпЛА курсом на Димер
2026-01-20,4,Вишгородський,Димер,2026-01-20T00:40:16+02:00,2026-01-20T13:00:06+02:00,12.3,0,13,109681,https://t.me/kievreal1/109681,БпЛА курсом на Чорнобиль БпЛА курсом на Димер
2026-01-20,4,Броварський,Згурівка,2026-01-20T00:40:16+02:00,2026-01-20T13:00:06+02:00,12.3,0,13,109682,https://t.me/kievreal1/109682,БпЛА курсом на Згурівку БпЛА курсом на Іванків
2026-01-20,4,Вишгородський,Іванків,2026-01-20T00:40:16+02:00,2026-01-20T13:00:06+02:00,12.3,0,13,109682,https://t.me/kievreal1/109682,БпЛА курсом на Згурівку БпЛА курсом на Іванків
2026-01-20,4,Обухівський,Українка,2026-01-20T00:40:16+02:00,2026-01-20T13:00:06+02:00,12.3,0,13,109685,https://t.me/kievreal1/109685,Тривога в Києві через Шахед біля Українки
2026-01-20,4,Вишгородський,Вишгород,2026-01-20T00:40:16+02:00,2026-01-20T13:00:06+02:00,12.3,0,13,109686,https://t.me/kievreal1/109686,На Вишгород - 3 БПЛА
2026-01-20,5,Фастівський,Боярка,2026-01-20T00:40:16+02:00,2026-01-20T13:00:06+02:00,12.3,0,13,109690,https://t.me/kievreal1/109690,Боярка уважно
2026-01-20,5,Обухівський,Васильків,2026-01-20T00:40:16+02:00,2026-01-20T13:00:06+02:00,12.3,0,13,109691,https://t.me/kievreal1/109691,"Васильків, Глеваха - уважно"
2026-01-20,5,Обухівський,Глеваха,2026-01-20T00:40:16+02:00,2026-01-20T13:00:06+02:00,12.3,0,13,109691,https://t.me/kievreal1/109691,"Васильків, Глеваха - уважно"
2026-01-20,5,Бучанський,Макарів,2026-01-20T00:40:16+02:00,2026-01-20T13:00:06+02:00,12.3,0,13,109695,https://t.me/kievreal1/109695,2х БпЛА курсом на Красятичі БпЛА курсом на Макарів
2026-01-20,6,Вишгородський,Чорнобиль,2026-01-20T00:40:16+02:00,2026-01-20T13:00:06+02:00,12.3,0,13,109696,https://t.me/kievreal1/109696,Шахед на Чорнобиль
2026-01-20,6,Вишгородський,Димер,2026-01-20T00:40:16+02:00,2026-01-20T13:00:06+02:00,12.3,0,13,109699,https://t.me/kievreal1/109699,2х Групи КР курсом на Димер
2026-01-20,6,Вишгородський,Димер,2026-01-20T00:40:16+02:00,2026-01-20T13:00:06+02:00,12.3,0,13,109700,https://t.me/kievreal1/109700,2х Групи КР курсом на Димер
2026-01-20,6,Вишгородський,Вишгород,2026-01-20T00:40:16+02:00,2026-01-20T13:00:06+02:00,12.3,0,13,109701,https://t.me/kievreal1/109701,3х Групи КР курсом на Вишгород Група КР курсом на Згурівку
2026-01-20,6,Броварський,Згурівка,2026-01-20T00:40:16+02:00,2026-01-20T13:00:06+02:00,12.3,0,13,109701,https://t.me/kievreal1/109701,3х Групи КР курсом на Вишгород Група КР курсом на Згурівку
2026-01-20,6,Бучанський,Гостомель,2026-01-20T00:40:16+02:00,2026-01-20T13:00:06+02:00,12.3,0,13,109702,https://t.me/kievreal1/109702,3х Групи КР курсом на Гостомель Група КР курсом на Згурівку
2026-01-20,6,Броварський,Згурівка,2026-01-20T00:40:16+02:00,2026-01-20T13:00:06+02:00,12.3,0,13,109702,https://t.me/kievreal1/109702,3х Групи КР курсом на Гостомель Група КР курсом на Згурівку
2026-01-20,6,Бучанський,Гостомель,2026-01-20T00:40:16+02:00,2026-01-20T13:00:06+02:00,12.3,0,13,109703,https://t.me/kievreal1/109703,3х Групи КР курсом на Гостомель Група КР курсом на Згурівку
2026-01-20,6,Броварський,Згурівка,2026-01-20T00:40:16+02:00,2026-01-20T13:00:06+02:00,12.3,0,13,109703,https://t.me/kievreal1/109703,3х Групи КР курсом на Гостомель Група КР курсом на Згурівку
2026-01-20,6,Бучанський,Буча,2026-01-20T00:40:16+02:00,2026-01-20T13:00:06+02:00,12.3,0,13,109704,https://t.me/kievreal1/109704,Буча - до вас
2026-01-20,6,Фастівський,Фастів,2026-01-20T00:40:16+02:00,2026-01-20T13:00:06+02:00,12.3,0,13,109705,https://t.me/kievreal1/109705,Фастів - до вас
2026-01-20,6,Бориспільський,Бориспіль,2026-01-20T00:40:16+02:00,2026-01-20T13:00:06+02:00,12.3,0,13,109707,https://t.me/kievreal1/109707,БпЛА курсом на Красятичі БпЛА курсом на Бориспіль
2026-01-20,6,Білоцерківський,Тараща,2026-01-20T00:40:16+02:00,2026-01-20T13:00:06+02:00,12.3,0,13,109708,https://t.me/kievreal1/109708,Київщина : 3х Групи КР курсом на Таращу
2026-01-20,7,Білоцерківський,Тетіїв,2026-01-20T00:40:16+02:00,2026-01-20T13:00:06+02:00,12.3,0,13,109711,https://t.me/kievreal1/109711,Група КР курсом на Тетіїв
2026-01-20,7,Броварський,Бровари,2026-01-20T00:40:16+02:00,2026-01-20T13:00:06+02:00,12.3,0,13,109713,https://t.me/kievreal1/109713,Шахед на Бровари
2026-01-20,8,Бучанський,Бучанський,2026-01-20T00:40:16+02:00,2026-01-20T13:00:06+02:00,12.3,0,13,109721,https://t.me/kievreal1/109721,"😥 Через масовану атаку в Бучанському районі смертельне поранення отримав 50-річний чоловік. Людина загинула на місці , – повідомили в ОВА Т…"
2026-01-20,8,Вишгородський,Чорнобиль,2026-01-20T00:40:16+02:00,2026-01-20T13:00:06+02:00,12.3,0,13,109722,https://t.me/kievreal1/109722,"БпЛА на Чорнобильську зону та на Іванків 🤫 якщо у вас premium, підтримайте, будь ласка, наш канал своїм голосом – t.me/kievreal1?boost"
2026-01-20,8,Вишгородський,Іванків,2026-01-20T00:40:16+02:00,2026-01-20T13:00:06+02:00,12.3,0,13,109722,https://t.me/kievreal1/109722,"БпЛА на Чорнобильську зону та на Іванків 🤫 якщо у вас premium, підтримайте, будь ласка, наш канал своїм голосом – t.me/kievreal1?boost"
2026-01-20,8,Вишгородський,Чорнобиль,2026-01-20T00:40:16+02:00,2026-01-20T13:00:06+02:00,12.3,0,13,109724,https://t.me/kievreal1/109724,"БпЛА на Чорнобильську зону та на Іванків 🤫 якщо у вас premium, підтримайте, будь ласка, наш канал своїм голосом – t.me/kievreal1?boost"
2026-01-20,8,Вишгородський,Іванків,2026-01-20T00:40:16+02:00,2026-01-20T13:00:06+02:00,12.3,0,13,109724,https://t.me/kievreal1/109724,"БпЛА на Чорнобильську зону та на Іванків 🤫 якщо у вас premium, підтримайте, будь ласка, наш канал своїм голосом – t.me/kievreal1?boost"
2026-01-20,8,Броварський,Броварський,2026-01-20T00:40:16+02:00,2026-01-20T13:00:06+02:00,12.3,0,13,109725,https://t.me/kievreal1/109725,"❗️ Броварський та Бориспільський райони – застосовані екстрені відключення світла, – повідомив мер Броварів Терміни відновлення електропост…"
2026-01-20,8,Бориспільський,Бориспільський,2026-01-20T00:40:16+02:00,2026-01-20T13:00:06+02:00,12.3,0,13,109725,https://t.me/kievreal1/109725,"❗️ Броварський та Бориспільський райони – застосовані екстрені відключення світла, – повідомив мер Броварів Терміни відновлення електропост…"
2026-01-20,8,Броварський,Бровари,2026-01-20T00:40:16+02:00,2026-01-20T13:00:06+02:00,12.3,0,13,109725,https://t.me/kievreal1/109725,"❗️ Броварський та Бориспільський райони – застосовані екстрені відключення світла, – повідомив мер Броварів Терміни відновлення електропост…"
2026-01-20,9,Вишгородський,Іванків,2026-01-20T00:40:16+02:00,2026-01-20T13:00:06+02:00,12.3,0,13,109729,https://t.me/kievreal1/109729,По БпЛА на зараз – в області один на Іванків
2026-01-20,9,Бучанський,Макарів,2026-01-20T00:40:16+02:00,2026-01-20T13:00:06+02:00,12.3,0,13,109731,https://t.me/kievreal1/109731,"По 1 БпЛА на Макарів, Іванків та на водосховище"
2026-01-20,9,Вишгородський,Іванків,2026-01-20T00:40:16+02:00,2026-01-20T13:00:06+02:00,12.3,0,13,109731,https://t.me/kievreal1/109731,"По 1 БпЛА на Макарів, Іванків та на водосховище"
2026-01-20,10,Бучанський,Макарів,2026-01-20T00:40:16+02:00,2026-01-20T13:00:06+02:00,12.3,0,13,109742,https://t.me/kievreal1/109742,Макарів – уважно! До вас
2026-01-20,10,Бориспільський,Переяслав,2026-01-20T00:40:16+02:00,2026-01-20T13:00:06+02:00,12.3,0,13,109752,https://t.me/kievreal1/109752,Акустична фіксація БпЛА в районі Переяслава
2026-01-20,12,Вишгородський,Вишгород,2026-01-20T00:40:16+02:00,2026-01-20T13:00:06+02:00,12.3,0,13,109758,https://t.me/kievreal1/109758,🚨 КИЇВ - ТРИВОГА БпЛА з Чернігівщини у бік Вишгорода / передмістя столиці.
2026-01-20,12,Вишгородський,Вишгород,2026-01-20T00:40:16+02:00,2026-01-20T13:00:06+02:00,12.3,0,13,109762,https://t.me/kievreal1/109762,🚨 КИЇВ - ТРИВОГА БпЛА з Чернігівщини у бік Вишгорода / передмістя столиці.
2026-01-20,12,Вишгородський,Димер,2026-01-20T00:40:16+02:00,2026-01-20T13:00:06+02:00,12.3,0,13,109767,https://t.me/kievreal1/109767,На Димер
2026-01-20,12,Вишгородський,Вишгород,2026-01-20T00:40:16+02:00,2026-01-20T13:00:06+02:00,12.3,0,13,109769,https://t.me/kievreal1/109769,Вишгород!
2026-01-20,12,Бучанський,Гостомель,2026-01-20T00:40:16+02:00,2026-01-20T13:00:06+02:00,12.3,0,13,109770,https://t.me/kievreal1/109770,"Гостомель , Ірпінь — також уважно"
2026-01-20,12,Бучанський,Ірпінь,2026-01-20T00:40:16+02:00,2026-01-20T13:00:06+02:00,12.3,0,13,109770,https://t.me/kievreal1/109770,"Гостомель , Ірпінь — також уважно"
2026-01-20,12,Вишгородський,Димер,2026-01-20T00:40:16+02:00,2026-01-20T13:00:06+02:00,12.3,0,13,109771,https://t.me/kievreal1/109771,Йде на Димер
2026-01-20,13,Вишгородський,Вишгородський,2026-01-20T13:38:46+02:00,2026-01-20T16:43:36+02:00,3.1,13,16,109777,https://t.me/kievreal1/109777,Знову загроза для Вишгородського району через БпЛА з Чернігівщини
2026-01-20,13,Вишгородський,Чорнобиль,2026-01-20T13:38:46+02:00,2026-01-20T16:43:36+02:00,3.1,13,16,109778,https://t.me/kievreal1/109778,"Зовнішнє енергопостачання Чорнобильської електростанції перервано, також постраждали лінії електропередачі, що ведуть до інших АЕС , – пові…"
2026-01-20,14,Броварський,Бровари,2026-01-20T13:38:46+02:00,2026-01-20T16:43:36+02:00,3.1,13,16,109779,https://t.me/kievreal1/109779,У Києві 30-річний уродженець Чернігівщини організував собі бізнес на мобілізації Своїм «клієнтам» він пропонував або роботу на підприємстві…
2026-01-20,15,Вишгородський,Хотянівка,2026-01-20T13:38:46+02:00,2026-01-20T16:43:36+02:00,3.1,13,16,109782,https://t.me/kievreal1/109782,Хотянівка / Вишгород – БпЛА
2026-01-20,15,Вишгородський,Вишгород,2026-01-20T13:38:46+02:00,2026-01-20T16:43:36+02:00,3.1,13,16,109782,https://t.me/kievreal1/109782,Хотянівка / Вишгород – БпЛА
2026-01-20,15,Вишгородський,Іванків,2026-01-20T13:38:46+02:00,2026-01-20T16:43:36+02:00,3.1,13,16,109786,https://t.me/kievreal1/109786,БпЛА на Іванків знову
2026-01-20,15,Вишгородський,Іванків,2026-01-20T13:38:46+02:00,2026-01-20T16:43:36+02:00,3.1,13,16,109787,https://t.me/kievreal1/109787,БпЛА на Іванків знову
2026-01-20,15,Обухівський,Обухів,2026-01-20T13:38:46+02:00,2026-01-20T16:43:36+02:00,3.1,13,16,109790,https://t.me/kievreal1/109790,Обухів – теж уважно
2026-01-20,15,Обухівський,Обухів,2026-01-20T13:38:46+02:00,2026-01-20T16:43:36+02:00,3.1,13,16,109794,https://t.me/kievreal1/109794,Обухів – один підходить!
2026-01-20,16,Обухівський,Кагарлик,2026-01-20T13:38:46+02:00,2026-01-20T16:43:36+02:00,3.1,13,16,109797,https://t.me/kievreal1/109797,БпЛА на Кагарлик / Узин
2026-01-20,19,Вишгородський,Чорнобиль,2026-01-20T19:33:26+02:00,2026-01-20T20:27:26+02:00,0.9,19,20,109814,https://t.me/kievreal1/109814,БпЛА біля Чорнобильської зони. Загроза для Вишгородського району
2026-01-20,19,Вишгородський,Вишгородський,2026-01-20T19:33:26+02:00,2026-01-20T20:27:26+02:00,0.9,19,20,109814,https://t.me/kievreal1/109814,БпЛА біля Чорнобильської зони. Загроза для Вишгородського району
2026-01-20,20,Вишгородський,Вишгородський,2026-01-20T20:32:46+02:00,2026-01-20T20:50:36+02:00,0.3,20,20,109817,https://t.me/kievreal1/109817,🚨 КИЇВСЬКА ОБЛАСТЬ - ОГОЛОШЕНА ПОВІТРЯНА ТРИВОГА Знову загроза для Вишгородського району.
2026-01-21,4,Вишгородський,Чорнобиль,2026-01-21T04:30:46+02:00,2026-01-21T05:31:46+02:00,1.0,4,5,109824,https://t.me/kievreal1/109824,1 БпЛА на Чорнобиль
2026-01-21,15,Обухівський,Обухівський,2026-01-21T15:18:46+02:00,2026-01-21T15:42:26+02:00,0.4,15,15,109842,https://t.me/kievreal1/109842,🚨 КИЇВСЬКА ОБЛАСТЬ - ОГОЛОШЕНА ПОВІТРЯНА ТРИВОГА Загроза для Обухівського району через БпЛА на Богуслав.
2026-01-22,10,Вишгородський,Вишгород,2026-01-22T10:36:06+02:00,2026-01-22T11:40:36+02:00,1.1,10,11,109880,https://t.me/kievreal1/109880,Вишгород
2026-01-22,11,Бучанський,Макарів,2026-01-22T10:36:06+02:00,2026-01-22T11:40:36+02:00,1.1,10,11,109888,https://t.me/kievreal1/109888,Макарів
2026-01-22,13,Вишгородський,Вишгород,2026-01-22T12:45:46+02:00,2026-01-22T13:59:46+02:00,1.2,12,13,109898,https://t.me/kievreal1/109898,БПЛА на Вишгород
2026-01-22,13,Бучанський,Ірпінь,2026-01-22T12:45:46+02:00,2026-01-22T13:59:46+02:00,1.2,12,13,109902,https://t.me/kievreal1/109902,Ірпінь
2026-01-22,13,Обухівський,Глеваха,2026-01-22T12:45:46+02:00,2026-01-22T13:59:46+02:00,1.2,12,13,109903,https://t.me/kievreal1/109903,Глеваха/Васильків
2026-01-22,13,Обухівський,Васильків,2026-01-22T12:45:46+02:00,2026-01-22T13:59:46+02:00,1.2,12,13,109903,https://t.me/kievreal1/109903,Глеваха/Васильків
2026-01-22,13,Бучанський,Ірпінь,2026-01-22T12:45:46+02:00,2026-01-22T13:59:46+02:00,1.2,12,13,109904,https://t.me/kievreal1/109904,Знов на Ірпінь
2026-01-22,13,Фастівський,Калинівка,2026-01-22T12:45:46+02:00,2026-01-22T13:59:46+02:00,1.2,12,13,109905,https://t.me/kievreal1/109905,Калинівка
2026-01-22,19,Бучанський,Гостомель,2026-01-22T19:04:36+02:00,2026-01-22T21:11:56+02:00,2.1,19,21,109931,https://t.me/kievreal1/109931,Гостомель
2026-01-23,4,Фастівський,Фастів,2026-01-23T02:16:46+02:00,2026-01-23T10:22:16+02:00,8.1,2,10,109956,https://t.me/kievreal1/109956,3 на Фастів
2026-01-23,6,Вишгородський,Іванків,2026-01-23T02:16:46+02:00,2026-01-23T10:22:16+02:00,8.1,2,10,109957,https://t.me/kievreal1/109957,1 на Іванків
2026-01-23,0,Вишгородський,Іванків,2026-01-23T23:36:46+02:00,2026-01-24T09:21:56+02:00,9.8,23,9,110014,https://t.me/kievreal1/110014,БпЛА курсом на Іванків 2х БпЛА курсом на Яготин
2026-01-23,0,Бориспільський,Яготин,2026-01-23T23:36:46+02:00,2026-01-24T09:21:56+02:00,9.8,23,9,110014,https://t.me/kievreal1/110014,БпЛА курсом на Іванків 2х БпЛА курсом на Яготин
2026-01-23,0,Броварський,Бровари,2026-01-23T23:36:46+02:00,2026-01-24T09:21:56+02:00,9.8,23,9,110016,https://t.me/kievreal1/110016,Бровари - до вас БПЛА
2026-01-23,0,Броварський,Бровари,2026-01-23T23:36:46+02:00,2026-01-24T09:21:56+02:00,9.8,23,9,110017,https://t.me/kievreal1/110017,БпЛА курсом на Бровари БпЛА курсом на Переяслав 8х БпЛА курсом на Згурівку
2026-01-23,0,Бориспільський,Переяслав,2026-01-23T23:36:46+02:00,2026-01-24T09:21:56+02:00,9.8,23,9,110017,https://t.me/kievreal1/110017,БпЛА курсом на Бровари БпЛА курсом на Переяслав 8х БпЛА курсом на Згурівку
2026-01-23,0,Броварський,Згурівка,2026-01-23T23:36:46+02:00,2026-01-24T09:21:56+02:00,9.8,23,9,110017,https://t.me/kievreal1/110017,БпЛА курсом на Бровари БпЛА курсом на Переяслав 8х БпЛА курсом на Згурівку
2026-01-23,0,Броварський,Бровари,2026-01-23T23:36:46+02:00,2026-01-24T09:21:56+02:00,9.8,23,9,110018,https://t.me/kievreal1/110018,Бровари - чутно було вибухи
2026-01-23,0,Броварський,Бровари,2026-01-23T23:36:46+02:00,2026-01-24T09:21:56+02:00,9.8,23,9,110019,https://t.me/kievreal1/110019,10 шахедів на Бровари
2026-01-23,1,Броварський,Бровари,2026-01-23T23:36:46+02:00,2026-01-24T09:21:56+02:00,9.8,23,9,110020,https://t.me/kievreal1/110020,"Шахеди наближаються до Броварів, Вишгорода, Києва"
2026-01-23,1,Вишгородський,Вишгород,2026-01-23T23:36:46+02:00,2026-01-24T09:21:56+02:00,9.8,23,9,110020,https://t.me/kievreal1/110020,"Шахеди наближаються до Броварів, Вишгорода, Києва"
2026-01-23,1,Броварський,Бровари,2026-01-23T23:36:46+02:00,2026-01-24T09:21:56+02:00,9.8,23,9,110023,https://t.me/kievreal1/110023,БпЛА курсом на Київ 6х БпЛА курсом на Бровари 7х БпЛА курсом на Бориспіль 8х БпЛА курсом на Згурівку
2026-01-23,1,Бориспільський,Бориспіль,2026-01-23T23:36:46+02:00,2026-01-24T09:21:56+02:00,9.8,23,9,110023,https://t.me/kievreal1/110023,БпЛА курсом на Київ 6х БпЛА курсом на Бровари 7х БпЛА курсом на Бориспіль 8х БпЛА курсом на Згурівку
2026-01-23,1,Броварський,Згурівка,2026-01-23T23:36:46+02:00,2026-01-24T09:21:56+02:00,9.8,23,9,110023,https://t.me/kievreal1/110023,БпЛА курсом на Київ 6х БпЛА курсом на Бровари 7х БпЛА курсом на Бориспіль 8х БпЛА курсом на Згурівку
2026-01-23,1,Бучанський,Вишневе,2026-01-23T23:36:46+02:00,2026-01-24T09:21:56+02:00,9.8,23,9,110027,https://t.me/kievreal1/110027,Вишневе - до вас
2026-01-23,1,Бучанський,Ірпінь,2026-01-23T23:36:46+02:00,2026-01-24T09:21:56+02:00,9.8,23,9,110028,https://t.me/kievreal1/110028,"Шахед на Троєщина, Ірпінь"
2026-01-23,1,Бучанський,Буча,2026-01-23T23:36:46+02:00,2026-01-24T09:21:56+02:00,9.8,23,9,110029,https://t.me/kievreal1/110029,Київ / Буча - ще вибухи
2026-01-23,1,Вишгородський,Іванків,2026-01-23T23:36:46+02:00,2026-01-24T09:21:56+02:00,9.8,23,9,110031,https://t.me/kievreal1/110031,БпЛА курсом на Іванків 5х БпЛА курсом на Бровари 2х БпЛА курсом на Київ 2х БпЛА курсом на Переяслав 12х БпЛА курсом на Баришівку
2026-01-23,1,Броварський,Бровари,2026-01-23T23:36:46+02:00,2026-01-24T09:21:56+02:00,9.8,23,9,110031,https://t.me/kievreal1/110031,БпЛА курсом на Іванків 5х БпЛА курсом на Бровари 2х БпЛА курсом на Київ 2х БпЛА курсом на Переяслав 12х БпЛА курсом на Баришівку
2026-01-23,1,Бориспільський,Переяслав,2026-01-23T23:36:46+02:00,2026-01-24T09:21:56+02:00,9.8,23,9,110031,https://t.me/kievreal1/110031,БпЛА курсом на Іванків 5х БпЛА курсом на Бровари 2х БпЛА курсом на Київ 2х БпЛА курсом на Переяслав 12х БпЛА курсом на Баришівку
2026-01-23,1,Броварський,Баришівка,2026-01-23T23:36:46+02:00,2026-01-24T09:21:56+02:00,9.8,23,9,110031,https://t.me/kievreal1/110031,БпЛА курсом на Іванків 5х БпЛА курсом на Бровари 2х БпЛА курсом на Київ 2х БпЛА курсом на Переяслав 12х БпЛА курсом на Баришівку
2026-01-23,1,Обухівський,Українка,2026-01-23T23:36:46+02:00,2026-01-24T09:21:56+02:00,9.8,23,9,110032,https://t.me/kievreal1/110032,"Київ : 2х БпЛА курсом на Українку 2х БпЛА курсом на Вишгород 5х БпЛА курсом на Бровари 3х БпЛА курсом на Бориспіль На магній, буду вдячний …"
2026-01-23,1,Вишгородський,Вишгород,2026-01-23T23:36:46+02:00,2026-01-24T09:21:56+02:00,9.8,23,9,110032,https://t.me/kievreal1/110032,"Київ : 2х БпЛА курсом на Українку 2х БпЛА курсом на Вишгород 5х БпЛА курсом на Бровари 3х БпЛА курсом на Бориспіль На магній, буду вдячний …"
2026-01-23,1,Броварський,Бровари,2026-01-23T23:36:46+02:00,2026-01-24T09:21:56+02:00,9.8,23,9,110032,https://t.me/kievreal1/110032,"Київ : 2х БпЛА курсом на Українку 2х БпЛА курсом на Вишгород 5х БпЛА курсом на Бровари 3х БпЛА курсом на Бориспіль На магній, буду вдячний …"
2026-01-23,1,Бориспільський,Бориспіль,2026-01-23T23:36:46+02:00,2026-01-24T09:21:56+02:00,9.8,23,9,110032,https://t.me/kievreal1/110032,"Київ : 2х БпЛА курсом на Українку 2х БпЛА курсом на Вишгород 5х БпЛА курсом на Бровари 3х БпЛА курсом на Бориспіль На магній, буду вдячний …"
2026-01-23,1,Бориспільський,Бориспіль,2026-01-23T23:36:46+02:00,2026-01-24T09:21:56+02:00,9.8,23,9,110034,https://t.me/kievreal1/110034,Київ : 3х БпЛА курсом на Троєщину 3х БпЛА курсом на Вишеньки 3х БпЛА курсом на Бориспіль 10х БпЛА курсом на Бровари
2026-01-23,1,Броварський,Бровари,2026-01-23T23:36:46+02:00,2026-01-24T09:21:56+02:00,9.8,23,9,110034,https://t.me/kievreal1/110034,Київ : 3х БпЛА курсом на Троєщину 3х БпЛА курсом на Вишеньки 3х БпЛА курсом на Бориспіль 10х БпЛА курсом на Бровари
2026-01-23,1,Вишгородський,Чорнобиль,2026-01-23T23:36:46+02:00,2026-01-24T09:21:56+02:00,9.8,23,9,110046,https://t.me/kievreal1/110046,КР курсом на Чорнобиль
2026-01-23,1,Бучанський,Бородянка,2026-01-23T23:36:46+02:00,2026-01-24T09:21:56+02:00,9.8,23,9,110047,https://t.me/kievreal1/110047,Бородянка - до вас
2026-01-23,1,Бориспільський,Бориспіль,2026-01-23T23:36:46+02:00,2026-01-24T09:21:56+02:00,9.8,23,9,110056,https://t.me/kievreal1/110056,Київ : БпЛА курсом на Троєщину БпЛА курсом на Конча-Заспу 2х БпЛА курсом на Бориспіль БпЛА курсом на Печерськ 3х БпЛА курсом на Велику Диме…
2026-01-23,1,Броварський,Велика Димерка,2026-01-23T23:36:46+02:00,2026-01-24T09:21:56+02:00,9.8,23,9,110056,https://t.me/kievreal1/110056,Київ : БпЛА курсом на Троєщину БпЛА курсом на Конча-Заспу 2х БпЛА курсом на Бориспіль БпЛА курсом на Печерськ 3х БпЛА курсом на Велику Диме…
2026-01-23,2,Бучанський,Вишневе,2026-01-23T23:36:46+02:00,2026-01-24T09:21:56+02:00,9.8,23,9,110066,https://t.me/kievreal1/110066,Вишневе - до вас
2026-01-23,2,Бучанський,Вишневе,2026-01-23T23:36:46+02:00,2026-01-24T09:21:56+02:00,9.8,23,9,110067,https://t.me/kievreal1/110067,"Київ : БпЛА курсом на Вишневе БпЛА курсом на Феофанію БпЛА курсом на Осокорки Підтримати канал, буду вдячний Вам: https://base.monobank.ua/…"
2026-01-23,3,Бориспільський,Переяслав,2026-01-23T23:36:46+02:00,2026-01-24T09:21:56+02:00,9.8,23,9,110083,https://t.me/kievreal1/110083,БпЛА курсом на Київ 2х БпЛА курсом на Переяслав БпЛА курсом на Згурівку
2026-01-23,3,Броварський,Згурівка,2026-01-23T23:36:46+02:00,2026-01-24T09:21:56+02:00,9.8,23,9,110083,https://t.me/kievreal1/110083,БпЛА курсом на Київ 2х БпЛА курсом на Переяслав БпЛА курсом на Згурівку
2026-01-23,3,Бориспільський,Бориспіль,2026-01-23T23:36:46+02:00,2026-01-24T09:21:56+02:00,9.8,23,9,110085,https://t.me/kievreal1/110085,2х БпЛА повз Бориспіль на Борти
2026-01-23,3,Броварський,Бровари,2026-01-23T23:36:46+02:00,2026-01-24T09:21:56+02:00,9.8,23,9,110086,https://t.me/kievreal1/110086,2х БпЛА курсом на Бровари БпЛА курсом на Переяслав 2х БпЛА курсом на Бориспіль
2026-01-23,3,Бориспільський,Переяслав,2026-01-23T23:36:46+02:00,2026-01-24T09:21:56+02:00,9.8,23,9,110086,https://t.me/kievreal1/110086,2х БпЛА курсом на Бровари БпЛА курсом на Переяслав 2х БпЛА курсом на Бориспіль
2026-01-23,3,Бориспільський,Бориспіль,2026-01-23T23:36:46+02:00,2026-01-24T09:21:56+02:00,9.8,23,9,110086,https://t.me/kievreal1/110086,2х БпЛА курсом на Бровари БпЛА курсом на Переяслав 2х БпЛА курсом на Бориспіль
2026-01-23,3,Броварський,Велика Димерка,2026-01-23T23:36:46+02:00,2026-01-24T09:21:56+02:00,9.8,23,9,110091,https://t.me/kievreal1/110091,БпЛА курсом на Київ БпЛА курсом на Велику Димерку БпЛА курсом на Бровари БпЛА курсом на Баришівку БпЛА курсом на Згурівку БпЛА курсом на Яг…
2026-01-23,3,Броварський,Бровари,2026-01-23T23:36:46+02:00,2026-01-24T09:21:56+02:00,9.8,23,9,110091,https://t.me/kievreal1/110091,БпЛА курсом на Київ БпЛА курсом на Велику Димерку БпЛА курсом на Бровари БпЛА курсом на Баришівку БпЛА курсом на Згурівку БпЛА курсом на Яг…
2026-01-23,3,Броварський,Баришівка,2026-01-23T23:36:46+02:00,2026-01-24T09:21:56+02:00,9.8,23,9,110091,https://t.me/kievreal1/110091,БпЛА курсом на Київ БпЛА курсом на Велику Димерку БпЛА курсом на Бровари БпЛА курсом на Баришівку БпЛА курсом на Згурівку БпЛА курсом на Яг…
2026-01-23,3,Броварський,Згурівка,2026-01-23T23:36:46+02:00,2026-01-24T09:21:56+02:00,9.8,23,9,110091,https://t.me/kievreal1/110091,БпЛА курсом на Київ БпЛА курсом на Велику Димерку БпЛА курсом на Бровари БпЛА курсом на Баришівку БпЛА курсом на Згурівку БпЛА курсом на Яг…
2026-01-23,3,Бориспільський,Яготин,2026-01-23T23:36:46+02:00,2026-01-24T09:21:56+02:00,9.8,23,9,110091,https://t.me/kievreal1/110091,БпЛА курсом на Київ БпЛА курсом на Велику Димерку БпЛА курсом на Бровари БпЛА курсом на Баришівку БпЛА курсом на Згурівку БпЛА курсом на Яг…
2026-01-23,3,Броварський,Бровари,2026-01-23T23:36:46+02:00,2026-01-24T09:21:56+02:00,9.8,23,9,110092,https://t.me/kievreal1/110092,БпЛА курсом на Київ 2х БпЛА курсом на Бровари БпЛА курсом на Березань
2026-01-23,3,Бориспільський,Березань,2026-01-23T23:36:46+02:00,2026-01-24T09:21:56+02:00,9.8,23,9,110092,https://t.me/kievreal1/110092,БпЛА курсом на Київ 2х БпЛА курсом на Бровари БпЛА курсом на Березань
2026-01-23,3,Броварський,Бровари,2026-01-23T23:36:46+02:00,2026-01-24T09:21:56+02:00,9.8,23,9,110093,https://t.me/kievreal1/110093,БпЛА курсом на Київ 2х БпЛА курсом на Бровари
2026-01-23,4,Вишгородський,Вишгород,2026-01-23T23:36:46+02:00,2026-01-24T09:21:56+02:00,9.8,23,9,110096,https://t.me/kievreal1/110096,В бік Вишгорода
2026-01-23,4,Бориспільський,Яготин,2026-01-23T23:36:46+02:00,2026-01-24T09:21:56+02:00,9.8,23,9,110097,https://t.me/kievreal1/110097,БпЛА курсом на Яготин
2026-01-23,4,Бориспільський,Яготин,2026-01-23T23:36:46+02:00,2026-01-24T09:21:56+02:00,9.8,23,9,110098,https://t.me/kievreal1/110098,Останній БпЛА в області кружляє поблизу Яготина
2026-01-23,5,Бориспільський,Березань,2026-01-23T23:36:46+02:00,2026-01-24T09:21:56+02:00,9.8,23,9,110100,https://t.me/kievreal1/110100,БпЛА курсом на Березань
2026-01-23,5,Бориспільський,Бориспіль,2026-01-23T23:36:46+02:00,2026-01-24T09:21:56+02:00,9.8,23,9,110101,https://t.me/kievreal1/110101,БпЛА курсом на Бориспіль
2026-01-23,6,Бориспільський,Бориспіль,2026-01-23T23:36:46+02:00,2026-01-24T09:21:56+02:00,9.8,23,9,110103,https://t.me/kievreal1/110103,БпЛА курсом на Красятичі з Житомирщини БпЛА курсом на Бориспіль
2026-01-23,6,Бориспільський,Бориспіль,2026-01-23T23:36:46+02:00,2026-01-24T09:21:56+02:00,9.8,23,9,110110,https://t.me/kievreal1/110110,БпЛА курсом на Бориспіль
2026-01-23,7,Бориспільський,Бориспіль,2026-01-23T23:36:46+02:00,2026-01-24T09:21:56+02:00,9.8,23,9,110120,https://t.me/kievreal1/110120,БпЛА курсом на Бориспіль
2026-01-23,7,Бучанський,Бородянка,2026-01-23T23:36:46+02:00,2026-01-24T09:21:56+02:00,9.8,23,9,110123,https://t.me/kievreal1/110123,Ще 1 на Бородянку
2026-01-23,7,Бориспільський,Бориспіль,2026-01-23T23:36:46+02:00,2026-01-24T09:21:56+02:00,9.8,23,9,110124,https://t.me/kievreal1/110124,БпЛА маневрує південніше Борисполя
2026-01-23,7,Обухівський,Українка,2026-01-23T23:36:46+02:00,2026-01-24T09:21:56+02:00,9.8,23,9,110126,https://t.me/kievreal1/110126,БпЛА курсом на Українку
2026-01-23,8,Бориспільський,Бориспіль,2026-01-23T23:36:46+02:00,2026-01-24T09:21:56+02:00,9.8,23,9,110127,https://t.me/kievreal1/110127,Бориспіль
2026-01-24,14,Вишгородський,Вишгородський,2026-01-24T14:55:36+02:00,2026-01-24T15:12:56+02:00,0.3,14,15,110177,https://t.me/kievreal1/110177,🚨 КИЇВСЬКА ОБЛАСТЬ - ОГОЛОШЕНА ПОВІТРЯНА ТРИВОГА Загроза для Вишгородського району через БпЛА на півночі області
2026-01-24,15,Бучанський,Бородянка,2026-01-24T15:16:06+02:00,2026-01-24T17:08:16+02:00,1.9,15,17,110181,https://t.me/kievreal1/110181,БпЛА неподалік Бородянки
2026-01-24,15,Вишгородський,Вишгород,2026-01-24T15:16:06+02:00,2026-01-24T17:08:16+02:00,1.9,15,17,110187,https://t.me/kievreal1/110187,БпЛА йде курсом на Вишгород
2026-01-24,19,Вишгородський,Вишгородський,2026-01-24T19:37:56+02:00,2026-01-24T20:14:56+02:00,0.6,19,20,110202,https://t.me/kievreal1/110202,"Загроза для Вишгородського району, БпЛА на Красятичі"
2026-01-24,19,Бучанський,Бучанський,2026-01-24T19:37:56+02:00,2026-01-24T20:14:56+02:00,0.6,19,20,110206,https://t.me/kievreal1/110206,На Бучанський / Вишгородський райони!
2026-01-24,19,Вишгородський,Вишгородський,2026-01-24T19:37:56+02:00,2026-01-24T20:14:56+02:00,0.6,19,20,110206,https://t.me/kievreal1/110206,На Бучанський / Вишгородський райони!
2026-01-25,12,Вишгородський,Вишгородський,2026-01-25T12:17:56+02:00,2026-01-25T13:26:26+02:00,1.1,12,13,110232,https://t.me/kievreal1/110232,Загроза для Вишгородського району через БпЛА на водосховище від Чернігівської області Стежити за обстановкою в Чернігові можна тут - t.me/C…
2026-01-25,12,Вишгородський,Вишгородський,2026-01-25T12:17:56+02:00,2026-01-25T13:26:26+02:00,1.1,12,13,110233,https://t.me/kievreal1/110233,Загроза для Вишгородського району через БпЛА на водосховище від Чернігівської області Стежити за обстановкою в Чернігові можна тут - t.me/C…
2026-01-26,14,Бучанський,Вишневе,2026-01-26T14:08:36+02:00,2026-01-26T18:42:46+02:00,4.6,14,18,110282,https://t.me/kievreal1/110282,Вишневе
2026-01-26,15,Обухівський,Глеваха,2026-01-26T14:08:36+02:00,2026-01-26T18:42:46+02:00,4.6,14,18,110293,https://t.me/kievreal1/110293,Глеваха
2026-01-26,15,Вишгородський,Вишгород,2026-01-26T14:08:36+02:00,2026-01-26T18:42:46+02:00,4.6,14,18,110294,https://t.me/kievreal1/110294,Вишгород БПЛА
2026-01-26,16,Обухівський,Васильків,2026-01-26T14:08:36+02:00,2026-01-26T18:42:46+02:00,4.6,14,18,110297,https://t.me/kievreal1/110297,Васильків
2026-01-26,16,Фастівський,Фастів,2026-01-26T14:08:36+02:00,2026-01-26T18:42:46+02:00,4.6,14,18,110298,https://t.me/kievreal1/110298,Фастів
2026-01-26,16,Бучанський,Святопетрівське,2026-01-26T14:08:36+02:00,2026-01-26T18:42:46+02:00,4.6,14,18,110299,https://t.me/kievreal1/110299,Святопетрівське
2026-01-26,16,Вишгородський,Вишгород,2026-01-26T14:08:36+02:00,2026-01-26T18:42:46+02:00,4.6,14,18,110300,https://t.me/kievreal1/110300,Вишгород
2026-01-26,16,Бучанський,Ірпінь,2026-01-26T14:08:36+02:00,2026-01-26T18:42:46+02:00,4.6,14,18,110304,https://t.me/kievreal1/110304,Ірпінь
2026-01-26,17,Вишгородський,Вишгород,2026-01-26T14:08:36+02:00,2026-01-26T18:42:46+02:00,4.6,14,18,110305,https://t.me/kievreal1/110305,Вишгород
2026-01-26,17,Обухівський,Обухів,2026-01-26T14:08:36+02:00,2026-01-26T18:42:46+02:00,4.6,14,18,110309,https://t.me/kievreal1/110309,Обухів
2026-01-26,17,Вишгородський,Вишгород,2026-01-26T14:08:36+02:00,2026-01-26T18:42:46+02:00,4.6,14,18,110310,https://t.me/kievreal1/110310,Вишгород
2026-01-26,18,Бучанський,Вишневе,2026-01-26T14:08:36+02:00,2026-01-26T18:42:46+02:00,4.6,14,18,110315,https://t.me/kievreal1/110315,"Троєщина, Вишневе"
2026-01-27,7,Вишгородський,Чорнобиль,2026-01-27T06:21:26+02:00,2026-01-27T12:09:56+02:00,5.8,6,12,110344,https://t.me/kievreal1/110344,4х БпЛА курсом на Чорнобиль БпЛА курсом на Іванків БпЛА курсом на Красятичі з Білорусі
2026-01-27,7,Вишгородський,Іванків,2026-01-27T06:21:26+02:00,2026-01-27T12:09:56+02:00,5.8,6,12,110344,https://t.me/kievreal1/110344,4х БпЛА курсом на Чорнобиль БпЛА курсом на Іванків БпЛА курсом на Красятичі з Білорусі
2026-01-27,7,Вишгородський,Чорнобиль,2026-01-27T06:21:26+02:00,2026-01-27T12:09:56+02:00,5.8,6,12,110345,https://t.me/kievreal1/110345,5х БпЛА курсом на Чорнобиль БпЛА курсом на Пісківку БпЛА курсом на Красятичі з Білорусі
2026-01-27,7,Бучанський,Пісківка,2026-01-27T06:21:26+02:00,2026-01-27T12:09:56+02:00,5.8,6,12,110345,https://t.me/kievreal1/110345,5х БпЛА курсом на Чорнобиль БпЛА курсом на Пісківку БпЛА курсом на Красятичі з Білорусі
2026-01-28,0,Бориспільський,Яготин,2026-01-28T00:28:16+02:00,2026-01-28T02:42:56+02:00,2.2,0,2,110374,https://t.me/kievreal1/110374,2 шахеди на Яготин
2026-01-28,0,Бориспільський,Переяслав,2026-01-28T00:28:16+02:00,2026-01-28T02:42:56+02:00,2.2,0,2,110375,https://t.me/kievreal1/110375,2 шахеди в районі Переяслава
2026-01-28,1,Бориспільський,Бориспіль,2026-01-28T00:28:16+02:00,2026-01-28T02:42:56+02:00,2.2,0,2,110378,https://t.me/kievreal1/110378,"1 шахед на Бориспіль Підтримати канал, буду вдячний Вам: https://base.monobank.ua/4jYdAKEbmcrmLL ➡"
2026-01-28,1,Бориспільський,Бориспіль,2026-01-28T00:28:16+02:00,2026-01-28T02:42:56+02:00,2.2,0,2,110379,https://t.me/kievreal1/110379,1 шахед на Бориспіль 1 шахед на Велику Димерку 1 шахед на Баришівку
2026-01-28,1,Броварський,Велика Димерка,2026-01-28T00:28:16+02:00,2026-01-28T02:42:56+02:00,2.2,0,2,110379,https://t.me/kievreal1/110379,1 шахед на Бориспіль 1 шахед на Велику Димерку 1 шахед на Баришівку
2026-01-28,1,Броварський,Баришівка,2026-01-28T00:28:16+02:00,2026-01-28T02:42:56+02:00,2.2,0,2,110379,https://t.me/kievreal1/110379,1 шахед на Бориспіль 1 шахед на Велику Димерку 1 шахед на Баришівку
2026-01-28,1,Бориспільський,Гнідин,2026-01-28T00:28:16+02:00,2026-01-28T02:42:56+02:00,2.2,0,2,110380,https://t.me/kievreal1/110380,БПЛА на Гнідин
2026-01-28,1,Бориспільський,Бориспільський,2026-01-28T00:28:16+02:00,2026-01-28T02:42:56+02:00,2.2,0,2,110381,https://t.me/kievreal1/110381,3 шахеди від Вишеньки на Підгірці. 3 шахеди у Бориспільському районі
2026-01-28,1,Фастівський,Боярка,2026-01-28T00:28:16+02:00,2026-01-28T02:42:56+02:00,2.2,0,2,110382,https://t.me/kievreal1/110382,БпЛА курсом на Київ БпЛА курсом на Боярку 2х БпЛА курсом на Бориспіль
2026-01-28,1,Бориспільський,Бориспіль,2026-01-28T00:28:16+02:00,2026-01-28T02:42:56+02:00,2.2,0,2,110382,https://t.me/kievreal1/110382,БпЛА курсом на Київ БпЛА курсом на Боярку 2х БпЛА курсом на Бориспіль
2026-01-28,2,Бучанський,Ірпінь,2026-01-28T00:28:16+02:00,2026-01-28T02:42:56+02:00,2.2,0,2,110387,https://t.me/kievreal1/110387,"Ірпінь , Буча - БПЛА до вас"
2026-01-28,2,Бучанський,Буча,2026-01-28T00:28:16+02:00,2026-01-28T02:42:56+02:00,2.2,0,2,110387,https://t.me/kievreal1/110387,"Ірпінь , Буча - БПЛА до вас"
2026-01-28,2,Обухівський,Обухів,2026-01-28T00:28:16+02:00,2026-01-28T02:42:56+02:00,2.2,0,2,110388,https://t.me/kievreal1/110388,БПЛА повз Обухів на Васильків
2026-01-28,2,Обухівський,Васильків,2026-01-28T00:28:16+02:00,2026-01-28T02:42:56+02:00,2.2,0,2,110388,https://t.me/kievreal1/110388,БПЛА повз Обухів на Васильків
2026-01-28,7,Бучанський,Бучанський,2026-01-28T06:09:46+02:00,2026-01-28T07:53:16+02:00,1.7,6,7,110401,https://t.me/kievreal1/110401,"Двоє загиблих, четверо постраждалих, серед яких малолітня дитина внаслідок обстрілу Київщини Сьогодні армія російської федерації завдала уд…"
2026-01-28,15,Вишгородський,Вишгородський,2026-01-28T15:23:56+02:00,2026-01-28T16:50:56+02:00,1.4,15,16,110463,https://t.me/kievreal1/110463,🚨 КИЇВСЬКА ОБЛАСТЬ - ОГОЛОШЕНА ПОВІТРЯНА ТРИВОГА Загроза для Вишгородського району через БпЛА на водосховище повз Славутич.
2026-01-28,15,Вишгородський,Славутич,2026-01-28T15:23:56+02:00,2026-01-28T16:50:56+02:00,1.4,15,16,110463,https://t.me/kievreal1/110463,🚨 КИЇВСЬКА ОБЛАСТЬ - ОГОЛОШЕНА ПОВІТРЯНА ТРИВОГА Загроза для Вишгородського району через БпЛА на водосховище повз Славутич.
2026-01-28,23,Вишгородський,Чорнобиль,2026-01-28T23:09:26+02:00,2026-01-29T00:03:06+02:00,0.9,23,0,110496,https://t.me/kievreal1/110496,2 БпЛА на Чорнобильську зону відчуження
2026-01-29,2,Білоцерківський,Тетіїв,2026-01-29T02:38:26+02:00,2026-01-29T03:38:26+02:00,1.0,2,3,110500,https://t.me/kievreal1/110500,1 БпЛА вилетів з області на Вінниччину через Тетіїв Стежити за обстановкою в Вінниці можна тут - t.me/Vinnytsya
2026-01-31,8,Вишгородський,Вишгород,2026-01-31T08:58:26+02:00,2026-01-31T09:30:56+02:00,0.5,8,9,110600,https://t.me/kievreal1/110600,БПЛА на Вишгород
2026-02-01,9,Вишгородський,Іванків,2026-02-01T08:57:56+02:00,2026-02-01T10:51:46+02:00,1.9,8,10,110636,https://t.me/kievreal1/110636,1 на Іванків
2026-02-01,9,Вишгородський,Іванків,2026-02-01T08:57:56+02:00,2026-02-01T10:51:46+02:00,1.9,8,10,110637,https://t.me/kievreal1/110637,1 на Красятичі 1 на Іванків
2026-02-01,13,Бучанський,Гостомель,2026-02-01T13:21:56+02:00,2026-02-01T15:13:36+02:00,1.9,13,15,110651,https://t.me/kievreal1/110651,БпЛА на Гостомель
2026-02-01,14,Бучанський,Ірпінь,2026-02-01T13:21:56+02:00,2026-02-01T15:13:36+02:00,1.9,13,15,110653,https://t.me/kievreal1/110653,Ірпінь - обережно
2026-02-01,14,Бучанський,Ірпінь,2026-02-01T13:21:56+02:00,2026-02-01T15:13:36+02:00,1.9,13,15,110654,https://t.me/kievreal1/110654,Ірпінь - обережно
2026-02-02,13,Бориспільський,Переяслав,2026-02-02T13:08:16+02:00,2026-02-02T13:39:06+02:00,0.5,13,13,110686,https://t.me/kievreal1/110686,Переяслав - обережно
2026-02-02,13,Бучанський,Гостомель,2026-02-02T13:08:16+02:00,2026-02-02T13:39:06+02:00,0.5,13,13,110687,https://t.me/kievreal1/110687,"🚗 Смертельна а варія : один водій загинув, двоє людей постраждало ДТП сталось на автошляху Київ – Гостомель , поблизу с-ща Гостомель . Відб…"
2026-02-02,13,Бучанський,Буча,2026-02-02T13:08:16+02:00,2026-02-02T13:39:06+02:00,0.5,13,13,110687,https://t.me/kievreal1/110687,"🚗 Смертельна а варія : один водій загинув, двоє людей постраждало ДТП сталось на автошляху Київ – Гостомель , поблизу с-ща Гостомель . Відб…"
2026-02-02,21,Бориспільський,Березань,2026-02-02T21:32:46+02:00,2026-02-03T07:44:46+02:00,10.2,21,7,110709,https://t.me/kievreal1/110709,1 на Березань
2026-02-02,21,Бориспільський,Березань,2026-02-02T21:32:46+02:00,2026-02-03T07:44:46+02:00,10.2,21,7,110710,https://t.me/kievreal1/110710,1 на Березань
2026-02-02,22,Бучанський,Вишневе,2026-02-02T21:32:46+02:00,2026-02-03T07:44:46+02:00,10.2,21,7,110713,https://t.me/kievreal1/110713,ДТП на кільцевій біля розвороту на Вишневе Інфініті влетіла в відбійник біля Інфініті стоїть дитяче крісло друга машина вилетіла за відбійн…
2026-02-02,0,Броварський,Бровари,2026-02-02T21:32:46+02:00,2026-02-03T07:44:46+02:00,10.2,21,7,110715,https://t.me/kievreal1/110715,БпЛА на Київщину в напряму Великої Димерки - Броварів
2026-02-02,0,Броварський,Бровари,2026-02-02T21:32:46+02:00,2026-02-03T07:44:46+02:00,10.2,21,7,110717,https://t.me/kievreal1/110717,"Шахед на Бровари Підтримати канал, буду вдячний Вам: https://base.monobank.ua/4jYdAKEbmcrmLL ➡"
2026-02-02,0,Вишгородський,Вишгород,2026-02-02T21:32:46+02:00,2026-02-03T07:44:46+02:00,10.2,21,7,110719,https://t.me/kievreal1/110719,2 шахеди на Київ 2 шахеди повз водосховище на Вишгород 1 шахед на Велику Димерку 1 шахед на Бровари
2026-02-02,0,Броварський,Велика Димерка,2026-02-02T21:32:46+02:00,2026-02-03T07:44:46+02:00,10.2,21,7,110719,https://t.me/kievreal1/110719,2 шахеди на Київ 2 шахеди повз водосховище на Вишгород 1 шахед на Велику Димерку 1 шахед на Бровари
2026-02-02,0,Броварський,Бровари,2026-02-02T21:32:46+02:00,2026-02-03T07:44:46+02:00,10.2,21,7,110719,https://t.me/kievreal1/110719,2 шахеди на Київ 2 шахеди повз водосховище на Вишгород 1 шахед на Велику Димерку 1 шахед на Бровари
2026-02-02,0,Вишгородський,Вишгород,2026-02-02T21:32:46+02:00,2026-02-03T07:44:46+02:00,10.2,21,7,110722,https://t.me/kievreal1/110722,Вишгород - вибухи
2026-02-02,1,Броварський,Бровари,2026-02-02T21:32:46+02:00,2026-02-03T07:44:46+02:00,10.2,21,7,110725,https://t.me/kievreal1/110725,Ракета на Бровари
2026-02-02,1,Обухівський,Українка,2026-02-02T21:32:46+02:00,2026-02-03T07:44:46+02:00,10.2,21,7,110726,https://t.me/kievreal1/110726,"2 Ту-160 з Українки пролітають Новосибірськ, ймовірно на пускові Про можливі пуски ракет повідомлять тут - t.me/radar"
2026-02-02,1,Броварський,Згурівка,2026-02-02T21:32:46+02:00,2026-02-03T07:44:46+02:00,10.2,21,7,110728,https://t.me/kievreal1/110728,3 шахеди на Згурівку
2026-02-02,1,Броварський,Бровари,2026-02-02T21:32:46+02:00,2026-02-03T07:44:46+02:00,10.2,21,7,110732,https://t.me/kievreal1/110732,"Бровари , також обережно"
2026-02-02,1,Бучанський,Макарів,2026-02-02T21:32:46+02:00,2026-02-03T07:44:46+02:00,10.2,21,7,110737,https://t.me/kievreal1/110737,"На Макарів, Наливайківку"
2026-02-02,1,Броварський,Бровари,2026-02-02T21:32:46+02:00,2026-02-03T07:44:46+02:00,10.2,21,7,110740,https://t.me/kievreal1/110740,5 шахедів повз Бровари на Київ
2026-02-02,1,Фастівський,Фастів,2026-02-02T21:32:46+02:00,2026-02-03T07:44:46+02:00,10.2,21,7,110746,https://t.me/kievreal1/110746,Фастів
2026-02-02,2,Фастівський,Фастів,2026-02-02T21:32:46+02:00,2026-02-03T07:44:46+02:00,10.2,21,7,110747,https://t.me/kievreal1/110747,Фастів
2026-02-02,2,Бучанський,Бородянка,2026-02-02T21:32:46+02:00,2026-02-03T07:44:46+02:00,10.2,21,7,110751,https://t.me/kievreal1/110751,У напрямку Бородянки
2026-02-02,2,Білоцерківський,Біла Церква,2026-02-02T21:32:46+02:00,2026-02-03T07:44:46+02:00,10.2,21,7,110757,https://t.me/kievreal1/110757,Біла Церква
2026-02-02,2,Білоцерківський,Біла Церква,2026-02-02T21:32:46+02:00,2026-02-03T07:44:46+02:00,10.2,21,7,110760,https://t.me/kievreal1/110760,"Біла Церква , Фастів, Бородянка - обережно"
2026-02-02,2,Фастівський,Фастів,2026-02-02T21:32:46+02:00,2026-02-03T07:44:46+02:00,10.2,21,7,110760,https://t.me/kievreal1/110760,"Біла Церква , Фастів, Бородянка - обережно"
2026-02-02,2,Бучанський,Бородянка,2026-02-02T21:32:46+02:00,2026-02-03T07:44:46+02:00,10.2,21,7,110760,https://t.me/kievreal1/110760,"Біла Церква , Фастів, Бородянка - обережно"
2026-02-02,2,Броварський,Бровари,2026-02-02T21:32:46+02:00,2026-02-03T07:44:46+02:00,10.2,21,7,110761,https://t.me/kievreal1/110761,Ще 1 шахед в районі Броварів курсом на Київ
2026-02-02,2,Бориспільський,Бориспіль,2026-02-02T21:32:46+02:00,2026-02-03T07:44:46+02:00,10.2,21,7,110770,https://t.me/kievreal1/110770,1 шахед на Бориспіль
2026-02-02,2,Броварський,Бровари,2026-02-02T21:32:46+02:00,2026-02-03T07:44:46+02:00,10.2,21,7,110771,https://t.me/kievreal1/110771,3х БпЛА повз Бровари курсом на Київ
2026-02-02,2,Броварський,Згурівка,2026-02-02T21:32:46+02:00,2026-02-03T07:44:46+02:00,10.2,21,7,110776,https://t.me/kievreal1/110776,8х БпЛА повз Згурівку курсом на Баришівку
2026-02-02,2,Броварський,Баришівка,2026-02-02T21:32:46+02:00,2026-02-03T07:44:46+02:00,10.2,21,7,110776,https://t.me/kievreal1/110776,8х БпЛА повз Згурівку курсом на Баришівку
2026-02-02,2,Бориспільський,Бориспіль,2026-02-02T21:32:46+02:00,2026-02-03T07:44:46+02:00,10.2,21,7,110777,https://t.me/kievreal1/110777,БпЛА на Бориспіль
2026-02-02,3,Броварський,Бровари,2026-02-02T21:32:46+02:00,2026-02-03T07:44:46+02:00,10.2,21,7,110779,https://t.me/kievreal1/110779,5 шахедів на Бровари
2026-02-02,3,Вишгородський,Вишгородський,2026-02-02T21:32:46+02:00,2026-02-03T07:44:46+02:00,10.2,21,7,110780,https://t.me/kievreal1/110780,Вишгородський район - вибухи
2026-02-02,3,Вишгородський,Вишгород,2026-02-02T21:32:46+02:00,2026-02-03T07:44:46+02:00,10.2,21,7,110781,https://t.me/kievreal1/110781,БпЛА курсом на Вишгород 8х БпЛА курсом на Бориспіль
2026-02-02,3,Бориспільський,Бориспіль,2026-02-02T21:32:46+02:00,2026-02-03T07:44:46+02:00,10.2,21,7,110781,https://t.me/kievreal1/110781,БпЛА курсом на Вишгород 8х БпЛА курсом на Бориспіль
2026-02-02,3,Обухівський,Українка,2026-02-02T21:32:46+02:00,2026-02-03T07:44:46+02:00,10.2,21,7,110782,https://t.me/kievreal1/110782,3 шахеди на Українку 1 шахед на Бровари 1 шахед повз Бровари на Київ 1 шахед на Баришівку
2026-02-02,3,Броварський,Бровари,2026-02-02T21:32:46+02:00,2026-02-03T07:44:46+02:00,10.2,21,7,110782,https://t.me/kievreal1/110782,3 шахеди на Українку 1 шахед на Бровари 1 шахед повз Бровари на Київ 1 шахед на Баришівку
2026-02-02,3,Броварський,Баришівка,2026-02-02T21:32:46+02:00,2026-02-03T07:44:46+02:00,10.2,21,7,110782,https://t.me/kievreal1/110782,3 шахеди на Українку 1 шахед на Бровари 1 шахед повз Бровари на Київ 1 шахед на Баришівку
2026-02-02,3,Броварський,Баришівка,2026-02-02T21:32:46+02:00,2026-02-03T07:44:46+02:00,10.2,21,7,110790,https://t.me/kievreal1/110790,БпЛА курсом на Трипілля БпЛА курсом на Баришівку
2026-02-02,4,Броварський,Бровари,2026-02-02T21:32:46+02:00,2026-02-03T07:44:46+02:00,10.2,21,7,110794,https://t.me/kievreal1/110794,БпЛА курсом на Бровари 2х БпЛА курсом на Яготин
2026-02-02,4,Бориспільський,Яготин,2026-02-02T21:32:46+02:00,2026-02-03T07:44:46+02:00,10.2,21,7,110794,https://t.me/kievreal1/110794,БпЛА курсом на Бровари 2х БпЛА курсом на Яготин
2026-02-02,4,Броварський,Згурівка,2026-02-02T21:32:46+02:00,2026-02-03T07:44:46+02:00,10.2,21,7,110797,https://t.me/kievreal1/110797,4 шахеди на Згурівку 1 шахед на водосховище 1 шахед на Трипілля
2026-02-02,4,Фастівський,Боярка,2026-02-02T21:32:46+02:00,2026-02-03T07:44:46+02:00,10.2,21,7,110800,https://t.me/kievreal1/110800,БПЛА на Боярку
2026-02-02,5,Обухівський,Обухів,2026-02-02T21:32:46+02:00,2026-02-03T07:44:46+02:00,10.2,21,7,110805,https://t.me/kievreal1/110805,Шахед на Обухів з півночі
2026-02-02,6,Броварський,Згурівка,2026-02-02T21:32:46+02:00,2026-02-03T07:44:46+02:00,10.2,21,7,110808,https://t.me/kievreal1/110808,Київщина - 1 Згурівка - 3 в напрямку Бородянки далі на Наливайківку
2026-02-02,6,Бучанський,Бородянка,2026-02-02T21:32:46+02:00,2026-02-03T07:44:46+02:00,10.2,21,7,110808,https://t.me/kievreal1/110808,Київщина - 1 Згурівка - 3 в напрямку Бородянки далі на Наливайківку
2026-02-02,6,Обухівський,Українка,2026-02-02T21:32:46+02:00,2026-02-03T07:44:46+02:00,10.2,21,7,110811,https://t.me/kievreal1/110811,БпЛА курсом на Українку
2026-02-02,6,Броварський,Бровари,2026-02-02T21:32:46+02:00,2026-02-03T07:44:46+02:00,10.2,21,7,110812,https://t.me/kievreal1/110812,Група КР курсом на Бровари
2026-02-02,6,Бориспільський,Бориспіль,2026-02-02T21:32:46+02:00,2026-02-03T07:44:46+02:00,10.2,21,7,110814,https://t.me/kievreal1/110814,2х Групи КР курсом на Бориспіль
2026-02-02,7,Броварський,Бровари,2026-02-02T21:32:46+02:00,2026-02-03T07:44:46+02:00,10.2,21,7,110817,https://t.me/kievreal1/110817,Швидкісна ціль на Трипілля Група КР курсом на Бровари Група КР курсом на Обухів
2026-02-02,7,Обухівський,Обухів,2026-02-02T21:32:46+02:00,2026-02-03T07:44:46+02:00,10.2,21,7,110817,https://t.me/kievreal1/110817,Швидкісна ціль на Трипілля Група КР курсом на Бровари Група КР курсом на Обухів
2026-02-03,9,Вишгородський,Славутич,2026-02-03T09:56:26+02:00,2026-02-03T10:38:26+02:00,0.7,9,10,110844,https://t.me/kievreal1/110844,Славутич ціль
2026-02-03,9,Бучанський,Макарів,2026-02-03T09:56:26+02:00,2026-02-03T10:38:26+02:00,0.7,9,10,110845,https://t.me/kievreal1/110845,Макарів
2026-02-04,0,Вишгородський,Чорнобиль,2026-02-04T23:36:16+02:00,2026-02-05T04:23:06+02:00,4.8,23,4,110923,https://t.me/kievreal1/110923,"Київщина : БпЛА курсом на Чорнобиль Підтримати канал, буду вдячний Вам: https://base.monobank.ua/4jYdAKEbmcrmLL ➡️"
2026-02-04,0,Броварський,Велика Димерка,2026-02-04T23:36:16+02:00,2026-02-05T04:23:06+02:00,4.8,23,4,110924,https://t.me/kievreal1/110924,2 шахеди на Велику Димерку 1 шахед на Чорнобиль 1 шахед від Іванкова на Гостомель
2026-02-04,0,Вишгородський,Чорнобиль,2026-02-04T23:36:16+02:00,2026-02-05T04:23:06+02:00,4.8,23,4,110924,https://t.me/kievreal1/110924,2 шахеди на Велику Димерку 1 шахед на Чорнобиль 1 шахед від Іванкова на Гостомель
2026-02-04,0,Бучанський,Гостомель,2026-02-04T23:36:16+02:00,2026-02-05T04:23:06+02:00,4.8,23,4,110924,https://t.me/kievreal1/110924,2 шахеди на Велику Димерку 1 шахед на Чорнобиль 1 шахед від Іванкова на Гостомель
2026-02-04,1,Бучанський,Гостомель,2026-02-04T23:36:16+02:00,2026-02-05T04:23:06+02:00,4.8,23,4,110925,https://t.me/kievreal1/110925,"1 шахед на ЧЗВ, 1 в бік Гостомеля з півночі, 2 на Бровари ."
2026-02-04,1,Броварський,Бровари,2026-02-04T23:36:16+02:00,2026-02-05T04:23:06+02:00,4.8,23,4,110925,https://t.me/kievreal1/110925,"1 шахед на ЧЗВ, 1 в бік Гостомеля з півночі, 2 на Бровари ."
2026-02-04,1,Броварський,Велика Димерка,2026-02-04T23:36:16+02:00,2026-02-05T04:23:06+02:00,4.8,23,4,110926,https://t.me/kievreal1/110926,2 шахеди на Велику Димерку 1 шахед на Іванків
2026-02-04,1,Вишгородський,Іванків,2026-02-04T23:36:16+02:00,2026-02-05T04:23:06+02:00,4.8,23,4,110926,https://t.me/kievreal1/110926,2 шахеди на Велику Димерку 1 шахед на Іванків
2026-02-04,1,Вишгородський,Димер,2026-02-04T23:36:16+02:00,2026-02-05T04:23:06+02:00,4.8,23,4,110928,https://t.me/kievreal1/110928,2 шахеди на Димер 2 шахеди на Згурівку 1 шахед на Ірпінь 1 шахед на Гостомель
2026-02-04,1,Броварський,Згурівка,2026-02-04T23:36:16+02:00,2026-02-05T04:23:06+02:00,4.8,23,4,110928,https://t.me/kievreal1/110928,2 шахеди на Димер 2 шахеди на Згурівку 1 шахед на Ірпінь 1 шахед на Гостомель
2026-02-04,1,Бучанський,Ірпінь,2026-02-04T23:36:16+02:00,2026-02-05T04:23:06+02:00,4.8,23,4,110928,https://t.me/kievreal1/110928,2 шахеди на Димер 2 шахеди на Згурівку 1 шахед на Ірпінь 1 шахед на Гостомель
2026-02-04,1,Бучанський,Гостомель,2026-02-04T23:36:16+02:00,2026-02-05T04:23:06+02:00,4.8,23,4,110928,https://t.me/kievreal1/110928,2 шахеди на Димер 2 шахеди на Згурівку 1 шахед на Ірпінь 1 шахед на Гостомель
2026-02-04,1,Вишгородський,Димер,2026-02-04T23:36:16+02:00,2026-02-05T04:23:06+02:00,4.8,23,4,110930,https://t.me/kievreal1/110930,2 шахеди на Димер 2 шахеди на Згурівку 1 шахед на Ірпінь 1 шахед на Гостомель
2026-02-04,1,Броварський,Згурівка,2026-02-04T23:36:16+02:00,2026-02-05T04:23:06+02:00,4.8,23,4,110930,https://t.me/kievreal1/110930,2 шахеди на Димер 2 шахеди на Згурівку 1 шахед на Ірпінь 1 шахед на Гостомель
2026-02-04,1,Бучанський,Ірпінь,2026-02-04T23:36:16+02:00,2026-02-05T04:23:06+02:00,4.8,23,4,110930,https://t.me/kievreal1/110930,2 шахеди на Димер 2 шахеди на Згурівку 1 шахед на Ірпінь 1 шахед на Гостомель
2026-02-04,1,Бучанський,Гостомель,2026-02-04T23:36:16+02:00,2026-02-05T04:23:06+02:00,4.8,23,4,110930,https://t.me/kievreal1/110930,2 шахеди на Димер 2 шахеди на Згурівку 1 шахед на Ірпінь 1 шахед на Гостомель
2026-02-04,1,Броварський,Баришівка,2026-02-04T23:36:16+02:00,2026-02-05T04:23:06+02:00,4.8,23,4,110931,https://t.me/kievreal1/110931,2 шахеди на Бучу 2 шахеди на Баришівку 1 шахед на Пущу-Водицю 1 шахед на Ірпінь 1 шахед на Пісківку 1 шахед на Димер
2026-02-04,1,Бучанський,Ірпінь,2026-02-04T23:36:16+02:00,2026-02-05T04:23:06+02:00,4.8,23,4,110931,https://t.me/kievreal1/110931,2 шахеди на Бучу 2 шахеди на Баришівку 1 шахед на Пущу-Водицю 1 шахед на Ірпінь 1 шахед на Пісківку 1 шахед на Димер
2026-02-04,1,Бучанський,Пісківка,2026-02-04T23:36:16+02:00,2026-02-05T04:23:06+02:00,4.8,23,4,110931,https://t.me/kievreal1/110931,2 шахеди на Бучу 2 шахеди на Баришівку 1 шахед на Пущу-Водицю 1 шахед на Ірпінь 1 шахед на Пісківку 1 шахед на Димер
2026-02-04,1,Вишгородський,Димер,2026-02-04T23:36:16+02:00,2026-02-05T04:23:06+02:00,4.8,23,4,110931,https://t.me/kievreal1/110931,2 шахеди на Бучу 2 шахеди на Баришівку 1 шахед на Пущу-Водицю 1 шахед на Ірпінь 1 шахед на Пісківку 1 шахед на Димер
2026-02-04,2,Вишгородський,Вишгород,2026-02-04T23:36:16+02:00,2026-02-05T04:23:06+02:00,4.8,23,4,110933,https://t.me/kievreal1/110933,БПЛА на Вишгород
2026-02-04,2,Бучанський,Борщагівка,2026-02-04T23:36:16+02:00,2026-02-05T04:23:06+02:00,4.8,23,4,110934,https://t.me/kievreal1/110934,БпЛА курсом на Троєщину БпЛА курсом на Борщагівку
2026-02-04,2,Бучанський,Вишневе,2026-02-04T23:36:16+02:00,2026-02-05T04:23:06+02:00,4.8,23,4,110935,https://t.me/kievreal1/110935,БпЛА курсом на Київ БпЛА курсом на Вишневе 2х БпЛА курсом на Ворзель БпЛА курсом на Бучу БпЛА курсом на Бровари
2026-02-04,2,Бучанський,Ворзель,2026-02-04T23:36:16+02:00,2026-02-05T04:23:06+02:00,4.8,23,4,110935,https://t.me/kievreal1/110935,БпЛА курсом на Київ БпЛА курсом на Вишневе 2х БпЛА курсом на Ворзель БпЛА курсом на Бучу БпЛА курсом на Бровари
2026-02-04,2,Броварський,Бровари,2026-02-04T23:36:16+02:00,2026-02-05T04:23:06+02:00,4.8,23,4,110935,https://t.me/kievreal1/110935,БпЛА курсом на Київ БпЛА курсом на Вишневе 2х БпЛА курсом на Ворзель БпЛА курсом на Бучу БпЛА курсом на Бровари
2026-02-04,2,Бучанський,Ірпінь,2026-02-04T23:36:16+02:00,2026-02-05T04:23:06+02:00,4.8,23,4,110936,https://t.me/kievreal1/110936,"1 шахед Ірпінь , 1 Димер, 1 Боярка, 1 на Коцюбинське"
2026-02-04,2,Вишгородський,Димер,2026-02-04T23:36:16+02:00,2026-02-05T04:23:06+02:00,4.8,23,4,110936,https://t.me/kievreal1/110936,"1 шахед Ірпінь , 1 Димер, 1 Боярка, 1 на Коцюбинське"
2026-02-04,2,Фастівський,Боярка,2026-02-04T23:36:16+02:00,2026-02-05T04:23:06+02:00,4.8,23,4,110936,https://t.me/kievreal1/110936,"1 шахед Ірпінь , 1 Димер, 1 Боярка, 1 на Коцюбинське"
2026-02-04,2,Бучанський,Коцюбинське,2026-02-04T23:36:16+02:00,2026-02-05T04:23:06+02:00,4.8,23,4,110936,https://t.me/kievreal1/110936,"1 шахед Ірпінь , 1 Димер, 1 Боярка, 1 на Коцюбинське"
2026-02-04,2,Броварський,Бровари,2026-02-04T23:36:16+02:00,2026-02-05T04:23:06+02:00,4.8,23,4,110938,https://t.me/kievreal1/110938,БпЛА курсом на водосховище БпЛА курсом на Бровари БпЛА курсом на Пісківку
2026-02-04,2,Бучанський,Пісківка,2026-02-04T23:36:16+02:00,2026-02-05T04:23:06+02:00,4.8,23,4,110938,https://t.me/kievreal1/110938,БпЛА курсом на водосховище БпЛА курсом на Бровари БпЛА курсом на Пісківку
2026-02-04,2,Вишгородський,Жукин,2026-02-04T23:36:16+02:00,2026-02-05T04:23:06+02:00,4.8,23,4,110941,https://t.me/kievreal1/110941,БпЛА курсом на Жукин БпЛА курсом на Вишеньки БпЛА курсом на Калиту БпЛА курсом на Пісківку
2026-02-04,2,Броварський,Калита,2026-02-04T23:36:16+02:00,2026-02-05T04:23:06+02:00,4.8,23,4,110941,https://t.me/kievreal1/110941,БпЛА курсом на Жукин БпЛА курсом на Вишеньки БпЛА курсом на Калиту БпЛА курсом на Пісківку
2026-02-04,2,Бучанський,Пісківка,2026-02-04T23:36:16+02:00,2026-02-05T04:23:06+02:00,4.8,23,4,110941,https://t.me/kievreal1/110941,БпЛА курсом на Жукин БпЛА курсом на Вишеньки БпЛА курсом на Калиту БпЛА курсом на Пісківку
2026-02-04,2,Вишгородський,Вишгород,2026-02-04T23:36:16+02:00,2026-02-05T04:23:06+02:00,4.8,23,4,110944,https://t.me/kievreal1/110944,БПЛА на Вишгород
2026-02-04,2,Вишгородський,Жукин,2026-02-04T23:36:16+02:00,2026-02-05T04:23:06+02:00,4.8,23,4,110945,https://t.me/kievreal1/110945,2х БпЛА курсом на Жукин БпЛА курсом на Київ БпЛА курсом на Пісківку
2026-02-04,2,Бучанський,Пісківка,2026-02-04T23:36:16+02:00,2026-02-05T04:23:06+02:00,4.8,23,4,110945,https://t.me/kievreal1/110945,2х БпЛА курсом на Жукин БпЛА курсом на Київ БпЛА курсом на Пісківку
2026-02-04,2,Вишгородський,Димер,2026-02-04T23:36:16+02:00,2026-02-05T04:23:06+02:00,4.8,23,4,110948,https://t.me/kievreal1/110948,2х БпЛА курсом на Димер Акустично БпЛА над Києвом
2026-02-04,2,Бучанський,Борщагівка,2026-02-04T23:36:16+02:00,2026-02-05T04:23:06+02:00,4.8,23,4,110950,https://t.me/kievreal1/110950,Борщагівка - Вишневе - БПЛА
2026-02-04,2,Бучанський,Вишневе,2026-02-04T23:36:16+02:00,2026-02-05T04:23:06+02:00,4.8,23,4,110950,https://t.me/kievreal1/110950,Борщагівка - Вишневе - БПЛА
2026-02-04,3,Бучанський,Борщагівка,2026-02-04T23:36:16+02:00,2026-02-05T04:23:06+02:00,4.8,23,4,110955,https://t.me/kievreal1/110955,Борщагівка - Святошин - акустично
2026-02-04,3,Бучанський,Стоянка,2026-02-04T23:36:16+02:00,2026-02-05T04:23:06+02:00,4.8,23,4,110956,https://t.me/kievreal1/110956,Ще кадри зі стоянки в Києві Більше кадрів наслідків атаки БЕЗ ЦЕНЗУРИ - t.me/hykyiv
2026-02-04,3,Вишгородський,Страхолісся,2026-02-04T23:36:16+02:00,2026-02-05T04:23:06+02:00,4.8,23,4,110957,https://t.me/kievreal1/110957,БпЛА курсом на Страхолісся
2026-02-04,3,Бучанський,Пісківка,2026-02-04T23:36:16+02:00,2026-02-05T04:23:06+02:00,4.8,23,4,110958,https://t.me/kievreal1/110958,1 шахед на Пісківку 1 шахед на Димер
2026-02-04,3,Вишгородський,Димер,2026-02-04T23:36:16+02:00,2026-02-05T04:23:06+02:00,4.8,23,4,110958,https://t.me/kievreal1/110958,1 шахед на Пісківку 1 шахед на Димер
2026-02-04,4,Вишгородський,Вишгород,2026-02-04T23:36:16+02:00,2026-02-05T04:23:06+02:00,4.8,23,4,110960,https://t.me/kievreal1/110960,БпЛА повз Вишгород курсом на Київ
2026-02-05,12,Вишгородський,Вишгородський,2026-02-05T12:23:46+02:00,2026-02-05T15:22:56+02:00,3.0,12,15,111000,https://t.me/kievreal1/111000,🚨 КИЇВСЬКА ОБЛАСТЬ - ОГОЛОШЕНА ПОВІТРЯНА ТРИВОГА Загроза для Вишгородського району через БпЛА біля Чорнобильської зони.
2026-02-05,12,Вишгородський,Чорнобиль,2026-02-05T12:23:46+02:00,2026-02-05T15:22:56+02:00,3.0,12,15,111000,https://t.me/kievreal1/111000,🚨 КИЇВСЬКА ОБЛАСТЬ - ОГОЛОШЕНА ПОВІТРЯНА ТРИВОГА Загроза для Вишгородського району через БпЛА біля Чорнобильської зони.
2026-02-05,12,Вишгородський,Чорнобиль,2026-02-05T12:23:46+02:00,2026-02-05T15:22:56+02:00,3.0,12,15,111001,https://t.me/kievreal1/111001,БпЛА біля Чорнобильської зони.
2026-02-05,13,Бучанський,Буча,2026-02-05T12:23:46+02:00,2026-02-05T15:22:56+02:00,3.0,12,15,111010,https://t.me/kievreal1/111010,Буча / Ірпінь
2026-02-05,13,Бучанський,Ірпінь,2026-02-05T12:23:46+02:00,2026-02-05T15:22:56+02:00,3.0,12,15,111010,https://t.me/kievreal1/111010,Буча / Ірпінь
2026-02-05,13,Бучанський,Буча,2026-02-05T12:23:46+02:00,2026-02-05T15:22:56+02:00,3.0,12,15,111011,https://t.me/kievreal1/111011,Буча / Ірпінь
2026-02-05,13,Бучанський,Ірпінь,2026-02-05T12:23:46+02:00,2026-02-05T15:22:56+02:00,3.0,12,15,111011,https://t.me/kievreal1/111011,Буча / Ірпінь
2026-02-05,13,Бучанський,Немішаєве,2026-02-05T12:23:46+02:00,2026-02-05T15:22:56+02:00,3.0,12,15,111012,https://t.me/kievreal1/111012,Немішаєве
2026-02-05,14,Бучанський,Бородянка,2026-02-05T12:23:46+02:00,2026-02-05T15:22:56+02:00,3.0,12,15,111013,https://t.me/kievreal1/111013,Біля Бородянки
2026-02-05,14,Бучанський,Бородянка,2026-02-05T12:23:46+02:00,2026-02-05T15:22:56+02:00,3.0,12,15,111015,https://t.me/kievreal1/111015,Знову зʼявився БпЛА неподалік Бородянки
2026-02-05,14,Бучанський,Бородянка,2026-02-05T12:23:46+02:00,2026-02-05T15:22:56+02:00,3.0,12,15,111016,https://t.me/kievreal1/111016,Знову зʼявився БпЛА неподалік Бородянки
2026-02-05,14,Бучанський,Бородянка,2026-02-05T12:23:46+02:00,2026-02-05T15:22:56+02:00,3.0,12,15,111017,https://t.me/kievreal1/111017,Знову зʼявився БпЛА неподалік Бородянки
2026-02-05,17,Вишгородський,Вишгородський,2026-02-05T17:33:46+02:00,2026-02-05T20:04:26+02:00,2.5,17,20,111036,https://t.me/kievreal1/111036,🚨 КИЇВСЬКА ОБЛАСТЬ - ОГОЛОШЕНА ПОВІТРЯНА ТРИВОГА Загроза для Вишгородського району
2026-02-06,2,Вишгородський,Вишгородський,2026-02-06T02:26:26+02:00,2026-02-06T09:52:06+02:00,7.4,2,9,111066,https://t.me/kievreal1/111066,3 шахеди на Вишгородський район
2026-02-06,2,Вишгородський,Димер,2026-02-06T02:26:26+02:00,2026-02-06T09:52:06+02:00,7.4,2,9,111068,https://t.me/kievreal1/111068,2 шахеди на Димер
2026-02-06,3,Бучанський,Пісківка,2026-02-06T02:26:26+02:00,2026-02-06T09:52:06+02:00,7.4,2,9,111069,https://t.me/kievreal1/111069,2 шахеди на Пісківку
2026-02-06,4,Бориспільський,Переяслав,2026-02-06T02:26:26+02:00,2026-02-06T09:52:06+02:00,7.4,2,9,111070,https://t.me/kievreal1/111070,БПЛА на Переяслав
2026-02-06,4,Бориспільський,Яготин,2026-02-06T02:26:26+02:00,2026-02-06T09:52:06+02:00,7.4,2,9,111071,https://t.me/kievreal1/111071,БпЛА на Яготин/Переяслав
2026-02-06,4,Бориспільський,Переяслав,2026-02-06T02:26:26+02:00,2026-02-06T09:52:06+02:00,7.4,2,9,111071,https://t.me/kievreal1/111071,БпЛА на Яготин/Переяслав
2026-02-06,5,Обухівський,Українка,2026-02-06T02:26:26+02:00,2026-02-06T09:52:06+02:00,7.4,2,9,111072,https://t.me/kievreal1/111072,1 шахед на Українку
2026-02-06,5,Броварський,Баришівка,2026-02-06T02:26:26+02:00,2026-02-06T09:52:06+02:00,7.4,2,9,111076,https://t.me/kievreal1/111076,2 шахеди на Баришівку
2026-02-06,10,Бориспільський,Бориспільський,2026-02-06T10:42:56+02:00,2026-02-06T11:03:56+02:00,0.3,10,11,111101,https://t.me/kievreal1/111101,🚨 КИЇВСЬКА ОБЛАСТЬ - ОГОЛОШЕНА ПОВІТРЯНА ТРИВОГА Загроза для Бориспільського району.
2026-02-06,20,Вишгородський,Вишгородський,2026-02-06T19:59:56+02:00,2026-02-06T21:20:26+02:00,1.3,19,21,111132,https://t.me/kievreal1/111132,Знову загроза для Вишгородського району через декілька БпЛА з Чернігівської області на північ області
2026-02-06,20,Вишгородський,Чорнобиль,2026-02-06T19:59:56+02:00,2026-02-06T21:20:26+02:00,1.3,19,21,111133,https://t.me/kievreal1/111133,"Один в Чорнобильській зоні, за ним йде інший"
2026-02-06,20,Вишгородський,Чорнобиль,2026-02-06T19:59:56+02:00,2026-02-06T21:20:26+02:00,1.3,19,21,111134,https://t.me/kievreal1/111134,"Один в Чорнобильській зоні, за ним йде інший"
2026-02-07,2,Обухівський,Українка,2026-02-07T02:05:36+02:00,2026-02-07T08:18:06+02:00,6.2,2,8,111148,https://t.me/kievreal1/111148,Шахед на Українку
2026-02-07,3,Обухівський,Васильків,2026-02-07T02:05:36+02:00,2026-02-07T08:18:06+02:00,6.2,2,8,111149,https://t.me/kievreal1/111149,БпЛА курсом на Васильків БпЛА курсом на Згурівку
2026-02-07,3,Броварський,Згурівка,2026-02-07T02:05:36+02:00,2026-02-07T08:18:06+02:00,6.2,2,8,111149,https://t.me/kievreal1/111149,БпЛА курсом на Васильків БпЛА курсом на Згурівку
2026-02-07,3,Вишгородський,Жукин,2026-02-07T02:05:36+02:00,2026-02-07T08:18:06+02:00,6.2,2,8,111150,https://t.me/kievreal1/111150,БпЛА курсом на Жукин БпЛА курсом на Бровари БпЛА курсом на Бориспіль БпЛА курсом на Згурівку БпЛА курсом на Баришівку БпЛА курсом на Василь…
2026-02-07,3,Броварський,Бровари,2026-02-07T02:05:36+02:00,2026-02-07T08:18:06+02:00,6.2,2,8,111150,https://t.me/kievreal1/111150,БпЛА курсом на Жукин БпЛА курсом на Бровари БпЛА курсом на Бориспіль БпЛА курсом на Згурівку БпЛА курсом на Баришівку БпЛА курсом на Василь…
2026-02-07,3,Бориспільський,Бориспіль,2026-02-07T02:05:36+02:00,2026-02-07T08:18:06+02:00,6.2,2,8,111150,https://t.me/kievreal1/111150,БпЛА курсом на Жукин БпЛА курсом на Бровари БпЛА курсом на Бориспіль БпЛА курсом на Згурівку БпЛА курсом на Баришівку БпЛА курсом на Василь…
2026-02-07,3,Броварський,Згурівка,2026-02-07T02:05:36+02:00,2026-02-07T08:18:06+02:00,6.2,2,8,111150,https://t.me/kievreal1/111150,БпЛА курсом на Жукин БпЛА курсом на Бровари БпЛА курсом на Бориспіль БпЛА курсом на Згурівку БпЛА курсом на Баришівку БпЛА курсом на Василь…
2026-02-07,3,Броварський,Баришівка,2026-02-07T02:05:36+02:00,2026-02-07T08:18:06+02:00,6.2,2,8,111150,https://t.me/kievreal1/111150,БпЛА курсом на Жукин БпЛА курсом на Бровари БпЛА курсом на Бориспіль БпЛА курсом на Згурівку БпЛА курсом на Баришівку БпЛА курсом на Василь…
2026-02-07,3,Обухівський,Васильків,2026-02-07T02:05:36+02:00,2026-02-07T08:18:06+02:00,6.2,2,8,111150,https://t.me/kievreal1/111150,БпЛА курсом на Жукин БпЛА курсом на Бровари БпЛА курсом на Бориспіль БпЛА курсом на Згурівку БпЛА курсом на Баришівку БпЛА курсом на Василь…
2026-02-07,3,Білоцерківський,Сквира,2026-02-07T02:05:36+02:00,2026-02-07T08:18:06+02:00,6.2,2,8,111150,https://t.me/kievreal1/111150,БпЛА курсом на Жукин БпЛА курсом на Бровари БпЛА курсом на Бориспіль БпЛА курсом на Згурівку БпЛА курсом на Баришівку БпЛА курсом на Василь…
2026-02-07,3,Бориспільський,Переяслав,2026-02-07T02:05:36+02:00,2026-02-07T08:18:06+02:00,6.2,2,8,111150,https://t.me/kievreal1/111150,БпЛА курсом на Жукин БпЛА курсом на Бровари БпЛА курсом на Бориспіль БпЛА курсом на Згурівку БпЛА курсом на Баришівку БпЛА курсом на Василь…
2026-02-07,4,Вишгородський,Жукин,2026-02-07T02:05:36+02:00,2026-02-07T08:18:06+02:00,6.2,2,8,111152,https://t.me/kievreal1/111152,БпЛА курсом на Жукин БпЛА курсом на Іванків БпЛА курсом на Васильків БпЛА курсом на Кагарлик 8х БпЛА курсом на Наливайківку
2026-02-07,4,Вишгородський,Іванків,2026-02-07T02:05:36+02:00,2026-02-07T08:18:06+02:00,6.2,2,8,111152,https://t.me/kievreal1/111152,БпЛА курсом на Жукин БпЛА курсом на Іванків БпЛА курсом на Васильків БпЛА курсом на Кагарлик 8х БпЛА курсом на Наливайківку
2026-02-07,4,Обухівський,Васильків,2026-02-07T02:05:36+02:00,2026-02-07T08:18:06+02:00,6.2,2,8,111152,https://t.me/kievreal1/111152,БпЛА курсом на Жукин БпЛА курсом на Іванків БпЛА курсом на Васильків БпЛА курсом на Кагарлик 8х БпЛА курсом на Наливайківку
2026-02-07,4,Обухівський,Кагарлик,2026-02-07T02:05:36+02:00,2026-02-07T08:18:06+02:00,6.2,2,8,111152,https://t.me/kievreal1/111152,БпЛА курсом на Жукин БпЛА курсом на Іванків БпЛА курсом на Васильків БпЛА курсом на Кагарлик 8х БпЛА курсом на Наливайківку
2026-02-07,4,Броварський,Баришівка,2026-02-07T02:05:36+02:00,2026-02-07T08:18:06+02:00,6.2,2,8,111153,https://t.me/kievreal1/111153,БпЛА курсом на Бишів БпЛА курсом на Наливайківку БпЛА курсом на Баришівку БпЛА курсом на Трипілля БпЛА курсом на Обухів
2026-02-07,4,Обухівський,Обухів,2026-02-07T02:05:36+02:00,2026-02-07T08:18:06+02:00,6.2,2,8,111153,https://t.me/kievreal1/111153,БпЛА курсом на Бишів БпЛА курсом на Наливайківку БпЛА курсом на Баришівку БпЛА курсом на Трипілля БпЛА курсом на Обухів
2026-02-07,5,Обухівський,Васильків,2026-02-07T02:05:36+02:00,2026-02-07T08:18:06+02:00,6.2,2,8,111155,https://t.me/kievreal1/111155,БпЛА курсом на Васильків БпЛА курсом на Бородянку 3х БпЛА курсом на Димер
2026-02-07,5,Бучанський,Бородянка,2026-02-07T02:05:36+02:00,2026-02-07T08:18:06+02:00,6.2,2,8,111155,https://t.me/kievreal1/111155,БпЛА курсом на Васильків БпЛА курсом на Бородянку 3х БпЛА курсом на Димер
2026-02-07,5,Вишгородський,Димер,2026-02-07T02:05:36+02:00,2026-02-07T08:18:06+02:00,6.2,2,8,111155,https://t.me/kievreal1/111155,БпЛА курсом на Васильків БпЛА курсом на Бородянку 3х БпЛА курсом на Димер
2026-02-07,5,Вишгородський,Жукин,2026-02-07T02:05:36+02:00,2026-02-07T08:18:06+02:00,6.2,2,8,111157,https://t.me/kievreal1/111157,1 шахед на Київ 1 шахед на Жукин 1 шахед на Пісківку 1 шахед на Чорнобиль
2026-02-07,5,Бучанський,Пісківка,2026-02-07T02:05:36+02:00,2026-02-07T08:18:06+02:00,6.2,2,8,111157,https://t.me/kievreal1/111157,1 шахед на Київ 1 шахед на Жукин 1 шахед на Пісківку 1 шахед на Чорнобиль
2026-02-07,5,Вишгородський,Чорнобиль,2026-02-07T02:05:36+02:00,2026-02-07T08:18:06+02:00,6.2,2,8,111157,https://t.me/kievreal1/111157,1 шахед на Київ 1 шахед на Жукин 1 шахед на Пісківку 1 шахед на Чорнобиль
2026-02-07,5,Бучанський,Вишневе,2026-02-07T02:05:36+02:00,2026-02-07T08:18:06+02:00,6.2,2,8,111158,https://t.me/kievreal1/111158,1 шахед на Вишневе
2026-02-07,6,Бучанський,Вишневе,2026-02-07T02:05:36+02:00,2026-02-07T08:18:06+02:00,6.2,2,8,111159,https://t.me/kievreal1/111159,1 шахед на Вишневе
2026-02-07,6,Бучанський,Вишневе,2026-02-07T02:05:36+02:00,2026-02-07T08:18:06+02:00,6.2,2,8,111160,https://t.me/kievreal1/111160,1 шахед на Вишневе 1 шахед на Чорнобиль 1 шахед на Макарів
2026-02-07,6,Вишгородський,Чорнобиль,2026-02-07T02:05:36+02:00,2026-02-07T08:18:06+02:00,6.2,2,8,111160,https://t.me/kievreal1/111160,1 шахед на Вишневе 1 шахед на Чорнобиль 1 шахед на Макарів
2026-02-07,6,Бучанський,Макарів,2026-02-07T02:05:36+02:00,2026-02-07T08:18:06+02:00,6.2,2,8,111160,https://t.me/kievreal1/111160,1 шахед на Вишневе 1 шахед на Чорнобиль 1 шахед на Макарів
2026-02-07,6,Вишгородський,Чорнобиль,2026-02-07T02:05:36+02:00,2026-02-07T08:18:06+02:00,6.2,2,8,111161,https://t.me/kievreal1/111161,2 шахеди на Чорнобиль 1 шахед на Пісківку 1 шахед на Борщагівку
2026-02-07,6,Бучанський,Пісківка,2026-02-07T02:05:36+02:00,2026-02-07T08:18:06+02:00,6.2,2,8,111161,https://t.me/kievreal1/111161,2 шахеди на Чорнобиль 1 шахед на Пісківку 1 шахед на Борщагівку
2026-02-07,6,Бучанський,Борщагівка,2026-02-07T02:05:36+02:00,2026-02-07T08:18:06+02:00,6.2,2,8,111161,https://t.me/kievreal1/111161,2 шахеди на Чорнобиль 1 шахед на Пісківку 1 шахед на Борщагівку
2026-02-07,8,Бориспільський,Яготин,2026-02-07T02:05:36+02:00,2026-02-07T08:18:06+02:00,6.2,2,8,111165,https://t.me/kievreal1/111165,Київщина: триває ліквідація пожежі в складському приміщенні Рошен Внаслідок нічної ворожої атаки БПЛА у місті Яготин Бориспільського району…
2026-02-07,8,Бориспільський,Бориспільський,2026-02-07T02:05:36+02:00,2026-02-07T08:18:06+02:00,6.2,2,8,111165,https://t.me/kievreal1/111165,Київщина: триває ліквідація пожежі в складському приміщенні Рошен Внаслідок нічної ворожої атаки БПЛА у місті Яготин Бориспільського району…
2026-02-07,11,Бориспільський,Яготин,2026-02-07T11:01:46+02:00,2026-02-07T11:15:56+02:00,0.2,11,11,111180,https://t.me/kievreal1/111180,Наслідки атаки на один із найбільших складів Roshen у Яготині
2026-02-07,12,Вишгородський,Іванків,2026-02-07T11:22:46+02:00,2026-02-07T13:40:56+02:00,2.3,11,13,111186,https://t.me/kievreal1/111186,Акустично БПЛА на Іванків
2026-02-08,4,Вишгородський,Іванків,2026-02-08T03:50:06+02:00,2026-02-08T05:58:56+02:00,2.1,3,5,111202,https://t.me/kievreal1/111202,4 щахеди через Водосховище у бік Іванків
2026-02-08,17,Білоцерківський,Біла Церква,2026-02-08T17:25:16+02:00,2026-02-08T17:59:56+02:00,0.6,17,17,111220,https://t.me/kievreal1/111220,"Є цілі, Біла Церква"
2026-02-08,17,Фастівський,Боярка,2026-02-08T17:25:16+02:00,2026-02-08T17:59:56+02:00,0.6,17,17,111223,https://t.me/kievreal1/111223,Боярка
2026-02-08,20,Бучанський,Вишневе,2026-02-08T20:54:36+02:00,2026-02-08T21:39:06+02:00,0.7,20,21,111237,https://t.me/kievreal1/111237,Вишневе
2026-02-08,20,Обухівський,Васильків,2026-02-08T20:54:36+02:00,2026-02-08T21:39:06+02:00,0.7,20,21,111238,https://t.me/kievreal1/111238,Васильків
2026-02-08,20,Обухівський,Васильків,2026-02-08T20:54:36+02:00,2026-02-08T21:39:06+02:00,0.7,20,21,111241,https://t.me/kievreal1/111241,Васильків
2026-02-09,1,Бориспільський,Яготин,2026-02-09T00:37:36+02:00,2026-02-09T02:24:36+02:00,1.8,0,2,111248,https://t.me/kievreal1/111248,БпЛА курсом на Яготин
2026-02-09,1,Бориспільський,Переяслав,2026-02-09T00:37:36+02:00,2026-02-09T02:24:36+02:00,1.8,0,2,111249,https://t.me/kievreal1/111249,БпЛА курсом на Переяслав
2026-02-09,1,Броварський,Згурівка,2026-02-09T00:37:36+02:00,2026-02-09T02:24:36+02:00,1.8,0,2,111250,https://t.me/kievreal1/111250,БПЛА на Згурівку
2026-02-09,4,Вишгородський,Іванків,2026-02-09T04:35:46+02:00,2026-02-09T07:56:46+02:00,3.4,4,7,111253,https://t.me/kievreal1/111253,2х БпЛА курсом на Іванків
2026-02-09,5,Вишгородський,Чорнобиль,2026-02-09T04:35:46+02:00,2026-02-09T07:56:46+02:00,3.4,4,7,111254,https://t.me/kievreal1/111254,2х БпЛА курсом на Красятичі БпЛА курсом на Чорнобильську зону відчуження
2026-02-09,6,Вишгородський,Іванків,2026-02-09T04:35:46+02:00,2026-02-09T07:56:46+02:00,3.4,4,7,111256,https://t.me/kievreal1/111256,3х БпЛА курсом на Іванків
2026-02-09,8,Вишгородський,Вишгородський,2026-02-09T08:52:26+02:00,2026-02-09T09:41:46+02:00,0.8,8,9,111260,https://t.me/kievreal1/111260,🚨 КИЇВСЬКА ОБЛАСТЬ - ОГОЛОШЕНА ПОВІТРЯНА ТРИВОГА Вишгородський район – загроза для вас через БпЛА на водосховище.
2026-02-09,17,Броварський,Броварський,2026-02-09T17:38:46+02:00,2026-02-09T19:22:06+02:00,1.7,17,19,111297,https://t.me/kievreal1/111297,Броварський район — тривога через БпЛА в Чернігівській області в бік Згурівки
2026-02-09,17,Броварський,Згурівка,2026-02-09T17:38:46+02:00,2026-02-09T19:22:06+02:00,1.7,17,19,111297,https://t.me/kievreal1/111297,Броварський район — тривога через БпЛА в Чернігівській області в бік Згурівки
2026-02-09,18,Броварський,Броварський,2026-02-09T17:38:46+02:00,2026-02-09T19:22:06+02:00,1.7,17,19,111299,https://t.me/kievreal1/111299,Броварський район — тривога через БпЛА в Чернігівській області в бік Згурівки
2026-02-09,18,Броварський,Згурівка,2026-02-09T17:38:46+02:00,2026-02-09T19:22:06+02:00,1.7,17,19,111299,https://t.me/kievreal1/111299,Броварський район — тривога через БпЛА в Чернігівській області в бік Згурівки
2026-02-09,19,Бориспільський,Переяслав,2026-02-09T17:38:46+02:00,2026-02-09T19:22:06+02:00,1.7,17,19,111300,https://t.me/kievreal1/111300,БпЛА рухається у бік Переяслава
2026-02-09,19,Обухівський,Ржищів,2026-02-09T17:38:46+02:00,2026-02-09T19:22:06+02:00,1.7,17,19,111303,https://t.me/kievreal1/111303,На Ржищів / Канів / Миронівку
2026-02-09,19,Обухівський,Миронівка,2026-02-09T17:38:46+02:00,2026-02-09T19:22:06+02:00,1.7,17,19,111303,https://t.me/kievreal1/111303,На Ржищів / Канів / Миронівку
2026-02-12,1,Броварський,Згурівка,2026-02-12T01:38:46+02:00,2026-02-12T05:22:26+02:00,3.7,1,5,111428,https://t.me/kievreal1/111428,БпЛА курсом на Згурівку 2х БпЛА курсом на Березань
2026-02-12,1,Бориспільський,Березань,2026-02-12T01:38:46+02:00,2026-02-12T05:22:26+02:00,3.7,1,5,111428,https://t.me/kievreal1/111428,БпЛА курсом на Згурівку 2х БпЛА курсом на Березань
2026-02-12,1,Бориспільський,Бориспіль,2026-02-12T01:38:46+02:00,2026-02-12T05:22:26+02:00,3.7,1,5,111429,https://t.me/kievreal1/111429,БПЛА на Бориспіль
2026-02-12,2,Броварський,Згурівка,2026-02-12T01:38:46+02:00,2026-02-12T05:22:26+02:00,3.7,1,5,111430,https://t.me/kievreal1/111430,БпЛА курсом на Згурівку 2х БпЛА курсом на Баришівку
2026-02-12,2,Броварський,Баришівка,2026-02-12T01:38:46+02:00,2026-02-12T05:22:26+02:00,3.7,1,5,111430,https://t.me/kievreal1/111430,БпЛА курсом на Згурівку 2х БпЛА курсом на Баришівку
2026-02-12,2,Броварський,Бровари,2026-02-12T01:38:46+02:00,2026-02-12T05:22:26+02:00,3.7,1,5,111445,https://t.me/kievreal1/111445,2х БпЛА над Києвом 11х БпЛА повз Бровари в бік Києва
2026-02-12,2,Вишгородський,Вишгород,2026-02-12T01:38:46+02:00,2026-02-12T05:22:26+02:00,3.7,1,5,111449,https://t.me/kievreal1/111449,10 шахедів на Київ 1 шахед на Вишгород
2026-02-12,3,Броварський,Бровари,2026-02-12T01:38:46+02:00,2026-02-12T05:22:26+02:00,3.7,1,5,111451,https://t.me/kievreal1/111451,3х БпЛА повз Бровари в бік ДВРЗ
2026-02-12,3,Броварський,Велика Димерка,2026-02-12T01:38:46+02:00,2026-02-12T05:22:26+02:00,3.7,1,5,111452,https://t.me/kievreal1/111452,5х БпЛА повз Велику Димерку в бік Києва БпЛА курсом на Бориспіль 5х БпЛА повз Бровари в бік Києва
2026-02-12,3,Бориспільський,Бориспіль,2026-02-12T01:38:46+02:00,2026-02-12T05:22:26+02:00,3.7,1,5,111452,https://t.me/kievreal1/111452,5х БпЛА повз Велику Димерку в бік Києва БпЛА курсом на Бориспіль 5х БпЛА повз Бровари в бік Києва
2026-02-12,3,Броварський,Бровари,2026-02-12T01:38:46+02:00,2026-02-12T05:22:26+02:00,3.7,1,5,111452,https://t.me/kievreal1/111452,5х БпЛА повз Велику Димерку в бік Києва БпЛА курсом на Бориспіль 5х БпЛА повз Бровари в бік Києва
2026-02-12,3,Броварський,Згурівка,2026-02-12T01:38:46+02:00,2026-02-12T05:22:26+02:00,3.7,1,5,111454,https://t.me/kievreal1/111454,БпЛА курсом на Згурівку 5х БпЛА курсом на Бровари БпЛА курсом на Київ 2х БпЛА курсом на Вишгород БпЛА курсом на Бориспіль
2026-02-12,3,Броварський,Бровари,2026-02-12T01:38:46+02:00,2026-02-12T05:22:26+02:00,3.7,1,5,111454,https://t.me/kievreal1/111454,БпЛА курсом на Згурівку 5х БпЛА курсом на Бровари БпЛА курсом на Київ 2х БпЛА курсом на Вишгород БпЛА курсом на Бориспіль
2026-02-12,3,Вишгородський,Вишгород,2026-02-12T01:38:46+02:00,2026-02-12T05:22:26+02:00,3.7,1,5,111454,https://t.me/kievreal1/111454,БпЛА курсом на Згурівку 5х БпЛА курсом на Бровари БпЛА курсом на Київ 2х БпЛА курсом на Вишгород БпЛА курсом на Бориспіль
2026-02-12,3,Бориспільський,Бориспіль,2026-02-12T01:38:46+02:00,2026-02-12T05:22:26+02:00,3.7,1,5,111454,https://t.me/kievreal1/111454,БпЛА курсом на Згурівку 5х БпЛА курсом на Бровари БпЛА курсом на Київ 2х БпЛА курсом на Вишгород БпЛА курсом на Бориспіль
2026-02-12,3,Броварський,Бровари,2026-02-12T01:38:46+02:00,2026-02-12T05:22:26+02:00,3.7,1,5,111455,https://t.me/kievreal1/111455,"Київ : 1 шахед на Рембазу 3 шахеди на Бровари 1 шахед на Бориспіль 3 шахеди на Рожни Підтримати канал, буду вдячний Вам: https://base.monob…"
2026-02-12,3,Бориспільський,Бориспіль,2026-02-12T01:38:46+02:00,2026-02-12T05:22:26+02:00,3.7,1,5,111455,https://t.me/kievreal1/111455,"Київ : 1 шахед на Рембазу 3 шахеди на Бровари 1 шахед на Бориспіль 3 шахеди на Рожни Підтримати канал, буду вдячний Вам: https://base.monob…"
2026-02-12,3,Броварський,Бровари,2026-02-12T01:38:46+02:00,2026-02-12T05:22:26+02:00,3.7,1,5,111460,https://t.me/kievreal1/111460,2 шахеди на Бровари 1 шахед на Глеваху 1 шахед на водосховище
2026-02-12,3,Обухівський,Глеваха,2026-02-12T01:38:46+02:00,2026-02-12T05:22:26+02:00,3.7,1,5,111460,https://t.me/kievreal1/111460,2 шахеди на Бровари 1 шахед на Глеваху 1 шахед на водосховище
2026-02-12,3,Броварський,Велика Димерка,2026-02-12T01:38:46+02:00,2026-02-12T05:22:26+02:00,3.7,1,5,111461,https://t.me/kievreal1/111461,2 шахеди на Велику Димерку 1 шахед на Ірпінь
2026-02-12,3,Бучанський,Ірпінь,2026-02-12T01:38:46+02:00,2026-02-12T05:22:26+02:00,3.7,1,5,111461,https://t.me/kievreal1/111461,2 шахеди на Велику Димерку 1 шахед на Ірпінь
2026-02-12,3,Броварський,Згурівка,2026-02-12T01:38:46+02:00,2026-02-12T05:22:26+02:00,3.7,1,5,111463,https://t.me/kievreal1/111463,2 шахеди на Згурівку 1 шахед на Гостомель
2026-02-12,3,Бучанський,Гостомель,2026-02-12T01:38:46+02:00,2026-02-12T05:22:26+02:00,3.7,1,5,111463,https://t.me/kievreal1/111463,2 шахеди на Згурівку 1 шахед на Гостомель
2026-02-12,4,Бориспільський,Переяслав,2026-02-12T01:38:46+02:00,2026-02-12T05:22:26+02:00,3.7,1,5,111464,https://t.me/kievreal1/111464,БпЛА курсом на Переяслав БпЛА курсом на Бровари
2026-02-12,4,Броварський,Бровари,2026-02-12T01:38:46+02:00,2026-02-12T05:22:26+02:00,3.7,1,5,111464,https://t.me/kievreal1/111464,БпЛА курсом на Переяслав БпЛА курсом на Бровари
2026-02-12,4,Бориспільський,Яготин,2026-02-12T01:38:46+02:00,2026-02-12T05:22:26+02:00,3.7,1,5,111465,https://t.me/kievreal1/111465,1 шахед на Яготин 1 шахед на Бровари
2026-02-12,4,Броварський,Бровари,2026-02-12T01:38:46+02:00,2026-02-12T05:22:26+02:00,3.7,1,5,111465,https://t.me/kievreal1/111465,1 шахед на Яготин 1 шахед на Бровари
2026-02-12,4,Броварський,Велика Димерка,2026-02-12T01:38:46+02:00,2026-02-12T05:22:26+02:00,3.7,1,5,111466,https://t.me/kievreal1/111466,1 шахед на Велику Димерку 1 шахед на Баришівку
2026-02-12,4,Броварський,Баришівка,2026-02-12T01:38:46+02:00,2026-02-12T05:22:26+02:00,3.7,1,5,111466,https://t.me/kievreal1/111466,1 шахед на Велику Димерку 1 шахед на Баришівку
2026-02-12,4,Броварський,Бровари,2026-02-12T01:38:46+02:00,2026-02-12T05:22:26+02:00,3.7,1,5,111467,https://t.me/kievreal1/111467,2 шахеди на Бровари 1 шахед на Чорнобиль
2026-02-12,4,Вишгородський,Чорнобиль,2026-02-12T01:38:46+02:00,2026-02-12T05:22:26+02:00,3.7,1,5,111467,https://t.me/kievreal1/111467,2 шахеди на Бровари 1 шахед на Чорнобиль
2026-02-12,4,Вишгородський,Жукин,2026-02-12T01:38:46+02:00,2026-02-12T05:22:26+02:00,3.7,1,5,111468,https://t.me/kievreal1/111468,2 шахеди на Київ 1 шахед на Жукин
2026-02-12,5,Броварський,Калита,2026-02-12T01:38:46+02:00,2026-02-12T05:22:26+02:00,3.7,1,5,111470,https://t.me/kievreal1/111470,1 шахед на Калиту
2026-02-12,21,Обухівський,Обухів,2026-02-12T20:56:36+02:00,2026-02-12T22:58:06+02:00,2.0,20,22,111533,https://t.me/kievreal1/111533,БПЛА на Обухів
2026-02-12,21,Вишгородський,Димер,2026-02-12T20:56:36+02:00,2026-02-12T22:58:06+02:00,2.0,20,22,111534,https://t.me/kievreal1/111534,На Димер і Вишгород
2026-02-12,21,Вишгородський,Вишгород,2026-02-12T20:56:36+02:00,2026-02-12T22:58:06+02:00,2.0,20,22,111534,https://t.me/kievreal1/111534,На Димер і Вишгород
2026-02-13,17,Броварський,Баришівка,2026-02-13T17:51:16+02:00,2026-02-13T18:34:36+02:00,0.7,17,18,111602,https://t.me/kievreal1/111602,"Ціль на Чернігівщині, у бік Баришівки!"
2026-02-13,19,Вишгородський,Чорнобиль,2026-02-13T19:32:36+02:00,2026-02-14T00:12:46+02:00,4.7,19,0,111612,https://t.me/kievreal1/111612,Два БпЛА в Чорнобильській зоні Про рух шахедів пишуть тут – t.me/tryvoga_kyiv
2026-02-13,20,Вишгородський,Вишгородський,2026-02-13T19:32:36+02:00,2026-02-14T00:12:46+02:00,4.7,19,0,111614,https://t.me/kievreal1/111614,Тривога продовжується лише у Вишгородському районі через БпЛА в Чорнобильській зоні
2026-02-13,20,Вишгородський,Чорнобиль,2026-02-13T19:32:36+02:00,2026-02-14T00:12:46+02:00,4.7,19,0,111614,https://t.me/kievreal1/111614,Тривога продовжується лише у Вишгородському районі через БпЛА в Чорнобильській зоні
2026-02-13,21,Вишгородський,Вишгородський,2026-02-13T19:32:36+02:00,2026-02-14T00:12:46+02:00,4.7,19,0,111616,https://t.me/kievreal1/111616,Тривога продовжується лише у Вишгородському районі через БпЛА в Чорнобильській зоні
2026-02-13,21,Вишгородський,Чорнобиль,2026-02-13T19:32:36+02:00,2026-02-14T00:12:46+02:00,4.7,19,0,111616,https://t.me/kievreal1/111616,Тривога продовжується лише у Вишгородському районі через БпЛА в Чорнобильській зоні
2026-02-13,22,Бучанський,Софіївська Борщагівка,2026-02-13T19:32:36+02:00,2026-02-14T00:12:46+02:00,4.7,19,0,111617,https://t.me/kievreal1/111617,"«Дорожче купити квартиру там, ніж на Дарниці», – наші журналісти дізнавались про асоціації жителів столиці із Софіївською Борщагівкою"
2026-02-13,22,Вишгородський,Чорнобиль,2026-02-13T19:32:36+02:00,2026-02-14T00:12:46+02:00,4.7,19,0,111618,https://t.me/kievreal1/111618,БпЛА з Чернігівщини знову в бік Чорнобильської зони + тривогу дали в Броварському районі через рух БпЛА курсом на Згурівку P.S про рух шахе…
2026-02-13,22,Броварський,Броварський,2026-02-13T19:32:36+02:00,2026-02-14T00:12:46+02:00,4.7,19,0,111618,https://t.me/kievreal1/111618,БпЛА з Чернігівщини знову в бік Чорнобильської зони + тривогу дали в Броварському районі через рух БпЛА курсом на Згурівку P.S про рух шахе…
2026-02-13,22,Броварський,Згурівка,2026-02-13T19:32:36+02:00,2026-02-14T00:12:46+02:00,4.7,19,0,111618,https://t.me/kievreal1/111618,БпЛА з Чернігівщини знову в бік Чорнобильської зони + тривогу дали в Броварському районі через рух БпЛА курсом на Згурівку P.S про рух шахе…
2026-02-13,22,Вишгородський,Вишгород,2026-02-13T19:32:36+02:00,2026-02-14T00:12:46+02:00,4.7,19,0,111619,https://t.me/kievreal1/111619,Вишгород – до вас із півночі
2026-02-13,22,Броварський,Бровари,2026-02-13T19:32:36+02:00,2026-02-14T00:12:46+02:00,4.7,19,0,111620,https://t.me/kievreal1/111620,Бровари – також до вас курсують орієнтовно 7 БпЛА
2026-02-13,22,Броварський,Бровари,2026-02-13T19:32:36+02:00,2026-02-14T00:12:46+02:00,4.7,19,0,111622,https://t.me/kievreal1/111622,"Загалом, зараз близько 12 БпЛА з Чернігівської області прямують у бік Броварів/Вишгорода/Києва"
2026-02-13,22,Вишгородський,Вишгород,2026-02-13T19:32:36+02:00,2026-02-14T00:12:46+02:00,4.7,19,0,111622,https://t.me/kievreal1/111622,"Загалом, зараз близько 12 БпЛА з Чернігівської області прямують у бік Броварів/Вишгорода/Києва"
2026-02-13,22,Броварський,Бровари,2026-02-13T19:32:36+02:00,2026-02-14T00:12:46+02:00,4.7,19,0,111624,https://t.me/kievreal1/111624,"Бровари , ТЕЦ-6"
2026-02-13,22,Вишгородський,Вишгород,2026-02-13T19:32:36+02:00,2026-02-14T00:12:46+02:00,4.7,19,0,111625,https://t.me/kievreal1/111625,Вишгород – обережно! 👉
2026-02-13,22,Бучанський,Гостомель,2026-02-13T19:32:36+02:00,2026-02-14T00:12:46+02:00,4.7,19,0,111627,https://t.me/kievreal1/111627,Гостомель – увага
2026-02-13,22,Броварський,Бровари,2026-02-13T19:32:36+02:00,2026-02-14T00:12:46+02:00,4.7,19,0,111629,https://t.me/kievreal1/111629,"Троєщина – 2 до вас, Бровари ви теж в безпечні місця"
2026-02-13,22,Бориспільський,Бориспіль,2026-02-13T19:32:36+02:00,2026-02-14T00:12:46+02:00,4.7,19,0,111631,https://t.me/kievreal1/111631,"На Бориспіль 2 ДВРЗ, Погреби – теж обережно, до вас. P.S про рух шахедів в онлайн-режимі пишуть тут – t.me/tryvoga_kyiv"
2026-02-13,22,Вишгородський,Хотянівка,2026-02-13T19:32:36+02:00,2026-02-14T00:12:46+02:00,4.7,19,0,111636,https://t.me/kievreal1/111636,З півночі на Хотянівку ще 4
2026-02-13,22,Вишгородський,Лебедівка,2026-02-13T19:32:36+02:00,2026-02-14T00:12:46+02:00,4.7,19,0,111640,https://t.me/kievreal1/111640,Лебедівка – до вас
2026-02-13,22,Вишгородський,Вишгород,2026-02-13T19:32:36+02:00,2026-02-14T00:12:46+02:00,4.7,19,0,111641,https://t.me/kievreal1/111641,На Вишгород / Петрівці зараз
2026-02-13,23,Броварський,Бровари,2026-02-13T19:32:36+02:00,2026-02-14T00:12:46+02:00,4.7,19,0,111643,https://t.me/kievreal1/111643,"1 БПЛА повз Княжичі на Бровари / Київ , 1 на Вищу Дубечню"
2026-02-13,23,Вишгородський,Вишгород,2026-02-13T19:32:36+02:00,2026-02-14T00:12:46+02:00,4.7,19,0,111644,https://t.me/kievreal1/111644,БпЛА на ДВРЗ БпЛА на Вишгород
2026-02-13,23,Вишгородський,Вишгород,2026-02-13T19:32:36+02:00,2026-02-14T00:12:46+02:00,4.7,19,0,111645,https://t.me/kievreal1/111645,"1 на Вишгород, 1 на Дарницю"
2026-02-13,23,Вишгородський,Вишгород,2026-02-13T19:32:36+02:00,2026-02-14T00:12:46+02:00,4.7,19,0,111646,https://t.me/kievreal1/111646,2х БпЛА курсом на Вишгород
2026-02-17,0,Бориспільський,Переяслав,2026-02-17T00:55:16+02:00,2026-02-17T07:50:16+02:00,6.9,0,7,111780,https://t.me/kievreal1/111780,БПЛА на Переяслав
2026-02-17,1,Бориспільський,Переяслав,2026-02-17T00:55:16+02:00,2026-02-17T07:50:16+02:00,6.9,0,7,111781,https://t.me/kievreal1/111781,2 шахеди на Переяслав
2026-02-17,1,Бориспільський,Переяслав,2026-02-17T00:55:16+02:00,2026-02-17T07:50:16+02:00,6.9,0,7,111782,https://t.me/kievreal1/111782,2 шахеди на Переяслав 1 шахед на Ржищів
2026-02-17,1,Обухівський,Ржищів,2026-02-17T00:55:16+02:00,2026-02-17T07:50:16+02:00,6.9,0,7,111782,https://t.me/kievreal1/111782,2 шахеди на Переяслав 1 шахед на Ржищів
2026-02-17,1,Обухівський,Ржищів,2026-02-17T00:55:16+02:00,2026-02-17T07:50:16+02:00,6.9,0,7,111784,https://t.me/kievreal1/111784,2 шахеди на Ржищів 1 шахед на Обухів 1 шахед на Васильків
2026-02-17,1,Обухівський,Обухів,2026-02-17T00:55:16+02:00,2026-02-17T07:50:16+02:00,6.9,0,7,111784,https://t.me/kievreal1/111784,2 шахеди на Ржищів 1 шахед на Обухів 1 шахед на Васильків
2026-02-17,1,Обухівський,Васильків,2026-02-17T00:55:16+02:00,2026-02-17T07:50:16+02:00,6.9,0,7,111784,https://t.me/kievreal1/111784,2 шахеди на Ржищів 1 шахед на Обухів 1 шахед на Васильків
2026-02-17,1,Фастівський,Фастів,2026-02-17T00:55:16+02:00,2026-02-17T07:50:16+02:00,6.9,0,7,111785,https://t.me/kievreal1/111785,"3 на Фастів зі сходу, 2 на Тетіїв з Черкащини"
2026-02-17,1,Білоцерківський,Тетіїв,2026-02-17T00:55:16+02:00,2026-02-17T07:50:16+02:00,6.9,0,7,111785,https://t.me/kievreal1/111785,"3 на Фастів зі сходу, 2 на Тетіїв з Черкащини"
2026-02-17,1,Фастівський,Фастів,2026-02-17T00:55:16+02:00,2026-02-17T07:50:16+02:00,6.9,0,7,111786,https://t.me/kievreal1/111786,2 шахеди на Фастів 2 шахеди на Тетіїв 1 шахед на Яготин
2026-02-17,1,Білоцерківський,Тетіїв,2026-02-17T00:55:16+02:00,2026-02-17T07:50:16+02:00,6.9,0,7,111786,https://t.me/kievreal1/111786,2 шахеди на Фастів 2 шахеди на Тетіїв 1 шахед на Яготин
2026-02-17,1,Бориспільський,Яготин,2026-02-17T00:55:16+02:00,2026-02-17T07:50:16+02:00,6.9,0,7,111786,https://t.me/kievreal1/111786,2 шахеди на Фастів 2 шахеди на Тетіїв 1 шахед на Яготин
2026-02-17,1,Фастівський,Фастів,2026-02-17T00:55:16+02:00,2026-02-17T07:50:16+02:00,6.9,0,7,111787,https://t.me/kievreal1/111787,2 шахеди на Фастів 2 шахеди на Тетіїв 1 шахед на Яготин
2026-02-17,1,Білоцерківський,Тетіїв,2026-02-17T00:55:16+02:00,2026-02-17T07:50:16+02:00,6.9,0,7,111787,https://t.me/kievreal1/111787,2 шахеди на Фастів 2 шахеди на Тетіїв 1 шахед на Яготин
2026-02-17,1,Бориспільський,Яготин,2026-02-17T00:55:16+02:00,2026-02-17T07:50:16+02:00,6.9,0,7,111787,https://t.me/kievreal1/111787,2 шахеди на Фастів 2 шахеди на Тетіїв 1 шахед на Яготин
2026-02-17,2,Бориспільський,Переяслав,2026-02-17T00:55:16+02:00,2026-02-17T07:50:16+02:00,6.9,0,7,111788,https://t.me/kievreal1/111788,1 шахед на Переяслав 1 шахед на Ржищів
2026-02-17,2,Обухівський,Ржищів,2026-02-17T00:55:16+02:00,2026-02-17T07:50:16+02:00,6.9,0,7,111788,https://t.me/kievreal1/111788,1 шахед на Переяслав 1 шахед на Ржищів
2026-02-17,3,Обухівський,Миронівка,2026-02-17T00:55:16+02:00,2026-02-17T07:50:16+02:00,6.9,0,7,111789,https://t.me/kievreal1/111789,2 шахеди на Миронівку 1 шахед на Трипілля 1 шахед на Фастів
2026-02-17,3,Фастівський,Фастів,2026-02-17T00:55:16+02:00,2026-02-17T07:50:16+02:00,6.9,0,7,111789,https://t.me/kievreal1/111789,2 шахеди на Миронівку 1 шахед на Трипілля 1 шахед на Фастів
2026-02-17,3,Білоцерківський,Тетіїв,2026-02-17T00:55:16+02:00,2026-02-17T07:50:16+02:00,6.9,0,7,111792,https://t.me/kievreal1/111792,2 шахеди на Тетіїв 1 шахед на Бишів
2026-02-17,3,Обухівський,Ржищів,2026-02-17T00:55:16+02:00,2026-02-17T07:50:16+02:00,6.9,0,7,111793,https://t.me/kievreal1/111793,1 шахед на Ржищів
2026-02-17,4,Білоцерківський,Ставище,2026-02-17T00:55:16+02:00,2026-02-17T07:50:16+02:00,6.9,0,7,111794,https://t.me/kievreal1/111794,2 шахеди на Ставище
2026-02-17,4,Білоцерківський,Ставище,2026-02-17T00:55:16+02:00,2026-02-17T07:50:16+02:00,6.9,0,7,111795,https://t.me/kievreal1/111795,2 шахеди на Ставище
2026-02-17,4,Бориспільський,Переяслав,2026-02-17T00:55:16+02:00,2026-02-17T07:50:16+02:00,6.9,0,7,111796,https://t.me/kievreal1/111796,1 шахед на Переяслав
2026-02-17,4,Бориспільський,Яготин,2026-02-17T00:55:16+02:00,2026-02-17T07:50:16+02:00,6.9,0,7,111797,https://t.me/kievreal1/111797,1 шахед на Яготин
2026-02-17,5,Білоцерківський,Ставище,2026-02-17T00:55:16+02:00,2026-02-17T07:50:16+02:00,6.9,0,7,111801,https://t.me/kievreal1/111801,1 шахед на Ставище
2026-02-17,23,Обухівський,Ржищів,2026-02-17T23:29:06+02:00,2026-02-17T23:42:06+02:00,0.2,23,23,111876,https://t.me/kievreal1/111876,1 БпЛА з Черкащини на Ржищів
2026-02-21,15,Вишгородський,Вишгородський,2026-02-21T15:05:16+02:00,2026-02-21T15:21:06+02:00,0.3,15,15,111982,https://t.me/kievreal1/111982,❎ КИЇВ ТА ОБЛАСТЬ - ВІДБІЙ ТРИВОГИ Відбій по балістиці. Загроза лишається для Вишгородського району.
2026-02-22,3,Броварський,Броварський,2026-02-22T03:38:26+02:00,2026-02-22T07:59:06+02:00,4.3,3,7,112000,https://t.me/kievreal1/112000,"БПЛА на Броварський/ Білоцерківський райони Підтримати канал, буду вдячний Вам: https://base.monobank.ua/4jYdAKEbmcrmLL ➡"
2026-02-22,3,Білоцерківський,Білоцерківський,2026-02-22T03:38:26+02:00,2026-02-22T07:59:06+02:00,4.3,3,7,112000,https://t.me/kievreal1/112000,"БПЛА на Броварський/ Білоцерківський райони Підтримати канал, буду вдячний Вам: https://base.monobank.ua/4jYdAKEbmcrmLL ➡"
2026-02-22,3,Бориспільський,Яготин,2026-02-22T03:38:26+02:00,2026-02-22T07:59:06+02:00,4.3,3,7,112001,https://t.me/kievreal1/112001,БПЛА на Яготин
2026-02-22,4,Обухівський,Васильків,2026-02-22T03:38:26+02:00,2026-02-22T07:59:06+02:00,4.3,3,7,112005,https://t.me/kievreal1/112005,Васильків обережно
2026-02-22,4,Бориспільський,Яготин,2026-02-22T03:38:26+02:00,2026-02-22T07:59:06+02:00,4.3,3,7,112007,https://t.me/kievreal1/112007,БПЛА на Яготин
2026-02-22,4,Білоцерківський,Тараща,2026-02-22T03:38:26+02:00,2026-02-22T07:59:06+02:00,4.3,3,7,112009,https://t.me/kievreal1/112009,6 шахедів на Таращу 1 шахед на Переяслав
2026-02-22,4,Бориспільський,Переяслав,2026-02-22T03:38:26+02:00,2026-02-22T07:59:06+02:00,4.3,3,7,112009,https://t.me/kievreal1/112009,6 шахедів на Таращу 1 шахед на Переяслав
2026-02-22,4,Білоцерківський,Тараща,2026-02-22T03:38:26+02:00,2026-02-22T07:59:06+02:00,4.3,3,7,112010,https://t.me/kievreal1/112010,8 шахедів на Таращу 1 шахед на Переяслав
2026-02-22,4,Бориспільський,Переяслав,2026-02-22T03:38:26+02:00,2026-02-22T07:59:06+02:00,4.3,3,7,112010,https://t.me/kievreal1/112010,8 шахедів на Таращу 1 шахед на Переяслав
2026-02-22,4,Броварський,Бровари,2026-02-22T03:38:26+02:00,2026-02-22T07:59:06+02:00,4.3,3,7,112017,https://t.me/kievreal1/112017,"Київ , Бровари обережно! Слідкувати за ракетою онлайн - https://t.me/+8npgfltbb1wzMTUy"
2026-02-22,4,Обухівський,Обухів,2026-02-22T03:38:26+02:00,2026-02-22T07:59:06+02:00,4.3,3,7,112026,https://t.me/kievreal1/112026,5 шахедів повз Обухів в бік Києва 4 шахеди на Рокитне 1 шахед на Яготин
2026-02-22,4,Білоцерківський,Рокитне,2026-02-22T03:38:26+02:00,2026-02-22T07:59:06+02:00,4.3,3,7,112026,https://t.me/kievreal1/112026,5 шахедів повз Обухів в бік Києва 4 шахеди на Рокитне 1 шахед на Яготин
2026-02-22,4,Бориспільський,Яготин,2026-02-22T03:38:26+02:00,2026-02-22T07:59:06+02:00,4.3,3,7,112026,https://t.me/kievreal1/112026,5 шахедів повз Обухів в бік Києва 4 шахеди на Рокитне 1 шахед на Яготин
2026-02-22,4,Обухівський,Обухів,2026-02-22T03:38:26+02:00,2026-02-22T07:59:06+02:00,4.3,3,7,112028,https://t.me/kievreal1/112028,5 шахедів повз Обухів в бік Києва 4 шахеди на Рокитне 1 шахед на Яготин
2026-02-22,4,Білоцерківський,Рокитне,2026-02-22T03:38:26+02:00,2026-02-22T07:59:06+02:00,4.3,3,7,112028,https://t.me/kievreal1/112028,5 шахедів повз Обухів в бік Києва 4 шахеди на Рокитне 1 шахед на Яготин
2026-02-22,4,Бориспільський,Яготин,2026-02-22T03:38:26+02:00,2026-02-22T07:59:06+02:00,4.3,3,7,112028,https://t.me/kievreal1/112028,5 шахедів повз Обухів в бік Києва 4 шахеди на Рокитне 1 шахед на Яготин
2026-02-22,4,Обухівський,Васильків,2026-02-22T03:38:26+02:00,2026-02-22T07:59:06+02:00,4.3,3,7,112035,https://t.me/kievreal1/112035,"Київ: 2х БпЛА курсом на Жуляни БпЛА курсом на Васильків 2х БпЛА курсом на Глеваху Підтримати канал, буду вдячний Вам: https://base.monobank…"
2026-02-22,4,Обухівський,Глеваха,2026-02-22T03:38:26+02:00,2026-02-22T07:59:06+02:00,4.3,3,7,112035,https://t.me/kievreal1/112035,"Київ: 2х БпЛА курсом на Жуляни БпЛА курсом на Васильків 2х БпЛА курсом на Глеваху Підтримати канал, буду вдячний Вам: https://base.monobank…"
2026-02-22,4,Обухівський,Васильків,2026-02-22T03:38:26+02:00,2026-02-22T07:59:06+02:00,4.3,3,7,112036,https://t.me/kievreal1/112036,БпЛА курсом на Жуляни 4х БпЛА курсом на Васильків БпЛА курсом на Вишневе
2026-02-22,4,Бучанський,Вишневе,2026-02-22T03:38:26+02:00,2026-02-22T07:59:06+02:00,4.3,3,7,112036,https://t.me/kievreal1/112036,БпЛА курсом на Жуляни 4х БпЛА курсом на Васильків БпЛА курсом на Вишневе
2026-02-22,4,Білоцерківський,Тетіїв,2026-02-22T03:38:26+02:00,2026-02-22T07:59:06+02:00,4.3,3,7,112042,https://t.me/kievreal1/112042,2 шахеди на Тетіїв 1 шахед на Березань 1 шахед на Обухів 1 шахед на Таращу 1 шахед на Ставище
2026-02-22,4,Бориспільський,Березань,2026-02-22T03:38:26+02:00,2026-02-22T07:59:06+02:00,4.3,3,7,112042,https://t.me/kievreal1/112042,2 шахеди на Тетіїв 1 шахед на Березань 1 шахед на Обухів 1 шахед на Таращу 1 шахед на Ставище
2026-02-22,4,Обухівський,Обухів,2026-02-22T03:38:26+02:00,2026-02-22T07:59:06+02:00,4.3,3,7,112042,https://t.me/kievreal1/112042,2 шахеди на Тетіїв 1 шахед на Березань 1 шахед на Обухів 1 шахед на Таращу 1 шахед на Ставище
2026-02-22,4,Білоцерківський,Тараща,2026-02-22T03:38:26+02:00,2026-02-22T07:59:06+02:00,4.3,3,7,112042,https://t.me/kievreal1/112042,2 шахеди на Тетіїв 1 шахед на Березань 1 шахед на Обухів 1 шахед на Таращу 1 шахед на Ставище
2026-02-22,4,Білоцерківський,Ставище,2026-02-22T03:38:26+02:00,2026-02-22T07:59:06+02:00,4.3,3,7,112042,https://t.me/kievreal1/112042,2 шахеди на Тетіїв 1 шахед на Березань 1 шахед на Обухів 1 шахед на Таращу 1 шахед на Ставище
2026-02-22,5,Бориспільський,Бориспіль,2026-02-22T03:38:26+02:00,2026-02-22T07:59:06+02:00,4.3,3,7,112045,https://t.me/kievreal1/112045,2 шахеди на Бориспіль
2026-02-22,5,Обухівський,Українка,2026-02-22T03:38:26+02:00,2026-02-22T07:59:06+02:00,4.3,3,7,112051,https://t.me/kievreal1/112051,5 шахедів на Українку 3 шахеди на Тетіїв 2 шахеди на Рокитне 1 шахед на Обухів 1 шахед на Калиту
2026-02-22,5,Білоцерківський,Тетіїв,2026-02-22T03:38:26+02:00,2026-02-22T07:59:06+02:00,4.3,3,7,112051,https://t.me/kievreal1/112051,5 шахедів на Українку 3 шахеди на Тетіїв 2 шахеди на Рокитне 1 шахед на Обухів 1 шахед на Калиту
2026-02-22,5,Білоцерківський,Рокитне,2026-02-22T03:38:26+02:00,2026-02-22T07:59:06+02:00,4.3,3,7,112051,https://t.me/kievreal1/112051,5 шахедів на Українку 3 шахеди на Тетіїв 2 шахеди на Рокитне 1 шахед на Обухів 1 шахед на Калиту
2026-02-22,5,Обухівський,Обухів,2026-02-22T03:38:26+02:00,2026-02-22T07:59:06+02:00,4.3,3,7,112051,https://t.me/kievreal1/112051,5 шахедів на Українку 3 шахеди на Тетіїв 2 шахеди на Рокитне 1 шахед на Обухів 1 шахед на Калиту
2026-02-22,5,Броварський,Калита,2026-02-22T03:38:26+02:00,2026-02-22T07:59:06+02:00,4.3,3,7,112051,https://t.me/kievreal1/112051,5 шахедів на Українку 3 шахеди на Тетіїв 2 шахеди на Рокитне 1 шахед на Обухів 1 шахед на Калиту
2026-02-22,5,Бучанський,Борщагівка,2026-02-22T03:38:26+02:00,2026-02-22T07:59:06+02:00,4.3,3,7,112053,https://t.me/kievreal1/112053,Київ : 5х БпЛА повз Борщагівку в бік Святошина 2х БпЛА курсом на Жуляни
2026-02-22,5,Бучанський,Борщагівка,2026-02-22T03:38:26+02:00,2026-02-22T07:59:06+02:00,4.3,3,7,112054,https://t.me/kievreal1/112054,4х БпЛА повз Борщагівку курсом на Київ 2х БпЛА повз Бровари на Київ БпЛА курсом на Вишгород БпЛА курсом на Калиту 3х БпЛА курсом на Сквиру
2026-02-22,5,Броварський,Бровари,2026-02-22T03:38:26+02:00,2026-02-22T07:59:06+02:00,4.3,3,7,112054,https://t.me/kievreal1/112054,4х БпЛА повз Борщагівку курсом на Київ 2х БпЛА повз Бровари на Київ БпЛА курсом на Вишгород БпЛА курсом на Калиту 3х БпЛА курсом на Сквиру
2026-02-22,5,Вишгородський,Вишгород,2026-02-22T03:38:26+02:00,2026-02-22T07:59:06+02:00,4.3,3,7,112054,https://t.me/kievreal1/112054,4х БпЛА повз Борщагівку курсом на Київ 2х БпЛА повз Бровари на Київ БпЛА курсом на Вишгород БпЛА курсом на Калиту 3х БпЛА курсом на Сквиру
2026-02-22,5,Броварський,Калита,2026-02-22T03:38:26+02:00,2026-02-22T07:59:06+02:00,4.3,3,7,112054,https://t.me/kievreal1/112054,4х БпЛА повз Борщагівку курсом на Київ 2х БпЛА повз Бровари на Київ БпЛА курсом на Вишгород БпЛА курсом на Калиту 3х БпЛА курсом на Сквиру
2026-02-22,5,Білоцерківський,Сквира,2026-02-22T03:38:26+02:00,2026-02-22T07:59:06+02:00,4.3,3,7,112054,https://t.me/kievreal1/112054,4х БпЛА повз Борщагівку курсом на Київ 2х БпЛА повз Бровари на Київ БпЛА курсом на Вишгород БпЛА курсом на Калиту 3х БпЛА курсом на Сквиру
2026-02-22,6,Білоцерківський,Рокитне,2026-02-22T03:38:26+02:00,2026-02-22T07:59:06+02:00,4.3,3,7,112056,https://t.me/kievreal1/112056,Група КР курсом на Рокитне
2026-02-22,6,Білоцерківський,Рокитне,2026-02-22T03:38:26+02:00,2026-02-22T07:59:06+02:00,4.3,3,7,112057,https://t.me/kievreal1/112057,Група КР курсом на Білу Церкву 2х Групи КР курсом на Рокитне
2026-02-22,6,Обухівський,Васильків,2026-02-22T03:38:26+02:00,2026-02-22T07:59:06+02:00,4.3,3,7,112058,https://t.me/kievreal1/112058,Група КР курсом на Київ 2х Групи КР курсом на Васильків
2026-02-22,6,Броварський,Бровари,2026-02-22T03:38:26+02:00,2026-02-22T07:59:06+02:00,4.3,3,7,112059,https://t.me/kievreal1/112059,Група КР курсом на Київ Група КР повз Бровари на Київ 3х Групи КР курсом на Васильків
2026-02-22,6,Обухівський,Васильків,2026-02-22T03:38:26+02:00,2026-02-22T07:59:06+02:00,4.3,3,7,112059,https://t.me/kievreal1/112059,Група КР курсом на Київ Група КР повз Бровари на Київ 3х Групи КР курсом на Васильків
2026-02-22,6,Бориспільський,Яготин,2026-02-22T03:38:26+02:00,2026-02-22T07:59:06+02:00,4.3,3,7,112060,https://t.me/kievreal1/112060,Група КР курсом на Яготин 2х Групи КР курсом на Київ 3х Групи КР курсом на Васильків
2026-02-22,6,Обухівський,Васильків,2026-02-22T03:38:26+02:00,2026-02-22T07:59:06+02:00,4.3,3,7,112060,https://t.me/kievreal1/112060,Група КР курсом на Яготин 2х Групи КР курсом на Київ 3х Групи КР курсом на Васильків
2026-02-22,6,Броварський,Баришівка,2026-02-22T03:38:26+02:00,2026-02-22T07:59:06+02:00,4.3,3,7,112061,https://t.me/kievreal1/112061,Київщина: Група КР курсом на Баришівку Група КР курсом на Димер Група КР курсом на Фастів 5х Груп КР курсом на Київ Група КР курсом на Васи…
2026-02-22,6,Вишгородський,Димер,2026-02-22T03:38:26+02:00,2026-02-22T07:59:06+02:00,4.3,3,7,112061,https://t.me/kievreal1/112061,Київщина: Група КР курсом на Баришівку Група КР курсом на Димер Група КР курсом на Фастів 5х Груп КР курсом на Київ Група КР курсом на Васи…
2026-02-22,6,Фастівський,Фастів,2026-02-22T03:38:26+02:00,2026-02-22T07:59:06+02:00,4.3,3,7,112061,https://t.me/kievreal1/112061,Київщина: Група КР курсом на Баришівку Група КР курсом на Димер Група КР курсом на Фастів 5х Груп КР курсом на Київ Група КР курсом на Васи…
2026-02-22,6,Обухівський,Васильків,2026-02-22T03:38:26+02:00,2026-02-22T07:59:06+02:00,4.3,3,7,112061,https://t.me/kievreal1/112061,Київщина: Група КР курсом на Баришівку Група КР курсом на Димер Група КР курсом на Фастів 5х Груп КР курсом на Київ Група КР курсом на Васи…
2026-02-22,6,Обухівський,Українка,2026-02-22T03:38:26+02:00,2026-02-22T07:59:06+02:00,4.3,3,7,112065,https://t.me/kievreal1/112065,5 шахедів на Київ 5 шахедів на Українку 3 шахеди на Обухів 1 шахед на Вишгород 1 шахед на Калиту 1 шахед на Бровари 1 шахед на Богуслав 1 ш…
2026-02-22,6,Обухівський,Обухів,2026-02-22T03:38:26+02:00,2026-02-22T07:59:06+02:00,4.3,3,7,112065,https://t.me/kievreal1/112065,5 шахедів на Київ 5 шахедів на Українку 3 шахеди на Обухів 1 шахед на Вишгород 1 шахед на Калиту 1 шахед на Бровари 1 шахед на Богуслав 1 ш…
2026-02-22,6,Вишгородський,Вишгород,2026-02-22T03:38:26+02:00,2026-02-22T07:59:06+02:00,4.3,3,7,112065,https://t.me/kievreal1/112065,5 шахедів на Київ 5 шахедів на Українку 3 шахеди на Обухів 1 шахед на Вишгород 1 шахед на Калиту 1 шахед на Бровари 1 шахед на Богуслав 1 ш…
2026-02-22,6,Броварський,Калита,2026-02-22T03:38:26+02:00,2026-02-22T07:59:06+02:00,4.3,3,7,112065,https://t.me/kievreal1/112065,5 шахедів на Київ 5 шахедів на Українку 3 шахеди на Обухів 1 шахед на Вишгород 1 шахед на Калиту 1 шахед на Бровари 1 шахед на Богуслав 1 ш…
2026-02-22,6,Броварський,Бровари,2026-02-22T03:38:26+02:00,2026-02-22T07:59:06+02:00,4.3,3,7,112065,https://t.me/kievreal1/112065,5 шахедів на Київ 5 шахедів на Українку 3 шахеди на Обухів 1 шахед на Вишгород 1 шахед на Калиту 1 шахед на Бровари 1 шахед на Богуслав 1 ш…
2026-02-22,6,Білоцерківський,Ставище,2026-02-22T03:38:26+02:00,2026-02-22T07:59:06+02:00,4.3,3,7,112065,https://t.me/kievreal1/112065,5 шахедів на Київ 5 шахедів на Українку 3 шахеди на Обухів 1 шахед на Вишгород 1 шахед на Калиту 1 шахед на Бровари 1 шахед на Богуслав 1 ш…
2026-02-22,6,Обухівський,Обухів,2026-02-22T03:38:26+02:00,2026-02-22T07:59:06+02:00,4.3,3,7,112066,https://t.me/kievreal1/112066,Група КР курсом на Київ Група КР курсом на Обухів
2026-02-22,6,Броварський,Бровари,2026-02-22T03:38:26+02:00,2026-02-22T07:59:06+02:00,4.3,3,7,112068,https://t.me/kievreal1/112068,5х БпЛА курсом на Бровари БпЛА курсом на Бориспіль 5х БпЛА курсом на Обухів 5х БпЛА курсом на Українку 2х БпЛА курсом на Кагарлик БпЛА курс…
2026-02-22,6,Бориспільський,Бориспіль,2026-02-22T03:38:26+02:00,2026-02-22T07:59:06+02:00,4.3,3,7,112068,https://t.me/kievreal1/112068,5х БпЛА курсом на Бровари БпЛА курсом на Бориспіль 5х БпЛА курсом на Обухів 5х БпЛА курсом на Українку 2х БпЛА курсом на Кагарлик БпЛА курс…
2026-02-22,6,Обухівський,Обухів,2026-02-22T03:38:26+02:00,2026-02-22T07:59:06+02:00,4.3,3,7,112068,https://t.me/kievreal1/112068,5х БпЛА курсом на Бровари БпЛА курсом на Бориспіль 5х БпЛА курсом на Обухів 5х БпЛА курсом на Українку 2х БпЛА курсом на Кагарлик БпЛА курс…
2026-02-22,6,Обухівський,Українка,2026-02-22T03:38:26+02:00,2026-02-22T07:59:06+02:00,4.3,3,7,112068,https://t.me/kievreal1/112068,5х БпЛА курсом на Бровари БпЛА курсом на Бориспіль 5х БпЛА курсом на Обухів 5х БпЛА курсом на Українку 2х БпЛА курсом на Кагарлик БпЛА курс…
2026-02-22,6,Обухівський,Кагарлик,2026-02-22T03:38:26+02:00,2026-02-22T07:59:06+02:00,4.3,3,7,112068,https://t.me/kievreal1/112068,5х БпЛА курсом на Бровари БпЛА курсом на Бориспіль 5х БпЛА курсом на Обухів 5х БпЛА курсом на Українку 2х БпЛА курсом на Кагарлик БпЛА курс…
2026-02-22,6,Обухівський,Миронівка,2026-02-22T03:38:26+02:00,2026-02-22T07:59:06+02:00,4.3,3,7,112068,https://t.me/kievreal1/112068,5х БпЛА курсом на Бровари БпЛА курсом на Бориспіль 5х БпЛА курсом на Обухів 5х БпЛА курсом на Українку 2х БпЛА курсом на Кагарлик БпЛА курс…
2026-02-22,6,Білоцерківський,Тетіїв,2026-02-22T03:38:26+02:00,2026-02-22T07:59:06+02:00,4.3,3,7,112068,https://t.me/kievreal1/112068,5х БпЛА курсом на Бровари БпЛА курсом на Бориспіль 5х БпЛА курсом на Обухів 5х БпЛА курсом на Українку 2х БпЛА курсом на Кагарлик БпЛА курс…
2026-02-22,6,Бориспільський,Бориспіль,2026-02-22T03:38:26+02:00,2026-02-22T07:59:06+02:00,4.3,3,7,112069,https://t.me/kievreal1/112069,Група КР курсом на Бориспіль
2026-02-22,6,Броварський,Бровари,2026-02-22T03:38:26+02:00,2026-02-22T07:59:06+02:00,4.3,3,7,112071,https://t.me/kievreal1/112071,Шахед на Бровари
2026-02-22,6,Обухівський,Кагарлик,2026-02-22T03:38:26+02:00,2026-02-22T07:59:06+02:00,4.3,3,7,112072,https://t.me/kievreal1/112072,5х БпЛА курсом на Богуслав БпЛА курсом на Кагарлик БпЛА курсом на Бишів БпЛА курсом на Обухів БпЛА курсом на Трипілля 4х БпЛА курсом на Укр…
2026-02-22,6,Обухівський,Обухів,2026-02-22T03:38:26+02:00,2026-02-22T07:59:06+02:00,4.3,3,7,112072,https://t.me/kievreal1/112072,5х БпЛА курсом на Богуслав БпЛА курсом на Кагарлик БпЛА курсом на Бишів БпЛА курсом на Обухів БпЛА курсом на Трипілля 4х БпЛА курсом на Укр…
2026-02-22,6,Обухівський,Українка,2026-02-22T03:38:26+02:00,2026-02-22T07:59:06+02:00,4.3,3,7,112072,https://t.me/kievreal1/112072,5х БпЛА курсом на Богуслав БпЛА курсом на Кагарлик БпЛА курсом на Бишів БпЛА курсом на Обухів БпЛА курсом на Трипілля 4х БпЛА курсом на Укр…
2026-02-22,6,Броварський,Бровари,2026-02-22T03:38:26+02:00,2026-02-22T07:59:06+02:00,4.3,3,7,112072,https://t.me/kievreal1/112072,5х БпЛА курсом на Богуслав БпЛА курсом на Кагарлик БпЛА курсом на Бишів БпЛА курсом на Обухів БпЛА курсом на Трипілля 4х БпЛА курсом на Укр…
2026-02-22,6,Броварський,Калита,2026-02-22T03:38:26+02:00,2026-02-22T07:59:06+02:00,4.3,3,7,112072,https://t.me/kievreal1/112072,5х БпЛА курсом на Богуслав БпЛА курсом на Кагарлик БпЛА курсом на Бишів БпЛА курсом на Обухів БпЛА курсом на Трипілля 4х БпЛА курсом на Укр…
2026-02-22,6,Бориспільський,Яготин,2026-02-22T03:38:26+02:00,2026-02-22T07:59:06+02:00,4.3,3,7,112072,https://t.me/kievreal1/112072,5х БпЛА курсом на Богуслав БпЛА курсом на Кагарлик БпЛА курсом на Бишів БпЛА курсом на Обухів БпЛА курсом на Трипілля 4х БпЛА курсом на Укр…
2026-02-22,6,Обухівський,Українка,2026-02-22T03:38:26+02:00,2026-02-22T07:59:06+02:00,4.3,3,7,112074,https://t.me/kievreal1/112074,3 шахеди над Українкою
2026-02-22,6,Обухівський,Обухів,2026-02-22T03:38:26+02:00,2026-02-22T07:59:06+02:00,4.3,3,7,112078,https://t.me/kievreal1/112078,5 шахедів на Обухів 2 шахеди на Згурівку 1 шахед на Баришівку 1 шахед на Богуслав 1 шахед на Боярку 1 шахед на Київ 1 шахед на Перемогу
2026-02-22,6,Броварський,Згурівка,2026-02-22T03:38:26+02:00,2026-02-22T07:59:06+02:00,4.3,3,7,112078,https://t.me/kievreal1/112078,5 шахедів на Обухів 2 шахеди на Згурівку 1 шахед на Баришівку 1 шахед на Богуслав 1 шахед на Боярку 1 шахед на Київ 1 шахед на Перемогу
2026-02-22,6,Броварський,Баришівка,2026-02-22T03:38:26+02:00,2026-02-22T07:59:06+02:00,4.3,3,7,112078,https://t.me/kievreal1/112078,5 шахедів на Обухів 2 шахеди на Згурівку 1 шахед на Баришівку 1 шахед на Богуслав 1 шахед на Боярку 1 шахед на Київ 1 шахед на Перемогу
2026-02-22,6,Фастівський,Боярка,2026-02-22T03:38:26+02:00,2026-02-22T07:59:06+02:00,4.3,3,7,112078,https://t.me/kievreal1/112078,5 шахедів на Обухів 2 шахеди на Згурівку 1 шахед на Баришівку 1 шахед на Богуслав 1 шахед на Боярку 1 шахед на Київ 1 шахед на Перемогу
2026-02-22,7,Обухівський,Обухів,2026-02-22T03:38:26+02:00,2026-02-22T07:59:06+02:00,4.3,3,7,112082,https://t.me/kievreal1/112082,5 шахедів на Трипілля/Обухів 3 шахеди на Бровари /Велику Димерку 2 шахеди в районі Ірпеня/Бучі
2026-02-22,7,Броварський,Бровари,2026-02-22T03:38:26+02:00,2026-02-22T07:59:06+02:00,4.3,3,7,112082,https://t.me/kievreal1/112082,5 шахедів на Трипілля/Обухів 3 шахеди на Бровари /Велику Димерку 2 шахеди в районі Ірпеня/Бучі
2026-02-22,7,Броварський,Велика Димерка,2026-02-22T03:38:26+02:00,2026-02-22T07:59:06+02:00,4.3,3,7,112082,https://t.me/kievreal1/112082,5 шахедів на Трипілля/Обухів 3 шахеди на Бровари /Велику Димерку 2 шахеди в районі Ірпеня/Бучі
2026-02-22,7,Бучанський,Буча,2026-02-22T03:38:26+02:00,2026-02-22T07:59:06+02:00,4.3,3,7,112082,https://t.me/kievreal1/112082,5 шахедів на Трипілля/Обухів 3 шахеди на Бровари /Велику Димерку 2 шахеди в районі Ірпеня/Бучі
2026-02-22,7,Броварський,Бровари,2026-02-22T03:38:26+02:00,2026-02-22T07:59:06+02:00,4.3,3,7,112083,https://t.me/kievreal1/112083,1 БпЛА на Бровари . 1 БпЛА на Велику Димерку. 1 БпЛА вздовж Житомирської траси у бік Вишневе/Святошино. 1 БпЛА на Обухів.
2026-02-22,7,Броварський,Велика Димерка,2026-02-22T03:38:26+02:00,2026-02-22T07:59:06+02:00,4.3,3,7,112083,https://t.me/kievreal1/112083,1 БпЛА на Бровари . 1 БпЛА на Велику Димерку. 1 БпЛА вздовж Житомирської траси у бік Вишневе/Святошино. 1 БпЛА на Обухів.
2026-02-22,7,Бучанський,Вишневе,2026-02-22T03:38:26+02:00,2026-02-22T07:59:06+02:00,4.3,3,7,112083,https://t.me/kievreal1/112083,1 БпЛА на Бровари . 1 БпЛА на Велику Димерку. 1 БпЛА вздовж Житомирської траси у бік Вишневе/Святошино. 1 БпЛА на Обухів.
2026-02-22,7,Обухівський,Обухів,2026-02-22T03:38:26+02:00,2026-02-22T07:59:06+02:00,4.3,3,7,112083,https://t.me/kievreal1/112083,1 БпЛА на Бровари . 1 БпЛА на Велику Димерку. 1 БпЛА вздовж Житомирської траси у бік Вишневе/Святошино. 1 БпЛА на Обухів.
2026-02-25,8,Обухівський,Обухівський,2026-02-25T08:17:46+02:00,2026-02-25T08:54:46+02:00,0.6,8,8,112207,https://t.me/kievreal1/112207,Тривога в Обухівському районі через БпЛА в районі Канева на Черкащині Стежити за траєкторією - t.me/kyiv_radar
2026-02-25,23,Броварський,Згурівка,2026-02-25T23:51:46+02:00,2026-02-26T00:11:36+02:00,0.3,23,0,112258,https://t.me/kievreal1/112258,1 шахед на Згурівку
2026-02-26,2,Бориспільський,Яготин,2026-02-26T02:19:06+02:00,2026-02-26T06:50:56+02:00,4.5,2,6,112262,https://t.me/kievreal1/112262,Декілька БпЛА на Яготин
2026-02-26,3,Броварський,Баришівка,2026-02-26T02:19:06+02:00,2026-02-26T06:50:56+02:00,4.5,2,6,112263,https://t.me/kievreal1/112263,3 БпЛА від Баришівки на Бровари 2 БпЛА на Переяслав зі сходу
2026-02-26,3,Броварський,Бровари,2026-02-26T02:19:06+02:00,2026-02-26T06:50:56+02:00,4.5,2,6,112263,https://t.me/kievreal1/112263,3 БпЛА від Баришівки на Бровари 2 БпЛА на Переяслав зі сходу
2026-02-26,3,Бориспільський,Переяслав,2026-02-26T02:19:06+02:00,2026-02-26T06:50:56+02:00,4.5,2,6,112263,https://t.me/kievreal1/112263,3 БпЛА від Баришівки на Бровари 2 БпЛА на Переяслав зі сходу
2026-02-26,3,Броварський,Бровари,2026-02-26T02:19:06+02:00,2026-02-26T06:50:56+02:00,4.5,2,6,112265,https://t.me/kievreal1/112265,3 БпЛА на Бровари
2026-02-26,3,Броварський,Бровари,2026-02-26T02:19:06+02:00,2026-02-26T06:50:56+02:00,4.5,2,6,112266,https://t.me/kievreal1/112266,5 БпЛА на Бровари і далі Київ Слідкувати за рухом шахедів в столиці - https://t.me/+8npgfltbb1wzMTUy
2026-02-26,3,Броварський,Бровари,2026-02-26T02:19:06+02:00,2026-02-26T06:50:56+02:00,4.5,2,6,112267,https://t.me/kievreal1/112267,Через Бровари на Трою
2026-02-26,4,Бориспільський,Бориспіль,2026-02-26T02:19:06+02:00,2026-02-26T06:50:56+02:00,4.5,2,6,112277,https://t.me/kievreal1/112277,4 шахеди повз Бориспіль на Київ 3 шахеди на Красятичі 1 шахед на Яготин 2 шахеди на Ржищів 1 шахед на Переяслав
2026-02-26,4,Бориспільський,Яготин,2026-02-26T02:19:06+02:00,2026-02-26T06:50:56+02:00,4.5,2,6,112277,https://t.me/kievreal1/112277,4 шахеди повз Бориспіль на Київ 3 шахеди на Красятичі 1 шахед на Яготин 2 шахеди на Ржищів 1 шахед на Переяслав
2026-02-26,4,Обухівський,Ржищів,2026-02-26T02:19:06+02:00,2026-02-26T06:50:56+02:00,4.5,2,6,112277,https://t.me/kievreal1/112277,4 шахеди повз Бориспіль на Київ 3 шахеди на Красятичі 1 шахед на Яготин 2 шахеди на Ржищів 1 шахед на Переяслав
2026-02-26,4,Бориспільський,Переяслав,2026-02-26T02:19:06+02:00,2026-02-26T06:50:56+02:00,4.5,2,6,112277,https://t.me/kievreal1/112277,4 шахеди повз Бориспіль на Київ 3 шахеди на Красятичі 1 шахед на Яготин 2 шахеди на Ржищів 1 шахед на Переяслав
2026-02-26,4,Бориспільський,Бориспіль,2026-02-26T02:19:06+02:00,2026-02-26T06:50:56+02:00,4.5,2,6,112279,https://t.me/kievreal1/112279,2 шахеди повз Бориспіль на Київ 2 шахеди на Бровари 5 шахедів на Іванків 1 шахед на Красятичі 3 шахеди на Чорнобиль
2026-02-26,4,Броварський,Бровари,2026-02-26T02:19:06+02:00,2026-02-26T06:50:56+02:00,4.5,2,6,112279,https://t.me/kievreal1/112279,2 шахеди повз Бориспіль на Київ 2 шахеди на Бровари 5 шахедів на Іванків 1 шахед на Красятичі 3 шахеди на Чорнобиль
2026-02-26,4,Вишгородський,Іванків,2026-02-26T02:19:06+02:00,2026-02-26T06:50:56+02:00,4.5,2,6,112279,https://t.me/kievreal1/112279,2 шахеди повз Бориспіль на Київ 2 шахеди на Бровари 5 шахедів на Іванків 1 шахед на Красятичі 3 шахеди на Чорнобиль
2026-02-26,4,Вишгородський,Чорнобиль,2026-02-26T02:19:06+02:00,2026-02-26T06:50:56+02:00,4.5,2,6,112279,https://t.me/kievreal1/112279,2 шахеди повз Бориспіль на Київ 2 шахеди на Бровари 5 шахедів на Іванків 1 шахед на Красятичі 3 шахеди на Чорнобиль
2026-02-26,4,Броварський,Бровари,2026-02-26T02:19:06+02:00,2026-02-26T06:50:56+02:00,4.5,2,6,112280,https://t.me/kievreal1/112280,3 шахеди повз Бровари курсом на Київ 11 шахедів на Красятичі
2026-02-26,4,Броварський,Бровари,2026-02-26T02:19:06+02:00,2026-02-26T06:50:56+02:00,4.5,2,6,112283,https://t.me/kievreal1/112283,3 шахеди повз Бровари курсом на Київ 1 шахед на Глеваху 1 шахед на Вишневе 1 шахед на Бориспіль 3 шахеди на Наливайківку 7 шахедів на Крася…
2026-02-26,4,Обухівський,Глеваха,2026-02-26T02:19:06+02:00,2026-02-26T06:50:56+02:00,4.5,2,6,112283,https://t.me/kievreal1/112283,3 шахеди повз Бровари курсом на Київ 1 шахед на Глеваху 1 шахед на Вишневе 1 шахед на Бориспіль 3 шахеди на Наливайківку 7 шахедів на Крася…
2026-02-26,4,Бучанський,Вишневе,2026-02-26T02:19:06+02:00,2026-02-26T06:50:56+02:00,4.5,2,6,112283,https://t.me/kievreal1/112283,3 шахеди повз Бровари курсом на Київ 1 шахед на Глеваху 1 шахед на Вишневе 1 шахед на Бориспіль 3 шахеди на Наливайківку 7 шахедів на Крася…
2026-02-26,4,Бориспільський,Бориспіль,2026-02-26T02:19:06+02:00,2026-02-26T06:50:56+02:00,4.5,2,6,112283,https://t.me/kievreal1/112283,3 шахеди повз Бровари курсом на Київ 1 шахед на Глеваху 1 шахед на Вишневе 1 шахед на Бориспіль 3 шахеди на Наливайківку 7 шахедів на Крася…
2026-02-26,4,Вишгородський,Вишгород,2026-02-26T02:19:06+02:00,2026-02-26T06:50:56+02:00,4.5,2,6,112285,https://t.me/kievreal1/112285,1 шахед на Бортничі 1 шахед на Вишгород 2 шахеди повз Голосіїв курсом на Вишневе 1 шахед на Глеваху 2 шахеди на Вишеньки 2 шахеди на Борисп…
2026-02-26,4,Бучанський,Вишневе,2026-02-26T02:19:06+02:00,2026-02-26T06:50:56+02:00,4.5,2,6,112285,https://t.me/kievreal1/112285,1 шахед на Бортничі 1 шахед на Вишгород 2 шахеди повз Голосіїв курсом на Вишневе 1 шахед на Глеваху 2 шахеди на Вишеньки 2 шахеди на Борисп…
2026-02-26,4,Обухівський,Глеваха,2026-02-26T02:19:06+02:00,2026-02-26T06:50:56+02:00,4.5,2,6,112285,https://t.me/kievreal1/112285,1 шахед на Бортничі 1 шахед на Вишгород 2 шахеди повз Голосіїв курсом на Вишневе 1 шахед на Глеваху 2 шахеди на Вишеньки 2 шахеди на Борисп…
2026-02-26,4,Бориспільський,Бориспіль,2026-02-26T02:19:06+02:00,2026-02-26T06:50:56+02:00,4.5,2,6,112285,https://t.me/kievreal1/112285,1 шахед на Бортничі 1 шахед на Вишгород 2 шахеди повз Голосіїв курсом на Вишневе 1 шахед на Глеваху 2 шахеди на Вишеньки 2 шахеди на Борисп…
2026-02-26,5,Броварський,Бровари,2026-02-26T02:19:06+02:00,2026-02-26T06:50:56+02:00,4.5,2,6,112286,https://t.me/kievreal1/112286,3 шахеди повз Бровари на Київ 2 шахеди на Васильків 2 шахеди на Бориспіль 2 шахеди на Наливайківку 3 шахеди на Бородянку 5 шахедів на Крася…
2026-02-26,5,Обухівський,Васильків,2026-02-26T02:19:06+02:00,2026-02-26T06:50:56+02:00,4.5,2,6,112286,https://t.me/kievreal1/112286,3 шахеди повз Бровари на Київ 2 шахеди на Васильків 2 шахеди на Бориспіль 2 шахеди на Наливайківку 3 шахеди на Бородянку 5 шахедів на Крася…
2026-02-26,5,Бориспільський,Бориспіль,2026-02-26T02:19:06+02:00,2026-02-26T06:50:56+02:00,4.5,2,6,112286,https://t.me/kievreal1/112286,3 шахеди повз Бровари на Київ 2 шахеди на Васильків 2 шахеди на Бориспіль 2 шахеди на Наливайківку 3 шахеди на Бородянку 5 шахедів на Крася…
2026-02-26,5,Бучанський,Бородянка,2026-02-26T02:19:06+02:00,2026-02-26T06:50:56+02:00,4.5,2,6,112286,https://t.me/kievreal1/112286,3 шахеди повз Бровари на Київ 2 шахеди на Васильків 2 шахеди на Бориспіль 2 шахеди на Наливайківку 3 шахеди на Бородянку 5 шахедів на Крася…
2026-02-26,5,Броварський,Бровари,2026-02-26T02:19:06+02:00,2026-02-26T06:50:56+02:00,4.5,2,6,112289,https://t.me/kievreal1/112289,3 шахеди повз Бровари курсом на Київ 2 шахеди на Васильків 2 шахеди на Бориспіль 2 шахеди на Наливайківку 3 шахеди на Бородянку 5 шахедів н…
2026-02-26,5,Обухівський,Васильків,2026-02-26T02:19:06+02:00,2026-02-26T06:50:56+02:00,4.5,2,6,112289,https://t.me/kievreal1/112289,3 шахеди повз Бровари курсом на Київ 2 шахеди на Васильків 2 шахеди на Бориспіль 2 шахеди на Наливайківку 3 шахеди на Бородянку 5 шахедів н…
2026-02-26,5,Бориспільський,Бориспіль,2026-02-26T02:19:06+02:00,2026-02-26T06:50:56+02:00,4.5,2,6,112289,https://t.me/kievreal1/112289,3 шахеди повз Бровари курсом на Київ 2 шахеди на Васильків 2 шахеди на Бориспіль 2 шахеди на Наливайківку 3 шахеди на Бородянку 5 шахедів н…
2026-02-26,5,Бучанський,Бородянка,2026-02-26T02:19:06+02:00,2026-02-26T06:50:56+02:00,4.5,2,6,112289,https://t.me/kievreal1/112289,3 шахеди повз Бровари курсом на Київ 2 шахеди на Васильків 2 шахеди на Бориспіль 2 шахеди на Наливайківку 3 шахеди на Бородянку 5 шахедів н…
2026-02-26,5,Броварський,Бровари,2026-02-26T02:19:06+02:00,2026-02-26T06:50:56+02:00,4.5,2,6,112292,https://t.me/kievreal1/112292,4 шахеди повз Бровари на Київ 4 шахеди на Наливайківку 5 шахедів на Красятичі
2026-02-26,5,Вишгородський,Вишгород,2026-02-26T02:19:06+02:00,2026-02-26T06:50:56+02:00,4.5,2,6,112293,https://t.me/kievreal1/112293,3 шахеди на Вишгород 3 шахеди на Бровари 2 шахеди на Красятичі 1 шахед на Наливайківку
2026-02-26,5,Броварський,Бровари,2026-02-26T02:19:06+02:00,2026-02-26T06:50:56+02:00,4.5,2,6,112293,https://t.me/kievreal1/112293,3 шахеди на Вишгород 3 шахеди на Бровари 2 шахеди на Красятичі 1 шахед на Наливайківку
2026-02-26,5,Бориспільський,Яготин,2026-02-26T02:19:06+02:00,2026-02-26T06:50:56+02:00,4.5,2,6,112295,https://t.me/kievreal1/112295,Група КР курсом на Яготин
2026-02-26,6,Бориспільський,Березань,2026-02-26T02:19:06+02:00,2026-02-26T06:50:56+02:00,4.5,2,6,112296,https://t.me/kievreal1/112296,Група КР курсом на Березань
2026-02-26,6,Бучанський,Вишневе,2026-02-26T02:19:06+02:00,2026-02-26T06:50:56+02:00,4.5,2,6,112299,https://t.me/kievreal1/112299,Група КР курсом на Вишневе Група КР курсом на Білу Церкву
2026-02-26,6,Фастівський,Боярка,2026-02-26T02:19:06+02:00,2026-02-26T06:50:56+02:00,4.5,2,6,112300,https://t.me/kievreal1/112300,Група КР курсом на Боярку Група КР курсом на Васильків
2026-02-26,6,Обухівський,Васильків,2026-02-26T02:19:06+02:00,2026-02-26T06:50:56+02:00,4.5,2,6,112300,https://t.me/kievreal1/112300,Група КР курсом на Боярку Група КР курсом на Васильків
2026-02-26,6,Бучанський,Макарів,2026-02-26T02:19:06+02:00,2026-02-26T06:50:56+02:00,4.5,2,6,112301,https://t.me/kievreal1/112301,Група КР курсом на Макарів Група КР курсом на Наливайківку з Житомирщини Група КР курсом на Васильків
2026-02-26,6,Обухівський,Васильків,2026-02-26T02:19:06+02:00,2026-02-26T06:50:56+02:00,4.5,2,6,112301,https://t.me/kievreal1/112301,Група КР курсом на Макарів Група КР курсом на Наливайківку з Житомирщини Група КР курсом на Васильків
2026-02-26,6,Обухівський,Васильків,2026-02-26T02:19:06+02:00,2026-02-26T06:50:56+02:00,4.5,2,6,112302,https://t.me/kievreal1/112302,3х Групи КР курсом на Наливайківку Група КР курсом на Васильків
2026-02-26,6,Білоцерківський,Тетіїв,2026-02-26T06:54:46+02:00,2026-02-26T07:34:26+02:00,0.7,6,7,112308,https://t.me/kievreal1/112308,1 шахед на Тетіїв
2026-02-27,6,Броварський,Згурівка,2026-02-27T23:37:46+02:00,2026-02-28T08:38:36+02:00,9.0,23,8,112404,https://t.me/kievreal1/112404,БПЛА на Згурівку
2026-02-27,6,Бориспільський,Бориспіль,2026-02-27T23:37:46+02:00,2026-02-28T08:38:36+02:00,9.0,23,8,112405,https://t.me/kievreal1/112405,На Бориспіль
2026-02-27,6,Бориспільський,Бориспіль,2026-02-27T23:37:46+02:00,2026-02-28T08:38:36+02:00,9.0,23,8,112406,https://t.me/kievreal1/112406,На Бориспіль
2026-02-27,6,Бориспільський,Яготин,2026-02-27T23:37:46+02:00,2026-02-28T08:38:36+02:00,9.0,23,8,112407,https://t.me/kievreal1/112407,Яготин
2026-02-27,6,Бориспільський,Яготин,2026-02-27T23:37:46+02:00,2026-02-28T08:38:36+02:00,9.0,23,8,112408,https://t.me/kievreal1/112408,Яготин
2026-02-27,7,Бориспільський,Переяслав,2026-02-27T23:37:46+02:00,2026-02-28T08:38:36+02:00,9.0,23,8,112409,https://t.me/kievreal1/112409,Переяслав
2026-02-27,7,Броварський,Згурівка,2026-02-27T23:37:46+02:00,2026-02-28T08:38:36+02:00,9.0,23,8,112410,https://t.me/kievreal1/112410,На Згурівку
2026-02-27,7,Обухівський,Обухів,2026-02-27T23:37:46+02:00,2026-02-28T08:38:36+02:00,9.0,23,8,112411,https://t.me/kievreal1/112411,БПЛА на Обухів
2026-02-27,7,Бориспільський,Переяслав,2026-02-27T23:37:46+02:00,2026-02-28T08:38:36+02:00,9.0,23,8,112414,https://t.me/kievreal1/112414,Другий на Переяслав
2026-02-27,8,Фастівський,Фастів,2026-02-27T23:37:46+02:00,2026-02-28T08:38:36+02:00,9.0,23,8,112416,https://t.me/kievreal1/112416,Фастів/Гребінки
2026-03-02,21,Вишгородський,Вишгородський,2026-03-02T21:11:16+02:00,2026-03-02T22:18:26+02:00,1.1,21,22,112516,https://t.me/kievreal1/112516,🚨 КИЇВСЬКА ОБЛАСТЬ - ОГОЛОШЕНА ПОВІТРЯНА ТРИВОГА Загроза для Вишгородського району через БпЛА від Чернігівщини.
2026-03-02,21,Броварський,Броварський,2026-03-02T21:11:16+02:00,2026-03-02T22:18:26+02:00,1.1,21,22,112517,https://t.me/kievreal1/112517,Додатково дали тривогу Броварському району. БпЛА курсом на Жукин Стежити за траєкторією - t.me/kyiv_radar
2026-03-02,21,Вишгородський,Жукин,2026-03-02T21:11:16+02:00,2026-03-02T22:18:26+02:00,1.1,21,22,112517,https://t.me/kievreal1/112517,Додатково дали тривогу Броварському району. БпЛА курсом на Жукин Стежити за траєкторією - t.me/kyiv_radar
2026-03-02,21,Броварський,Калита,2026-03-02T21:11:16+02:00,2026-03-02T22:18:26+02:00,1.1,21,22,112521,https://t.me/kievreal1/112521,Калита
2026-03-02,21,Броварський,Калита,2026-03-02T21:11:16+02:00,2026-03-02T22:18:26+02:00,1.1,21,22,112522,https://t.me/kievreal1/112522,Калита
2026-03-02,21,Броварський,Бровари,2026-03-02T21:11:16+02:00,2026-03-02T22:18:26+02:00,1.1,21,22,112523,https://t.me/kievreal1/112523,Бровари — також уважно
2026-03-02,21,Броварський,Бровари,2026-03-02T21:11:16+02:00,2026-03-02T22:18:26+02:00,1.1,21,22,112528,https://t.me/kievreal1/112528,"Наразі ближче до Броварів, можете чути"
2026-03-02,21,Бучанський,Борщагівка,2026-03-02T21:11:16+02:00,2026-03-02T22:18:26+02:00,1.1,21,22,112538,https://t.me/kievreal1/112538,Борщагівка / Вишневе – до вас
2026-03-02,21,Бучанський,Вишневе,2026-03-02T21:11:16+02:00,2026-03-02T22:18:26+02:00,1.1,21,22,112538,https://t.me/kievreal1/112538,Борщагівка / Вишневе – до вас
2026-03-02,21,Фастівський,Крюківщина,2026-03-02T21:11:16+02:00,2026-03-02T22:18:26+02:00,1.1,21,22,112539,https://t.me/kievreal1/112539,На Крюківщину курсує
2026-03-02,21,Фастівський,Боярка,2026-03-02T21:11:16+02:00,2026-03-02T22:18:26+02:00,1.1,21,22,112541,https://t.me/kievreal1/112541,Біля Боярки
2026-03-02,22,Обухівський,Обухів,2026-03-02T21:11:16+02:00,2026-03-02T22:18:26+02:00,1.1,21,22,112543,https://t.me/kievreal1/112543,На Обухів / Українку P.S про рух БпЛА в онлайн-режимі пишуть тут – t.me/tryvoga_kyiv
2026-03-02,22,Обухівський,Українка,2026-03-02T21:11:16+02:00,2026-03-02T22:18:26+02:00,1.1,21,22,112543,https://t.me/kievreal1/112543,На Обухів / Українку P.S про рух БпЛА в онлайн-режимі пишуть тут – t.me/tryvoga_kyiv
2026-03-06,3,Бориспільський,Яготин,2026-03-06T03:27:26+02:00,2026-03-06T03:58:26+02:00,0.5,3,3,112656,https://t.me/kievreal1/112656,БПЛА на Яготин
2026-03-06,18,Вишгородський,Вишгородський,2026-03-06T18:24:06+02:00,2026-03-06T19:38:16+02:00,1.2,18,19,112727,https://t.me/kievreal1/112727,Загроза для Вишгородського району через БпЛА з Чернігівщини в бік водосховища Стежити за обстановкою в Чернігові можна тут - t.me/Chernihiv
2026-03-06,18,Вишгородський,Іванків,2026-03-06T18:24:06+02:00,2026-03-06T19:38:16+02:00,1.2,18,19,112728,https://t.me/kievreal1/112728,На Іванків йдуть 2 БпЛА через північ Київщини Про рух шахедів пишуть тут – t.me/tryvoga_kyiv
2026-03-06,18,Вишгородський,Димер,2026-03-06T18:24:06+02:00,2026-03-06T19:38:16+02:00,1.2,18,19,112729,https://t.me/kievreal1/112729,Курсом на Димер
2026-03-06,18,Вишгородський,Димер,2026-03-06T18:24:06+02:00,2026-03-06T19:38:16+02:00,1.2,18,19,112730,https://t.me/kievreal1/112730,Курсом на Димер
2026-03-06,18,Бучанський,Гостомель,2026-03-06T18:24:06+02:00,2026-03-06T19:38:16+02:00,1.2,18,19,112731,https://t.me/kievreal1/112731,В бік Гостомеля! Найближчим часом можлива тривога в столиці
2026-03-06,18,Бучанський,Буча,2026-03-06T18:24:06+02:00,2026-03-06T19:38:16+02:00,1.2,18,19,112733,https://t.me/kievreal1/112733,"Мощун, Буча - у вашому напрямку"
2026-03-06,18,Бучанський,Ірпінь,2026-03-06T18:24:06+02:00,2026-03-06T19:38:16+02:00,1.2,18,19,112734,https://t.me/kievreal1/112734,Ірпінь теж увага
2026-03-06,18,Бучанський,Борщагівка,2026-03-06T18:24:06+02:00,2026-03-06T19:38:16+02:00,1.2,18,19,112737,https://t.me/kievreal1/112737,Борщагівки - ви теж обережно
2026-03-06,19,Вишгородський,Хотянівка,2026-03-06T18:24:06+02:00,2026-03-06T19:38:16+02:00,1.2,18,19,112742,https://t.me/kievreal1/112742,Хотянівка
2026-03-06,20,Бориспільський,Бориспільський,2026-03-06T20:40:46+02:00,2026-03-06T21:07:36+02:00,0.4,20,21,112757,https://t.me/kievreal1/112757,🚨 КИЇВСЬКА ОБЛАСТЬ - ОГОЛОШЕНА ПОВІТРЯНА ТРИВОГА Загроза для Бориспільського та Броварського районів через рух БпЛА від Чернігівської облас…
2026-03-06,20,Броварський,Броварський,2026-03-06T20:40:46+02:00,2026-03-06T21:07:36+02:00,0.4,20,21,112757,https://t.me/kievreal1/112757,🚨 КИЇВСЬКА ОБЛАСТЬ - ОГОЛОШЕНА ПОВІТРЯНА ТРИВОГА Загроза для Бориспільського та Броварського районів через рух БпЛА від Чернігівської облас…
2026-03-06,23,Обухівський,Миронівка,2026-03-06T23:18:56+02:00,2026-03-07T04:26:26+02:00,5.1,23,4,112771,https://t.me/kievreal1/112771,2х БпЛА курсом на Миронівку
2026-03-06,23,Обухівський,Васильків,2026-03-06T23:18:56+02:00,2026-03-07T04:26:26+02:00,5.1,23,4,112772,https://t.me/kievreal1/112772,БпЛА курсом на Васильків
2026-03-06,0,Обухівський,Васильків,2026-03-06T23:18:56+02:00,2026-03-07T04:26:26+02:00,5.1,23,4,112774,https://t.me/kievreal1/112774,БПЛА на Васильків
2026-03-06,0,Обухівський,Васильків,2026-03-06T23:18:56+02:00,2026-03-07T04:26:26+02:00,5.1,23,4,112775,https://t.me/kievreal1/112775,БпЛА курсом на Васильків 4х БпЛА курсом на водосховище
2026-03-06,0,Вишгородський,Чорнобиль,2026-03-06T23:18:56+02:00,2026-03-07T04:26:26+02:00,5.1,23,4,112777,https://t.me/kievreal1/112777,БпЛА курсом на Чорнобиль БпЛА курсом на Димер БпЛА курсом на Ясногородку БпЛА курсом на Красятичі БпЛА курсом на Клавдієво-Тарасове
2026-03-06,0,Вишгородський,Димер,2026-03-06T23:18:56+02:00,2026-03-07T04:26:26+02:00,5.1,23,4,112777,https://t.me/kievreal1/112777,БпЛА курсом на Чорнобиль БпЛА курсом на Димер БпЛА курсом на Ясногородку БпЛА курсом на Красятичі БпЛА курсом на Клавдієво-Тарасове
2026-03-06,1,Вишгородський,Вишгород,2026-03-06T23:18:56+02:00,2026-03-07T04:26:26+02:00,5.1,23,4,112780,https://t.me/kievreal1/112780,БПЛА на Вишгород
2026-03-06,1,Бучанський,Макарів,2026-03-06T23:18:56+02:00,2026-03-07T04:26:26+02:00,5.1,23,4,112781,https://t.me/kievreal1/112781,БпЛА курсом на Макарів БпЛА курсом на Чорнобиль
2026-03-06,1,Вишгородський,Чорнобиль,2026-03-06T23:18:56+02:00,2026-03-07T04:26:26+02:00,5.1,23,4,112781,https://t.me/kievreal1/112781,БпЛА курсом на Макарів БпЛА курсом на Чорнобиль
2026-03-06,1,Білоцерківський,Біла Церква,2026-03-06T23:18:56+02:00,2026-03-07T04:26:26+02:00,5.1,23,4,112790,https://t.me/kievreal1/112790,Біла Церква обережно
2026-03-06,2,Білоцерківський,Ставище,2026-03-06T23:18:56+02:00,2026-03-07T04:26:26+02:00,5.1,23,4,112797,https://t.me/kievreal1/112797,1 шахед на Ставище
2026-03-06,2,Білоцерківський,Сквира,2026-03-06T23:18:56+02:00,2026-03-07T04:26:26+02:00,5.1,23,4,112798,https://t.me/kievreal1/112798,БпЛА курсом на Сквиру
2026-03-06,3,Бориспільський,Яготин,2026-03-06T23:18:56+02:00,2026-03-07T04:26:26+02:00,5.1,23,4,112800,https://t.me/kievreal1/112800,БпЛА курсом на Яготин
2026-03-07,17,Вишгородський,Вишгородський,2026-03-07T17:52:06+02:00,2026-03-07T19:51:16+02:00,2.0,17,19,112817,https://t.me/kievreal1/112817,Загроза БПЛА для Вишгородського району
2026-03-14,3,Бучанський,Ірпінь,2026-03-14T02:10:16+02:00,2026-03-14T06:50:06+02:00,4.7,2,6,113036,https://t.me/kievreal1/113036,Ірпінь
2026-03-14,3,Обухівський,Українка,2026-03-14T02:10:16+02:00,2026-03-14T06:50:06+02:00,4.7,2,6,113047,https://t.me/kievreal1/113047,17х БпЛА повз Богуслав в бік Українки
2026-03-14,3,Обухівський,Українка,2026-03-14T02:10:16+02:00,2026-03-14T06:50:06+02:00,4.7,2,6,113052,https://t.me/kievreal1/113052,17х БпЛА повз Богуслав в бік Українки
2026-03-14,3,Обухівський,Васильків,2026-03-14T02:10:16+02:00,2026-03-14T06:50:06+02:00,4.7,2,6,113054,https://t.me/kievreal1/113054,4х БпЛА курсом на Васильків БпЛА курсом на Вишеньки 7х БпЛА курсом на Українку 4х БпЛА курсом на Білу Церкву 2х БпЛА курсом на Кагарлик
2026-03-14,3,Обухівський,Українка,2026-03-14T02:10:16+02:00,2026-03-14T06:50:06+02:00,4.7,2,6,113054,https://t.me/kievreal1/113054,4х БпЛА курсом на Васильків БпЛА курсом на Вишеньки 7х БпЛА курсом на Українку 4х БпЛА курсом на Білу Церкву 2х БпЛА курсом на Кагарлик
2026-03-14,3,Обухівський,Кагарлик,2026-03-14T02:10:16+02:00,2026-03-14T06:50:06+02:00,4.7,2,6,113054,https://t.me/kievreal1/113054,4х БпЛА курсом на Васильків БпЛА курсом на Вишеньки 7х БпЛА курсом на Українку 4х БпЛА курсом на Білу Церкву 2х БпЛА курсом на Кагарлик
2026-03-14,4,Обухівський,Васильків,2026-03-14T02:10:16+02:00,2026-03-14T06:50:06+02:00,4.7,2,6,113056,https://t.me/kievreal1/113056,3х БпЛА курсом на Васильків БпЛА курсом на Глеваху 3х БпЛА курсом на Гребінки БпЛА курсом на Володарку 2х БпЛА курсом на Тетіїв 2х БпЛА кур…
2026-03-14,4,Обухівський,Глеваха,2026-03-14T02:10:16+02:00,2026-03-14T06:50:06+02:00,4.7,2,6,113056,https://t.me/kievreal1/113056,3х БпЛА курсом на Васильків БпЛА курсом на Глеваху 3х БпЛА курсом на Гребінки БпЛА курсом на Володарку 2х БпЛА курсом на Тетіїв 2х БпЛА кур…
2026-03-14,4,Білоцерківський,Володарка,2026-03-14T02:10:16+02:00,2026-03-14T06:50:06+02:00,4.7,2,6,113056,https://t.me/kievreal1/113056,3х БпЛА курсом на Васильків БпЛА курсом на Глеваху 3х БпЛА курсом на Гребінки БпЛА курсом на Володарку 2х БпЛА курсом на Тетіїв 2х БпЛА кур…
2026-03-14,4,Білоцерківський,Тетіїв,2026-03-14T02:10:16+02:00,2026-03-14T06:50:06+02:00,4.7,2,6,113056,https://t.me/kievreal1/113056,3х БпЛА курсом на Васильків БпЛА курсом на Глеваху 3х БпЛА курсом на Гребінки БпЛА курсом на Володарку 2х БпЛА курсом на Тетіїв 2х БпЛА кур…
2026-03-14,4,Фастівський,Боярка,2026-03-14T02:10:16+02:00,2026-03-14T06:50:06+02:00,4.7,2,6,113057,https://t.me/kievreal1/113057,Київщина : 3х БпЛА повз Боярку в бік Ірпеня БпЛА курсом на Українку 4х БпЛА курсом на Васильків 4х БпЛА курсом на Богуслав 7х БпЛА курсом н…
2026-03-14,4,Обухівський,Українка,2026-03-14T02:10:16+02:00,2026-03-14T06:50:06+02:00,4.7,2,6,113057,https://t.me/kievreal1/113057,Київщина : 3х БпЛА повз Боярку в бік Ірпеня БпЛА курсом на Українку 4х БпЛА курсом на Васильків 4х БпЛА курсом на Богуслав 7х БпЛА курсом н…
2026-03-14,4,Обухівський,Васильків,2026-03-14T02:10:16+02:00,2026-03-14T06:50:06+02:00,4.7,2,6,113057,https://t.me/kievreal1/113057,Київщина : 3х БпЛА повз Боярку в бік Ірпеня БпЛА курсом на Українку 4х БпЛА курсом на Васильків 4х БпЛА курсом на Богуслав 7х БпЛА курсом н…
2026-03-14,4,Білоцерківський,Тетіїв,2026-03-14T02:10:16+02:00,2026-03-14T06:50:06+02:00,4.7,2,6,113057,https://t.me/kievreal1/113057,Київщина : 3х БпЛА повз Боярку в бік Ірпеня БпЛА курсом на Українку 4х БпЛА курсом на Васильків 4х БпЛА курсом на Богуслав 7х БпЛА курсом н…
2026-03-14,4,Бучанський,Ірпінь,2026-03-14T02:10:16+02:00,2026-03-14T06:50:06+02:00,4.7,2,6,113058,https://t.me/kievreal1/113058,3х БпЛА курсом на Ірпінь БпЛА курсом на Сквиру 4х БпЛА курсом на Українку БпЛА курсом на Чорнобиль
2026-03-14,4,Білоцерківський,Сквира,2026-03-14T02:10:16+02:00,2026-03-14T06:50:06+02:00,4.7,2,6,113058,https://t.me/kievreal1/113058,3х БпЛА курсом на Ірпінь БпЛА курсом на Сквиру 4х БпЛА курсом на Українку БпЛА курсом на Чорнобиль
2026-03-14,4,Обухівський,Українка,2026-03-14T02:10:16+02:00,2026-03-14T06:50:06+02:00,4.7,2,6,113058,https://t.me/kievreal1/113058,3х БпЛА курсом на Ірпінь БпЛА курсом на Сквиру 4х БпЛА курсом на Українку БпЛА курсом на Чорнобиль
2026-03-14,4,Вишгородський,Чорнобиль,2026-03-14T02:10:16+02:00,2026-03-14T06:50:06+02:00,4.7,2,6,113058,https://t.me/kievreal1/113058,3х БпЛА курсом на Ірпінь БпЛА курсом на Сквиру 4х БпЛА курсом на Українку БпЛА курсом на Чорнобиль
2026-03-14,4,Бучанський,Ірпінь,2026-03-14T02:10:16+02:00,2026-03-14T06:50:06+02:00,4.7,2,6,113059,https://t.me/kievreal1/113059,БпЛА курсом на Ірпінь 4х БпЛА курсом на Сквиру 2х БпЛА курсом на Українку БпЛА курсом на Ржищів 10х БпЛА курсом на Переяслав 2х БпЛА курсом…
2026-03-14,4,Білоцерківський,Сквира,2026-03-14T02:10:16+02:00,2026-03-14T06:50:06+02:00,4.7,2,6,113059,https://t.me/kievreal1/113059,БпЛА курсом на Ірпінь 4х БпЛА курсом на Сквиру 2х БпЛА курсом на Українку БпЛА курсом на Ржищів 10х БпЛА курсом на Переяслав 2х БпЛА курсом…
2026-03-14,4,Обухівський,Українка,2026-03-14T02:10:16+02:00,2026-03-14T06:50:06+02:00,4.7,2,6,113059,https://t.me/kievreal1/113059,БпЛА курсом на Ірпінь 4х БпЛА курсом на Сквиру 2х БпЛА курсом на Українку БпЛА курсом на Ржищів 10х БпЛА курсом на Переяслав 2х БпЛА курсом…
2026-03-14,4,Обухівський,Ржищів,2026-03-14T02:10:16+02:00,2026-03-14T06:50:06+02:00,4.7,2,6,113059,https://t.me/kievreal1/113059,БпЛА курсом на Ірпінь 4х БпЛА курсом на Сквиру 2х БпЛА курсом на Українку БпЛА курсом на Ржищів 10х БпЛА курсом на Переяслав 2х БпЛА курсом…
2026-03-14,4,Бориспільський,Переяслав,2026-03-14T02:10:16+02:00,2026-03-14T06:50:06+02:00,4.7,2,6,113059,https://t.me/kievreal1/113059,БпЛА курсом на Ірпінь 4х БпЛА курсом на Сквиру 2х БпЛА курсом на Українку БпЛА курсом на Ржищів 10х БпЛА курсом на Переяслав 2х БпЛА курсом…
2026-03-14,4,Вишгородський,Іванків,2026-03-14T02:10:16+02:00,2026-03-14T06:50:06+02:00,4.7,2,6,113059,https://t.me/kievreal1/113059,БпЛА курсом на Ірпінь 4х БпЛА курсом на Сквиру 2х БпЛА курсом на Українку БпЛА курсом на Ржищів 10х БпЛА курсом на Переяслав 2х БпЛА курсом…
2026-03-14,4,Броварський,Бровари,2026-03-14T02:10:16+02:00,2026-03-14T06:50:06+02:00,4.7,2,6,113062,https://t.me/kievreal1/113062,2х Групи КР повз Бровари курсом на Київ
2026-03-14,4,Бориспільський,Бориспіль,2026-03-14T02:10:16+02:00,2026-03-14T06:50:06+02:00,4.7,2,6,113063,https://t.me/kievreal1/113063,Ракета на Бориспіль
2026-03-14,4,Бориспільський,Бориспіль,2026-03-14T02:10:16+02:00,2026-03-14T06:50:06+02:00,4.7,2,6,113064,https://t.me/kievreal1/113064,3х Групи КР повз Бориспіль курсом на Українку
2026-03-14,4,Обухівський,Українка,2026-03-14T02:10:16+02:00,2026-03-14T06:50:06+02:00,4.7,2,6,113064,https://t.me/kievreal1/113064,3х Групи КР повз Бориспіль курсом на Українку
2026-03-14,4,Вишгородський,Димер,2026-03-14T02:10:16+02:00,2026-03-14T06:50:06+02:00,4.7,2,6,113065,https://t.me/kievreal1/113065,20х БпЛА курсом на Наливайківку 2х БпЛА курсом на Димер 4х БпЛА курсом на Бровари БпЛА курсом на Бориспіль 15х БпЛА курсом на Трипілля БпЛА…
2026-03-14,4,Броварський,Бровари,2026-03-14T02:10:16+02:00,2026-03-14T06:50:06+02:00,4.7,2,6,113065,https://t.me/kievreal1/113065,20х БпЛА курсом на Наливайківку 2х БпЛА курсом на Димер 4х БпЛА курсом на Бровари БпЛА курсом на Бориспіль 15х БпЛА курсом на Трипілля БпЛА…
2026-03-14,4,Бориспільський,Бориспіль,2026-03-14T02:10:16+02:00,2026-03-14T06:50:06+02:00,4.7,2,6,113065,https://t.me/kievreal1/113065,20х БпЛА курсом на Наливайківку 2х БпЛА курсом на Димер 4х БпЛА курсом на Бровари БпЛА курсом на Бориспіль 15х БпЛА курсом на Трипілля БпЛА…
2026-03-14,4,Броварський,Баришівка,2026-03-14T02:10:16+02:00,2026-03-14T06:50:06+02:00,4.7,2,6,113065,https://t.me/kievreal1/113065,20х БпЛА курсом на Наливайківку 2х БпЛА курсом на Димер 4х БпЛА курсом на Бровари БпЛА курсом на Бориспіль 15х БпЛА курсом на Трипілля БпЛА…
2026-03-14,4,Обухівський,Ржищів,2026-03-14T02:10:16+02:00,2026-03-14T06:50:06+02:00,4.7,2,6,113067,https://t.me/kievreal1/113067,Група КР курсом на Ржищів Група КР курсом на Наливайківку Група КР курсом на Українку
2026-03-14,4,Обухівський,Українка,2026-03-14T02:10:16+02:00,2026-03-14T06:50:06+02:00,4.7,2,6,113067,https://t.me/kievreal1/113067,Група КР курсом на Ржищів Група КР курсом на Наливайківку Група КР курсом на Українку
2026-03-14,5,Вишгородський,Вишгород,2026-03-14T02:10:16+02:00,2026-03-14T06:50:06+02:00,4.7,2,6,113068,https://t.me/kievreal1/113068,15х БпЛА курсом на Наливайківку 3х БпЛА курсом на Вишгород 5х БпЛА повз Бровари в бік Києва БпЛА курсом на Жукин 2х БпЛА курсом на Переясла…
2026-03-14,5,Броварський,Бровари,2026-03-14T02:10:16+02:00,2026-03-14T06:50:06+02:00,4.7,2,6,113068,https://t.me/kievreal1/113068,15х БпЛА курсом на Наливайківку 3х БпЛА курсом на Вишгород 5х БпЛА повз Бровари в бік Києва БпЛА курсом на Жукин 2х БпЛА курсом на Переясла…
2026-03-14,5,Вишгородський,Жукин,2026-03-14T02:10:16+02:00,2026-03-14T06:50:06+02:00,4.7,2,6,113068,https://t.me/kievreal1/113068,15х БпЛА курсом на Наливайківку 3х БпЛА курсом на Вишгород 5х БпЛА повз Бровари в бік Києва БпЛА курсом на Жукин 2х БпЛА курсом на Переясла…
2026-03-14,5,Бориспільський,Переяслав,2026-03-14T02:10:16+02:00,2026-03-14T06:50:06+02:00,4.7,2,6,113068,https://t.me/kievreal1/113068,15х БпЛА курсом на Наливайківку 3х БпЛА курсом на Вишгород 5х БпЛА повз Бровари в бік Києва БпЛА курсом на Жукин 2х БпЛА курсом на Переясла…
2026-03-14,5,Обухівський,Українка,2026-03-14T02:10:16+02:00,2026-03-14T06:50:06+02:00,4.7,2,6,113068,https://t.me/kievreal1/113068,15х БпЛА курсом на Наливайківку 3х БпЛА курсом на Вишгород 5х БпЛА повз Бровари в бік Києва БпЛА курсом на Жукин 2х БпЛА курсом на Переясла…
2026-03-14,5,Обухівський,Обухів,2026-03-14T02:10:16+02:00,2026-03-14T06:50:06+02:00,4.7,2,6,113068,https://t.me/kievreal1/113068,15х БпЛА курсом на Наливайківку 3х БпЛА курсом на Вишгород 5х БпЛА повз Бровари в бік Києва БпЛА курсом на Жукин 2х БпЛА курсом на Переясла…
2026-03-14,5,Броварський,Бровари,2026-03-14T02:10:16+02:00,2026-03-14T06:50:06+02:00,4.7,2,6,113070,https://t.me/kievreal1/113070,"❗️ Уже 4 поранених і 1 загиблий внаслідок російської ракетної атаки у Броварах , — міський голова Іван Сапожко."
2026-03-14,5,Бориспільський,Яготин,2026-03-14T02:10:16+02:00,2026-03-14T06:50:06+02:00,4.7,2,6,113071,https://t.me/kievreal1/113071,"Яготин обережно, ракети"
2026-03-14,5,Фастівський,Фастів,2026-03-14T02:10:16+02:00,2026-03-14T06:50:06+02:00,4.7,2,6,113072,https://t.me/kievreal1/113072,2х Групи КР курсом на Фастів 4х Групи КР курсом на Наливайківку Група КР курсом на Бровари 2х Групи КР курсом на Українку
2026-03-14,5,Броварський,Бровари,2026-03-14T02:10:16+02:00,2026-03-14T06:50:06+02:00,4.7,2,6,113072,https://t.me/kievreal1/113072,2х Групи КР курсом на Фастів 4х Групи КР курсом на Наливайківку Група КР курсом на Бровари 2х Групи КР курсом на Українку
2026-03-14,5,Обухівський,Українка,2026-03-14T02:10:16+02:00,2026-03-14T06:50:06+02:00,4.7,2,6,113072,https://t.me/kievreal1/113072,2х Групи КР курсом на Фастів 4х Групи КР курсом на Наливайківку Група КР курсом на Бровари 2х Групи КР курсом на Українку
2026-03-14,5,Обухівський,Обухів,2026-03-14T02:10:16+02:00,2026-03-14T06:50:06+02:00,4.7,2,6,113073,https://t.me/kievreal1/113073,Ракети на Обухів зі сходу
2026-03-14,5,Обухівський,Обухів,2026-03-14T02:10:16+02:00,2026-03-14T06:50:06+02:00,4.7,2,6,113074,https://t.me/kievreal1/113074,Ще близько 10 штук на Обухів
2026-03-14,5,Обухівський,Обухів,2026-03-14T02:10:16+02:00,2026-03-14T06:50:06+02:00,4.7,2,6,113075,https://t.me/kievreal1/113075,Група КР курсом на Наливайківку Група КР курсом на Обухів Група КР курсом на Яготин Група КР курсом на Васильків 9х Груп КР курсом на Украї…
2026-03-14,5,Бориспільський,Яготин,2026-03-14T02:10:16+02:00,2026-03-14T06:50:06+02:00,4.7,2,6,113075,https://t.me/kievreal1/113075,Група КР курсом на Наливайківку Група КР курсом на Обухів Група КР курсом на Яготин Група КР курсом на Васильків 9х Груп КР курсом на Украї…
2026-03-14,5,Обухівський,Васильків,2026-03-14T02:10:16+02:00,2026-03-14T06:50:06+02:00,4.7,2,6,113075,https://t.me/kievreal1/113075,Група КР курсом на Наливайківку Група КР курсом на Обухів Група КР курсом на Яготин Група КР курсом на Васильків 9х Груп КР курсом на Украї…
2026-03-14,5,Обухівський,Українка,2026-03-14T02:10:16+02:00,2026-03-14T06:50:06+02:00,4.7,2,6,113075,https://t.me/kievreal1/113075,Група КР курсом на Наливайківку Група КР курсом на Обухів Група КР курсом на Яготин Група КР курсом на Васильків 9х Груп КР курсом на Украї…
2026-03-14,5,Бучанський,Пісківка,2026-03-14T02:10:16+02:00,2026-03-14T06:50:06+02:00,4.7,2,6,113076,https://t.me/kievreal1/113076,БпЛА курсом на Пісківку БпЛА курсом на Димер БпЛА курсом на Бровари БпЛА курсом на Бориспіль
2026-03-14,5,Вишгородський,Димер,2026-03-14T02:10:16+02:00,2026-03-14T06:50:06+02:00,4.7,2,6,113076,https://t.me/kievreal1/113076,БпЛА курсом на Пісківку БпЛА курсом на Димер БпЛА курсом на Бровари БпЛА курсом на Бориспіль
2026-03-14,5,Броварський,Бровари,2026-03-14T02:10:16+02:00,2026-03-14T06:50:06+02:00,4.7,2,6,113076,https://t.me/kievreal1/113076,БпЛА курсом на Пісківку БпЛА курсом на Димер БпЛА курсом на Бровари БпЛА курсом на Бориспіль
2026-03-14,5,Бориспільський,Бориспіль,2026-03-14T02:10:16+02:00,2026-03-14T06:50:06+02:00,4.7,2,6,113076,https://t.me/kievreal1/113076,БпЛА курсом на Пісківку БпЛА курсом на Димер БпЛА курсом на Бровари БпЛА курсом на Бориспіль
2026-03-14,5,Обухівський,Ржищів,2026-03-14T02:10:16+02:00,2026-03-14T06:50:06+02:00,4.7,2,6,113077,https://t.me/kievreal1/113077,Група КР курсом на Ржищів Група КР курсом на Обухів 2х Групи КР курсом на Українку
2026-03-14,5,Обухівський,Обухів,2026-03-14T02:10:16+02:00,2026-03-14T06:50:06+02:00,4.7,2,6,113077,https://t.me/kievreal1/113077,Група КР курсом на Ржищів Група КР курсом на Обухів 2х Групи КР курсом на Українку
2026-03-14,5,Обухівський,Українка,2026-03-14T02:10:16+02:00,2026-03-14T06:50:06+02:00,4.7,2,6,113077,https://t.me/kievreal1/113077,Група КР курсом на Ржищів Група КР курсом на Обухів 2х Групи КР курсом на Українку
2026-03-14,5,Обухівський,Українка,2026-03-14T02:10:16+02:00,2026-03-14T06:50:06+02:00,4.7,2,6,113078,https://t.me/kievreal1/113078,Група КР курсом на Білу Церкву 2х Групи КР курсом на Українку
2026-03-14,5,Обухівський,Васильків,2026-03-14T02:10:16+02:00,2026-03-14T06:50:06+02:00,4.7,2,6,113079,https://t.me/kievreal1/113079,"Київщина : Група КР курсом на Васильків Група КР курсом на Українку Підтримати канал, буду вдячний Вам: https://base.monobank.ua/4jYdAKEbmc…"
2026-03-14,5,Обухівський,Українка,2026-03-14T02:10:16+02:00,2026-03-14T06:50:06+02:00,4.7,2,6,113079,https://t.me/kievreal1/113079,"Київщина : Група КР курсом на Васильків Група КР курсом на Українку Підтримати канал, буду вдячний Вам: https://base.monobank.ua/4jYdAKEbmc…"
2026-03-14,5,Бориспільський,Переяслав,2026-03-14T02:10:16+02:00,2026-03-14T06:50:06+02:00,4.7,2,6,113080,https://t.me/kievreal1/113080,БпЛА курсом на Переяслав БпЛА курсом на Припʼять
2026-03-14,5,Вишгородський,Чорнобиль,2026-03-14T02:10:16+02:00,2026-03-14T06:50:06+02:00,4.7,2,6,113083,https://t.me/kievreal1/113083,БпЛА курсом на Чорнобильську зону відчуження
2026-03-14,5,Броварський,Бровари,2026-03-14T02:10:16+02:00,2026-03-14T06:50:06+02:00,4.7,2,6,113084,https://t.me/kievreal1/113084,1 БПЛА на Бровари
2026-03-14,7,Броварський,Броварський,2026-03-14T07:00:46+02:00,2026-03-14T08:07:26+02:00,1.1,7,8,113090,https://t.me/kievreal1/113090,"Київщина : наслідки масованого комбінованого удару окупантів Ворог атакував чотири райони області. На жаль, є загиблі та поранені. Станом н…"
2026-03-14,7,Броварський,Бровари,2026-03-14T07:00:46+02:00,2026-03-14T08:07:26+02:00,1.1,7,8,113090,https://t.me/kievreal1/113090,"Київщина : наслідки масованого комбінованого удару окупантів Ворог атакував чотири райони області. На жаль, є загиблі та поранені. Станом н…"
2026-03-14,7,Вишгородський,Вишгородський,2026-03-14T07:00:46+02:00,2026-03-14T08:07:26+02:00,1.1,7,8,113090,https://t.me/kievreal1/113090,"Київщина : наслідки масованого комбінованого удару окупантів Ворог атакував чотири райони області. На жаль, є загиблі та поранені. Станом н…"
2026-03-14,7,Обухівський,Обухівський,2026-03-14T07:00:46+02:00,2026-03-14T08:07:26+02:00,1.1,7,8,113090,https://t.me/kievreal1/113090,"Київщина : наслідки масованого комбінованого удару окупантів Ворог атакував чотири райони області. На жаль, є загиблі та поранені. Станом н…"
2026-03-14,7,Обухівський,Українка,2026-03-14T07:00:46+02:00,2026-03-14T08:07:26+02:00,1.1,7,8,113090,https://t.me/kievreal1/113090,"Київщина : наслідки масованого комбінованого удару окупантів Ворог атакував чотири райони області. На жаль, є загиблі та поранені. Станом н…"
2026-03-14,7,Обухівський,Обухів,2026-03-14T07:00:46+02:00,2026-03-14T08:07:26+02:00,1.1,7,8,113090,https://t.me/kievreal1/113090,"Київщина : наслідки масованого комбінованого удару окупантів Ворог атакував чотири райони області. На жаль, є загиблі та поранені. Станом н…"
2026-03-14,7,Бучанський,Стоянка,2026-03-14T07:00:46+02:00,2026-03-14T08:07:26+02:00,1.1,7,8,113090,https://t.me/kievreal1/113090,"Київщина : наслідки масованого комбінованого удару окупантів Ворог атакував чотири райони області. На жаль, є загиблі та поранені. Станом н…"
2026-03-14,7,Вишгородський,Вишгород,2026-03-14T07:00:46+02:00,2026-03-14T08:07:26+02:00,1.1,7,8,113097,https://t.me/kievreal1/113097,БПЛА на Вишгород
2026-03-14,7,Вишгородський,Вишгород,2026-03-14T07:00:46+02:00,2026-03-14T08:07:26+02:00,1.1,7,8,113098,https://t.me/kievreal1/113098,БпЛА курсом на Вишгород БпЛА курсом на Київ
2026-03-15,9,Вишгородський,Вишгородський,2026-03-15T09:16:16+02:00,2026-03-15T09:48:46+02:00,0.5,9,9,113171,https://t.me/kievreal1/113171,🚨 КИЇВСЬКА ОБЛАСТЬ - ОГОЛОШЕНА ПОВІТРЯНА ТРИВОГА Загроза БПЛА для Вишгородського району
2026-03-16,4,Вишгородський,Іванків,2026-03-16T04:39:46+02:00,2026-03-16T05:11:16+02:00,0.5,4,5,113189,https://t.me/kievreal1/113189,БпЛА курсом на Іванків
2026-03-16,8,Вишгородський,Хотянівка,2026-03-16T08:08:56+02:00,2026-03-16T10:07:36+02:00,2.0,8,10,113198,https://t.me/kievreal1/113198,ТЕЦ 6/Хотянівка
2026-03-16,8,Бучанський,Буча,2026-03-16T08:08:56+02:00,2026-03-16T10:07:36+02:00,2.0,8,10,113207,https://t.me/kievreal1/113207,Буча / Гостомель
2026-03-16,8,Бучанський,Гостомель,2026-03-16T08:08:56+02:00,2026-03-16T10:07:36+02:00,2.0,8,10,113207,https://t.me/kievreal1/113207,Буча / Гостомель
2026-03-16,9,Вишгородський,Хотянівка,2026-03-16T08:08:56+02:00,2026-03-16T10:07:36+02:00,2.0,8,10,113227,https://t.me/kievreal1/113227,БПЛА Хотянівка
2026-03-16,9,Вишгородський,Вишгород,2026-03-16T08:08:56+02:00,2026-03-16T10:07:36+02:00,2.0,8,10,113234,https://t.me/kievreal1/113234,Вишгород
2026-03-16,9,Бучанський,Коцюбинське,2026-03-16T08:08:56+02:00,2026-03-16T10:07:36+02:00,2.0,8,10,113240,https://t.me/kievreal1/113240,Коцюбинське
2026-03-16,11,Фастівський,Фастів,2026-03-16T11:26:06+02:00,2026-03-16T11:44:56+02:00,0.3,11,11,113264,https://t.me/kievreal1/113264,Фастів
2026-03-16,22,Броварський,Броварський,2026-03-16T22:29:06+02:00,2026-03-16T23:18:16+02:00,0.8,22,23,113292,https://t.me/kievreal1/113292,Загроза БПЛА для Броварського району
2026-03-16,22,Вишгородський,Вишгород,2026-03-16T22:29:06+02:00,2026-03-16T23:18:16+02:00,0.8,22,23,113296,https://t.me/kievreal1/113296,Вишгород
2026-03-17,20,Вишгородський,Вишгородський,2026-03-17T20:15:56+02:00,2026-03-17T20:18:46+02:00,0.0,20,20,113354,https://t.me/kievreal1/113354,"🚨 КИЇВСЬКА ОБЛАСТЬ - ОГОЛОШЕНА ПОВІТРЯНА ТРИВОГА Тривогу оголосили для Вишгородського району, однак нічого не спостерігається."
2026-03-17,23,Броварський,Бровари,2026-03-17T23:33:36+02:00,2026-03-18T03:35:46+02:00,4.0,23,3,113363,https://t.me/kievreal1/113363,1 БпЛА на Бровари 1 БпЛА на Бориспіль
2026-03-17,23,Бориспільський,Бориспіль,2026-03-17T23:33:36+02:00,2026-03-18T03:35:46+02:00,4.0,23,3,113363,https://t.me/kievreal1/113363,1 БпЛА на Бровари 1 БпЛА на Бориспіль
2026-03-17,0,Обухівський,Українка,2026-03-17T23:33:36+02:00,2026-03-18T03:35:46+02:00,4.0,23,3,113364,https://t.me/kievreal1/113364,1 БпЛА на Українку
2026-03-17,0,Обухівський,Обухів,2026-03-17T23:33:36+02:00,2026-03-18T03:35:46+02:00,4.0,23,3,113365,https://t.me/kievreal1/113365,1 БпЛА на Обухів
2026-03-17,2,Броварський,Калита,2026-03-17T23:33:36+02:00,2026-03-18T03:35:46+02:00,4.0,23,3,113369,https://t.me/kievreal1/113369,1 БпЛА на Калиту 1 БпЛА на Згурівку
2026-03-17,2,Броварський,Згурівка,2026-03-17T23:33:36+02:00,2026-03-18T03:35:46+02:00,4.0,23,3,113369,https://t.me/kievreal1/113369,1 БпЛА на Калиту 1 БпЛА на Згурівку
2026-03-17,2,Броварський,Калита,2026-03-17T23:33:36+02:00,2026-03-18T03:35:46+02:00,4.0,23,3,113370,https://t.me/kievreal1/113370,1 БпЛА на Калиту 1 БпЛА на Баришівку
2026-03-17,2,Броварський,Баришівка,2026-03-17T23:33:36+02:00,2026-03-18T03:35:46+02:00,4.0,23,3,113370,https://t.me/kievreal1/113370,1 БпЛА на Калиту 1 БпЛА на Баришівку
2026-03-17,2,Вишгородський,Вишгород,2026-03-17T23:33:36+02:00,2026-03-18T03:35:46+02:00,4.0,23,3,113371,https://t.me/kievreal1/113371,1 БпЛА на Вишгород 1 БпЛА на Трипілля
2026-03-17,2,Вишгородський,Вишгород,2026-03-17T23:33:36+02:00,2026-03-18T03:35:46+02:00,4.0,23,3,113373,https://t.me/kievreal1/113373,1 БпЛА повз Вишгород на Пущу-Водицю 1 БпЛА на Ржищів
2026-03-17,2,Обухівський,Ржищів,2026-03-17T23:33:36+02:00,2026-03-18T03:35:46+02:00,4.0,23,3,113373,https://t.me/kievreal1/113373,1 БпЛА повз Вишгород на Пущу-Водицю 1 БпЛА на Ржищів
2026-03-17,3,Бучанський,Ірпінь,2026-03-17T23:33:36+02:00,2026-03-18T03:35:46+02:00,4.0,23,3,113374,https://t.me/kievreal1/113374,1 БпЛА на Ірпінь 1 БпЛА на Стайки
2026-03-17,3,Обухівський,Кагарлик,2026-03-17T23:33:36+02:00,2026-03-18T03:35:46+02:00,4.0,23,3,113375,https://t.me/kievreal1/113375,1 БпЛА на Бишів 1 БпЛА на Кагарлик
2026-03-17,3,Бучанський,Макарів,2026-03-17T23:33:36+02:00,2026-03-18T03:35:46+02:00,4.0,23,3,113376,https://t.me/kievreal1/113376,1 БпЛА на Макарів 1 БпЛА на Кагарлик
2026-03-17,3,Обухівський,Кагарлик,2026-03-17T23:33:36+02:00,2026-03-18T03:35:46+02:00,4.0,23,3,113376,https://t.me/kievreal1/113376,1 БпЛА на Макарів 1 БпЛА на Кагарлик
2026-03-18,7,Броварський,Згурівка,2026-03-18T07:13:36+02:00,2026-03-18T10:14:36+02:00,3.0,7,10,113380,https://t.me/kievreal1/113380,1 БпЛА на Згурівку 1 БпЛА на Чорнобильську зону
2026-03-18,7,Вишгородський,Чорнобиль,2026-03-18T07:13:36+02:00,2026-03-18T10:14:36+02:00,3.0,7,10,113380,https://t.me/kievreal1/113380,1 БпЛА на Згурівку 1 БпЛА на Чорнобильську зону
2026-03-18,7,Бориспільський,Бориспіль,2026-03-18T07:13:36+02:00,2026-03-18T10:14:36+02:00,3.0,7,10,113382,https://t.me/kievreal1/113382,1 БпЛА на Красятичі 1 БпЛА на Бориспіль
2026-03-18,8,Обухівський,Українка,2026-03-18T07:13:36+02:00,2026-03-18T10:14:36+02:00,3.0,7,10,113385,https://t.me/kievreal1/113385,На Трипілля / Українку За траєкторією руху в онлайн режимі стежимо тут – t.me/tryvoga_kyiv
2026-03-18,8,Обухівський,Обухів,2026-03-18T07:13:36+02:00,2026-03-18T10:14:36+02:00,3.0,7,10,113386,https://t.me/kievreal1/113386,Обухів!
2026-03-18,8,Вишгородський,Чорнобиль,2026-03-18T07:13:36+02:00,2026-03-18T10:14:36+02:00,3.0,7,10,113388,https://t.me/kievreal1/113388,БпЛА з Чернігівщини на Чорнобильську зону UPD 8:36 не спостерігається
2026-03-18,9,Броварський,Бровари,2026-03-18T07:13:36+02:00,2026-03-18T10:14:36+02:00,3.0,7,10,113391,https://t.me/kievreal1/113391,У бік Броварів / Великої Димерки За траєкторією руху в онлайн режимі стежимо тут – t.me/tryvoga_kyiv
2026-03-18,17,Вишгородський,Славутич,2026-03-18T17:30:06+02:00,2026-03-18T18:42:56+02:00,1.2,17,18,113422,https://t.me/kievreal1/113422,БпЛА йдуть на / повз Славутич далі на Вишгородський район Слідкуємо тут – t.me/tryvoga_kyiv
2026-03-18,17,Вишгородський,Вишгородський,2026-03-18T17:30:06+02:00,2026-03-18T18:42:56+02:00,1.2,17,18,113422,https://t.me/kievreal1/113422,БпЛА йдуть на / повз Славутич далі на Вишгородський район Слідкуємо тут – t.me/tryvoga_kyiv
2026-03-18,17,Вишгородський,Славутич,2026-03-18T17:30:06+02:00,2026-03-18T18:42:56+02:00,1.2,17,18,113423,https://t.me/kievreal1/113423,БпЛА йдуть на / повз Славутич далі на Вишгородський район Слідкуємо тут – t.me/tryvoga_kyiv
2026-03-18,17,Вишгородський,Вишгородський,2026-03-18T17:30:06+02:00,2026-03-18T18:42:56+02:00,1.2,17,18,113423,https://t.me/kievreal1/113423,БпЛА йдуть на / повз Славутич далі на Вишгородський район Слідкуємо тут – t.me/tryvoga_kyiv
2026-03-18,18,Бориспільський,Бориспільський,2026-03-18T17:30:06+02:00,2026-03-18T18:42:56+02:00,1.2,17,18,113425,https://t.me/kievreal1/113425,Додатково оголосили тривогу у Бориспільському та Броварському районах
2026-03-18,18,Броварський,Броварський,2026-03-18T17:30:06+02:00,2026-03-18T18:42:56+02:00,1.2,17,18,113425,https://t.me/kievreal1/113425,Додатково оголосили тривогу у Бориспільському та Броварському районах
2026-03-18,18,Броварський,Велика Димерка,2026-03-18T17:30:06+02:00,2026-03-18T18:42:56+02:00,1.2,17,18,113427,https://t.me/kievreal1/113427,1 БпЛА курсом на Велику Димерку Про рух шахедів пишуть тут – t.me/tryvoga_kyiv
2026-03-18,18,Броварський,Бровари,2026-03-18T17:30:06+02:00,2026-03-18T18:42:56+02:00,1.2,17,18,113428,https://t.me/kievreal1/113428,Бровари — теж уважно
2026-03-18,18,Вишгородський,Іванків,2026-03-18T17:30:06+02:00,2026-03-18T18:42:56+02:00,1.2,17,18,113429,https://t.me/kievreal1/113429,Іванків уважно
2026-03-18,18,Фастівський,Гатне,2026-03-18T17:30:06+02:00,2026-03-18T18:42:56+02:00,1.2,17,18,113439,https://t.me/kievreal1/113439,Чабани / Хотів / Гатне
2026-03-20,0,Вишгородський,Димер,2026-03-20T00:24:36+02:00,2026-03-20T01:11:56+02:00,0.8,0,1,113481,https://t.me/kievreal1/113481,2 БПЛА на Димер
2026-03-20,0,Вишгородський,Жукин,2026-03-20T00:24:36+02:00,2026-03-20T01:11:56+02:00,0.8,0,1,113482,https://t.me/kievreal1/113482,1 на Жукин
2026-03-20,0,Вишгородський,Вишгород,2026-03-20T00:24:36+02:00,2026-03-20T01:11:56+02:00,0.8,0,1,113483,https://t.me/kievreal1/113483,БПЛА на Вишгород
2026-03-20,1,Білоцерківський,Тараща,2026-03-20T01:23:26+02:00,2026-03-20T02:18:16+02:00,0.9,1,2,113488,https://t.me/kievreal1/113488,1 на Таращу
2026-03-20,1,Білоцерківський,Сквира,2026-03-20T01:23:26+02:00,2026-03-20T02:18:16+02:00,0.9,1,2,113489,https://t.me/kievreal1/113489,1 на Сквиру 1 на Ставище
2026-03-20,1,Білоцерківський,Ставище,2026-03-20T01:23:26+02:00,2026-03-20T02:18:16+02:00,0.9,1,2,113489,https://t.me/kievreal1/113489,1 на Сквиру 1 на Ставище
2026-03-20,1,Білоцерківський,Сквира,2026-03-20T01:23:26+02:00,2026-03-20T02:18:16+02:00,0.9,1,2,113490,https://t.me/kievreal1/113490,1 повз Сквиру на Житомирщину 1 на Володарку
2026-03-20,1,Білоцерківський,Володарка,2026-03-20T01:23:26+02:00,2026-03-20T02:18:16+02:00,0.9,1,2,113490,https://t.me/kievreal1/113490,1 повз Сквиру на Житомирщину 1 на Володарку
2026-03-21,20,Бориспільський,Бориспільський,2026-03-21T20:38:26+02:00,2026-03-21T21:05:16+02:00,0.4,20,21,113555,https://t.me/kievreal1/113555,🚨 КИЇВСЬКА ОБЛАСТЬ - ОГОЛОШЕНА ПОВІТРЯНА ТРИВОГА Тривога в Бориспільському районі через БпЛА на Черкащині на Драбів.
2026-03-21,23,Броварський,Велика Димерка,2026-03-21T23:36:46+02:00,2026-03-22T02:46:36+02:00,3.2,23,2,113567,https://t.me/kievreal1/113567,1 шахед на Велику Димерку
2026-03-21,23,Броварський,Бровари,2026-03-21T23:36:46+02:00,2026-03-22T02:46:36+02:00,3.2,23,2,113568,https://t.me/kievreal1/113568,"БПЛА через Бровари на Київ Підтримати канал, буду вдячний Вам: https://base.monobank.ua/4jYdAKEbmcrmLL ➡"
2026-03-21,23,Броварський,Бровари,2026-03-21T23:36:46+02:00,2026-03-22T02:46:36+02:00,3.2,23,2,113569,https://t.me/kievreal1/113569,1 шахед на Бровари
2026-03-21,23,Броварський,Бровари,2026-03-21T23:36:46+02:00,2026-03-22T02:46:36+02:00,3.2,23,2,113571,https://t.me/kievreal1/113571,Київ : БпЛА повз Бровари курсом на ДВРЗ
2026-03-21,0,Броварський,Бровари,2026-03-21T23:36:46+02:00,2026-03-22T02:46:36+02:00,3.2,23,2,113573,https://t.me/kievreal1/113573,2 шахеди на Бровари
2026-03-21,0,Вишгородський,Вишгород,2026-03-21T23:36:46+02:00,2026-03-22T02:46:36+02:00,3.2,23,2,113576,https://t.me/kievreal1/113576,БПЛА на Вишгород
2026-03-21,0,Вишгородський,Вишгород,2026-03-21T23:36:46+02:00,2026-03-22T02:46:36+02:00,3.2,23,2,113577,https://t.me/kievreal1/113577,БпЛА курсом на Вишгород БпЛА курсом на Згурівку 2х БпЛА повз Велику Димерку курсом на Бровари
2026-03-21,0,Броварський,Згурівка,2026-03-21T23:36:46+02:00,2026-03-22T02:46:36+02:00,3.2,23,2,113577,https://t.me/kievreal1/113577,БпЛА курсом на Вишгород БпЛА курсом на Згурівку 2х БпЛА повз Велику Димерку курсом на Бровари
2026-03-21,0,Броварський,Велика Димерка,2026-03-21T23:36:46+02:00,2026-03-22T02:46:36+02:00,3.2,23,2,113577,https://t.me/kievreal1/113577,БпЛА курсом на Вишгород БпЛА курсом на Згурівку 2х БпЛА повз Велику Димерку курсом на Бровари
2026-03-21,0,Броварський,Бровари,2026-03-21T23:36:46+02:00,2026-03-22T02:46:36+02:00,3.2,23,2,113577,https://t.me/kievreal1/113577,БпЛА курсом на Вишгород БпЛА курсом на Згурівку 2х БпЛА повз Велику Димерку курсом на Бровари
2026-03-21,0,Вишгородський,Димер,2026-03-21T23:36:46+02:00,2026-03-22T02:46:36+02:00,3.2,23,2,113579,https://t.me/kievreal1/113579,БпЛА курсом на Димер БпЛА курсом на Велику Димерку
2026-03-21,0,Броварський,Велика Димерка,2026-03-21T23:36:46+02:00,2026-03-22T02:46:36+02:00,3.2,23,2,113579,https://t.me/kievreal1/113579,БпЛА курсом на Димер БпЛА курсом на Велику Димерку
2026-03-21,0,Броварський,Бровари,2026-03-21T23:36:46+02:00,2026-03-22T02:46:36+02:00,3.2,23,2,113580,https://t.me/kievreal1/113580,2х БпЛА курсом на Бровари БпЛА курсом на Димер БпЛА курсом на Чорнобиль
2026-03-21,0,Вишгородський,Димер,2026-03-21T23:36:46+02:00,2026-03-22T02:46:36+02:00,3.2,23,2,113580,https://t.me/kievreal1/113580,2х БпЛА курсом на Бровари БпЛА курсом на Димер БпЛА курсом на Чорнобиль
2026-03-21,0,Вишгородський,Чорнобиль,2026-03-21T23:36:46+02:00,2026-03-22T02:46:36+02:00,3.2,23,2,113580,https://t.me/kievreal1/113580,2х БпЛА курсом на Бровари БпЛА курсом на Димер БпЛА курсом на Чорнобиль
2026-03-21,0,Вишгородський,Вишгород,2026-03-21T23:36:46+02:00,2026-03-22T02:46:36+02:00,3.2,23,2,113581,https://t.me/kievreal1/113581,Ще БПЛА на Вишгород
2026-03-21,0,Бучанський,Пісківка,2026-03-21T23:36:46+02:00,2026-03-22T02:46:36+02:00,3.2,23,2,113582,https://t.me/kievreal1/113582,"1 шахед на Пісківку, 1 на ЧЗВ з Чернігівщини , 1 в бік Рожнів"
2026-03-21,0,Броварський,Велика Димерка,2026-03-21T23:36:46+02:00,2026-03-22T02:46:36+02:00,3.2,23,2,113583,https://t.me/kievreal1/113583,БпЛА курсом на Велику Димерку БпЛА курсом на Вишгород БпЛА курсом на Пісківку
2026-03-21,0,Вишгородський,Вишгород,2026-03-21T23:36:46+02:00,2026-03-22T02:46:36+02:00,3.2,23,2,113583,https://t.me/kievreal1/113583,БпЛА курсом на Велику Димерку БпЛА курсом на Вишгород БпЛА курсом на Пісківку
2026-03-21,0,Бучанський,Пісківка,2026-03-21T23:36:46+02:00,2026-03-22T02:46:36+02:00,3.2,23,2,113583,https://t.me/kievreal1/113583,БпЛА курсом на Велику Димерку БпЛА курсом на Вишгород БпЛА курсом на Пісківку
2026-03-21,0,Обухівський,Козин,2026-03-21T23:36:46+02:00,2026-03-22T02:46:36+02:00,3.2,23,2,113584,https://t.me/kievreal1/113584,"Бортничі, Вишеньки, Козин - БПЛА до вас Слідкувати за рухом шахедів в столиці - https://t.me/+8npgfltbb1wzMTUy"
2026-03-21,2,Броварський,Броварський,2026-03-21T23:36:46+02:00,2026-03-22T02:46:36+02:00,3.2,23,2,113589,https://t.me/kievreal1/113589,"Чергова нічна ворожа атака дронів на Київщину . Під ударом — мирні населені пункти, цивільні підприємства, домівки наших людей. Наслідки ат…"
2026-03-21,2,Броварський,Бровари,2026-03-21T23:36:46+02:00,2026-03-22T02:46:36+02:00,3.2,23,2,113590,https://t.me/kievreal1/113590,"Київщина : БПЛА на Бровари Підтримати канал, буду вдячний Вам: https://base.monobank.ua/4jYdAKEbmcrmLL ➡"
2026-03-22,13,Броварський,Броварський,2026-03-22T13:15:16+02:00,2026-03-22T13:48:36+02:00,0.6,13,13,113611,https://t.me/kievreal1/113611,🚨 КИЇВСЬКА ОБЛАСТЬ - ОГОЛОШЕНА ПОВІТРЯНА ТРИВОГА Загроза для Броварського та Бориспільського районів.
2026-03-22,13,Бориспільський,Бориспільський,2026-03-22T13:15:16+02:00,2026-03-22T13:48:36+02:00,0.6,13,13,113611,https://t.me/kievreal1/113611,🚨 КИЇВСЬКА ОБЛАСТЬ - ОГОЛОШЕНА ПОВІТРЯНА ТРИВОГА Загроза для Броварського та Бориспільського районів.
2026-03-22,13,Бориспільський,Бориспільський,2026-03-22T13:15:16+02:00,2026-03-22T13:48:36+02:00,0.6,13,13,113615,https://t.me/kievreal1/113615,В бік Бориспільського аеропорту
2026-03-22,20,Бориспільський,Бориспільський,2026-03-22T20:11:46+02:00,2026-03-22T21:00:26+02:00,0.8,20,21,113652,https://t.me/kievreal1/113652,Загроза для Бориспільського району через безпілотник в бік Яготина з Чернігівської області
2026-03-22,20,Бориспільський,Яготин,2026-03-22T20:11:46+02:00,2026-03-22T21:00:26+02:00,0.8,20,21,113652,https://t.me/kievreal1/113652,Загроза для Бориспільського району через безпілотник в бік Яготина з Чернігівської області
2026-03-22,20,Бориспільський,Бориспільський,2026-03-22T20:11:46+02:00,2026-03-22T21:00:26+02:00,0.8,20,21,113653,https://t.me/kievreal1/113653,Загроза для Бориспільського району через безпілотник в бік Яготина з Чернігівської області
2026-03-22,20,Бориспільський,Яготин,2026-03-22T20:11:46+02:00,2026-03-22T21:00:26+02:00,0.8,20,21,113653,https://t.me/kievreal1/113653,Загроза для Бориспільського району через безпілотник в бік Яготина з Чернігівської області
2026-03-23,23,Бориспільський,Яготин,2026-03-23T23:47:06+02:00,2026-03-24T01:32:56+02:00,1.8,23,1,113688,https://t.me/kievreal1/113688,Яготин - БПЛА до вас
2026-03-23,0,Бориспільський,Переяслав,2026-03-23T23:47:06+02:00,2026-03-24T01:32:56+02:00,1.8,23,1,113689,https://t.me/kievreal1/113689,Переяслав
2026-03-23,0,Бориспільський,Переяслав,2026-03-23T23:47:06+02:00,2026-03-24T01:32:56+02:00,1.8,23,1,113690,https://t.me/kievreal1/113690,Переяслав
2026-03-23,0,Обухівський,Обухів,2026-03-23T23:47:06+02:00,2026-03-24T01:32:56+02:00,1.8,23,1,113691,https://t.me/kievreal1/113691,БПЛА на Обухів
2026-03-23,0,Обухівський,Ржищів,2026-03-23T23:47:06+02:00,2026-03-24T01:32:56+02:00,1.8,23,1,113692,https://t.me/kievreal1/113692,Ржищів
2026-03-23,0,Обухівський,Обухів,2026-03-23T23:47:06+02:00,2026-03-24T01:32:56+02:00,1.8,23,1,113696,https://t.me/kievreal1/113696,Обухів - ховаємось
2026-03-23,0,Бучанський,Вишневе,2026-03-23T23:47:06+02:00,2026-03-24T01:32:56+02:00,1.8,23,1,113720,https://t.me/kievreal1/113720,1 на Вишневе
2026-03-24,4,Вишгородський,Чорнобиль,2026-03-24T02:51:16+02:00,2026-03-24T05:51:36+02:00,3.0,2,5,113732,https://t.me/kievreal1/113732,3 БПЛА над Чорнобилем
2026-03-24,5,Вишгородський,Десна,2026-03-24T02:51:16+02:00,2026-03-24T05:51:36+02:00,3.0,2,5,113739,https://t.me/kievreal1/113739,На Десну
2026-03-24,5,Вишгородський,Вишгородський,2026-03-24T02:51:16+02:00,2026-03-24T05:51:36+02:00,3.0,2,5,113740,https://t.me/kievreal1/113740,Вишгородський район
2026-03-24,5,Вишгородський,Іванків,2026-03-24T02:51:16+02:00,2026-03-24T05:51:36+02:00,3.0,2,5,113741,https://t.me/kievreal1/113741,Іванків
2026-03-24,5,Фастівський,Фастів,2026-03-24T02:51:16+02:00,2026-03-24T05:51:36+02:00,3.0,2,5,113745,https://t.me/kievreal1/113745,Повернули на Фастів
2026-03-24,11,Броварський,Велика Димерка,2026-03-24T11:02:16+02:00,2026-03-24T17:54:26+02:00,6.9,11,17,113759,https://t.me/kievreal1/113759,Велика Димерка
2026-03-24,11,Бориспільський,Яготин,2026-03-24T11:02:16+02:00,2026-03-24T17:54:26+02:00,6.9,11,17,113760,https://t.me/kievreal1/113760,Яготин
2026-03-24,11,Бориспільський,Переяслав,2026-03-24T11:02:16+02:00,2026-03-24T17:54:26+02:00,6.9,11,17,113761,https://t.me/kievreal1/113761,Переяслав Стежити за траєкторією - t.me/kyiv_radar
2026-03-24,12,Броварський,Бровари,2026-03-24T11:02:16+02:00,2026-03-24T17:54:26+02:00,6.9,11,17,113763,https://t.me/kievreal1/113763,Бровари
2026-03-24,12,Вишгородський,Вишгород,2026-03-24T11:02:16+02:00,2026-03-24T17:54:26+02:00,6.9,11,17,113767,https://t.me/kievreal1/113767,З Вишгорода до нас
2026-03-24,12,Бучанський,Ірпінь,2026-03-24T11:02:16+02:00,2026-03-24T17:54:26+02:00,6.9,11,17,113768,https://t.me/kievreal1/113768,"Виноградар, Ірпінь"
2026-03-24,13,Броварський,Бровари,2026-03-24T11:02:16+02:00,2026-03-24T17:54:26+02:00,6.9,11,17,113780,https://t.me/kievreal1/113780,Бровари
2026-03-24,13,Бориспільський,Бориспіль,2026-03-24T11:02:16+02:00,2026-03-24T17:54:26+02:00,6.9,11,17,113781,https://t.me/kievreal1/113781,Бориспіль
2026-03-24,14,Вишгородський,Лютіж,2026-03-24T11:02:16+02:00,2026-03-24T17:54:26+02:00,6.9,11,17,113787,https://t.me/kievreal1/113787,"Лютіж, Бровари"
2026-03-24,14,Броварський,Бровари,2026-03-24T11:02:16+02:00,2026-03-24T17:54:26+02:00,6.9,11,17,113787,https://t.me/kievreal1/113787,"Лютіж, Бровари"
2026-03-24,14,Вишгородський,Вишгород,2026-03-24T11:02:16+02:00,2026-03-24T17:54:26+02:00,6.9,11,17,113789,https://t.me/kievreal1/113789,Вишгород
2026-03-24,14,Вишгородський,Іванків,2026-03-24T11:02:16+02:00,2026-03-24T17:54:26+02:00,6.9,11,17,113791,https://t.me/kievreal1/113791,Іванків
2026-03-24,15,Броварський,Велика Димерка,2026-03-24T11:02:16+02:00,2026-03-24T17:54:26+02:00,6.9,11,17,113801,https://t.me/kievreal1/113801,Велика Димерка
2026-03-25,13,Вишгородський,Вишгородський,2026-03-25T13:16:26+02:00,2026-03-25T13:29:46+02:00,0.2,13,13,113838,https://t.me/kievreal1/113838,🚨 КИЇВСЬКА ОБЛАСТЬ - ОГОЛОШЕНА ПОВІТРЯНА ТРИВОГА Загроза для Вишгородського району через БпЛА з Чернігівщини на водосховище.
2026-03-25,17,Вишгородський,Вишгородський,2026-03-25T17:32:56+02:00,2026-03-25T17:38:26+02:00,0.1,17,17,113853,https://t.me/kievreal1/113853,"😳 БпЛА з РБ в бік Вишгородського району, на Чорнобильську зону Стежимо за напрямом руху – t.me/tryvoga_kyiv"
2026-03-25,17,Вишгородський,Чорнобиль,2026-03-25T17:32:56+02:00,2026-03-25T17:38:26+02:00,0.1,17,17,113853,https://t.me/kievreal1/113853,"😳 БпЛА з РБ в бік Вишгородського району, на Чорнобильську зону Стежимо за напрямом руху – t.me/tryvoga_kyiv"
2026-03-25,19,Бориспільський,Бориспільський,2026-03-25T19:06:26+02:00,2026-03-25T19:20:26+02:00,0.2,19,19,113857,https://t.me/kievreal1/113857,Загроза для Бориспільського району через БпЛА з Чернігівщини Стежити за траєкторією - t.me/kyiv_radar
2026-03-25,21,Бориспільський,Бориспільський,2026-03-25T21:39:26+02:00,2026-03-25T22:54:26+02:00,1.2,21,22,113861,https://t.me/kievreal1/113861,🚨 КИЇВСЬКА ОБЛАСТЬ - ОГОЛОШЕНА ПОВІТРЯНА ТРИВОГА Загроза для Бориспільського району через 1 БпЛА на Черкащині.
2026-03-25,22,Бориспільський,Переяслав,2026-03-25T21:39:26+02:00,2026-03-25T22:54:26+02:00,1.2,21,22,113863,https://t.me/kievreal1/113863,"В районі Переяслава БпЛА, ймовірно розвідка"
2026-03-26,8,Бориспільський,Бориспільський,2026-03-26T08:52:56+02:00,2026-03-26T09:15:06+02:00,0.4,8,9,113868,https://t.me/kievreal1/113868,"Тривога в Бориспільському районі через БпЛА поблизу Пирятина на Полтавщині, що курсує на Черкащину Стежимо за напрямом руху – t.me/tryvoga_…"
2026-03-26,9,Обухівський,Обухівський,2026-03-26T09:26:16+02:00,2026-03-26T10:34:36+02:00,1.1,9,10,113870,https://t.me/kievreal1/113870,🚨 КИЇВСЬКА ОБЛАСТЬ - ОГОЛОШЕНА ПОВІТРЯНА ТРИВОГА Тепер загроза для Обухівського району через БпЛА в районі Канева Черкаської області.
2026-03-27,23,Броварський,Згурівка,2026-03-27T23:04:06+02:00,2026-03-27T23:16:56+02:00,0.2,23,23,113967,https://t.me/kievreal1/113967,"Київщина : БПЛА на Згурівку з Чернігівщини Підтримати канал, буду вдячний Вам: https://base.monobank.ua/4jYdAKEbmcrmLL ➡"
2026-03-28,17,Бориспільський,Яготин,2026-03-28T17:46:46+02:00,2026-03-28T20:00:06+02:00,2.2,17,20,113985,https://t.me/kievreal1/113985,На Яготин близько 5 БПЛА
2026-03-28,18,Білоцерківський,Біла Церква,2026-03-28T17:46:46+02:00,2026-03-28T20:00:06+02:00,2.2,17,20,113986,https://t.me/kievreal1/113986,Біла Церква уважно
2026-03-28,18,Броварський,Згурівка,2026-03-28T17:46:46+02:00,2026-03-28T20:00:06+02:00,2.2,17,20,113987,https://t.me/kievreal1/113987,Більше 10 БПЛА на Згурівку
2026-03-28,18,Бориспільський,Яготин,2026-03-28T17:46:46+02:00,2026-03-28T20:00:06+02:00,2.2,17,20,113988,https://t.me/kievreal1/113988,Ще на Яготин
2026-03-28,19,Бориспільський,Переяслав,2026-03-28T17:46:46+02:00,2026-03-28T20:00:06+02:00,2.2,17,20,113991,https://t.me/kievreal1/113991,БПЛА далі на Переяслав
2026-03-28,19,Обухівський,Кагарлик,2026-03-28T17:46:46+02:00,2026-03-28T20:00:06+02:00,2.2,17,20,113992,https://t.me/kievreal1/113992,Кагарлик
2026-03-29,1,Бориспільський,Бориспільський,2026-03-29T01:55:26+02:00,2026-03-29T12:46:56+03:00,10.9,1,12,114007,https://t.me/kievreal1/114007,"З Чернігівщини шахеди на Бориспільський /Броварський район Київщини Підтримати канал, буду вдячний Вам: https://base.monobank.ua/4jYdAKEbmc…"
2026-03-29,1,Броварський,Броварський,2026-03-29T01:55:26+02:00,2026-03-29T12:46:56+03:00,10.9,1,12,114007,https://t.me/kievreal1/114007,"З Чернігівщини шахеди на Бориспільський /Броварський район Київщини Підтримати канал, буду вдячний Вам: https://base.monobank.ua/4jYdAKEbmc…"
2026-03-29,2,Бориспільський,Яготин,2026-03-29T01:55:26+02:00,2026-03-29T12:46:56+03:00,10.9,1,12,114008,https://t.me/kievreal1/114008,БПЛА на Яготин
2026-03-29,2,Вишгородський,Димер,2026-03-29T01:55:26+02:00,2026-03-29T12:46:56+03:00,10.9,1,12,114009,https://t.me/kievreal1/114009,БпЛА курсом на Димер
2026-03-29,2,Бучанський,Бородянка,2026-03-29T01:55:26+02:00,2026-03-29T12:46:56+03:00,10.9,1,12,114010,https://t.me/kievreal1/114010,БпЛА на Бородянку
2026-03-29,4,Вишгородський,Димер,2026-03-29T01:55:26+02:00,2026-03-29T12:46:56+03:00,10.9,1,12,114011,https://t.me/kievreal1/114011,БпЛА курсом на Димер
2026-03-29,4,Вишгородський,Димер,2026-03-29T01:55:26+02:00,2026-03-29T12:46:56+03:00,10.9,1,12,114012,https://t.me/kievreal1/114012,БпЛА курсом на Димер 3х БпЛА курсом на Згурівку 2х БпЛА курсом на Яготин
2026-03-29,4,Броварський,Згурівка,2026-03-29T01:55:26+02:00,2026-03-29T12:46:56+03:00,10.9,1,12,114012,https://t.me/kievreal1/114012,БпЛА курсом на Димер 3х БпЛА курсом на Згурівку 2х БпЛА курсом на Яготин
2026-03-29,4,Бориспільський,Яготин,2026-03-29T01:55:26+02:00,2026-03-29T12:46:56+03:00,10.9,1,12,114012,https://t.me/kievreal1/114012,БпЛА курсом на Димер 3х БпЛА курсом на Згурівку 2х БпЛА курсом на Яготин
2026-03-29,4,Бориспільський,Березань,2026-03-29T01:55:26+02:00,2026-03-29T12:46:56+03:00,10.9,1,12,114013,https://t.me/kievreal1/114013,БпЛА курсом на Березань 2х БпЛА курсом на Згурівку БпЛА курсом на Димер
2026-03-29,4,Броварський,Згурівка,2026-03-29T01:55:26+02:00,2026-03-29T12:46:56+03:00,10.9,1,12,114013,https://t.me/kievreal1/114013,БпЛА курсом на Березань 2х БпЛА курсом на Згурівку БпЛА курсом на Димер
2026-03-29,4,Вишгородський,Димер,2026-03-29T01:55:26+02:00,2026-03-29T12:46:56+03:00,10.9,1,12,114013,https://t.me/kievreal1/114013,БпЛА курсом на Березань 2х БпЛА курсом на Згурівку БпЛА курсом на Димер
2026-03-29,5,Вишгородський,Димер,2026-03-29T01:55:26+02:00,2026-03-29T12:46:56+03:00,10.9,1,12,114014,https://t.me/kievreal1/114014,БпЛА курсом на Димер БпЛА курсом на Переяслав БпЛА курсом на Ржищів БпЛА курсом на Білу Церкву 2х БпЛА курсом на Іванків
2026-03-29,5,Бориспільський,Переяслав,2026-03-29T01:55:26+02:00,2026-03-29T12:46:56+03:00,10.9,1,12,114014,https://t.me/kievreal1/114014,БпЛА курсом на Димер БпЛА курсом на Переяслав БпЛА курсом на Ржищів БпЛА курсом на Білу Церкву 2х БпЛА курсом на Іванків
2026-03-29,5,Обухівський,Ржищів,2026-03-29T01:55:26+02:00,2026-03-29T12:46:56+03:00,10.9,1,12,114014,https://t.me/kievreal1/114014,БпЛА курсом на Димер БпЛА курсом на Переяслав БпЛА курсом на Ржищів БпЛА курсом на Білу Церкву 2х БпЛА курсом на Іванків
2026-03-29,5,Вишгородський,Іванків,2026-03-29T01:55:26+02:00,2026-03-29T12:46:56+03:00,10.9,1,12,114014,https://t.me/kievreal1/114014,БпЛА курсом на Димер БпЛА курсом на Переяслав БпЛА курсом на Ржищів БпЛА курсом на Білу Церкву 2х БпЛА курсом на Іванків
2026-03-29,5,Вишгородський,Димер,2026-03-29T01:55:26+02:00,2026-03-29T12:46:56+03:00,10.9,1,12,114015,https://t.me/kievreal1/114015,БпЛА курсом на Димер 3х БпЛА курсом на водосховище 4х БпЛА курсом на Білу Церкву БпЛА курсом на Володарку
2026-03-29,5,Білоцерківський,Володарка,2026-03-29T01:55:26+02:00,2026-03-29T12:46:56+03:00,10.9,1,12,114015,https://t.me/kievreal1/114015,БпЛА курсом на Димер 3х БпЛА курсом на водосховище 4х БпЛА курсом на Білу Церкву БпЛА курсом на Володарку
2026-03-29,5,Вишгородський,Димер,2026-03-29T01:55:26+02:00,2026-03-29T12:46:56+03:00,10.9,1,12,114016,https://t.me/kievreal1/114016,БпЛА курсом на Димер 2х БпЛА курсом на Переяслав БпЛА курсом на Гребінки
2026-03-29,5,Бориспільський,Переяслав,2026-03-29T01:55:26+02:00,2026-03-29T12:46:56+03:00,10.9,1,12,114016,https://t.me/kievreal1/114016,БпЛА курсом на Димер 2х БпЛА курсом на Переяслав БпЛА курсом на Гребінки
2026-03-29,6,Бучанський,Пісківка,2026-03-29T01:55:26+02:00,2026-03-29T12:46:56+03:00,10.9,1,12,114017,https://t.me/kievreal1/114017,БпЛА курсом на Пісківку БпЛА над водосховищем
2026-03-29,6,Броварський,Згурівка,2026-03-29T01:55:26+02:00,2026-03-29T12:46:56+03:00,10.9,1,12,114018,https://t.me/kievreal1/114018,БпЛА курсом на Згурівку
2026-03-29,6,Білоцерківський,Біла Церква,2026-03-29T01:55:26+02:00,2026-03-29T12:46:56+03:00,10.9,1,12,114022,https://t.me/kievreal1/114022,Біла Церква - вибухи
2026-03-29,7,Вишгородський,Чорнобиль,2026-03-29T01:55:26+02:00,2026-03-29T12:46:56+03:00,10.9,1,12,114023,https://t.me/kievreal1/114023,БпЛА курсом на Чорнобиль
2026-03-29,7,Обухівський,Ржищів,2026-03-29T01:55:26+02:00,2026-03-29T12:46:56+03:00,10.9,1,12,114024,https://t.me/kievreal1/114024,БпЛА курсом на Ржищів
2026-03-29,7,Обухівський,Кагарлик,2026-03-29T01:55:26+02:00,2026-03-29T12:46:56+03:00,10.9,1,12,114025,https://t.me/kievreal1/114025,1 на Гребінки 1 на Кагарлик 1 на Бориспіль
2026-03-29,7,Бориспільський,Бориспіль,2026-03-29T01:55:26+02:00,2026-03-29T12:46:56+03:00,10.9,1,12,114025,https://t.me/kievreal1/114025,1 на Гребінки 1 на Кагарлик 1 на Бориспіль
2026-03-29,7,Бориспільський,Бориспіль,2026-03-29T01:55:26+02:00,2026-03-29T12:46:56+03:00,10.9,1,12,114026,https://t.me/kievreal1/114026,1 на Бориспіль 1 на Обухів 1 на Фастів 1 на Чорнобильську зону
2026-03-29,7,Обухівський,Обухів,2026-03-29T01:55:26+02:00,2026-03-29T12:46:56+03:00,10.9,1,12,114026,https://t.me/kievreal1/114026,1 на Бориспіль 1 на Обухів 1 на Фастів 1 на Чорнобильську зону
2026-03-29,7,Фастівський,Фастів,2026-03-29T01:55:26+02:00,2026-03-29T12:46:56+03:00,10.9,1,12,114026,https://t.me/kievreal1/114026,1 на Бориспіль 1 на Обухів 1 на Фастів 1 на Чорнобильську зону
2026-03-29,7,Вишгородський,Чорнобиль,2026-03-29T01:55:26+02:00,2026-03-29T12:46:56+03:00,10.9,1,12,114026,https://t.me/kievreal1/114026,1 на Бориспіль 1 на Обухів 1 на Фастів 1 на Чорнобильську зону
2026-03-29,7,Броварський,Бровари,2026-03-29T01:55:26+02:00,2026-03-29T12:46:56+03:00,10.9,1,12,114027,https://t.me/kievreal1/114027,1 на Бровари 1 на Васильків 1 на Фастів 1 на Гребінки 1 на Чорнобильську зону відчуження
2026-03-29,7,Обухівський,Васильків,2026-03-29T01:55:26+02:00,2026-03-29T12:46:56+03:00,10.9,1,12,114027,https://t.me/kievreal1/114027,1 на Бровари 1 на Васильків 1 на Фастів 1 на Гребінки 1 на Чорнобильську зону відчуження
2026-03-29,7,Фастівський,Фастів,2026-03-29T01:55:26+02:00,2026-03-29T12:46:56+03:00,10.9,1,12,114027,https://t.me/kievreal1/114027,1 на Бровари 1 на Васильків 1 на Фастів 1 на Гребінки 1 на Чорнобильську зону відчуження
2026-03-29,7,Вишгородський,Чорнобиль,2026-03-29T01:55:26+02:00,2026-03-29T12:46:56+03:00,10.9,1,12,114027,https://t.me/kievreal1/114027,1 на Бровари 1 на Васильків 1 на Фастів 1 на Гребінки 1 на Чорнобильську зону відчуження
2026-03-29,7,Обухівський,Васильків,2026-03-29T01:55:26+02:00,2026-03-29T12:46:56+03:00,10.9,1,12,114028,https://t.me/kievreal1/114028,1 на Васильків
2026-03-29,8,Обухівський,Васильків,2026-03-29T01:55:26+02:00,2026-03-29T12:46:56+03:00,10.9,1,12,114029,https://t.me/kievreal1/114029,1 на Васильків
2026-03-29,8,Бучанський,Макарів,2026-03-29T01:55:26+02:00,2026-03-29T12:46:56+03:00,10.9,1,12,114030,https://t.me/kievreal1/114030,На Макарів
2026-03-29,8,Бучанський,Вишневе,2026-03-29T01:55:26+02:00,2026-03-29T12:46:56+03:00,10.9,1,12,114031,https://t.me/kievreal1/114031,Вишневе/ Борщагівки – у ваш бік
2026-03-29,8,Бучанський,Борщагівка,2026-03-29T01:55:26+02:00,2026-03-29T12:46:56+03:00,10.9,1,12,114031,https://t.me/kievreal1/114031,Вишневе/ Борщагівки – у ваш бік
2026-03-29,8,Обухівський,Миронівка,2026-03-29T01:55:26+02:00,2026-03-29T12:46:56+03:00,10.9,1,12,114033,https://t.me/kievreal1/114033,+ з Черкащини в бік Миронівки
2026-03-29,8,Бучанський,Вишневе,2026-03-29T01:55:26+02:00,2026-03-29T12:46:56+03:00,10.9,1,12,114034,https://t.me/kievreal1/114034,Вишневе/ Борщагівки – у ваш бік
2026-03-29,8,Бучанський,Борщагівка,2026-03-29T01:55:26+02:00,2026-03-29T12:46:56+03:00,10.9,1,12,114034,https://t.me/kievreal1/114034,Вишневе/ Борщагівки – у ваш бік
2026-03-29,8,Бучанський,Борщагівка,2026-03-29T01:55:26+02:00,2026-03-29T12:46:56+03:00,10.9,1,12,114035,https://t.me/kievreal1/114035,Над Борщагівкой!
2026-03-29,8,Обухівський,Миронівка,2026-03-29T01:55:26+02:00,2026-03-29T12:46:56+03:00,10.9,1,12,114038,https://t.me/kievreal1/114038,+ з Черкащини в бік Миронівки
2026-03-29,8,Білоцерківський,Білоцерківський,2026-03-29T01:55:26+02:00,2026-03-29T12:46:56+03:00,10.9,1,12,114039,https://t.me/kievreal1/114039,У Білоцерківському районі зафіксовано падіння уламків ворожих цілей У нежитловому приміщенні виникла пожежа. Про постраждалих наразі не пов…
2026-03-29,8,Білоцерківський,Біла Церква,2026-03-29T01:55:26+02:00,2026-03-29T12:46:56+03:00,10.9,1,12,114041,https://t.me/kievreal1/114041,Біла Церква – перший підлітає
2026-03-29,8,Білоцерківський,Біла Церква,2026-03-29T01:55:26+02:00,2026-03-29T12:46:56+03:00,10.9,1,12,114043,https://t.me/kievreal1/114043,Біла Церква – перший підлітає
2026-03-29,9,Вишгородський,Чорнобиль,2026-03-29T01:55:26+02:00,2026-03-29T12:46:56+03:00,10.9,1,12,114045,https://t.me/kievreal1/114045,БпЛА від водосховища та Чорнобильської зони в бік Житомирської області Стежити за обстановкою в Житомирі можна тут - t.me/Zhytomyr
2026-03-29,9,Бориспільський,Бориспільський,2026-03-29T01:55:26+02:00,2026-03-29T12:46:56+03:00,10.9,1,12,114046,https://t.me/kievreal1/114046,Також через атаку рф є незначні пошкодження в Бориспільському районі Там пошкоджено господарську інфраструктуру одного з агропідприємств. В…
2026-03-29,9,Білоцерківський,Білоцерківський,2026-03-29T01:55:26+02:00,2026-03-29T12:46:56+03:00,10.9,1,12,114046,https://t.me/kievreal1/114046,Також через атаку рф є незначні пошкодження в Бориспільському районі Там пошкоджено господарську інфраструктуру одного з агропідприємств. В…
2026-03-29,10,Бучанський,Пісківка,2026-03-29T01:55:26+02:00,2026-03-29T12:46:56+03:00,10.9,1,12,114047,https://t.me/kievreal1/114047,БпЛА від Пісківки в бік Макарова Стежити за траєкторією - t.me/kyiv_radar
2026-03-29,10,Фастівський,Фастів,2026-03-29T01:55:26+02:00,2026-03-29T12:46:56+03:00,10.9,1,12,114048,https://t.me/kievreal1/114048,Фастів – до вас! Уважно
2026-03-29,10,Фастівський,Фастів,2026-03-29T01:55:26+02:00,2026-03-29T12:46:56+03:00,10.9,1,12,114051,https://t.me/kievreal1/114051,Фастів – до вас! Уважно
2026-03-29,10,Білоцерківський,Біла Церква,2026-03-29T01:55:26+02:00,2026-03-29T12:46:56+03:00,10.9,1,12,114052,https://t.me/kievreal1/114052,Біла Церква – уважно! І плюс два в зоні
2026-03-29,10,Фастівський,Фастів,2026-03-29T01:55:26+02:00,2026-03-29T12:46:56+03:00,10.9,1,12,114053,https://t.me/kievreal1/114053,"Фастів – до вас БпЛА 🤫 якщо у вас premium, підтримайте, будь ласка, наш канал своїм голосом – t.me/kievreal1?boost"
2026-03-29,11,Вишгородський,Іванків,2026-03-29T01:55:26+02:00,2026-03-29T12:46:56+03:00,10.9,1,12,114054,https://t.me/kievreal1/114054,На Іванків декілька БпЛА P.S про рух повітряних цілей тут – t.me/tryvoga_kyiv
2026-03-29,11,Бучанський,Гостомель,2026-03-29T01:55:26+02:00,2026-03-29T12:46:56+03:00,10.9,1,12,114056,https://t.me/kievreal1/114056,Гостомель / Бородянка / Здвижівка - БпЛА у ваш бік
2026-03-29,11,Бучанський,Бородянка,2026-03-29T01:55:26+02:00,2026-03-29T12:46:56+03:00,10.9,1,12,114056,https://t.me/kievreal1/114056,Гостомель / Бородянка / Здвижівка - БпЛА у ваш бік
2026-03-29,11,Бучанський,Гостомель,2026-03-29T01:55:26+02:00,2026-03-29T12:46:56+03:00,10.9,1,12,114058,https://t.me/kievreal1/114058,Гостомель / Бородянка / Здвижівка - БпЛА у ваш бік
2026-03-29,11,Бучанський,Бородянка,2026-03-29T01:55:26+02:00,2026-03-29T12:46:56+03:00,10.9,1,12,114058,https://t.me/kievreal1/114058,Гостомель / Бородянка / Здвижівка - БпЛА у ваш бік
2026-03-29,11,Вишгородський,Вишгород,2026-03-29T01:55:26+02:00,2026-03-29T12:46:56+03:00,10.9,1,12,114062,https://t.me/kievreal1/114062,На Вишгород БпЛА
2026-03-29,12,Вишгородський,Вишгород,2026-03-29T01:55:26+02:00,2026-03-29T12:46:56+03:00,10.9,1,12,114063,https://t.me/kievreal1/114063,На Вишгород БпЛА
2026-03-29,12,Вишгородський,Чорнобиль,2026-03-29T01:55:26+02:00,2026-03-29T12:46:56+03:00,10.9,1,12,114064,https://t.me/kievreal1/114064,З Чорнобильської зони на білорусь
2026-03-29,12,Бучанський,Бородянка,2026-03-29T01:55:26+02:00,2026-03-29T12:46:56+03:00,10.9,1,12,114065,https://t.me/kievreal1/114065,БпЛА з півночі в бік Макарова / Бородянки Стежити за траєкторією - t.me/kyiv_radar
2026-03-29,12,Білоцерківський,Білоцерківський,2026-03-29T12:50:36+03:00,2026-03-29T14:17:36+03:00,1.4,12,14,114067,https://t.me/kievreal1/114067,🚨 КИЇВСЬКА ОБЛАСТЬ - ОГОЛОШЕНА ПОВІТРЯНА ТРИВОГА Загроза для Білоцерківського району через БпЛА на Тетіїв
2026-03-29,12,Білоцерківський,Тетіїв,2026-03-29T12:50:36+03:00,2026-03-29T14:17:36+03:00,1.4,12,14,114067,https://t.me/kievreal1/114067,🚨 КИЇВСЬКА ОБЛАСТЬ - ОГОЛОШЕНА ПОВІТРЯНА ТРИВОГА Загроза для Білоцерківського району через БпЛА на Тетіїв
2026-03-29,13,Обухівський,Обухівський,2026-03-29T12:50:36+03:00,2026-03-29T14:17:36+03:00,1.4,12,14,114069,https://t.me/kievreal1/114069,Додаткового дали тривогу в Обухівському районі через 2 БпЛА в бік Богуслава через Медвин
2026-03-29,17,Броварський,Броварський,2026-03-29T17:40:06+03:00,2026-03-29T19:08:26+03:00,1.5,17,19,114076,https://t.me/kievreal1/114076,🚨 КИЇВСЬКА ОБЛАСТЬ - ОГОЛОШЕНА ПОВІТРЯНА ТРИВОГА Загроза для Броварського району через БпЛА від Чернігівської області
2026-03-29,17,Броварський,Баришівка,2026-03-29T17:40:06+03:00,2026-03-29T19:08:26+03:00,1.5,17,19,114077,https://t.me/kievreal1/114077,На Перемогу / Баришівку
2026-03-29,18,Броварський,Баришівка,2026-03-29T17:40:06+03:00,2026-03-29T19:08:26+03:00,1.5,17,19,114078,https://t.me/kievreal1/114078,На Перемогу / Баришівку
2026-03-30,6,Бориспільський,Березань,2026-03-30T06:40:16+03:00,2026-03-30T07:25:46+03:00,0.8,6,7,114103,https://t.me/kievreal1/114103,1 БпЛА на Березань upd: Без фіксації
2026-03-30,17,Вишгородський,Вишгородський,2026-03-30T17:58:06+03:00,2026-03-30T20:48:06+03:00,2.8,17,20,114146,https://t.me/kievreal1/114146,🚨 КИЇВСЬКА ОБЛАСТЬ - ОГОЛОШЕНА ПОВІТРЯНА ТРИВОГА Загроза для Вишгородського та Броварського району через БпЛА в бік Сухолуччя
2026-03-30,17,Броварський,Броварський,2026-03-30T17:58:06+03:00,2026-03-30T20:48:06+03:00,2.8,17,20,114146,https://t.me/kievreal1/114146,🚨 КИЇВСЬКА ОБЛАСТЬ - ОГОЛОШЕНА ПОВІТРЯНА ТРИВОГА Загроза для Вишгородського та Броварського району через БпЛА в бік Сухолуччя
2026-03-30,18,Вишгородський,Димер,2026-03-30T17:58:06+03:00,2026-03-30T20:48:06+03:00,2.8,17,20,114147,https://t.me/kievreal1/114147,На Димер БпЛА P.S про рух шахедів в онлайн-режимі пишуть тут – t.me/tryvoga_kyiv
2026-03-30,18,Вишгородський,Чорнобиль,2026-03-30T17:58:06+03:00,2026-03-30T20:48:06+03:00,2.8,17,20,114148,https://t.me/kievreal1/114148,В бік Чорнобильської зони 2 БпЛА
2026-03-30,18,Вишгородський,Димер,2026-03-30T17:58:06+03:00,2026-03-30T20:48:06+03:00,2.8,17,20,114149,https://t.me/kievreal1/114149,На Димер БпЛА P.S про рух шахедів в онлайн-режимі пишуть тут – t.me/tryvoga_kyiv
2026-03-30,18,Бучанський,Гостомель,2026-03-30T17:58:06+03:00,2026-03-30T20:48:06+03:00,2.8,17,20,114150,https://t.me/kievreal1/114150,На Гостомель
2026-03-30,18,Вишгородський,Чорнобиль,2026-03-30T17:58:06+03:00,2026-03-30T20:48:06+03:00,2.8,17,20,114151,https://t.me/kievreal1/114151,В бік Чорнобильської зони 2 БпЛА
2026-03-30,18,Бучанський,Макарів,2026-03-30T17:58:06+03:00,2026-03-30T20:48:06+03:00,2.8,17,20,114152,https://t.me/kievreal1/114152,"На Макарів 🤫 якщо у вас premium, підтримайте, будь ласка, наш канал своїм голосом – t.me/kievreal1?boost"
2026-03-30,19,Броварський,Броварський,2026-03-30T17:58:06+03:00,2026-03-30T20:48:06+03:00,2.8,17,20,114154,https://t.me/kievreal1/114154,"Від завтра, 31 березня, і до 15 травня буде частково перекрито рух транспорту Броварським проспектом В цей час ремонтуватимуть ділянку від …"
2026-03-30,19,Броварський,Броварський,2026-03-30T17:58:06+03:00,2026-03-30T20:48:06+03:00,2.8,17,20,114156,https://t.me/kievreal1/114156,БпЛА в області на Русанів Броварського району
2026-03-30,19,Броварський,Бровари,2026-03-30T17:58:06+03:00,2026-03-30T20:48:06+03:00,2.8,17,20,114157,https://t.me/kievreal1/114157,БпЛА на Гоголів/ Бровари
2026-03-30,19,Броварський,Бровари,2026-03-30T17:58:06+03:00,2026-03-30T20:48:06+03:00,2.8,17,20,114158,https://t.me/kievreal1/114158,БпЛА на Гоголів/ Бровари
2026-03-30,20,Бучанський,Буча,2026-03-30T17:58:06+03:00,2026-03-30T20:48:06+03:00,2.8,17,20,114160,https://t.me/kievreal1/114160,"В Бучі чули сильний вибух. Зʼясовуємо Тривоги в Бучанському районі вже годину як немає. UPD в мережі пишуть, що ймовірно це був контрольова…"
2026-03-30,20,Бучанський,Бучанський,2026-03-30T17:58:06+03:00,2026-03-30T20:48:06+03:00,2.8,17,20,114160,https://t.me/kievreal1/114160,"В Бучі чули сильний вибух. Зʼясовуємо Тривоги в Бучанському районі вже годину як немає. UPD в мережі пишуть, що ймовірно це був контрольова…"
2026-03-30,21,Вишгородський,Вишгородський,2026-03-30T21:38:26+03:00,2026-03-30T21:54:26+03:00,0.3,21,21,114162,https://t.me/kievreal1/114162,🚨 КИЇВСЬКА ОБЛАСТЬ - ОГОЛОШЕНА ПОВІТРЯНА ТРИВОГА Загроза для Вишгородського району через БпЛА з Чернігівщини в бік Чорнобильської зони
2026-03-30,21,Вишгородський,Чорнобиль,2026-03-30T21:38:26+03:00,2026-03-30T21:54:26+03:00,0.3,21,21,114162,https://t.me/kievreal1/114162,🚨 КИЇВСЬКА ОБЛАСТЬ - ОГОЛОШЕНА ПОВІТРЯНА ТРИВОГА Загроза для Вишгородського району через БпЛА з Чернігівщини в бік Чорнобильської зони
2026-03-31,0,Вишгородський,Чорнобиль,2026-03-31T00:46:06+03:00,2026-03-31T02:29:56+03:00,1.7,0,2,114182,https://t.me/kievreal1/114182,1 на Чорнобиль
2026-03-31,0,Вишгородський,Чорнобиль,2026-03-31T00:46:06+03:00,2026-03-31T02:29:56+03:00,1.7,0,2,114183,https://t.me/kievreal1/114183,1 на Чорнобиль
2026-03-31,2,Вишгородський,Чорнобиль,2026-03-31T00:46:06+03:00,2026-03-31T02:29:56+03:00,1.7,0,2,114185,https://t.me/kievreal1/114185,Кружляє над Чорнобилем
2026-03-31,3,Бориспільський,Яготин,2026-03-31T03:16:06+03:00,2026-03-31T03:42:26+03:00,0.4,3,3,114188,https://t.me/kievreal1/114188,БПЛА на Яготин
2026-03-31,3,Бориспільський,Яготин,2026-03-31T03:16:06+03:00,2026-03-31T03:42:26+03:00,0.4,3,3,114190,https://t.me/kievreal1/114190,БПЛА на Яготин
2026-03-31,23,Броварський,Калита,2026-03-31T22:55:26+03:00,2026-03-31T23:57:26+03:00,1.0,22,23,114228,https://t.me/kievreal1/114228,1 на Калиту UPD: попередньо не фіксуємо
2026-03-31,23,Броварський,Бровари,2026-03-31T22:55:26+03:00,2026-03-31T23:57:26+03:00,1.0,22,23,114230,https://t.me/kievreal1/114230,Шахед на Бровари
2026-03-31,23,Броварський,Бровари,2026-03-31T22:55:26+03:00,2026-03-31T23:57:26+03:00,1.0,22,23,114231,https://t.me/kievreal1/114231,Шахед на Бровари
2026-03-31,23,Бучанський,Борщагівка,2026-03-31T22:55:26+03:00,2026-03-31T23:57:26+03:00,1.0,22,23,114232,https://t.me/kievreal1/114232,Борщагівка
2026-04-01,3,Броварський,Згурівка,2026-04-01T03:43:46+03:00,2026-04-01T08:19:36+03:00,4.6,3,8,114239,https://t.me/kievreal1/114239,3 на Згурівку
2026-04-01,4,Бориспільський,Яготин,2026-04-01T03:43:46+03:00,2026-04-01T08:19:36+03:00,4.6,3,8,114240,https://t.me/kievreal1/114240,На Яготин
2026-04-01,4,Бориспільський,Переяслав,2026-04-01T03:43:46+03:00,2026-04-01T08:19:36+03:00,4.6,3,8,114241,https://t.me/kievreal1/114241,1 на Переяслав
2026-04-01,4,Броварський,Баришівка,2026-04-01T03:43:46+03:00,2026-04-01T08:19:36+03:00,4.6,3,8,114242,https://t.me/kievreal1/114242,1 на Баришівка 1 на Ржищів 1 на Переяслав 1 Згурівка
2026-04-01,4,Обухівський,Ржищів,2026-04-01T03:43:46+03:00,2026-04-01T08:19:36+03:00,4.6,3,8,114242,https://t.me/kievreal1/114242,1 на Баришівка 1 на Ржищів 1 на Переяслав 1 Згурівка
2026-04-01,4,Бориспільський,Переяслав,2026-04-01T03:43:46+03:00,2026-04-01T08:19:36+03:00,4.6,3,8,114242,https://t.me/kievreal1/114242,1 на Баришівка 1 на Ржищів 1 на Переяслав 1 Згурівка
2026-04-01,4,Броварський,Згурівка,2026-04-01T03:43:46+03:00,2026-04-01T08:19:36+03:00,4.6,3,8,114242,https://t.me/kievreal1/114242,1 на Баришівка 1 на Ржищів 1 на Переяслав 1 Згурівка
2026-04-01,5,Білоцерківський,Тетіїв,2026-04-01T03:43:46+03:00,2026-04-01T08:19:36+03:00,4.6,3,8,114247,https://t.me/kievreal1/114247,8 на Тетіїв 1 на Володарку
2026-04-01,5,Білоцерківський,Володарка,2026-04-01T03:43:46+03:00,2026-04-01T08:19:36+03:00,4.6,3,8,114247,https://t.me/kievreal1/114247,8 на Тетіїв 1 на Володарку
2026-04-02,3,Броварський,Броварський,2026-04-02T03:08:56+03:00,2026-04-02T04:31:46+03:00,1.4,3,4,114309,https://t.me/kievreal1/114309,БПЛА на Броварський район
2026-04-02,5,Броварський,Баришівка,2026-04-02T05:09:16+03:00,2026-04-02T06:13:56+03:00,1.1,5,6,114312,https://t.me/kievreal1/114312,"БпЛА повз Баришівку на Київщині , курс південний"
2026-04-02,6,Бориспільський,Переяслав,2026-04-02T06:21:16+03:00,2026-04-02T07:14:16+03:00,0.9,6,7,114315,https://t.me/kievreal1/114315,БпЛА курсом на Переяслав
2026-04-02,7,Бориспільський,Яготин,2026-04-02T07:35:36+03:00,2026-04-02T08:03:36+03:00,0.5,7,8,114318,https://t.me/kievreal1/114318,БПЛА на Яготин
2026-04-02,7,Бориспільський,Яготин,2026-04-02T07:35:36+03:00,2026-04-02T08:03:36+03:00,0.5,7,8,114319,https://t.me/kievreal1/114319,БпЛА курсом на Яготин
2026-04-03,7,Обухівський,Васильків,2026-04-03T06:33:26+03:00,2026-04-03T13:17:36+03:00,6.7,6,13,114364,https://t.me/kievreal1/114364,3 БпЛА на Васильків P.S про рух шахедів в онлайн-режимі пишуть тут – t.me/tryvoga_kyiv
2026-04-03,8,Обухівський,Обухів,2026-04-03T06:33:26+03:00,2026-04-03T13:17:36+03:00,6.7,6,13,114365,https://t.me/kievreal1/114365,На Обухів взяв курс 👉
2026-04-03,8,Обухівський,Українка,2026-04-03T06:33:26+03:00,2026-04-03T13:17:36+03:00,6.7,6,13,114366,https://t.me/kievreal1/114366,"На Українку йдуть 2 🤫 якщо у вас premium, підтримайте, будь ласка, наш канал своїм голосом – t.me/kievreal1?boost"
2026-04-03,8,Бучанський,Бородянка,2026-04-03T06:33:26+03:00,2026-04-03T13:17:36+03:00,6.7,6,13,114369,https://t.me/kievreal1/114369,"БпЛА виліз в районі Бородянки! 🤫 про всяк випадок, радимо підписатись на наш резерв, якщо ворог здійснюватиме атаки в інфопросторі – t.me/k…"
2026-04-03,8,Обухівський,Обухів,2026-04-03T06:33:26+03:00,2026-04-03T13:17:36+03:00,6.7,6,13,114370,https://t.me/kievreal1/114370,"Обухів – над вами! ✉️ Стали свідком чогось незвичного чи важливого? Одразу надсилайте в наш чат, а ми покажемо це на каналі – @novosti_kiev…"
2026-04-03,8,Обухівський,Обухів,2026-04-03T06:33:26+03:00,2026-04-03T13:17:36+03:00,6.7,6,13,114372,https://t.me/kievreal1/114372,Через Обухів в бік Трипілля / Українки
2026-04-03,8,Обухівський,Українка,2026-04-03T06:33:26+03:00,2026-04-03T13:17:36+03:00,6.7,6,13,114372,https://t.me/kievreal1/114372,Через Обухів в бік Трипілля / Українки
2026-04-03,9,Білоцерківський,Тетіїв,2026-04-03T06:33:26+03:00,2026-04-03T13:17:36+03:00,6.7,6,13,114375,https://t.me/kievreal1/114375,БпЛА з південного напрямку на Тетіїв
2026-04-03,9,Білоцерківський,Білоцерківський,2026-04-03T06:33:26+03:00,2026-04-03T13:17:36+03:00,6.7,6,13,114378,https://t.me/kievreal1/114378,Близько 50 БпЛА пролітають через Черкаси /Смілу/Золотоношу у бік Білоцерківського району
2026-04-03,9,Обухівський,Обухів,2026-04-03T06:33:26+03:00,2026-04-03T13:17:36+03:00,6.7,6,13,114384,https://t.me/kievreal1/114384,Більшість тримає курс на Обухів
2026-04-03,10,Фастівський,Фастів,2026-04-03T06:33:26+03:00,2026-04-03T13:17:36+03:00,6.7,6,13,114385,https://t.me/kievreal1/114385,На Фастів 2 Про рух шахедів пишуть тут – t.me/tryvoga_kyiv
2026-04-03,10,Бориспільський,Переяслав,2026-04-03T06:33:26+03:00,2026-04-03T13:17:36+03:00,6.7,6,13,114386,https://t.me/kievreal1/114386,На Переяслав
2026-04-03,10,Обухівський,Обухів,2026-04-03T06:33:26+03:00,2026-04-03T13:17:36+03:00,6.7,6,13,114388,https://t.me/kievreal1/114388,Обухів / Трипілля / Українка - 11 до вас
2026-04-03,10,Обухівський,Українка,2026-04-03T06:33:26+03:00,2026-04-03T13:17:36+03:00,6.7,6,13,114388,https://t.me/kievreal1/114388,Обухів / Трипілля / Українка - 11 до вас
2026-04-03,10,Бориспільський,Яготин,2026-04-03T06:33:26+03:00,2026-04-03T13:17:36+03:00,6.7,6,13,114389,https://t.me/kievreal1/114389,Яготин / Березань
2026-04-03,10,Бориспільський,Березань,2026-04-03T06:33:26+03:00,2026-04-03T13:17:36+03:00,6.7,6,13,114389,https://t.me/kievreal1/114389,Яготин / Березань
2026-04-03,10,Бориспільський,Переяслав,2026-04-03T06:33:26+03:00,2026-04-03T13:17:36+03:00,6.7,6,13,114390,https://t.me/kievreal1/114390,На Переяслав
2026-04-03,10,Обухівський,Васильків,2026-04-03T06:33:26+03:00,2026-04-03T13:17:36+03:00,6.7,6,13,114391,https://t.me/kievreal1/114391,Частина на Васильків
2026-04-03,10,Бориспільський,Переяслав,2026-04-03T06:33:26+03:00,2026-04-03T13:17:36+03:00,6.7,6,13,114393,https://t.me/kievreal1/114393,На Переяслав 7
2026-04-03,10,Обухівський,Кагарлик,2026-04-03T06:33:26+03:00,2026-04-03T13:17:36+03:00,6.7,6,13,114396,https://t.me/kievreal1/114396,На Кагарлик декілька
2026-04-03,10,Обухівський,Обухів,2026-04-03T06:33:26+03:00,2026-04-03T13:17:36+03:00,6.7,6,13,114398,https://t.me/kievreal1/114398,Обухів - над вами
2026-04-03,10,Бучанський,Вишневе,2026-04-03T06:33:26+03:00,2026-04-03T13:17:36+03:00,6.7,6,13,114402,https://t.me/kievreal1/114402,Вишневе - обережно Віта-Поштова
2026-04-03,10,Фастівський,Крюківщина,2026-04-03T06:33:26+03:00,2026-04-03T13:17:36+03:00,6.7,6,13,114403,https://t.me/kievreal1/114403,Від Юрівки на Крюківщину
2026-04-03,10,Обухівський,Васильків,2026-04-03T06:33:26+03:00,2026-04-03T13:17:36+03:00,6.7,6,13,114406,https://t.me/kievreal1/114406,Васильків - на східних околицях БпЛА
2026-04-03,10,Обухівський,Обухів,2026-04-03T06:33:26+03:00,2026-04-03T13:17:36+03:00,6.7,6,13,114407,https://t.me/kievreal1/114407,Близько 26 бпЛА пролітають Обухів в бік Боярки/ Києва
2026-04-03,10,Фастівський,Боярка,2026-04-03T06:33:26+03:00,2026-04-03T13:17:36+03:00,6.7,6,13,114407,https://t.me/kievreal1/114407,Близько 26 бпЛА пролітають Обухів в бік Боярки/ Києва
2026-04-03,10,Фастівський,Боярка,2026-04-03T06:33:26+03:00,2026-04-03T13:17:36+03:00,6.7,6,13,114411,https://t.me/kievreal1/114411,Боярка - увага P.S про рух повітряних цілей тут – t.me/tryvoga_kyiv
2026-04-03,10,Обухівський,Васильків,2026-04-03T06:33:26+03:00,2026-04-03T13:17:36+03:00,6.7,6,13,114414,https://t.me/kievreal1/114414,Васильків - низько
2026-04-03,10,Фастівський,Гатне,2026-04-03T06:33:26+03:00,2026-04-03T13:17:36+03:00,6.7,6,13,114416,https://t.me/kievreal1/114416,Гатне/Вишневе - уважно по бпла
2026-04-03,10,Бучанський,Вишневе,2026-04-03T06:33:26+03:00,2026-04-03T13:17:36+03:00,6.7,6,13,114416,https://t.me/kievreal1/114416,Гатне/Вишневе - уважно по бпла
2026-04-03,10,Обухівський,Українка,2026-04-03T06:33:26+03:00,2026-04-03T13:17:36+03:00,6.7,6,13,114419,https://t.me/kievreal1/114419,На Українку бпла
2026-04-03,10,Обухівський,Васильків,2026-04-03T06:33:26+03:00,2026-04-03T13:17:36+03:00,6.7,6,13,114421,https://t.me/kievreal1/114421,6 бпла в районі Василькова на Київ і ще 6 від Обухова також на Васильків
2026-04-03,10,Бучанський,Вишневе,2026-04-03T06:33:26+03:00,2026-04-03T13:17:36+03:00,6.7,6,13,114425,https://t.me/kievreal1/114425,На Вишневе 2 заходять
2026-04-03,10,Фастівський,Боярка,2026-04-03T06:33:26+03:00,2026-04-03T13:17:36+03:00,6.7,6,13,114427,https://t.me/kievreal1/114427,Боярка / Петропавлівка - до вас
2026-04-03,10,Фастівський,Гатне,2026-04-03T06:33:26+03:00,2026-04-03T13:17:36+03:00,6.7,6,13,114430,https://t.me/kievreal1/114430,"Ходосівка, Жуляни, Гатне, Вишневе - уважно по бпла"
2026-04-03,10,Бучанський,Вишневе,2026-04-03T06:33:26+03:00,2026-04-03T13:17:36+03:00,6.7,6,13,114430,https://t.me/kievreal1/114430,"Ходосівка, Жуляни, Гатне, Вишневе - уважно по бпла"
2026-04-03,10,Білоцерківський,Рокитне,2026-04-03T06:33:26+03:00,2026-04-03T13:17:36+03:00,6.7,6,13,114432,https://t.me/kievreal1/114432,"Узин, Рокитне - БпЛа"
2026-04-03,10,Обухівський,Обухів,2026-04-03T06:33:26+03:00,2026-04-03T13:17:36+03:00,6.7,6,13,114433,https://t.me/kievreal1/114433,Обухів. Влучання в багатоповерхівку
2026-04-03,10,Бучанський,Вишневе,2026-04-03T06:33:26+03:00,2026-04-03T13:17:36+03:00,6.7,6,13,114436,https://t.me/kievreal1/114436,Вишневе!
2026-04-03,11,Фастівський,Крюківщина,2026-04-03T06:33:26+03:00,2026-04-03T13:17:36+03:00,6.7,6,13,114439,https://t.me/kievreal1/114439,Крюківщина - бпла
2026-04-03,11,Обухівський,Миронівка,2026-04-03T06:33:26+03:00,2026-04-03T13:17:36+03:00,6.7,6,13,114442,https://t.me/kievreal1/114442,Миронівка - теж увага
2026-04-03,11,Білоцерківський,Ставище,2026-04-03T06:33:26+03:00,2026-04-03T13:17:36+03:00,6.7,6,13,114443,https://t.me/kievreal1/114443,Ставище
2026-04-03,11,Білоцерківський,Володарка,2026-04-03T06:33:26+03:00,2026-04-03T13:17:36+03:00,6.7,6,13,114446,https://t.me/kievreal1/114446,На володарку
2026-04-03,11,Бучанський,Вишневе,2026-04-03T06:33:26+03:00,2026-04-03T13:17:36+03:00,6.7,6,13,114447,https://t.me/kievreal1/114447,Бпла на Вишневе / Хотів
2026-04-03,11,Фастівський,Гатне,2026-04-03T06:33:26+03:00,2026-04-03T13:17:36+03:00,6.7,6,13,114449,https://t.me/kievreal1/114449,Гатне
2026-04-03,11,Обухівський,Українка,2026-04-03T06:33:26+03:00,2026-04-03T13:17:36+03:00,6.7,6,13,114450,https://t.me/kievreal1/114450,На Українку по Дніпру ракета
2026-04-03,11,Обухівський,Обухів,2026-04-03T06:33:26+03:00,2026-04-03T13:17:36+03:00,6.7,6,13,114453,https://t.me/kievreal1/114453,На Обухів ракета
2026-04-03,11,Обухівський,Обухів,2026-04-03T06:33:26+03:00,2026-04-03T13:17:36+03:00,6.7,6,13,114455,https://t.me/kievreal1/114455,2-3 ракети на Обухів \ БЦ P.S про рух повітряних цілей тут – t.me/tryvoga_kyiv
2026-04-03,11,Обухівський,Обухів,2026-04-03T06:33:26+03:00,2026-04-03T13:17:36+03:00,6.7,6,13,114457,https://t.me/kievreal1/114457,2-3 ракети на Обухів \ БЦ P.S про рух повітряних цілей тут – t.me/tryvoga_kyiv
2026-04-03,11,Білоцерківський,Біла Церква,2026-04-03T06:33:26+03:00,2026-04-03T13:17:36+03:00,6.7,6,13,114459,https://t.me/kievreal1/114459,Біла Церква - укриття
2026-04-03,11,Обухівський,Українка,2026-04-03T06:33:26+03:00,2026-04-03T13:17:36+03:00,6.7,6,13,114461,https://t.me/kievreal1/114461,6 бпла на Українку / Трипілля P.S про рух шахедів в онлайн-режимі пишуть тут – t.me/tryvoga_kyiv
2026-04-03,11,Бучанський,Вишневе,2026-04-03T06:33:26+03:00,2026-04-03T13:17:36+03:00,6.7,6,13,114463,https://t.me/kievreal1/114463,Вишневе. Шахед впав на території школи Кадри з місця без цензури - t.me/hykyiv
2026-04-03,11,Обухівський,Українка,2026-04-03T06:33:26+03:00,2026-04-03T13:17:36+03:00,6.7,6,13,114466,https://t.me/kievreal1/114466,"По БпЛа: 1 на Українку, 1 на Богуслав і 2 біля Березані"
2026-04-03,11,Бориспільський,Березань,2026-04-03T06:33:26+03:00,2026-04-03T13:17:36+03:00,6.7,6,13,114466,https://t.me/kievreal1/114466,"По БпЛа: 1 на Українку, 1 на Богуслав і 2 біля Березані"
2026-04-03,11,Бучанський,Вишневе,2026-04-03T06:33:26+03:00,2026-04-03T13:17:36+03:00,6.7,6,13,114467,https://t.me/kievreal1/114467,Вишневе. Шахед впав на території школи Кадри з місця без цензури - t.me/hykyiv
2026-04-03,11,Обухівський,Обухів,2026-04-03T06:33:26+03:00,2026-04-03T13:17:36+03:00,6.7,6,13,114469,https://t.me/kievreal1/114469,2 бпла на Обухів і 2 в районі Березані
2026-04-03,11,Бориспільський,Березань,2026-04-03T06:33:26+03:00,2026-04-03T13:17:36+03:00,6.7,6,13,114469,https://t.me/kievreal1/114469,2 бпла на Обухів і 2 в районі Березані
2026-04-03,11,Бучанський,Вишневе,2026-04-03T06:33:26+03:00,2026-04-03T13:17:36+03:00,6.7,6,13,114470,https://t.me/kievreal1/114470,💔 Ще кадри із Вишневого. Палає автівка Більше з місця тут – t.me/tryvoga_kyiv
2026-04-03,12,Обухівський,Обухівський,2026-04-03T06:33:26+03:00,2026-04-03T13:17:36+03:00,6.7,6,13,114486,https://t.me/kievreal1/114486,Тривога в Обухівському районі. БпЛА на Богуслав
2026-04-03,12,Обухівський,Обухівський,2026-04-03T06:33:26+03:00,2026-04-03T13:17:36+03:00,6.7,6,13,114487,https://t.me/kievreal1/114487,"росія атакувала сьогодні Обухівський, Бучанський та Фастівський райони області: • на Бучанщині загинула одна людина. Рятувальники ліквідува…"
2026-04-03,12,Бучанський,Бучанський,2026-04-03T06:33:26+03:00,2026-04-03T13:17:36+03:00,6.7,6,13,114487,https://t.me/kievreal1/114487,"росія атакувала сьогодні Обухівський, Бучанський та Фастівський райони області: • на Бучанщині загинула одна людина. Рятувальники ліквідува…"
2026-04-03,12,Фастівський,Фастівський,2026-04-03T06:33:26+03:00,2026-04-03T13:17:36+03:00,6.7,6,13,114487,https://t.me/kievreal1/114487,"росія атакувала сьогодні Обухівський, Бучанський та Фастівський райони області: • на Бучанщині загинула одна людина. Рятувальники ліквідува…"
2026-04-03,12,Фастівський,Фастів,2026-04-03T06:33:26+03:00,2026-04-03T13:17:36+03:00,6.7,6,13,114487,https://t.me/kievreal1/114487,"росія атакувала сьогодні Обухівський, Бучанський та Фастівський райони області: • на Бучанщині загинула одна людина. Рятувальники ліквідува…"
2026-04-03,12,Обухівський,Обухів,2026-04-03T06:33:26+03:00,2026-04-03T13:17:36+03:00,6.7,6,13,114487,https://t.me/kievreal1/114487,"росія атакувала сьогодні Обухівський, Бучанський та Фастівський райони області: • на Бучанщині загинула одна людина. Рятувальники ліквідува…"
2026-04-03,12,Фастівський,Крюківщина,2026-04-03T06:33:26+03:00,2026-04-03T13:17:36+03:00,6.7,6,13,114487,https://t.me/kievreal1/114487,"росія атакувала сьогодні Обухівський, Бучанський та Фастівський райони області: • на Бучанщині загинула одна людина. Рятувальники ліквідува…"
2026-04-03,12,Обухівський,Обухівський,2026-04-03T06:33:26+03:00,2026-04-03T13:17:36+03:00,6.7,6,13,114496,https://t.me/kievreal1/114496,Тривога в Обухівському районі. БпЛА на Богуслав
2026-04-03,12,Білоцерківський,Рокитне,2026-04-03T06:33:26+03:00,2026-04-03T13:17:36+03:00,6.7,6,13,114497,https://t.me/kievreal1/114497,На Рокитне
2026-04-03,12,Бучанський,Вишневе,2026-04-03T06:33:26+03:00,2026-04-03T13:17:36+03:00,6.7,6,13,114498,https://t.me/kievreal1/114498,"Повідомляють, що у Чабанах через удар по ветклініці не вижила жодна тварина Також стало відомо, що росія вбила охоронця на території будівн…"
2026-04-03,13,Бучанський,Вишневе,2026-04-03T06:33:26+03:00,2026-04-03T13:17:36+03:00,6.7,6,13,114500,https://t.me/kievreal1/114500,"Повідомляють, що у Чабанах через удар по ветклініці не вижила жодна тварина Також стало відомо, що росія вбила охоронця на території будівн…"
2026-04-03,15,Обухівський,Обухів,2026-04-03T15:26:16+03:00,2026-04-03T15:54:26+03:00,0.5,15,15,114535,https://t.me/kievreal1/114535,🤦🏻‍♂️ росія атакувала туалетний папір «Обухів»: про тимчасове призупинення виробництва на тлі обстрілів рф повідомляє Обухівський картонно-…
2026-04-03,15,Обухівський,Обухівський,2026-04-03T15:26:16+03:00,2026-04-03T15:54:26+03:00,0.5,15,15,114535,https://t.me/kievreal1/114535,🤦🏻‍♂️ росія атакувала туалетний папір «Обухів»: про тимчасове призупинення виробництва на тлі обстрілів рф повідомляє Обухівський картонно-…
2026-04-04,0,Бориспільський,Переяслав,2026-04-04T00:43:46+03:00,2026-04-04T02:15:36+03:00,1.5,0,2,114559,https://t.me/kievreal1/114559,БпЛА курсом на Переяслав
2026-04-04,6,Броварський,Бровари,2026-04-04T06:08:46+03:00,2026-04-04T07:43:26+03:00,1.6,6,7,114562,https://t.me/kievreal1/114562,БпЛА курсом на Бровари
2026-04-04,6,Бориспільський,Бориспіль,2026-04-04T06:08:46+03:00,2026-04-04T07:43:26+03:00,1.6,6,7,114563,https://t.me/kievreal1/114563,7х БпЛА повз Бориспіль курсом на Київ
2026-04-04,6,Бориспільський,Бориспіль,2026-04-04T06:08:46+03:00,2026-04-04T07:43:26+03:00,1.6,6,7,114568,https://t.me/kievreal1/114568,5х БпЛА повз Бориспіль курсом на Київ
2026-04-04,6,Бучанський,Вишневе,2026-04-04T06:08:46+03:00,2026-04-04T07:43:26+03:00,1.6,6,7,114574,https://t.me/kievreal1/114574,БпЛА курсом на Чоколівку БпЛА курсом на Вишневе БпЛА курсом на Лісники
2026-04-04,6,Бучанський,Софіївська Борщагівка,2026-04-04T06:08:46+03:00,2026-04-04T07:43:26+03:00,1.6,6,7,114575,https://t.me/kievreal1/114575,БпЛА курсом на Софіївську Борщагівку БпЛА курсом на Святопетрівське
2026-04-04,6,Бучанський,Святопетрівське,2026-04-04T06:08:46+03:00,2026-04-04T07:43:26+03:00,1.6,6,7,114575,https://t.me/kievreal1/114575,БпЛА курсом на Софіївську Борщагівку БпЛА курсом на Святопетрівське
2026-04-04,7,Обухівський,Кагарлик,2026-04-04T06:08:46+03:00,2026-04-04T07:43:26+03:00,1.6,6,7,114577,https://t.me/kievreal1/114577,БпЛА курсом на Кагарлик 2х БпЛА курсом на Бишів
2026-04-04,7,Обухівський,Кагарлик,2026-04-04T06:08:46+03:00,2026-04-04T07:43:26+03:00,1.6,6,7,114578,https://t.me/kievreal1/114578,БпЛА курсом на Кагарлик
2026-04-05,23,Обухівський,Миронівка,2026-04-05T23:23:26+03:00,2026-04-05T23:53:16+03:00,0.5,23,23,114658,https://t.me/kievreal1/114658,БпЛА повз Миронівку курсом на Богуслав
2026-04-06,21,Бучанський,Макарів,2026-04-06T21:07:46+03:00,2026-04-06T22:13:26+03:00,1.1,21,22,114693,https://t.me/kievreal1/114693,"БпЛА в області, на Макарів йде P.S про рух повітряних цілей тут – t.me/tryvoga_kyiv"
2026-04-06,21,Бучанський,Макарів,2026-04-06T21:07:46+03:00,2026-04-06T22:13:26+03:00,1.1,21,22,114694,https://t.me/kievreal1/114694,"БпЛА в області, на Макарів йде P.S про рух повітряних цілей тут – t.me/tryvoga_kyiv"
2026-04-06,21,Бучанський,Коцюбинське,2026-04-06T21:07:46+03:00,2026-04-06T22:13:26+03:00,1.1,21,22,114696,https://t.me/kievreal1/114696,Повідомляють про акустичну фіксацію в районі Коцюбинського
2026-04-06,21,Бучанський,Коцюбинське,2026-04-06T21:07:46+03:00,2026-04-06T22:13:26+03:00,1.1,21,22,114697,https://t.me/kievreal1/114697,Повідомляють про акустичну фіксацію в районі Коцюбинського
2026-04-06,21,Обухівський,Глеваха,2026-04-06T21:07:46+03:00,2026-04-06T22:13:26+03:00,1.1,21,22,114699,https://t.me/kievreal1/114699,Глеваха
2026-04-06,21,Бучанський,Вишневе,2026-04-06T21:07:46+03:00,2026-04-06T22:13:26+03:00,1.1,21,22,114700,https://t.me/kievreal1/114700,"Вишневе, Чабани, Гатне – акустична фіксація Стежити за траєкторією - t.me/kyiv_radar"
2026-04-06,21,Фастівський,Гатне,2026-04-06T21:07:46+03:00,2026-04-06T22:13:26+03:00,1.1,21,22,114700,https://t.me/kievreal1/114700,"Вишневе, Чабани, Гатне – акустична фіксація Стежити за траєкторією - t.me/kyiv_radar"
2026-04-06,21,Бучанський,Борщагівка,2026-04-06T21:07:46+03:00,2026-04-06T22:13:26+03:00,1.1,21,22,114701,https://t.me/kievreal1/114701,"Нивки, Борщагівка"
2026-04-06,21,Бучанський,Вишневе,2026-04-06T21:07:46+03:00,2026-04-06T22:13:26+03:00,1.1,21,22,114703,https://t.me/kievreal1/114703,Вишневе/ Лукʼяніка – акустично. Локаційно нічого не відстежується
2026-04-06,22,Фастівський,Калинівка,2026-04-06T21:07:46+03:00,2026-04-06T22:13:26+03:00,1.1,21,22,114706,https://t.me/kievreal1/114706,🚧 Із 8 квітня і орієнтовно до початку серпня на трасі М-06 Київ-Чоп будуть обмежувати рух транспорту У звʼязку з ремонтом шляхопроводу поет…
2026-04-10,0,Броварський,Згурівка,2026-04-10T00:33:26+03:00,2026-04-10T01:03:16+03:00,0.5,0,1,114845,https://t.me/kievreal1/114845,БпЛА з Чернігівщини на Згурівку.
2026-04-10,0,Вишгородський,Вишгород,2026-04-10T00:33:26+03:00,2026-04-10T01:03:16+03:00,0.5,0,1,114847,https://t.me/kievreal1/114847,"БПЛА на Вишгород Підтримати канал, буду вдячний Вам: https://base.monobank.ua/4jYdAKEbmcrmLL ➡"
2026-04-10,0,Броварський,Бровари,2026-04-10T00:33:26+03:00,2026-04-10T01:03:16+03:00,0.5,0,1,114849,https://t.me/kievreal1/114849,БПЛА на Бровари / Бориспіль
2026-04-10,0,Бориспільський,Бориспіль,2026-04-10T00:33:26+03:00,2026-04-10T01:03:16+03:00,0.5,0,1,114849,https://t.me/kievreal1/114849,БПЛА на Бровари / Бориспіль
2026-04-10,9,Вишгородський,Вишгородський,2026-04-10T09:04:46+03:00,2026-04-10T09:34:06+03:00,0.5,9,9,114860,https://t.me/kievreal1/114860,🚨 КИЇВСЬКА ОБЛАСТЬ - ОГОЛОШЕНА ПОВІТРЯНА ТРИВОГА Вишгородський та Броварський райони — загроза через БпЛА від Чернігівщини в бік нашої обла…
2026-04-10,9,Броварський,Броварський,2026-04-10T09:04:46+03:00,2026-04-10T09:34:06+03:00,0.5,9,9,114860,https://t.me/kievreal1/114860,🚨 КИЇВСЬКА ОБЛАСТЬ - ОГОЛОШЕНА ПОВІТРЯНА ТРИВОГА Вишгородський та Броварський райони — загроза через БпЛА від Чернігівщини в бік нашої обла…
2026-04-10,9,Броварський,Бровари,2026-04-10T09:04:46+03:00,2026-04-10T09:34:06+03:00,0.5,9,9,114862,https://t.me/kievreal1/114862,БпЛА на Бровари
2026-04-10,9,Броварський,Бровари,2026-04-10T09:04:46+03:00,2026-04-10T09:34:06+03:00,0.5,9,9,114863,https://t.me/kievreal1/114863,БпЛА на Бровари
2026-04-10,9,Броварський,Бровари,2026-04-10T09:04:46+03:00,2026-04-10T09:34:06+03:00,0.5,9,9,114865,https://t.me/kievreal1/114865,Бровари – перший! P.S про рух повітряних цілей тут – t.me/tryvoga_kyiv
2026-04-10,9,Обухівський,Козин,2026-04-10T09:04:46+03:00,2026-04-10T09:34:06+03:00,0.5,9,9,114872,https://t.me/kievreal1/114872,Другий на Козин
2026-04-10,9,Обухівський,Глеваха,2026-04-10T09:04:46+03:00,2026-04-10T09:34:06+03:00,0.5,9,9,114873,https://t.me/kievreal1/114873,Глеваха / Васильків
2026-04-10,9,Обухівський,Васильків,2026-04-10T09:04:46+03:00,2026-04-10T09:34:06+03:00,0.5,9,9,114873,https://t.me/kievreal1/114873,Глеваха / Васильків
2026-04-10,17,Броварський,Броварський,2026-04-10T17:01:06+03:00,2026-04-10T17:31:26+03:00,0.5,17,17,114894,https://t.me/kievreal1/114894,🚨 КИЇВСЬКА ОБЛАСТЬ - ОГОЛОШЕНА ПОВІТРЯНА ТРИВОГА Загроза для Броварського району через БпЛА із Чернігівщини.
2026-04-11,3,Броварський,Калита,2026-04-11T03:41:56+03:00,2026-04-11T04:26:36+03:00,0.7,3,4,114912,https://t.me/kievreal1/114912,3 БПЛА на Калиту з Чернігівщини
2026-04-11,3,Броварський,Бровари,2026-04-11T03:41:56+03:00,2026-04-11T04:26:36+03:00,0.7,3,4,114914,https://t.me/kievreal1/114914,3 реактивні БПЛА на Бровари
2026-04-11,3,Вишгородський,Вишгород,2026-04-11T03:41:56+03:00,2026-04-11T04:26:36+03:00,0.7,3,4,114915,https://t.me/kievreal1/114915,"Вишгород, Троєщина - обережно"
2026-04-11,4,Броварський,Бровари,2026-04-11T03:41:56+03:00,2026-04-11T04:26:36+03:00,0.7,3,4,114917,https://t.me/kievreal1/114917,БпЛА курсом на Бровари
2026-04-11,4,Броварський,Бровари,2026-04-11T03:41:56+03:00,2026-04-11T04:26:36+03:00,0.7,3,4,114918,https://t.me/kievreal1/114918,Реактивний БПЛА від Броварів на Київ
2026-04-11,4,Броварський,Бровари,2026-04-11T03:41:56+03:00,2026-04-11T04:26:36+03:00,0.7,3,4,114919,https://t.me/kievreal1/114919,Залишився 1 біля Броварів
2026-04-14,17,Білоцерківський,Білоцерківський,2026-04-14T17:31:06+03:00,2026-04-14T17:46:46+03:00,0.3,17,17,115068,https://t.me/kievreal1/115068,🚨 КИЇВСЬКА ОБЛАСТЬ - ОГОЛОШЕНА ПОВІТРЯНА ТРИВОГА Загроза для Білоцерківського району через БпЛА на Черкащині.
2026-04-15,3,Бориспільський,Яготин,2026-04-15T03:17:46+03:00,2026-04-15T07:21:06+03:00,4.1,3,7,115078,https://t.me/kievreal1/115078,1 БпЛА на Яготин
2026-04-15,3,Бориспільський,Яготин,2026-04-15T03:17:46+03:00,2026-04-15T07:21:06+03:00,4.1,3,7,115079,https://t.me/kievreal1/115079,1 БпЛА на Яготин 1 БпЛА на Ставище 1 БпЛА на Богуслав
2026-04-15,3,Білоцерківський,Ставище,2026-04-15T03:17:46+03:00,2026-04-15T07:21:06+03:00,4.1,3,7,115079,https://t.me/kievreal1/115079,1 БпЛА на Яготин 1 БпЛА на Ставище 1 БпЛА на Богуслав
2026-04-15,3,Бориспільський,Переяслав,2026-04-15T03:17:46+03:00,2026-04-15T07:21:06+03:00,4.1,3,7,115080,https://t.me/kievreal1/115080,1 БпЛА на Переяслав 3 БпЛА на Таращу 2 БпЛА на Ставище
2026-04-15,3,Білоцерківський,Тараща,2026-04-15T03:17:46+03:00,2026-04-15T07:21:06+03:00,4.1,3,7,115080,https://t.me/kievreal1/115080,1 БпЛА на Переяслав 3 БпЛА на Таращу 2 БпЛА на Ставище
2026-04-15,3,Білоцерківський,Ставище,2026-04-15T03:17:46+03:00,2026-04-15T07:21:06+03:00,4.1,3,7,115080,https://t.me/kievreal1/115080,1 БпЛА на Переяслав 3 БпЛА на Таращу 2 БпЛА на Ставище
2026-04-15,3,Бориспільський,Переяслав,2026-04-15T03:17:46+03:00,2026-04-15T07:21:06+03:00,4.1,3,7,115081,https://t.me/kievreal1/115081,1 БпЛА на Переяслав 4 БпЛА на Таращу
2026-04-15,3,Білоцерківський,Тараща,2026-04-15T03:17:46+03:00,2026-04-15T07:21:06+03:00,4.1,3,7,115081,https://t.me/kievreal1/115081,1 БпЛА на Переяслав 4 БпЛА на Таращу
2026-04-15,4,Бориспільський,Переяслав,2026-04-15T03:17:46+03:00,2026-04-15T07:21:06+03:00,4.1,3,7,115082,https://t.me/kievreal1/115082,2 БпЛА на Білу Церкву 1 БпЛА на Переяслав 4 БпЛА на Таращу
2026-04-15,4,Білоцерківський,Тараща,2026-04-15T03:17:46+03:00,2026-04-15T07:21:06+03:00,4.1,3,7,115082,https://t.me/kievreal1/115082,2 БпЛА на Білу Церкву 1 БпЛА на Переяслав 4 БпЛА на Таращу
2026-04-15,5,Обухівський,Васильків,2026-04-15T03:17:46+03:00,2026-04-15T07:21:06+03:00,4.1,3,7,115083,https://t.me/kievreal1/115083,1 БпЛА на Васильків 1 БпЛА на Тетіїв
2026-04-15,5,Білоцерківський,Тетіїв,2026-04-15T03:17:46+03:00,2026-04-15T07:21:06+03:00,4.1,3,7,115083,https://t.me/kievreal1/115083,1 БпЛА на Васильків 1 БпЛА на Тетіїв
2026-04-15,6,Бучанський,Макарів,2026-04-15T03:17:46+03:00,2026-04-15T07:21:06+03:00,4.1,3,7,115086,https://t.me/kievreal1/115086,1 БпЛА на Наливайківку 1 БпЛА на Макарів 6 БпЛА на Пісківку
2026-04-15,6,Бучанський,Пісківка,2026-04-15T03:17:46+03:00,2026-04-15T07:21:06+03:00,4.1,3,7,115086,https://t.me/kievreal1/115086,1 БпЛА на Наливайківку 1 БпЛА на Макарів 6 БпЛА на Пісківку
2026-04-15,6,Бучанський,Вишневе,2026-04-15T03:17:46+03:00,2026-04-15T07:21:06+03:00,4.1,3,7,115087,https://t.me/kievreal1/115087,1 БпЛА на Вишневе 1 БпЛА на Бородянку 8 БпЛА на Пісківку
2026-04-15,6,Бучанський,Бородянка,2026-04-15T03:17:46+03:00,2026-04-15T07:21:06+03:00,4.1,3,7,115087,https://t.me/kievreal1/115087,1 БпЛА на Вишневе 1 БпЛА на Бородянку 8 БпЛА на Пісківку
2026-04-15,6,Бучанський,Пісківка,2026-04-15T03:17:46+03:00,2026-04-15T07:21:06+03:00,4.1,3,7,115087,https://t.me/kievreal1/115087,1 БпЛА на Вишневе 1 БпЛА на Бородянку 8 БпЛА на Пісківку
2026-04-15,6,Бучанський,Петропавлівська Борщагівка,2026-04-15T03:17:46+03:00,2026-04-15T07:21:06+03:00,4.1,3,7,115089,https://t.me/kievreal1/115089,1 БпЛА повз Петропавлівську Борщагівку на Київ 4 БпЛА на Бородянку 5 БпЛА на Пісківку
2026-04-15,6,Бучанський,Бородянка,2026-04-15T03:17:46+03:00,2026-04-15T07:21:06+03:00,4.1,3,7,115089,https://t.me/kievreal1/115089,1 БпЛА повз Петропавлівську Борщагівку на Київ 4 БпЛА на Бородянку 5 БпЛА на Пісківку
2026-04-15,6,Бучанський,Пісківка,2026-04-15T03:17:46+03:00,2026-04-15T07:21:06+03:00,4.1,3,7,115089,https://t.me/kievreal1/115089,1 БпЛА повз Петропавлівську Борщагівку на Київ 4 БпЛА на Бородянку 5 БпЛА на Пісківку
2026-04-15,6,Бучанський,Бородянка,2026-04-15T03:17:46+03:00,2026-04-15T07:21:06+03:00,4.1,3,7,115091,https://t.me/kievreal1/115091,4 БпЛА на Бородянку 4 БпЛА на Пісківку
2026-04-15,6,Бучанський,Пісківка,2026-04-15T03:17:46+03:00,2026-04-15T07:21:06+03:00,4.1,3,7,115091,https://t.me/kievreal1/115091,4 БпЛА на Бородянку 4 БпЛА на Пісківку
2026-04-15,6,Бучанський,Бородянка,2026-04-15T03:17:46+03:00,2026-04-15T07:21:06+03:00,4.1,3,7,115092,https://t.me/kievreal1/115092,2 БпЛА на Бородянку 1 БпЛА на Димер 1 БпЛА на Пісківку 3 БпЛА на Наливайківку
2026-04-15,6,Вишгородський,Димер,2026-04-15T03:17:46+03:00,2026-04-15T07:21:06+03:00,4.1,3,7,115092,https://t.me/kievreal1/115092,2 БпЛА на Бородянку 1 БпЛА на Димер 1 БпЛА на Пісківку 3 БпЛА на Наливайківку
2026-04-15,6,Бучанський,Пісківка,2026-04-15T03:17:46+03:00,2026-04-15T07:21:06+03:00,4.1,3,7,115092,https://t.me/kievreal1/115092,2 БпЛА на Бородянку 1 БпЛА на Димер 1 БпЛА на Пісківку 3 БпЛА на Наливайківку
2026-04-15,6,Вишгородський,Димер,2026-04-15T03:17:46+03:00,2026-04-15T07:21:06+03:00,4.1,3,7,115093,https://t.me/kievreal1/115093,1 БпЛА на Київ 1 БпЛА на Димер 1 БпЛА на Бородянку
2026-04-15,6,Бучанський,Бородянка,2026-04-15T03:17:46+03:00,2026-04-15T07:21:06+03:00,4.1,3,7,115093,https://t.me/kievreal1/115093,1 БпЛА на Київ 1 БпЛА на Димер 1 БпЛА на Бородянку
2026-04-15,6,Вишгородський,Димер,2026-04-15T03:17:46+03:00,2026-04-15T07:21:06+03:00,4.1,3,7,115096,https://t.me/kievreal1/115096,1 БпЛА на Димер
2026-04-15,6,Бучанський,Вишневе,2026-04-15T03:17:46+03:00,2026-04-15T07:21:06+03:00,4.1,3,7,115097,https://t.me/kievreal1/115097,"Вишневе, Борщагівки ➡️"
2026-04-15,6,Бучанський,Борщагівка,2026-04-15T03:17:46+03:00,2026-04-15T07:21:06+03:00,4.1,3,7,115097,https://t.me/kievreal1/115097,"Вишневе, Борщагівки ➡️"
2026-04-15,6,Вишгородський,Димер,2026-04-15T03:17:46+03:00,2026-04-15T07:21:06+03:00,4.1,3,7,115098,https://t.me/kievreal1/115098,1 БпЛА на Бишів 1 БпЛА на Катюжанку 1 БпЛА на Димер
2026-04-15,16,Броварський,Броварський,2026-04-15T16:30:46+03:00,2026-04-15T16:55:36+03:00,0.4,16,16,115139,https://t.me/kievreal1/115139,Броварський та Вишгородський район — загроза через БпЛА з Чернігівщини. Зараз йде повз Козелець Стежити за обстановкою в Чернігові можна ту…
2026-04-15,16,Вишгородський,Вишгородський,2026-04-15T16:30:46+03:00,2026-04-15T16:55:36+03:00,0.4,16,16,115139,https://t.me/kievreal1/115139,Броварський та Вишгородський район — загроза через БпЛА з Чернігівщини. Зараз йде повз Козелець Стежити за обстановкою в Чернігові можна ту…
2026-04-15,16,Вишгородський,Вишгородський,2026-04-15T16:30:46+03:00,2026-04-15T16:55:36+03:00,0.4,16,16,115140,https://t.me/kievreal1/115140,"Із Чернігівщини зараз йдуть 2 БпЛА, нараз курс обох на Вишгородський район Стежити за траєкторією - t.me/kyiv_radar"
2026-04-15,16,Вишгородський,Вишгород,2026-04-15T16:30:46+03:00,2026-04-15T16:55:36+03:00,0.4,16,16,115141,https://t.me/kievreal1/115141,"Перший тримає курс на Вишгород. Слідкуємо, ще далеко 🤫 якщо у вас premium, підтримайте, будь ласка, наш канал своїм голосом – t.me/kievreal…"
2026-04-15,16,Вишгородський,Вишгород,2026-04-15T16:30:46+03:00,2026-04-15T16:55:36+03:00,0.4,16,16,115142,https://t.me/kievreal1/115142,"Перший тримає курс на Вишгород. Слідкуємо, ще далеко 🤫 якщо у вас premium, підтримайте, будь ласка, наш канал своїм голосом – t.me/kievreal…"
2026-04-15,18,Обухівський,Обухівський,2026-04-15T18:39:06+03:00,2026-04-15T21:14:26+03:00,2.6,18,21,115145,https://t.me/kievreal1/115145,🚨 КИЇВСЬКА ОБЛАСТЬ - ОГОЛОШЕНА ПОВІТРЯНА ТРИВОГА Обухівський та Білоцерківський район — загроза через БпЛА
2026-04-15,18,Білоцерківський,Білоцерківський,2026-04-15T18:39:06+03:00,2026-04-15T21:14:26+03:00,2.6,18,21,115145,https://t.me/kievreal1/115145,🚨 КИЇВСЬКА ОБЛАСТЬ - ОГОЛОШЕНА ПОВІТРЯНА ТРИВОГА Обухівський та Білоцерківський район — загроза через БпЛА
2026-04-15,19,Білоцерківський,Біла Церква,2026-04-15T18:39:06+03:00,2026-04-15T21:14:26+03:00,2.6,18,21,115148,https://t.me/kievreal1/115148,"В області 2 БпЛА, Біла Церква , Узин - увага. Працює ППО За ситуацією по всій країні можна стежити тут – t.me/radar"
2026-04-15,19,Білоцерківський,Біла Церква,2026-04-15T18:39:06+03:00,2026-04-15T21:14:26+03:00,2.6,18,21,115149,https://t.me/kievreal1/115149,"В області 2 БпЛА, Біла Церква, Узин - увага. Працює ППО За ситуацією по всій країні можна стежити тут – t.me/radar"
2026-04-15,19,Обухівський,Васильків,2026-04-15T18:39:06+03:00,2026-04-15T21:14:26+03:00,2.6,18,21,115150,https://t.me/kievreal1/115150,На Васильків з півдня
2026-04-15,19,Обухівський,Обухів,2026-04-15T18:39:06+03:00,2026-04-15T21:14:26+03:00,2.6,18,21,115153,https://t.me/kievreal1/115153,"Обухів, Українка - до вас БпЛА. Також ще з Черкащини на Богуслав Стежити за траєкторією - t.me/kyiv_radar"
2026-04-15,19,Обухівський,Українка,2026-04-15T18:39:06+03:00,2026-04-15T21:14:26+03:00,2.6,18,21,115153,https://t.me/kievreal1/115153,"Обухів, Українка - до вас БпЛА. Також ще з Черкащини на Богуслав Стежити за траєкторією - t.me/kyiv_radar"
2026-04-15,19,Бучанський,Вишневе,2026-04-15T18:39:06+03:00,2026-04-15T21:14:26+03:00,2.6,18,21,115155,https://t.me/kievreal1/115155,"Вишневе, Чабани – бпла до вас"
2026-04-15,19,Фастівський,Боярка,2026-04-15T18:39:06+03:00,2026-04-15T21:14:26+03:00,2.6,18,21,115156,https://t.me/kievreal1/115156,"Боярка, Віта-Поштова теж обережно! 🤫 про всяк випадок, радимо підписатись на наш резерв, якщо ворог здійснюватиме атаки в інфопросторі – t.…"
2026-04-15,19,Обухівський,Українка,2026-04-15T18:39:06+03:00,2026-04-15T21:14:26+03:00,2.6,18,21,115158,https://t.me/kievreal1/115158,1 на Українку ще
2026-04-15,19,Білоцерківський,Тараща,2026-04-15T18:39:06+03:00,2026-04-15T21:14:26+03:00,2.6,18,21,115159,https://t.me/kievreal1/115159,Ще один виліз повз Таращу на Білу Церкву P.S про рух шахедів в онлайн-режимі пишуть тут – t.me/tryvoga_kyiv
2026-04-15,20,Обухівський,Миронівка,2026-04-15T18:39:06+03:00,2026-04-15T21:14:26+03:00,2.6,18,21,115164,https://t.me/kievreal1/115164,БпЛА на Богуслав / Миронівку
2026-04-15,20,Білоцерківський,Рокитне,2026-04-15T18:39:06+03:00,2026-04-15T21:14:26+03:00,2.6,18,21,115168,https://t.me/kievreal1/115168,"В області 2 шахеди на Рокитне, Узин"
2026-04-15,20,Обухівський,Кагарлик,2026-04-15T18:39:06+03:00,2026-04-15T21:14:26+03:00,2.6,18,21,115171,https://t.me/kievreal1/115171,1 БпЛА на Кагарлик 1 БпЛА на Миронівку
2026-04-15,20,Обухівський,Миронівка,2026-04-15T18:39:06+03:00,2026-04-15T21:14:26+03:00,2.6,18,21,115171,https://t.me/kievreal1/115171,1 БпЛА на Кагарлик 1 БпЛА на Миронівку
2026-04-15,20,Обухівський,Обухів,2026-04-15T18:39:06+03:00,2026-04-15T21:14:26+03:00,2.6,18,21,115172,https://t.me/kievreal1/115172,Загалом по шахедам на зараз 4 з Черкащини перелітають на Київщину 1 на/через Обухів/Українку 3 з Житомирщини в сторону Бородянки
2026-04-15,20,Обухівський,Українка,2026-04-15T18:39:06+03:00,2026-04-15T21:14:26+03:00,2.6,18,21,115172,https://t.me/kievreal1/115172,Загалом по шахедам на зараз 4 з Черкащини перелітають на Київщину 1 на/через Обухів/Українку 3 з Житомирщини в сторону Бородянки
2026-04-15,20,Бучанський,Бородянка,2026-04-15T18:39:06+03:00,2026-04-15T21:14:26+03:00,2.6,18,21,115172,https://t.me/kievreal1/115172,Загалом по шахедам на зараз 4 з Черкащини перелітають на Київщину 1 на/через Обухів/Українку 3 з Житомирщини в сторону Бородянки
2026-04-15,20,Білоцерківський,Рокитне,2026-04-15T18:39:06+03:00,2026-04-15T21:14:26+03:00,2.6,18,21,115174,https://t.me/kievreal1/115174,На Білу Церкву від Рокитного БпЛа
2026-04-15,20,Білоцерківський,Білоцерківський,2026-04-15T18:39:06+03:00,2026-04-15T21:14:26+03:00,2.6,18,21,115175,https://t.me/kievreal1/115175,Залишок ракет через Черкащину в бік Білоцерківського району
2026-04-15,20,Білоцерківський,Білоцерківський,2026-04-15T18:39:06+03:00,2026-04-15T21:14:26+03:00,2.6,18,21,115176,https://t.me/kievreal1/115176,Залишок ракет через Черкащину в бік Білоцерківського району
2026-04-15,20,Білоцерківський,Білоцерківський,2026-04-15T18:39:06+03:00,2026-04-15T21:14:26+03:00,2.6,18,21,115177,https://t.me/kievreal1/115177,Залишок ракет через Черкащину в бік Білоцерківського району
2026-04-15,20,Білоцерківський,Тараща,2026-04-15T18:39:06+03:00,2026-04-15T21:14:26+03:00,2.6,18,21,115180,https://t.me/kievreal1/115180,"На Таращу Про всяк випадок, радимо підписатись на наш резерв, якщо ворог здійснюватиме атаки в інфопросторі – t.me/kyiv"
2026-04-15,20,Бучанський,Бородянка,2026-04-15T18:39:06+03:00,2026-04-15T21:14:26+03:00,2.6,18,21,115181,https://t.me/kievreal1/115181,Також 3 бпла на Бородянку йдуть
2026-04-15,20,Білоцерківський,Тараща,2026-04-15T18:39:06+03:00,2026-04-15T21:14:26+03:00,2.6,18,21,115182,https://t.me/kievreal1/115182,"На Таращу Про всяк випадок, радимо підписатись на наш резерв, якщо ворог здійснюватиме атаки в інфопросторі – t.me/kyiv"
2026-04-15,20,Фастівський,Фастів,2026-04-15T18:39:06+03:00,2026-04-15T21:14:26+03:00,2.6,18,21,115185,https://t.me/kievreal1/115185,Фастів увага
2026-04-16,2,Броварський,Згурівка,2026-04-16T02:11:16+03:00,2026-04-16T07:28:06+03:00,5.3,2,7,115199,https://t.me/kievreal1/115199,2 шахеди на Згурівку
2026-04-16,3,Бучанський,Вишневе,2026-04-16T02:11:16+03:00,2026-04-16T07:28:06+03:00,5.3,2,7,115216,https://t.me/kievreal1/115216,Вишневе/ТЕЦ-5
2026-04-16,3,Білоцерківський,Тараща,2026-04-16T02:11:16+03:00,2026-04-16T07:28:06+03:00,5.3,2,7,115225,https://t.me/kievreal1/115225,3 шахеди на Таращу
2026-04-16,3,Білоцерківський,Рокитне,2026-04-16T02:11:16+03:00,2026-04-16T07:28:06+03:00,5.3,2,7,115227,https://t.me/kievreal1/115227,3 шахеди на Рокитне 1 шахед на Яготин
2026-04-16,3,Бориспільський,Яготин,2026-04-16T02:11:16+03:00,2026-04-16T07:28:06+03:00,5.3,2,7,115227,https://t.me/kievreal1/115227,3 шахеди на Рокитне 1 шахед на Яготин
2026-04-16,4,Обухівський,Обухів,2026-04-16T02:11:16+03:00,2026-04-16T07:28:06+03:00,5.3,2,7,115236,https://t.me/kievreal1/115236,1 шахед на Обухів
2026-04-16,4,Обухівський,Васильків,2026-04-16T02:11:16+03:00,2026-04-16T07:28:06+03:00,5.3,2,7,115237,https://t.me/kievreal1/115237,1 шахед на Васильків
2026-04-16,4,Бучанський,Вишневе,2026-04-16T02:11:16+03:00,2026-04-16T07:28:06+03:00,5.3,2,7,115238,https://t.me/kievreal1/115238,БПЛА на Вишневе
2026-04-16,4,Броварський,Бровари,2026-04-16T02:11:16+03:00,2026-04-16T07:28:06+03:00,5.3,2,7,115242,https://t.me/kievreal1/115242,1 шахед на Бровари
2026-04-16,4,Бориспільський,Березань,2026-04-16T02:11:16+03:00,2026-04-16T07:28:06+03:00,5.3,2,7,115243,https://t.me/kievreal1/115243,БПЛА на Березань
2026-04-16,6,Броварський,Згурівка,2026-04-16T02:11:16+03:00,2026-04-16T07:28:06+03:00,5.3,2,7,115247,https://t.me/kievreal1/115247,10 шахедів на Згурівку
2026-04-16,6,Броварський,Бровари,2026-04-16T02:11:16+03:00,2026-04-16T07:28:06+03:00,5.3,2,7,115248,https://t.me/kievreal1/115248,4 шахеди на Бровари (повз Згурівку)
2026-04-16,6,Броварський,Згурівка,2026-04-16T02:11:16+03:00,2026-04-16T07:28:06+03:00,5.3,2,7,115248,https://t.me/kievreal1/115248,4 шахеди на Бровари (повз Згурівку)
2026-04-16,6,Броварський,Бровари,2026-04-16T02:11:16+03:00,2026-04-16T07:28:06+03:00,5.3,2,7,115250,https://t.me/kievreal1/115250,БПЛА на Бровари
2026-04-16,6,Броварський,Бровари,2026-04-16T02:11:16+03:00,2026-04-16T07:28:06+03:00,5.3,2,7,115254,https://t.me/kievreal1/115254,"3 повз Бровари на Київ , 1 кружляє біля Згурівки, 1 на Українку"
2026-04-16,6,Броварський,Згурівка,2026-04-16T02:11:16+03:00,2026-04-16T07:28:06+03:00,5.3,2,7,115254,https://t.me/kievreal1/115254,"3 повз Бровари на Київ , 1 кружляє біля Згурівки, 1 на Українку"
2026-04-16,6,Обухівський,Українка,2026-04-16T02:11:16+03:00,2026-04-16T07:28:06+03:00,5.3,2,7,115254,https://t.me/kievreal1/115254,"3 повз Бровари на Київ , 1 кружляє біля Згурівки, 1 на Українку"
2026-04-17,4,Вишгородський,Чорнобиль,2026-04-17T04:30:06+03:00,2026-04-17T09:34:16+03:00,5.1,4,9,115320,https://t.me/kievreal1/115320,2 БПЛА на Чорнобиль
2026-04-17,7,Вишгородський,Чорнобиль,2026-04-17T04:30:06+03:00,2026-04-17T09:34:16+03:00,5.1,4,9,115324,https://t.me/kievreal1/115324,3 БПЛА над Чорнобилем
2026-04-18,4,Броварський,Бровари,2026-04-18T03:51:36+03:00,2026-04-18T04:57:06+03:00,1.1,3,4,115360,https://t.me/kievreal1/115360,БПЛА з Чернігівщини на Бровари
2026-04-18,4,Бориспільський,Бориспіль,2026-04-18T03:51:36+03:00,2026-04-18T04:57:06+03:00,1.1,3,4,115361,https://t.me/kievreal1/115361,1 шахед на Бориспіль
2026-04-18,4,Броварський,Згурівка,2026-04-18T03:51:36+03:00,2026-04-18T04:57:06+03:00,1.1,3,4,115362,https://t.me/kievreal1/115362,БпЛА курсом на Згурівку
2026-04-18,15,Броварський,Броварський,2026-04-18T15:46:36+03:00,2026-04-18T16:00:56+03:00,0.2,15,16,115383,https://t.me/kievreal1/115383,🚨 КИЇВСЬКА ОБЛАСТЬ - ОГОЛОШЕНА ПОВІТРЯНА ТРИВОГА Загрозадля Броварського району. БпЛА на Згурівку із Чернігівщини
2026-04-18,15,Броварський,Згурівка,2026-04-18T15:46:36+03:00,2026-04-18T16:00:56+03:00,0.2,15,16,115383,https://t.me/kievreal1/115383,🚨 КИЇВСЬКА ОБЛАСТЬ - ОГОЛОШЕНА ПОВІТРЯНА ТРИВОГА Загрозадля Броварського району. БпЛА на Згурівку із Чернігівщини
2026-04-18,15,Бориспільський,Яготин,2026-04-18T15:46:36+03:00,2026-04-18T16:00:56+03:00,0.2,15,16,115384,https://t.me/kievreal1/115384,Далі на Яготин Upd без фіксації
2026-04-20,2,Броварський,Бровари,2026-04-20T02:40:06+03:00,2026-04-20T04:27:16+03:00,1.8,2,4,115509,https://t.me/kievreal1/115509,"БПЛА на Погреби, Бровари Підтримати канал, буду вдячний Вам: https://base.monobank.ua/4jYdAKEbmcrmLL ➡"
2026-04-20,3,Вишгородський,Вишгород,2026-04-20T02:40:06+03:00,2026-04-20T04:27:16+03:00,1.8,2,4,115510,https://t.me/kievreal1/115510,Шахед на Вишгород
2026-04-20,3,Броварський,Бровари,2026-04-20T02:40:06+03:00,2026-04-20T04:27:16+03:00,1.8,2,4,115511,https://t.me/kievreal1/115511,БпЛА курсом на Бровари БпЛА курсом на Бориспіль
2026-04-20,3,Бориспільський,Бориспіль,2026-04-20T02:40:06+03:00,2026-04-20T04:27:16+03:00,1.8,2,4,115511,https://t.me/kievreal1/115511,БпЛА курсом на Бровари БпЛА курсом на Бориспіль
2026-04-20,3,Броварський,Баришівка,2026-04-20T02:40:06+03:00,2026-04-20T04:27:16+03:00,1.8,2,4,115512,https://t.me/kievreal1/115512,БпЛА курсом на Баришівку
2026-04-20,3,Броварський,Бровари,2026-04-20T02:40:06+03:00,2026-04-20T04:27:16+03:00,1.8,2,4,115513,https://t.me/kievreal1/115513,Пара реактивних на Бровари
2026-04-20,3,Броварський,Бровари,2026-04-20T02:40:06+03:00,2026-04-20T04:27:16+03:00,1.8,2,4,115514,https://t.me/kievreal1/115514,БПЛА на Бровари
2026-04-20,3,Бориспільський,Бориспіль,2026-04-20T02:40:06+03:00,2026-04-20T04:27:16+03:00,1.8,2,4,115515,https://t.me/kievreal1/115515,БПЛА на Бориспіль
2026-04-20,3,Броварський,Бровари,2026-04-20T02:40:06+03:00,2026-04-20T04:27:16+03:00,1.8,2,4,115516,https://t.me/kievreal1/115516,Бровари - вибухи
2026-04-20,3,Броварський,Бровари,2026-04-20T02:40:06+03:00,2026-04-20T04:27:16+03:00,1.8,2,4,115517,https://t.me/kievreal1/115517,Ще БПЛА на Бровари
2026-04-20,3,Броварський,Бровари,2026-04-20T02:40:06+03:00,2026-04-20T04:27:16+03:00,1.8,2,4,115519,https://t.me/kievreal1/115519,Ще БПЛА на Бровари
2026-04-20,15,Обухівський,Васильків,2026-04-20T14:37:36+03:00,2026-04-20T16:27:26+03:00,1.8,14,16,115539,https://t.me/kievreal1/115539,На Васильків
2026-04-20,15,Бучанський,Вишневе,2026-04-20T14:37:36+03:00,2026-04-20T16:27:26+03:00,1.8,14,16,115540,https://t.me/kievreal1/115540,Вишневе/Богуслав
2026-04-20,16,Вишгородський,Вишгород,2026-04-20T14:37:36+03:00,2026-04-20T16:27:26+03:00,1.8,14,16,115548,https://t.me/kievreal1/115548,Вишгород
2026-04-22,16,Вишгородський,Вишгородський,2026-04-22T16:57:26+03:00,2026-04-22T18:29:16+03:00,1.5,16,18,115637,https://t.me/kievreal1/115637,🚨 КИЇВСЬКА ОБЛАСТЬ - ОГОЛОШЕНА ПОВІТРЯНА ТРИВОГА Загроза для Вишгородського району через невідому ціль з Чернігівщини на Жукин Стежити за т…
2026-04-22,16,Вишгородський,Жукин,2026-04-22T16:57:26+03:00,2026-04-22T18:29:16+03:00,1.5,16,18,115637,https://t.me/kievreal1/115637,🚨 КИЇВСЬКА ОБЛАСТЬ - ОГОЛОШЕНА ПОВІТРЯНА ТРИВОГА Загроза для Вишгородського району через невідому ціль з Чернігівщини на Жукин Стежити за т…
2026-04-22,17,Бучанський,Макарів,2026-04-22T16:57:26+03:00,2026-04-22T18:29:16+03:00,1.5,16,18,115639,https://t.me/kievreal1/115639,"Два на Макарів, ще один поблизу Світильні в бік Броварів 👉"
2026-04-22,17,Броварський,Бровари,2026-04-22T16:57:26+03:00,2026-04-22T18:29:16+03:00,1.5,16,18,115639,https://t.me/kievreal1/115639,"Два на Макарів, ще один поблизу Світильні в бік Броварів 👉"
2026-04-22,17,Вишгородський,Димер,2026-04-22T16:57:26+03:00,2026-04-22T18:29:16+03:00,1.5,16,18,115641,https://t.me/kievreal1/115641,"Димер, Бровари , Немішаєве – обережно P.S про рух повітряних цілей тут – t.me/tryvoga_kyiv"
2026-04-22,17,Броварський,Бровари,2026-04-22T16:57:26+03:00,2026-04-22T18:29:16+03:00,1.5,16,18,115641,https://t.me/kievreal1/115641,"Димер, Бровари , Немішаєве – обережно P.S про рух повітряних цілей тут – t.me/tryvoga_kyiv"
2026-04-22,17,Бучанський,Немішаєве,2026-04-22T16:57:26+03:00,2026-04-22T18:29:16+03:00,1.5,16,18,115641,https://t.me/kievreal1/115641,"Димер, Бровари , Немішаєве – обережно P.S про рух повітряних цілей тут – t.me/tryvoga_kyiv"
2026-04-22,17,Броварський,Бровари,2026-04-22T16:57:26+03:00,2026-04-22T18:29:16+03:00,1.5,16,18,115642,https://t.me/kievreal1/115642,Один над Броварами
2026-04-22,17,Бучанський,Бородянка,2026-04-22T16:57:26+03:00,2026-04-22T18:29:16+03:00,1.5,16,18,115646,https://t.me/kievreal1/115646,На Бородянку ще йде і Макарів
2026-04-22,17,Бучанський,Макарів,2026-04-22T16:57:26+03:00,2026-04-22T18:29:16+03:00,1.5,16,18,115646,https://t.me/kievreal1/115646,На Бородянку ще йде і Макарів
2026-04-22,18,Броварський,Бровари,2026-04-22T16:57:26+03:00,2026-04-22T18:29:16+03:00,1.5,16,18,115657,https://t.me/kievreal1/115657,"Подекуди на лівому березі Києва, а також в Броварах і сусідніх населених пунктах місцями зникла електрика 🤫 оперативно про відключення світ…"
2026-04-23,6,Вишгородський,Іванків,2026-04-23T05:58:46+03:00,2026-04-23T08:48:36+03:00,2.8,5,8,115669,https://t.me/kievreal1/115669,З БПЛА з Житомирської області на Іванків БпЛА
2026-04-23,6,Вишгородський,Іванків,2026-04-23T05:58:46+03:00,2026-04-23T08:48:36+03:00,2.8,5,8,115670,https://t.me/kievreal1/115670,З БПЛА з Житомирської області на Іванків БпЛА
2026-04-23,6,Вишгородський,Чорнобиль,2026-04-23T05:58:46+03:00,2026-04-23T08:48:36+03:00,2.8,5,8,115672,https://t.me/kievreal1/115672,З'явивися 1 БпЛА в Чорнобильській зоні відчуження upd: Без фіксації
2026-04-23,11,Вишгородський,Славутич,2026-04-23T11:11:46+03:00,2026-04-23T14:24:36+03:00,3.2,11,14,115687,https://t.me/kievreal1/115687,🚨 КИЇВСЬКА ОБЛАСТЬ - ОГОЛОШЕНА ПОВІТРЯНА ТРИВОГА БпЛА від Славутича на водосховище
2026-04-23,11,Вишгородський,Чорнобиль,2026-04-23T11:11:46+03:00,2026-04-23T14:24:36+03:00,3.2,11,14,115689,https://t.me/kievreal1/115689,"Другий БпЛА, ймовірно реактивний, йде в Чорнобильську зону P.S про рух повітряних цілей тут – t.me/tryvoga_kyiv"
2026-04-23,13,Обухівський,Васильків,2026-04-23T11:11:46+03:00,2026-04-23T14:24:36+03:00,3.2,11,14,115697,https://t.me/kievreal1/115697,😳 На Васильківській чоловік збив ряд велосипедів та стовпів
2026-04-23,13,Бучанський,Бородянка,2026-04-23T11:11:46+03:00,2026-04-23T14:24:36+03:00,3.2,11,14,115702,https://t.me/kievreal1/115702,1 БпЛА в районі Бородянки 👉
2026-04-23,19,Броварський,Броварський,2026-04-23T19:02:16+03:00,2026-04-23T19:37:16+03:00,0.6,19,19,115730,https://t.me/kievreal1/115730,"Невстановлена ціль, імовірно повітряна куля, курсує від Чернігівщини в бік Броварського району, на Мокрець P.S про рух повітряних цілей тут…"
2026-04-23,19,Броварський,Баришівка,2026-04-23T19:02:16+03:00,2026-04-23T19:37:16+03:00,0.6,19,19,115731,https://t.me/kievreal1/115731,Йде в бік Баришівки. Слідкуємо 👉
2026-04-23,19,Бориспільський,Переяслав,2026-04-23T19:02:16+03:00,2026-04-23T19:37:16+03:00,0.6,19,19,115732,https://t.me/kievreal1/115732,На Переяслав йде
2026-04-24,7,Броварський,Бровари,2026-04-24T06:15:26+03:00,2026-04-24T23:22:16+03:00,17.1,6,23,115752,https://t.me/kievreal1/115752,"Київщина : БПЛА на Бровари / Бориспіль Підтримати канал, буду вдячний Вам: https://base.monobank.ua/4jYdAKEbmcrmLL ➡"
2026-04-24,7,Бориспільський,Бориспіль,2026-04-24T06:15:26+03:00,2026-04-24T23:22:16+03:00,17.1,6,23,115752,https://t.me/kievreal1/115752,"Київщина : БПЛА на Бровари / Бориспіль Підтримати канал, буду вдячний Вам: https://base.monobank.ua/4jYdAKEbmcrmLL ➡"
2026-04-24,8,Броварський,Бровари,2026-04-24T06:15:26+03:00,2026-04-24T23:22:16+03:00,17.1,6,23,115754,https://t.me/kievreal1/115754,БПЛА в бік Броварів
2026-04-24,9,Бучанський,Коцюбинське,2026-04-24T06:15:26+03:00,2026-04-24T23:22:16+03:00,17.1,6,23,115760,https://t.me/kievreal1/115760,Святошин/Коцюбинське
2026-04-24,11,Бучанський,Бучанський,2026-04-24T06:15:26+03:00,2026-04-24T23:22:16+03:00,17.1,6,23,115767,https://t.me/kievreal1/115767,"На Київщині викрито мережу продажу контрафактних цигарок: вилучено товару на понад 5,5 млн грн За даними слідства, фігуранти налагодили пос…"
2026-04-24,11,Обухівський,Обухівський,2026-04-24T06:15:26+03:00,2026-04-24T23:22:16+03:00,17.1,6,23,115767,https://t.me/kievreal1/115767,"На Київщині викрито мережу продажу контрафактних цигарок: вилучено товару на понад 5,5 млн грн За даними слідства, фігуранти налагодили пос…"
2026-04-24,11,Бориспільський,Бориспільський,2026-04-24T06:15:26+03:00,2026-04-24T23:22:16+03:00,17.1,6,23,115767,https://t.me/kievreal1/115767,"На Київщині викрито мережу продажу контрафактних цигарок: вилучено товару на понад 5,5 млн грн За даними слідства, фігуранти налагодили пос…"
2026-04-24,11,Вишгородський,Вишгородський,2026-04-24T06:15:26+03:00,2026-04-24T23:22:16+03:00,17.1,6,23,115767,https://t.me/kievreal1/115767,"На Київщині викрито мережу продажу контрафактних цигарок: вилучено товару на понад 5,5 млн грн За даними слідства, фігуранти налагодили пос…"
2026-04-24,15,Бучанський,Вишневе,2026-04-24T06:15:26+03:00,2026-04-24T23:22:16+03:00,17.1,6,23,115790,https://t.me/kievreal1/115790,#нампишуть Річка Сіверка у Вишневому стала червоною: місцеві стривожені екологічною катастрофою 🖼 побачили якусь подію та зняли на камеру? …
2026-04-24,21,Бориспільський,Яготин,2026-04-24T06:15:26+03:00,2026-04-24T23:22:16+03:00,17.1,6,23,115815,https://t.me/kievreal1/115815,На Яготин
2026-04-24,21,Обухівський,Обухів,2026-04-24T06:15:26+03:00,2026-04-24T23:22:16+03:00,17.1,6,23,115816,https://t.me/kievreal1/115816,Далі Обухів/Українка
2026-04-24,21,Обухівський,Українка,2026-04-24T06:15:26+03:00,2026-04-24T23:22:16+03:00,17.1,6,23,115816,https://t.me/kievreal1/115816,Далі Обухів/Українка
2026-04-25,3,Бориспільський,Переяслав,2026-04-25T02:47:46+03:00,2026-04-25T05:37:06+03:00,2.8,2,5,115827,https://t.me/kievreal1/115827,БПЛА на Переяслав
2026-04-25,3,Бориспільський,Переяслав,2026-04-25T02:47:46+03:00,2026-04-25T05:37:06+03:00,2.8,2,5,115828,https://t.me/kievreal1/115828,3х БпЛА курсом на Переяслав 7х БпЛА курсом на Ржищів
2026-04-25,3,Обухівський,Ржищів,2026-04-25T02:47:46+03:00,2026-04-25T05:37:06+03:00,2.8,2,5,115828,https://t.me/kievreal1/115828,3х БпЛА курсом на Переяслав 7х БпЛА курсом на Ржищів
2026-04-25,3,Бориспільський,Березань,2026-04-25T02:47:46+03:00,2026-04-25T05:37:06+03:00,2.8,2,5,115829,https://t.me/kievreal1/115829,БпЛА курсом на Березань 2х БпЛА курсом на Українку 8х БпЛА курсом на Ржищів 2х БпЛА курсом на Кагарлик
2026-04-25,3,Обухівський,Українка,2026-04-25T02:47:46+03:00,2026-04-25T05:37:06+03:00,2.8,2,5,115829,https://t.me/kievreal1/115829,БпЛА курсом на Березань 2х БпЛА курсом на Українку 8х БпЛА курсом на Ржищів 2х БпЛА курсом на Кагарлик
2026-04-25,3,Обухівський,Ржищів,2026-04-25T02:47:46+03:00,2026-04-25T05:37:06+03:00,2.8,2,5,115829,https://t.me/kievreal1/115829,БпЛА курсом на Березань 2х БпЛА курсом на Українку 8х БпЛА курсом на Ржищів 2х БпЛА курсом на Кагарлик
2026-04-25,3,Обухівський,Кагарлик,2026-04-25T02:47:46+03:00,2026-04-25T05:37:06+03:00,2.8,2,5,115829,https://t.me/kievreal1/115829,БпЛА курсом на Березань 2х БпЛА курсом на Українку 8х БпЛА курсом на Ржищів 2х БпЛА курсом на Кагарлик
2026-04-25,3,Броварський,Баришівка,2026-04-25T02:47:46+03:00,2026-04-25T05:37:06+03:00,2.8,2,5,115830,https://t.me/kievreal1/115830,БпЛА курсом на Баришівку 2х БпЛА курсом на Бориспіль 10х БпЛА курсом на Кагарлик
2026-04-25,3,Бориспільський,Бориспіль,2026-04-25T02:47:46+03:00,2026-04-25T05:37:06+03:00,2.8,2,5,115830,https://t.me/kievreal1/115830,БпЛА курсом на Баришівку 2х БпЛА курсом на Бориспіль 10х БпЛА курсом на Кагарлик
2026-04-25,3,Обухівський,Кагарлик,2026-04-25T02:47:46+03:00,2026-04-25T05:37:06+03:00,2.8,2,5,115830,https://t.me/kievreal1/115830,БпЛА курсом на Баришівку 2х БпЛА курсом на Бориспіль 10х БпЛА курсом на Кагарлик
2026-04-25,3,Бориспільський,Переяслав,2026-04-25T02:47:46+03:00,2026-04-25T05:37:06+03:00,2.8,2,5,115831,https://t.me/kievreal1/115831,5х БпЛА курсом на Переяслав 5х БпЛА курсом на Білу Церкву БпЛА курсом на Бориспіль БпЛА курсом на Перемогу
2026-04-25,3,Бориспільський,Бориспіль,2026-04-25T02:47:46+03:00,2026-04-25T05:37:06+03:00,2.8,2,5,115831,https://t.me/kievreal1/115831,5х БпЛА курсом на Переяслав 5х БпЛА курсом на Білу Церкву БпЛА курсом на Бориспіль БпЛА курсом на Перемогу
2026-04-25,3,Обухівський,Українка,2026-04-25T02:47:46+03:00,2026-04-25T05:37:06+03:00,2.8,2,5,115836,https://t.me/kievreal1/115836,11х БпЛА курсом на Білу Церкву 3х БпЛА курсом на Українку БпЛА курсом на Обухів БпЛА курсом на Жукин
2026-04-25,3,Обухівський,Обухів,2026-04-25T02:47:46+03:00,2026-04-25T05:37:06+03:00,2.8,2,5,115836,https://t.me/kievreal1/115836,11х БпЛА курсом на Білу Церкву 3х БпЛА курсом на Українку БпЛА курсом на Обухів БпЛА курсом на Жукин
2026-04-25,3,Вишгородський,Жукин,2026-04-25T02:47:46+03:00,2026-04-25T05:37:06+03:00,2.8,2,5,115836,https://t.me/kievreal1/115836,11х БпЛА курсом на Білу Церкву 3х БпЛА курсом на Українку БпЛА курсом на Обухів БпЛА курсом на Жукин
2026-04-25,3,Обухівський,Українка,2026-04-25T02:47:46+03:00,2026-04-25T05:37:06+03:00,2.8,2,5,115838,https://t.me/kievreal1/115838,БпЛА курсом на Биліа БпЛА курсом на Українку БпЛА курсом на Баришівку БпЛА курсом на Ржищів 2х БпЛА курсом на Білу Церкву 3х БпЛА курсом на…
2026-04-25,3,Броварський,Баришівка,2026-04-25T02:47:46+03:00,2026-04-25T05:37:06+03:00,2.8,2,5,115838,https://t.me/kievreal1/115838,БпЛА курсом на Биліа БпЛА курсом на Українку БпЛА курсом на Баришівку БпЛА курсом на Ржищів 2х БпЛА курсом на Білу Церкву 3х БпЛА курсом на…
2026-04-25,3,Обухівський,Ржищів,2026-04-25T02:47:46+03:00,2026-04-25T05:37:06+03:00,2.8,2,5,115838,https://t.me/kievreal1/115838,БпЛА курсом на Биліа БпЛА курсом на Українку БпЛА курсом на Баришівку БпЛА курсом на Ржищів 2х БпЛА курсом на Білу Церкву 3х БпЛА курсом на…
2026-04-25,3,Обухівський,Миронівка,2026-04-25T02:47:46+03:00,2026-04-25T05:37:06+03:00,2.8,2,5,115838,https://t.me/kievreal1/115838,БпЛА курсом на Биліа БпЛА курсом на Українку БпЛА курсом на Баришівку БпЛА курсом на Ржищів 2х БпЛА курсом на Білу Церкву 3х БпЛА курсом на…
2026-04-25,3,Обухівський,Кагарлик,2026-04-25T02:47:46+03:00,2026-04-25T05:37:06+03:00,2.8,2,5,115838,https://t.me/kievreal1/115838,БпЛА курсом на Биліа БпЛА курсом на Українку БпЛА курсом на Баришівку БпЛА курсом на Ржищів 2х БпЛА курсом на Білу Церкву 3х БпЛА курсом на…
2026-04-25,4,Обухівський,Українка,2026-04-25T02:47:46+03:00,2026-04-25T05:37:06+03:00,2.8,2,5,115843,https://t.me/kievreal1/115843,БпЛА курсом на Київ БпЛА курсом на Українку 2х БпЛА курсом на Переяслав БпЛА курсом на Ржищів 3х БпЛА курсом на Дослідницьке 5х БпЛА курсом…
2026-04-25,4,Бориспільський,Переяслав,2026-04-25T02:47:46+03:00,2026-04-25T05:37:06+03:00,2.8,2,5,115843,https://t.me/kievreal1/115843,БпЛА курсом на Київ БпЛА курсом на Українку 2х БпЛА курсом на Переяслав БпЛА курсом на Ржищів 3х БпЛА курсом на Дослідницьке 5х БпЛА курсом…
2026-04-25,4,Обухівський,Ржищів,2026-04-25T02:47:46+03:00,2026-04-25T05:37:06+03:00,2.8,2,5,115843,https://t.me/kievreal1/115843,БпЛА курсом на Київ БпЛА курсом на Українку 2х БпЛА курсом на Переяслав БпЛА курсом на Ржищів 3х БпЛА курсом на Дослідницьке 5х БпЛА курсом…
2026-04-25,4,Броварський,Бровари,2026-04-25T02:47:46+03:00,2026-04-25T05:37:06+03:00,2.8,2,5,115844,https://t.me/kievreal1/115844,2 шахеди на Бровари
2026-04-25,4,Бориспільський,Яготин,2026-04-25T02:47:46+03:00,2026-04-25T05:37:06+03:00,2.8,2,5,115845,https://t.me/kievreal1/115845,Група КР курсом на Яготин
2026-04-25,4,Броварський,Бровари,2026-04-25T02:47:46+03:00,2026-04-25T05:37:06+03:00,2.8,2,5,115848,https://t.me/kievreal1/115848,БпЛА курсом на Бровари БпЛА курсом на Бориспіль 3х БпЛА курсом на Ржищів БпЛА курсом на Переяслав БпЛА курсом на Кагарлик 3х БпЛА курсом на…
2026-04-25,4,Бориспільський,Бориспіль,2026-04-25T02:47:46+03:00,2026-04-25T05:37:06+03:00,2.8,2,5,115848,https://t.me/kievreal1/115848,БпЛА курсом на Бровари БпЛА курсом на Бориспіль 3х БпЛА курсом на Ржищів БпЛА курсом на Переяслав БпЛА курсом на Кагарлик 3х БпЛА курсом на…
2026-04-25,4,Обухівський,Ржищів,2026-04-25T02:47:46+03:00,2026-04-25T05:37:06+03:00,2.8,2,5,115848,https://t.me/kievreal1/115848,БпЛА курсом на Бровари БпЛА курсом на Бориспіль 3х БпЛА курсом на Ржищів БпЛА курсом на Переяслав БпЛА курсом на Кагарлик 3х БпЛА курсом на…
2026-04-25,4,Бориспільський,Переяслав,2026-04-25T02:47:46+03:00,2026-04-25T05:37:06+03:00,2.8,2,5,115848,https://t.me/kievreal1/115848,БпЛА курсом на Бровари БпЛА курсом на Бориспіль 3х БпЛА курсом на Ржищів БпЛА курсом на Переяслав БпЛА курсом на Кагарлик 3х БпЛА курсом на…
2026-04-25,4,Обухівський,Кагарлик,2026-04-25T02:47:46+03:00,2026-04-25T05:37:06+03:00,2.8,2,5,115848,https://t.me/kievreal1/115848,БпЛА курсом на Бровари БпЛА курсом на Бориспіль 3х БпЛА курсом на Ржищів БпЛА курсом на Переяслав БпЛА курсом на Кагарлик 3х БпЛА курсом на…
2026-04-25,4,Фастівський,Фастів,2026-04-25T02:47:46+03:00,2026-04-25T05:37:06+03:00,2.8,2,5,115848,https://t.me/kievreal1/115848,БпЛА курсом на Бровари БпЛА курсом на Бориспіль 3х БпЛА курсом на Ржищів БпЛА курсом на Переяслав БпЛА курсом на Кагарлик 3х БпЛА курсом на…
2026-04-25,4,Броварський,Баришівка,2026-04-25T02:47:46+03:00,2026-04-25T05:37:06+03:00,2.8,2,5,115849,https://t.me/kievreal1/115849,Група КР курсом на Баришівку
2026-04-25,4,Броварський,Калита,2026-04-25T02:47:46+03:00,2026-04-25T05:37:06+03:00,2.8,2,5,115850,https://t.me/kievreal1/115850,Група КР курсом на Калиту Група КР курсом на Переяслав
2026-04-25,4,Бориспільський,Переяслав,2026-04-25T02:47:46+03:00,2026-04-25T05:37:06+03:00,2.8,2,5,115850,https://t.me/kievreal1/115850,Група КР курсом на Калиту Група КР курсом на Переяслав
2026-04-25,4,Бориспільський,Березань,2026-04-25T02:47:46+03:00,2026-04-25T05:37:06+03:00,2.8,2,5,115852,https://t.me/kievreal1/115852,Група КР курсом на Березань Група КР курсом на Ставище
2026-04-25,4,Білоцерківський,Ставище,2026-04-25T02:47:46+03:00,2026-04-25T05:37:06+03:00,2.8,2,5,115852,https://t.me/kievreal1/115852,Група КР курсом на Березань Група КР курсом на Ставище
2026-04-25,4,Бориспільський,Переяслав,2026-04-25T02:47:46+03:00,2026-04-25T05:37:06+03:00,2.8,2,5,115853,https://t.me/kievreal1/115853,БпЛА курсом на Переяслав БпЛА курсом на Ржищів БпЛА курсом на Сквиру 2х БпЛА курсом на Білу Церкву
2026-04-25,4,Обухівський,Ржищів,2026-04-25T02:47:46+03:00,2026-04-25T05:37:06+03:00,2.8,2,5,115853,https://t.me/kievreal1/115853,БпЛА курсом на Переяслав БпЛА курсом на Ржищів БпЛА курсом на Сквиру 2х БпЛА курсом на Білу Церкву
2026-04-25,4,Білоцерківський,Сквира,2026-04-25T02:47:46+03:00,2026-04-25T05:37:06+03:00,2.8,2,5,115853,https://t.me/kievreal1/115853,БпЛА курсом на Переяслав БпЛА курсом на Ржищів БпЛА курсом на Сквиру 2х БпЛА курсом на Білу Церкву
2026-04-25,4,Білоцерківський,Рокитне,2026-04-25T02:47:46+03:00,2026-04-25T05:37:06+03:00,2.8,2,5,115855,https://t.me/kievreal1/115855,Група КР курсом на Рокитне
2026-04-25,4,Обухівський,Ржищів,2026-04-25T02:47:46+03:00,2026-04-25T05:37:06+03:00,2.8,2,5,115856,https://t.me/kievreal1/115856,БпЛА курсом на Ржищів БпЛА курсом на Миронівку 4х БпЛА курсом на Білу Церкву БпЛА курсом на Сквиру
2026-04-25,4,Обухівський,Миронівка,2026-04-25T02:47:46+03:00,2026-04-25T05:37:06+03:00,2.8,2,5,115856,https://t.me/kievreal1/115856,БпЛА курсом на Ржищів БпЛА курсом на Миронівку 4х БпЛА курсом на Білу Церкву БпЛА курсом на Сквиру
2026-04-25,4,Білоцерківський,Сквира,2026-04-25T02:47:46+03:00,2026-04-25T05:37:06+03:00,2.8,2,5,115856,https://t.me/kievreal1/115856,БпЛА курсом на Ржищів БпЛА курсом на Миронівку 4х БпЛА курсом на Білу Церкву БпЛА курсом на Сквиру
2026-04-25,16,Броварський,Бровари,2026-04-25T16:04:46+03:00,2026-04-25T17:44:16+03:00,1.7,16,17,115882,https://t.me/kievreal1/115882,БПЛА на Бровари
2026-04-25,16,Вишгородський,Вишгород,2026-04-25T16:04:46+03:00,2026-04-25T17:44:16+03:00,1.7,16,17,115885,https://t.me/kievreal1/115885,Вишгород БПЛА
2026-04-25,23,Броварський,Бровари,2026-04-25T23:44:16+03:00,2026-04-26T00:10:06+03:00,0.4,23,0,115905,https://t.me/kievreal1/115905,БПЛА повз Бровари на Дарницю
2026-04-26,4,Вишгородський,Чорнобиль,2026-04-26T04:25:26+03:00,2026-04-26T05:44:36+03:00,1.3,4,5,115910,https://t.me/kievreal1/115910,БпЛА курсом на Чорнобиль
2026-04-26,4,Вишгородський,Чорнобиль,2026-04-26T04:25:26+03:00,2026-04-26T05:44:36+03:00,1.3,4,5,115911,https://t.me/kievreal1/115911,БпЛА курсом на Чорнобильську зону відчуження
2026-04-28,13,Броварський,Велика Димерка,2026-04-28T13:32:36+03:00,2026-04-30T03:48:06+03:00,38.3,13,3,116050,https://t.me/kievreal1/116050,Велика Димерка уважно
2026-04-28,14,Броварський,Бровари,2026-04-28T13:32:36+03:00,2026-04-30T03:48:06+03:00,38.3,13,3,116058,https://t.me/kievreal1/116058,"В столиці чисто, один над Броварами"
2026-04-28,10,Бориспільський,Бориспіль,2026-04-28T13:32:36+03:00,2026-04-30T03:48:06+03:00,38.3,13,3,116091,https://t.me/kievreal1/116091,Сильна ДТП сталася дорогою від села Старе в бік Борисполя
2026-04-28,20,Вишгородський,Чорнобиль,2026-04-28T13:32:36+03:00,2026-04-30T03:48:06+03:00,38.3,13,3,116118,https://t.me/kievreal1/116118,Україна узгодила з партнерами фінансування Нового безпечного конфайнменту на Чорнобильській АЕС — Шмигаль Європейський банк реконструції та…
2026-04-28,1,Вишгородський,Чорнобиль,2026-04-28T13:32:36+03:00,2026-04-30T03:48:06+03:00,38.3,13,3,116125,https://t.me/kievreal1/116125,БпЛА курсом на Чорнобиль
2026-04-28,2,Броварський,Велика Димерка,2026-04-28T13:32:36+03:00,2026-04-30T03:48:06+03:00,38.3,13,3,116128,https://t.me/kievreal1/116128,2х БпЛА курсом на Велику Димерку
2026-04-28,2,Броварський,Бровари,2026-04-28T13:32:36+03:00,2026-04-30T03:48:06+03:00,38.3,13,3,116129,https://t.me/kievreal1/116129,"БПЛА на Бровари Підтримати канал, буду вдячний Вам: https://base.monobank.ua/4jYdAKEbmcrmLL ➡"
2026-04-28,2,Броварський,Велика Димерка,2026-04-28T13:32:36+03:00,2026-04-30T03:48:06+03:00,38.3,13,3,116130,https://t.me/kievreal1/116130,2х БпЛА курсом на Велику Димерку БпЛА курсом на Калиту 2х БпЛА курсом на водосховище
2026-04-28,2,Броварський,Калита,2026-04-28T13:32:36+03:00,2026-04-30T03:48:06+03:00,38.3,13,3,116130,https://t.me/kievreal1/116130,2х БпЛА курсом на Велику Димерку БпЛА курсом на Калиту 2х БпЛА курсом на водосховище
2026-04-28,2,Вишгородський,Хотянівка,2026-04-28T13:32:36+03:00,2026-04-30T03:48:06+03:00,38.3,13,3,116132,https://t.me/kievreal1/116132,БпЛА курсом на Хотянівку БпЛА курсом на Бровари БпЛА курсом на Жукин БпЛА курсом на Димер
2026-04-28,2,Броварський,Бровари,2026-04-28T13:32:36+03:00,2026-04-30T03:48:06+03:00,38.3,13,3,116132,https://t.me/kievreal1/116132,БпЛА курсом на Хотянівку БпЛА курсом на Бровари БпЛА курсом на Жукин БпЛА курсом на Димер
2026-04-28,2,Вишгородський,Жукин,2026-04-28T13:32:36+03:00,2026-04-30T03:48:06+03:00,38.3,13,3,116132,https://t.me/kievreal1/116132,БпЛА курсом на Хотянівку БпЛА курсом на Бровари БпЛА курсом на Жукин БпЛА курсом на Димер
2026-04-28,2,Вишгородський,Димер,2026-04-28T13:32:36+03:00,2026-04-30T03:48:06+03:00,38.3,13,3,116132,https://t.me/kievreal1/116132,БпЛА курсом на Хотянівку БпЛА курсом на Бровари БпЛА курсом на Жукин БпЛА курсом на Димер
2026-04-28,2,Бориспільський,Бориспіль,2026-04-28T13:32:36+03:00,2026-04-30T03:48:06+03:00,38.3,13,3,116134,https://t.me/kievreal1/116134,БпЛА курсом на Київ БпЛА курсом на Бориспіль БпЛА курсом на Димер БпЛА курсом на водосховище
2026-04-28,2,Вишгородський,Димер,2026-04-28T13:32:36+03:00,2026-04-30T03:48:06+03:00,38.3,13,3,116134,https://t.me/kievreal1/116134,БпЛА курсом на Київ БпЛА курсом на Бориспіль БпЛА курсом на Димер БпЛА курсом на водосховище
2026-04-28,2,Вишгородський,Димер,2026-04-28T13:32:36+03:00,2026-04-30T03:48:06+03:00,38.3,13,3,116136,https://t.me/kievreal1/116136,2 на Димер
2026-04-28,2,Броварський,Велика Димерка,2026-04-28T13:32:36+03:00,2026-04-30T03:48:06+03:00,38.3,13,3,116137,https://t.me/kievreal1/116137,БпЛА курсом на Київ БпЛА курсом на Велику Димерку БпЛА курсом на Димер БпЛА курсом на водосховище
2026-04-28,2,Вишгородський,Димер,2026-04-28T13:32:36+03:00,2026-04-30T03:48:06+03:00,38.3,13,3,116137,https://t.me/kievreal1/116137,БпЛА курсом на Київ БпЛА курсом на Велику Димерку БпЛА курсом на Димер БпЛА курсом на водосховище
2026-04-28,2,Броварський,Велика Димерка,2026-04-28T13:32:36+03:00,2026-04-30T03:48:06+03:00,38.3,13,3,116138,https://t.me/kievreal1/116138,БпЛА курсом на Велику Димерку БпЛА курсом на Димер БпЛА курсом на Сухолуччя
2026-04-28,2,Вишгородський,Димер,2026-04-28T13:32:36+03:00,2026-04-30T03:48:06+03:00,38.3,13,3,116138,https://t.me/kievreal1/116138,БпЛА курсом на Велику Димерку БпЛА курсом на Димер БпЛА курсом на Сухолуччя
2026-04-28,2,Вишгородський,Вишгород,2026-04-28T13:32:36+03:00,2026-04-30T03:48:06+03:00,38.3,13,3,116140,https://t.me/kievreal1/116140,БпЛА курсом на Вишгород БпЛА курсом на Димер БпЛА курсом на Сухолуччя
2026-04-28,2,Вишгородський,Димер,2026-04-28T13:32:36+03:00,2026-04-30T03:48:06+03:00,38.3,13,3,116140,https://t.me/kievreal1/116140,БпЛА курсом на Вишгород БпЛА курсом на Димер БпЛА курсом на Сухолуччя
2026-04-28,3,Вишгородський,Вишгород,2026-04-28T13:32:36+03:00,2026-04-30T03:48:06+03:00,38.3,13,3,116141,https://t.me/kievreal1/116141,БпЛА курсом на Вишгород БпЛА курсом на Димер БпЛА курсом на Лебедівку
2026-04-28,3,Вишгородський,Димер,2026-04-28T13:32:36+03:00,2026-04-30T03:48:06+03:00,38.3,13,3,116141,https://t.me/kievreal1/116141,БпЛА курсом на Вишгород БпЛА курсом на Димер БпЛА курсом на Лебедівку
2026-04-28,3,Вишгородський,Лебедівка,2026-04-28T13:32:36+03:00,2026-04-30T03:48:06+03:00,38.3,13,3,116141,https://t.me/kievreal1/116141,БпЛА курсом на Вишгород БпЛА курсом на Димер БпЛА курсом на Лебедівку
2026-04-28,3,Вишгородський,Димер,2026-04-28T13:32:36+03:00,2026-04-30T03:48:06+03:00,38.3,13,3,116142,https://t.me/kievreal1/116142,БпЛА курсом на Старі Петрівці БпЛА курсом на Димер
2026-04-28,3,Бучанський,Бородянка,2026-04-28T13:32:36+03:00,2026-04-30T03:48:06+03:00,38.3,13,3,116145,https://t.me/kievreal1/116145,БпЛА курсом на Бородянку БпЛА курсом на Красятичі
2026-04-30,15,Броварський,Згурівка,2026-04-30T15:34:16+03:00,2026-04-30T16:12:26+03:00,0.6,15,16,116177,https://t.me/kievreal1/116177,"Також від Чернігівської області в бік Згурівки рухається БпЛА, ймовірно, реактивний 👉"
2026-04-30,15,Броварський,Згурівка,2026-04-30T15:34:16+03:00,2026-04-30T16:12:26+03:00,0.6,15,16,116178,https://t.me/kievreal1/116178,"Також від Чернігівської області в бік Згурівки рухається БпЛА, ймовірно, реактивний 👉"
2026-04-30,15,Бориспільський,Бориспіль,2026-04-30T15:34:16+03:00,2026-04-30T16:12:26+03:00,0.6,15,16,116179,https://t.me/kievreal1/116179,"По МіГу відбій. Тривога продовжується через БпЛА, що курсує на Бориспіль / Рогозів"
2026-05-01,0,Вишгородський,Чорнобиль,2026-05-01T00:43:36+03:00,2026-05-01T01:48:36+03:00,1.1,0,1,116199,https://t.me/kievreal1/116199,БпЛА курсом на Чорнобиль
2026-05-01,10,Броварський,Броварський,2026-05-01T10:10:36+03:00,2026-05-01T14:21:26+03:00,4.2,10,14,116213,https://t.me/kievreal1/116213,"🚨 КИЇВСЬКА ОБЛАСТЬ - ТРИВОГА Загроза БпЛА з Чернігівщини для Броварського та Бориспільського районів. Ймовірно, заходитимуть через Яготин"
2026-05-01,10,Бориспільський,Бориспільський,2026-05-01T10:10:36+03:00,2026-05-01T14:21:26+03:00,4.2,10,14,116213,https://t.me/kievreal1/116213,"🚨 КИЇВСЬКА ОБЛАСТЬ - ТРИВОГА Загроза БпЛА з Чернігівщини для Броварського та Бориспільського районів. Ймовірно, заходитимуть через Яготин"
2026-05-01,10,Бориспільський,Яготин,2026-05-01T10:10:36+03:00,2026-05-01T14:21:26+03:00,4.2,10,14,116213,https://t.me/kievreal1/116213,"🚨 КИЇВСЬКА ОБЛАСТЬ - ТРИВОГА Загроза БпЛА з Чернігівщини для Броварського та Бориспільського районів. Ймовірно, заходитимуть через Яготин"
2026-05-01,10,Броварський,Згурівка,2026-05-01T10:10:36+03:00,2026-05-01T14:21:26+03:00,4.2,10,14,116215,https://t.me/kievreal1/116215,"Згурівка, Миронівка, Богуслав — уважно по БпЛА 👉"
2026-05-01,10,Обухівський,Миронівка,2026-05-01T10:10:36+03:00,2026-05-01T14:21:26+03:00,4.2,10,14,116215,https://t.me/kievreal1/116215,"Згурівка, Миронівка, Богуслав — уважно по БпЛА 👉"
2026-05-01,10,Обухівський,Обухів,2026-05-01T10:10:36+03:00,2026-05-01T14:21:26+03:00,4.2,10,14,116216,https://t.me/kievreal1/116216,"Табун бпла на Черкащині звернув на Корсунь-Шевченківський, звідки вже, скоріш за все, піде на Обухівщину Стежити за обстановкою в Черкасах …"
2026-05-01,10,Бориспільський,Яготин,2026-05-01T10:10:36+03:00,2026-05-01T14:21:26+03:00,4.2,10,14,116217,https://t.me/kievreal1/116217,На Яготин від Черкащини
2026-05-01,10,Бориспільський,Яготин,2026-05-01T10:10:36+03:00,2026-05-01T14:21:26+03:00,4.2,10,14,116218,https://t.me/kievreal1/116218,На Яготин від Черкащини
2026-05-01,10,Білоцерківський,Ставище,2026-05-01T10:10:36+03:00,2026-05-01T14:21:26+03:00,4.2,10,14,116220,https://t.me/kievreal1/116220,На Ставище вздовж межі областей
2026-05-01,10,Бориспільський,Бориспіль,2026-05-01T10:10:36+03:00,2026-05-01T14:21:26+03:00,4.2,10,14,116221,https://t.me/kievreal1/116221,Бориспіль та Баришівка – уважно! Проходимо в укриття
2026-05-01,10,Броварський,Баришівка,2026-05-01T10:10:36+03:00,2026-05-01T14:21:26+03:00,4.2,10,14,116221,https://t.me/kievreal1/116221,Бориспіль та Баришівка – уважно! Проходимо в укриття
2026-05-01,11,Бориспільський,Бориспіль,2026-05-01T10:10:36+03:00,2026-05-01T14:21:26+03:00,4.2,10,14,116224,https://t.me/kievreal1/116224,"Бориспіль — уважно, біля вас! + з Чернігівщини табун на Яготин, з Черкащини — на Білу Церкву. P.S про рух шахедів в онлайн-режимі пишуть ту…"
2026-05-01,11,Бориспільський,Яготин,2026-05-01T10:10:36+03:00,2026-05-01T14:21:26+03:00,4.2,10,14,116224,https://t.me/kievreal1/116224,"Бориспіль — уважно, біля вас! + з Чернігівщини табун на Яготин, з Черкащини — на Білу Церкву. P.S про рух шахедів в онлайн-режимі пишуть ту…"
2026-05-01,11,Бориспільський,Березань,2026-05-01T10:10:36+03:00,2026-05-01T14:21:26+03:00,4.2,10,14,116225,https://t.me/kievreal1/116225,На Березань від Згурівки Стежити за траєкторією - t.me/kyiv_radar
2026-05-01,11,Броварський,Згурівка,2026-05-01T10:10:36+03:00,2026-05-01T14:21:26+03:00,4.2,10,14,116225,https://t.me/kievreal1/116225,На Березань від Згурівки Стежити за траєкторією - t.me/kyiv_radar
2026-05-01,11,Бориспільський,Бориспіль,2026-05-01T10:10:36+03:00,2026-05-01T14:21:26+03:00,4.2,10,14,116226,https://t.me/kievreal1/116226,Від Артемівки на Бориспіль
2026-05-01,11,Бориспільський,Бориспіль,2026-05-01T10:10:36+03:00,2026-05-01T14:21:26+03:00,4.2,10,14,116227,https://t.me/kievreal1/116227,БпЛА майже на околицях Борисполя. Ще по 1 на Березань та Згурівку і 12 на Переяслав через Яготин Найближчим часом може бути оголошена триво…
2026-05-01,11,Бориспільський,Березань,2026-05-01T10:10:36+03:00,2026-05-01T14:21:26+03:00,4.2,10,14,116227,https://t.me/kievreal1/116227,БпЛА майже на околицях Борисполя. Ще по 1 на Березань та Згурівку і 12 на Переяслав через Яготин Найближчим часом може бути оголошена триво…
2026-05-01,11,Броварський,Згурівка,2026-05-01T10:10:36+03:00,2026-05-01T14:21:26+03:00,4.2,10,14,116227,https://t.me/kievreal1/116227,БпЛА майже на околицях Борисполя. Ще по 1 на Березань та Згурівку і 12 на Переяслав через Яготин Найближчим часом може бути оголошена триво…
2026-05-01,11,Бориспільський,Переяслав,2026-05-01T10:10:36+03:00,2026-05-01T14:21:26+03:00,4.2,10,14,116227,https://t.me/kievreal1/116227,БпЛА майже на околицях Борисполя. Ще по 1 на Березань та Згурівку і 12 на Переяслав через Яготин Найближчим часом може бути оголошена триво…
2026-05-01,11,Бориспільський,Яготин,2026-05-01T10:10:36+03:00,2026-05-01T14:21:26+03:00,4.2,10,14,116227,https://t.me/kievreal1/116227,БпЛА майже на околицях Борисполя. Ще по 1 на Березань та Згурівку і 12 на Переяслав через Яготин Найближчим часом може бути оголошена триво…
2026-05-01,11,Бориспільський,Бориспіль,2026-05-01T10:10:36+03:00,2026-05-01T14:21:26+03:00,4.2,10,14,116228,https://t.me/kievreal1/116228,Від Борисполя на Бортничі
2026-05-01,11,Бориспільський,Бориспіль,2026-05-01T10:10:36+03:00,2026-05-01T14:21:26+03:00,4.2,10,14,116229,https://t.me/kievreal1/116229,Від Борисполя на Бортничі
2026-05-01,11,Обухівський,Козин,2026-05-01T10:10:36+03:00,2026-05-01T14:21:26+03:00,4.2,10,14,116231,https://t.me/kievreal1/116231,Козин – наразі до вас
2026-05-01,11,Обухівський,Миронівка,2026-05-01T10:10:36+03:00,2026-05-01T14:21:26+03:00,4.2,10,14,116232,https://t.me/kievreal1/116232,Від Миронівки на Богуслав
2026-05-01,11,Бориспільський,Переяслав,2026-05-01T10:10:36+03:00,2026-05-01T14:21:26+03:00,4.2,10,14,116235,https://t.me/kievreal1/116235,"Переяслав, Кагарлик, Біла Церква обережно теж Стежити за траєкторією - t.me/kyiv_radar"
2026-05-01,11,Обухівський,Кагарлик,2026-05-01T10:10:36+03:00,2026-05-01T14:21:26+03:00,4.2,10,14,116235,https://t.me/kievreal1/116235,"Переяслав, Кагарлик, Біла Церква обережно теж Стежити за траєкторією - t.me/kyiv_radar"
2026-05-01,11,Білоцерківський,Біла Церква,2026-05-01T10:10:36+03:00,2026-05-01T14:21:26+03:00,4.2,10,14,116235,https://t.me/kievreal1/116235,"Переяслав, Кагарлик, Біла Церква обережно теж Стежити за траєкторією - t.me/kyiv_radar"
2026-05-01,11,Броварський,Згурівка,2026-05-01T10:10:36+03:00,2026-05-01T14:21:26+03:00,4.2,10,14,116237,https://t.me/kievreal1/116237,Заходять на Згурівку
2026-05-01,11,Білоцерківський,Рокитне,2026-05-01T10:10:36+03:00,2026-05-01T14:21:26+03:00,4.2,10,14,116241,https://t.me/kievreal1/116241,Рокитне/ Кагарлик – будьте пильні
2026-05-01,11,Обухівський,Кагарлик,2026-05-01T10:10:36+03:00,2026-05-01T14:21:26+03:00,4.2,10,14,116241,https://t.me/kievreal1/116241,Рокитне/ Кагарлик – будьте пильні
2026-05-01,11,Бориспільський,Бориспіль,2026-05-01T10:10:36+03:00,2026-05-01T14:21:26+03:00,4.2,10,14,116242,https://t.me/kievreal1/116242,Від Сеньківки на Бориспіль
2026-05-01,11,Обухівський,Ржищів,2026-05-01T10:10:36+03:00,2026-05-01T14:21:26+03:00,4.2,10,14,116243,https://t.me/kievreal1/116243,Від водосховища на Ржищів 👉
2026-05-01,12,Білоцерківський,Біла Церква,2026-05-01T10:10:36+03:00,2026-05-01T14:21:26+03:00,4.2,10,14,116244,https://t.me/kievreal1/116244,Біла Церква - знову до вас. Бориспіль - до вас також є
2026-05-01,12,Бориспільський,Бориспіль,2026-05-01T10:10:36+03:00,2026-05-01T14:21:26+03:00,4.2,10,14,116244,https://t.me/kievreal1/116244,Біла Церква - знову до вас. Бориспіль - до вас також є
2026-05-01,12,Бориспільський,Березань,2026-05-01T10:10:36+03:00,2026-05-01T14:21:26+03:00,4.2,10,14,116245,https://t.me/kievreal1/116245,Ще на Березань
2026-05-01,12,Бориспільський,Яготин,2026-05-01T10:10:36+03:00,2026-05-01T14:21:26+03:00,4.2,10,14,116246,https://t.me/kievreal1/116246,Ланцюг від Яготина через Переяслав/ Миронівку Стежити за траєкторією - t.me/kyiv_radar
2026-05-01,12,Бориспільський,Переяслав,2026-05-01T10:10:36+03:00,2026-05-01T14:21:26+03:00,4.2,10,14,116246,https://t.me/kievreal1/116246,Ланцюг від Яготина через Переяслав/ Миронівку Стежити за траєкторією - t.me/kyiv_radar
2026-05-01,12,Обухівський,Миронівка,2026-05-01T10:10:36+03:00,2026-05-01T14:21:26+03:00,4.2,10,14,116246,https://t.me/kievreal1/116246,Ланцюг від Яготина через Переяслав/ Миронівку Стежити за траєкторією - t.me/kyiv_radar
2026-05-01,12,Білоцерківський,Тараща,2026-05-01T10:10:36+03:00,2026-05-01T14:21:26+03:00,4.2,10,14,116248,https://t.me/kievreal1/116248,БЦ - у вас. На Таращанський масив
2026-05-01,12,Білоцерківський,Білоцерківський,2026-05-01T10:10:36+03:00,2026-05-01T14:21:26+03:00,4.2,10,14,116251,https://t.me/kievreal1/116251,Від Білоцерківського району табун у бік Хмельниччини ; 1 курсом на/через Обухів/Українку.
2026-05-01,12,Обухівський,Обухів,2026-05-01T10:10:36+03:00,2026-05-01T14:21:26+03:00,4.2,10,14,116251,https://t.me/kievreal1/116251,Від Білоцерківського району табун у бік Хмельниччини ; 1 курсом на/через Обухів/Українку.
2026-05-01,12,Обухівський,Українка,2026-05-01T10:10:36+03:00,2026-05-01T14:21:26+03:00,4.2,10,14,116251,https://t.me/kievreal1/116251,Від Білоцерківського району табун у бік Хмельниччини ; 1 курсом на/через Обухів/Українку.
2026-05-01,12,Білоцерківський,Сквира,2026-05-01T10:10:36+03:00,2026-05-01T14:21:26+03:00,4.2,10,14,116253,https://t.me/kievreal1/116253,Останні через Сквиру на Вінниччину Стежити за обстановкою в Вінниці можна тут - t.me/Vinnytsya
2026-05-01,15,Вишгородський,Вишгород,2026-05-01T15:42:06+03:00,2026-05-01T16:10:16+03:00,0.5,15,16,116260,https://t.me/kievreal1/116260,🚨 КИЇВСЬКА ОБЛАСТЬ - ОГОЛОШЕНА ПОВІТРЯНА ТРИВОГА Реактивний БпЛА з Чернігівської області в бік Вишгородщини
2026-05-01,19,Вишгородський,Десна,2026-05-01T19:57:16+03:00,2026-05-01T20:17:16+03:00,0.3,19,20,116276,https://t.me/kievreal1/116276,🚨 КИЇВСЬКА ОБЛАСТЬ - ОГОЛОШЕНА ПОВІТРЯНА ТРИВОГА Куля з Чернігівщини повз Десну на Вишгородський район
2026-05-01,19,Вишгородський,Вишгородський,2026-05-01T19:57:16+03:00,2026-05-01T20:17:16+03:00,0.3,19,20,116276,https://t.me/kievreal1/116276,🚨 КИЇВСЬКА ОБЛАСТЬ - ОГОЛОШЕНА ПОВІТРЯНА ТРИВОГА Куля з Чернігівщини повз Десну на Вишгородський район
2026-05-01,20,Бучанський,Гостомель,2026-05-01T19:57:16+03:00,2026-05-01T20:17:16+03:00,0.3,19,20,116277,https://t.me/kievreal1/116277,"Над морем вже, йде в бік Гостомеля P.S про рух повітряних цілей тут – t.me/tryvoga_kyiv"
2026-05-02,3,Бориспільський,Бориспіль,2026-05-02T02:49:46+03:00,2026-05-02T03:26:46+03:00,0.6,2,3,116296,https://t.me/kievreal1/116296,Зонд курсом на Бориспіль
2026-05-02,11,Бориспільський,Бориспіль,2026-05-02T09:50:06+03:00,2026-05-02T19:15:46+03:00,9.4,9,19,116309,https://t.me/kievreal1/116309,Бориспіль
2026-05-02,12,Вишгородський,Вишгород,2026-05-02T09:50:06+03:00,2026-05-02T19:15:46+03:00,9.4,9,19,116310,https://t.me/kievreal1/116310,Вишгород/Петрівці
2026-05-02,12,Броварський,Згурівка,2026-05-02T09:50:06+03:00,2026-05-02T19:15:46+03:00,9.4,9,19,116313,https://t.me/kievreal1/116313,"2 на Рожни, 1 Згурівка"
2026-05-02,13,Броварський,Броварський,2026-05-02T09:50:06+03:00,2026-05-02T19:15:46+03:00,9.4,9,19,116316,https://t.me/kievreal1/116316,Наразі кружляє в Броварському районі
2026-05-02,13,Вишгородський,Хотянівка,2026-05-02T09:50:06+03:00,2026-05-02T19:15:46+03:00,9.4,9,19,116317,https://t.me/kievreal1/116317,На Хотянівку пішов
2026-05-02,13,Вишгородський,Вишгород,2026-05-02T09:50:06+03:00,2026-05-02T19:15:46+03:00,9.4,9,19,116319,https://t.me/kievreal1/116319,Вишгород
2026-05-02,13,Броварський,Бровари,2026-05-02T09:50:06+03:00,2026-05-02T19:15:46+03:00,9.4,9,19,116320,https://t.me/kievreal1/116320,"Ще є, Бровари уважно"
2026-05-02,16,Броварський,Бровари,2026-05-02T09:50:06+03:00,2026-05-02T19:15:46+03:00,9.4,9,19,116332,https://t.me/kievreal1/116332,Бровари уважно
2026-05-02,17,Бориспільський,Бориспіль,2026-05-02T09:50:06+03:00,2026-05-02T19:15:46+03:00,9.4,9,19,116334,https://t.me/kievreal1/116334,"Троя, Бориспіль до вас"
2026-05-02,17,Броварський,Велика Димерка,2026-05-02T09:50:06+03:00,2026-05-02T19:15:46+03:00,9.4,9,19,116335,https://t.me/kievreal1/116335,Велика Димерка/Яготин/Переяслав/Обухів/Згурівка
2026-05-02,17,Бориспільський,Яготин,2026-05-02T09:50:06+03:00,2026-05-02T19:15:46+03:00,9.4,9,19,116335,https://t.me/kievreal1/116335,Велика Димерка/Яготин/Переяслав/Обухів/Згурівка
2026-05-02,17,Бориспільський,Переяслав,2026-05-02T09:50:06+03:00,2026-05-02T19:15:46+03:00,9.4,9,19,116335,https://t.me/kievreal1/116335,Велика Димерка/Яготин/Переяслав/Обухів/Згурівка
2026-05-02,17,Обухівський,Обухів,2026-05-02T09:50:06+03:00,2026-05-02T19:15:46+03:00,9.4,9,19,116335,https://t.me/kievreal1/116335,Велика Димерка/Яготин/Переяслав/Обухів/Згурівка
2026-05-02,17,Броварський,Згурівка,2026-05-02T09:50:06+03:00,2026-05-02T19:15:46+03:00,9.4,9,19,116335,https://t.me/kievreal1/116335,Велика Димерка/Яготин/Переяслав/Обухів/Згурівка
2026-05-02,18,Бучанський,Борщагівка,2026-05-02T09:50:06+03:00,2026-05-02T19:15:46+03:00,9.4,9,19,116343,https://t.me/kievreal1/116343,Борщагівка
2026-05-02,18,Вишгородський,Хотянівка,2026-05-02T09:50:06+03:00,2026-05-02T19:15:46+03:00,9.4,9,19,116344,https://t.me/kievreal1/116344,Один залишився на Хотянівку
2026-05-02,20,Бориспільський,Яготин,2026-05-02T20:10:36+03:00,2026-05-03T00:33:46+03:00,4.4,20,0,116350,https://t.me/kievreal1/116350,Яготин
2026-05-02,21,Бориспільський,Бориспіль,2026-05-02T20:10:36+03:00,2026-05-03T00:33:46+03:00,4.4,20,0,116352,https://t.me/kievreal1/116352,На Бориспіль
2026-05-02,23,Вишгородський,Вишгород,2026-05-02T20:10:36+03:00,2026-05-03T00:33:46+03:00,4.4,20,0,116372,https://t.me/kievreal1/116372,1 БПЛА на Вишгород
2026-05-02,23,Броварський,Бровари,2026-05-02T20:10:36+03:00,2026-05-03T00:33:46+03:00,4.4,20,0,116374,https://t.me/kievreal1/116374,Ще БПЛА на Бровари
2026-05-02,23,Обухівський,Українка,2026-05-02T20:10:36+03:00,2026-05-03T00:33:46+03:00,4.4,20,0,116375,https://t.me/kievreal1/116375,"1 шахед біля Обухова, 1 на Українку, 1 Ржищів, 1 Кагарлик, 1 Лебедівка, 1 Калита, 1 на Гоголів, 2 на Баришівку"
2026-05-02,23,Обухівський,Ржищів,2026-05-02T20:10:36+03:00,2026-05-03T00:33:46+03:00,4.4,20,0,116375,https://t.me/kievreal1/116375,"1 шахед біля Обухова, 1 на Українку, 1 Ржищів, 1 Кагарлик, 1 Лебедівка, 1 Калита, 1 на Гоголів, 2 на Баришівку"
2026-05-02,23,Обухівський,Кагарлик,2026-05-02T20:10:36+03:00,2026-05-03T00:33:46+03:00,4.4,20,0,116375,https://t.me/kievreal1/116375,"1 шахед біля Обухова, 1 на Українку, 1 Ржищів, 1 Кагарлик, 1 Лебедівка, 1 Калита, 1 на Гоголів, 2 на Баришівку"
2026-05-02,23,Вишгородський,Лебедівка,2026-05-02T20:10:36+03:00,2026-05-03T00:33:46+03:00,4.4,20,0,116375,https://t.me/kievreal1/116375,"1 шахед біля Обухова, 1 на Українку, 1 Ржищів, 1 Кагарлик, 1 Лебедівка, 1 Калита, 1 на Гоголів, 2 на Баришівку"
2026-05-02,23,Броварський,Калита,2026-05-02T20:10:36+03:00,2026-05-03T00:33:46+03:00,4.4,20,0,116375,https://t.me/kievreal1/116375,"1 шахед біля Обухова, 1 на Українку, 1 Ржищів, 1 Кагарлик, 1 Лебедівка, 1 Калита, 1 на Гоголів, 2 на Баришівку"
2026-05-02,23,Броварський,Баришівка,2026-05-02T20:10:36+03:00,2026-05-03T00:33:46+03:00,4.4,20,0,116375,https://t.me/kievreal1/116375,"1 шахед біля Обухова, 1 на Українку, 1 Ржищів, 1 Кагарлик, 1 Лебедівка, 1 Калита, 1 на Гоголів, 2 на Баришівку"
2026-05-02,23,Обухівський,Обухів,2026-05-02T20:10:36+03:00,2026-05-03T00:33:46+03:00,4.4,20,0,116376,https://t.me/kievreal1/116376,"3 шахеди північніше Києва , 2 на Обухів, 1 на Білу Церкву зі сходу, 1 на Баришівку, 1 на Переяслав, 1 на Калиту"
2026-05-02,23,Броварський,Баришівка,2026-05-02T20:10:36+03:00,2026-05-03T00:33:46+03:00,4.4,20,0,116376,https://t.me/kievreal1/116376,"3 шахеди північніше Києва , 2 на Обухів, 1 на Білу Церкву зі сходу, 1 на Баришівку, 1 на Переяслав, 1 на Калиту"
2026-05-02,23,Бориспільський,Переяслав,2026-05-02T20:10:36+03:00,2026-05-03T00:33:46+03:00,4.4,20,0,116376,https://t.me/kievreal1/116376,"3 шахеди північніше Києва , 2 на Обухів, 1 на Білу Церкву зі сходу, 1 на Баришівку, 1 на Переяслав, 1 на Калиту"
2026-05-02,23,Броварський,Калита,2026-05-02T20:10:36+03:00,2026-05-03T00:33:46+03:00,4.4,20,0,116376,https://t.me/kievreal1/116376,"3 шахеди північніше Києва , 2 на Обухів, 1 на Білу Церкву зі сходу, 1 на Баришівку, 1 на Переяслав, 1 на Калиту"
2026-05-02,23,Броварський,Бровари,2026-05-02T20:10:36+03:00,2026-05-03T00:33:46+03:00,4.4,20,0,116377,https://t.me/kievreal1/116377,БПЛА на Бровари
2026-05-02,23,Вишгородський,Жукин,2026-05-02T20:10:36+03:00,2026-05-03T00:33:46+03:00,4.4,20,0,116379,https://t.me/kievreal1/116379,БпЛА курсом на Жукин БпЛА курсом на Велику Димерку БпЛА курсом на Перемогу БпЛА курсом на Трипілля БпЛА курсом на Кагарлик БпЛА курсом на О…
2026-05-02,23,Броварський,Велика Димерка,2026-05-02T20:10:36+03:00,2026-05-03T00:33:46+03:00,4.4,20,0,116379,https://t.me/kievreal1/116379,БпЛА курсом на Жукин БпЛА курсом на Велику Димерку БпЛА курсом на Перемогу БпЛА курсом на Трипілля БпЛА курсом на Кагарлик БпЛА курсом на О…
2026-05-02,23,Обухівський,Кагарлик,2026-05-02T20:10:36+03:00,2026-05-03T00:33:46+03:00,4.4,20,0,116379,https://t.me/kievreal1/116379,БпЛА курсом на Жукин БпЛА курсом на Велику Димерку БпЛА курсом на Перемогу БпЛА курсом на Трипілля БпЛА курсом на Кагарлик БпЛА курсом на О…
2026-05-02,23,Обухівський,Обухів,2026-05-02T20:10:36+03:00,2026-05-03T00:33:46+03:00,4.4,20,0,116379,https://t.me/kievreal1/116379,БпЛА курсом на Жукин БпЛА курсом на Велику Димерку БпЛА курсом на Перемогу БпЛА курсом на Трипілля БпЛА курсом на Кагарлик БпЛА курсом на О…
2026-05-02,23,Обухівський,Українка,2026-05-02T20:10:36+03:00,2026-05-03T00:33:46+03:00,4.4,20,0,116379,https://t.me/kievreal1/116379,БпЛА курсом на Жукин БпЛА курсом на Велику Димерку БпЛА курсом на Перемогу БпЛА курсом на Трипілля БпЛА курсом на Кагарлик БпЛА курсом на О…
2026-05-02,23,Бориспільський,Переяслав,2026-05-02T20:10:36+03:00,2026-05-03T00:33:46+03:00,4.4,20,0,116379,https://t.me/kievreal1/116379,БпЛА курсом на Жукин БпЛА курсом на Велику Димерку БпЛА курсом на Перемогу БпЛА курсом на Трипілля БпЛА курсом на Кагарлик БпЛА курсом на О…
2026-05-02,23,Обухівський,Обухівський,2026-05-02T20:10:36+03:00,2026-05-03T00:33:46+03:00,4.4,20,0,116380,https://t.me/kievreal1/116380,Вибухи в Обухівському районі
2026-05-02,23,Броварський,Велика Димерка,2026-05-02T20:10:36+03:00,2026-05-03T00:33:46+03:00,4.4,20,0,116381,https://t.me/kievreal1/116381,2х БпЛА курсом на Велику Димерку БпЛА курсом на Кагарлик
2026-05-02,23,Обухівський,Кагарлик,2026-05-02T20:10:36+03:00,2026-05-03T00:33:46+03:00,4.4,20,0,116381,https://t.me/kievreal1/116381,2х БпЛА курсом на Велику Димерку БпЛА курсом на Кагарлик
2026-05-02,0,Броварський,Згурівка,2026-05-02T20:10:36+03:00,2026-05-03T00:33:46+03:00,4.4,20,0,116382,https://t.me/kievreal1/116382,БпЛА курсом на Згурівку
2026-05-02,0,Броварський,Згурівка,2026-05-02T20:10:36+03:00,2026-05-03T00:33:46+03:00,4.4,20,0,116384,https://t.me/kievreal1/116384,2 шахеди на Згурівку/Яготин
2026-05-02,0,Бориспільський,Яготин,2026-05-02T20:10:36+03:00,2026-05-03T00:33:46+03:00,4.4,20,0,116384,https://t.me/kievreal1/116384,2 шахеди на Згурівку/Яготин
2026-05-02,0,Броварський,Згурівка,2026-05-02T20:10:36+03:00,2026-05-03T00:33:46+03:00,4.4,20,0,116385,https://t.me/kievreal1/116385,1 шахед на Згурівку
2026-05-03,0,Броварський,Калита,2026-05-03T00:34:06+03:00,2026-05-03T01:09:36+03:00,0.6,0,1,116389,https://t.me/kievreal1/116389,БпЛА курсом на Калиту
2026-05-03,0,Броварський,Згурівка,2026-05-03T00:34:06+03:00,2026-05-03T01:09:36+03:00,0.6,0,1,116390,https://t.me/kievreal1/116390,1 шахед кружляє в районі Згурівки
2026-05-03,15,Бориспільський,Бориспіль,2026-05-03T14:58:57+03:00,2026-05-03T15:59:06+03:00,1.0,14,15,116406,https://t.me/kievreal1/116406,Бориспіль /Українка
2026-05-03,15,Обухівський,Українка,2026-05-03T14:58:57+03:00,2026-05-03T15:59:06+03:00,1.0,14,15,116406,https://t.me/kievreal1/116406,Бориспіль /Українка
2026-05-03,16,Бориспільський,Яготин,2026-05-03T16:14:06+03:00,2026-05-03T20:12:06+03:00,4.0,16,20,116413,https://t.me/kievreal1/116413,Яготин
2026-05-03,18,Бориспільський,Яготин,2026-05-03T16:14:06+03:00,2026-05-03T20:12:06+03:00,4.0,16,20,116416,https://t.me/kievreal1/116416,БПЛА від Яготина на Переяслав
2026-05-03,18,Бориспільський,Переяслав,2026-05-03T16:14:06+03:00,2026-05-03T20:12:06+03:00,4.0,16,20,116416,https://t.me/kievreal1/116416,БПЛА від Яготина на Переяслав
2026-05-03,18,Броварський,Бровари,2026-05-03T16:14:06+03:00,2026-05-03T20:12:06+03:00,4.0,16,20,116417,https://t.me/kievreal1/116417,"Можливе оголошення тривоги в столиці найближчим часом, БПЛА на Бровари"
2026-05-03,23,Броварський,Велика Димерка,2026-05-03T23:40:36+03:00,2026-05-04T00:28:16+03:00,0.8,23,0,116426,https://t.me/kievreal1/116426,БПЛА на Велику Димерку
2026-05-03,23,Броварський,Бровари,2026-05-03T23:40:36+03:00,2026-05-04T00:28:16+03:00,0.8,23,0,116428,https://t.me/kievreal1/116428,"Шахед на Бровари Підтримати канал, буду вдячний Вам: https://base.monobank.ua/4jYdAKEbmcrmLL ➡"
2026-05-03,23,Броварський,Бровари,2026-05-03T23:40:36+03:00,2026-05-04T00:28:16+03:00,0.8,23,0,116429,https://t.me/kievreal1/116429,Шахед з Броварів на Троєщину/Лісовий масив/Воскресенку
2026-05-03,0,Броварський,Бровари,2026-05-03T23:40:36+03:00,2026-05-04T00:28:16+03:00,0.8,23,0,116430,https://t.me/kievreal1/116430,Акучтично БПЛА в районі Броварів
2026-05-04,15,Вишгородський,Вишгородський,2026-05-04T15:41:06+03:00,2026-05-04T15:43:46+03:00,0.0,15,15,116454,https://t.me/kievreal1/116454,🚨 КИЇВСЬКА ОБЛАСТЬ - ОГОЛОШЕНА ПОВІТРЯНА ТРИВОГА Загроза для Вишгородського району через БпЛА на Іванків.
2026-05-04,15,Вишгородський,Іванків,2026-05-04T15:41:06+03:00,2026-05-04T15:43:46+03:00,0.0,15,15,116454,https://t.me/kievreal1/116454,🚨 КИЇВСЬКА ОБЛАСТЬ - ОГОЛОШЕНА ПОВІТРЯНА ТРИВОГА Загроза для Вишгородського району через БпЛА на Іванків.
2026-05-04,23,Броварський,Баришівка,2026-05-04T23:09:26+03:00,2026-05-05T00:16:36+03:00,1.1,23,0,116468,https://t.me/kievreal1/116468,1 БпЛА на Баришівку з Чернігівщини
2026-05-04,23,Броварський,Баришівка,2026-05-04T23:09:26+03:00,2026-05-05T00:16:36+03:00,1.1,23,0,116469,https://t.me/kievreal1/116469,1 БпЛА на Баришівку з Чернігівщини
2026-05-05,2,Бориспільський,Переяслав,2026-05-05T01:56:46+03:00,2026-05-05T03:00:56+03:00,1.1,1,3,116476,https://t.me/kievreal1/116476,1 БпЛА на Переяслав з Черкащини
2026-05-05,2,Бориспільський,Переяслав,2026-05-05T01:56:46+03:00,2026-05-05T03:00:56+03:00,1.1,1,3,116477,https://t.me/kievreal1/116477,1 БпЛА на Переяслав з Черкащини
2026-05-05,4,Броварський,Бобровиця,2026-05-05T03:11:16+03:00,2026-05-05T05:16:56+03:00,2.1,3,5,116481,https://t.me/kievreal1/116481,2 БпЛА від Бобровиці на Бориспіль
2026-05-05,4,Бориспільський,Бориспіль,2026-05-05T03:11:16+03:00,2026-05-05T05:16:56+03:00,2.1,3,5,116481,https://t.me/kievreal1/116481,2 БпЛА від Бобровиці на Бориспіль
2026-05-05,4,Броварський,Бровари,2026-05-05T03:11:16+03:00,2026-05-05T05:16:56+03:00,2.1,3,5,116485,https://t.me/kievreal1/116485,1 БпЛА на Бровари 1 БпЛА на Рожівка 1 БпЛА на Бобрик
2026-05-05,4,Вишгородський,Вишгород,2026-05-05T03:11:16+03:00,2026-05-05T05:16:56+03:00,2.1,3,5,116486,https://t.me/kievreal1/116486,1 БпЛА на Вишгород/ГЕС 1 БпЛА на Бровари 1 БпЛА на Бобрик
2026-05-05,4,Броварський,Бровари,2026-05-05T03:11:16+03:00,2026-05-05T05:16:56+03:00,2.1,3,5,116486,https://t.me/kievreal1/116486,1 БпЛА на Вишгород/ГЕС 1 БпЛА на Бровари 1 БпЛА на Бобрик
2026-05-05,4,Броварський,Бровари,2026-05-05T03:11:16+03:00,2026-05-05T05:16:56+03:00,2.1,3,5,116488,https://t.me/kievreal1/116488,1 БпЛА на Троєщина 1 БпЛА на Бровари
2026-05-05,4,Вишгородський,Вишгород,2026-05-05T03:11:16+03:00,2026-05-05T05:16:56+03:00,2.1,3,5,116489,https://t.me/kievreal1/116489,Є збиття у Вишгороді
2026-05-05,4,Вишгородський,Вишгород,2026-05-05T03:11:16+03:00,2026-05-05T05:16:56+03:00,2.1,3,5,116491,https://t.me/kievreal1/116491,❗️ Ще збиття у Вишгороді 👉
2026-05-06,17,Вишгородський,Іванків,2026-05-06T17:34:36+03:00,2026-05-06T18:56:06+03:00,1.4,17,18,116596,https://t.me/kievreal1/116596,Іванків
2026-05-07,1,Броварський,Бровари,2026-05-07T01:09:26+03:00,2026-05-07T02:22:36+03:00,1.2,1,2,116602,https://t.me/kievreal1/116602,БПЛА на Бровари
2026-05-07,1,Бориспільський,Бориспіль,2026-05-07T01:09:26+03:00,2026-05-07T02:22:36+03:00,1.2,1,2,116605,https://t.me/kievreal1/116605,1 на Бориспіль
2026-05-07,1,Бучанський,Ірпінь,2026-05-07T01:09:26+03:00,2026-05-07T02:22:36+03:00,1.2,1,2,116607,https://t.me/kievreal1/116607,1 на Ірпінь
2026-05-07,1,Бучанський,Борщагівка,2026-05-07T01:09:26+03:00,2026-05-07T02:22:36+03:00,1.2,1,2,116612,https://t.me/kievreal1/116612,Борщагівка
2026-05-07,2,Бучанський,Бородянка,2026-05-07T01:09:26+03:00,2026-05-07T02:22:36+03:00,1.2,1,2,116613,https://t.me/kievreal1/116613,2 на Бородянку
2026-05-12,2,Броварський,Згурівка,2026-05-12T02:52:26+03:00,2026-05-12T09:23:16+03:00,6.5,2,9,116840,https://t.me/kievreal1/116840,БпЛА курсом на Згурівку
2026-05-12,3,Броварський,Згурівка,2026-05-12T02:52:26+03:00,2026-05-12T09:23:16+03:00,6.5,2,9,116841,https://t.me/kievreal1/116841,БпЛА курсом на Згурівку БпЛА курсом на Баришівку
2026-05-12,3,Броварський,Баришівка,2026-05-12T02:52:26+03:00,2026-05-12T09:23:16+03:00,6.5,2,9,116841,https://t.me/kievreal1/116841,БпЛА курсом на Згурівку БпЛА курсом на Баришівку
2026-05-12,3,Бориспільський,Березань,2026-05-12T02:52:26+03:00,2026-05-12T09:23:16+03:00,6.5,2,9,116842,https://t.me/kievreal1/116842,2х БпЛА курсом на Березань БпЛА курсом на Баришівку
2026-05-12,3,Броварський,Баришівка,2026-05-12T02:52:26+03:00,2026-05-12T09:23:16+03:00,6.5,2,9,116842,https://t.me/kievreal1/116842,2х БпЛА курсом на Березань БпЛА курсом на Баришівку
2026-05-12,3,Бориспільський,Бориспіль,2026-05-12T02:52:26+03:00,2026-05-12T09:23:16+03:00,6.5,2,9,116843,https://t.me/kievreal1/116843,3 БПЛА на Бориспіль
2026-05-12,3,Бориспільський,Бориспіль,2026-05-12T02:52:26+03:00,2026-05-12T09:23:16+03:00,6.5,2,9,116845,https://t.me/kievreal1/116845,"Київщина : БпЛА курсом на Бориспіль БпЛА курсом на Вишеньки БпЛА курсом на Київ Підтримати канал, буду вдячний Вам: https://base.monobank.u…"
2026-05-12,3,Броварський,Бровари,2026-05-12T02:52:26+03:00,2026-05-12T09:23:16+03:00,6.5,2,9,116846,https://t.me/kievreal1/116846,БпЛА курсом на Бровари 2х БпЛА курсом на Бориспіль
2026-05-12,3,Бориспільський,Бориспіль,2026-05-12T02:52:26+03:00,2026-05-12T09:23:16+03:00,6.5,2,9,116846,https://t.me/kievreal1/116846,БпЛА курсом на Бровари 2х БпЛА курсом на Бориспіль
2026-05-12,3,Вишгородський,Вишгород,2026-05-12T02:52:26+03:00,2026-05-12T09:23:16+03:00,6.5,2,9,116854,https://t.me/kievreal1/116854,БпЛА курсом на Вишгород БпЛА курсом на Биківню БпЛА курсом на ДВРЗ
2026-05-12,3,Бучанський,Ірпінь,2026-05-12T02:52:26+03:00,2026-05-12T09:23:16+03:00,6.5,2,9,116858,https://t.me/kievreal1/116858,Шахед на Ірпінь
2026-05-12,3,Броварський,Згурівка,2026-05-12T02:52:26+03:00,2026-05-12T09:23:16+03:00,6.5,2,9,116860,https://t.me/kievreal1/116860,БпЛА курсом на Згурівку БпЛА курсом на Березань БпЛА курсом на Яготин 3х БпЛА курсом на Переяслав БпЛА курсом на Васильків 3х БпЛА курсом н…
2026-05-12,3,Бориспільський,Березань,2026-05-12T02:52:26+03:00,2026-05-12T09:23:16+03:00,6.5,2,9,116860,https://t.me/kievreal1/116860,БпЛА курсом на Згурівку БпЛА курсом на Березань БпЛА курсом на Яготин 3х БпЛА курсом на Переяслав БпЛА курсом на Васильків 3х БпЛА курсом н…
2026-05-12,3,Бориспільський,Яготин,2026-05-12T02:52:26+03:00,2026-05-12T09:23:16+03:00,6.5,2,9,116860,https://t.me/kievreal1/116860,БпЛА курсом на Згурівку БпЛА курсом на Березань БпЛА курсом на Яготин 3х БпЛА курсом на Переяслав БпЛА курсом на Васильків 3х БпЛА курсом н…
2026-05-12,3,Бориспільський,Переяслав,2026-05-12T02:52:26+03:00,2026-05-12T09:23:16+03:00,6.5,2,9,116860,https://t.me/kievreal1/116860,БпЛА курсом на Згурівку БпЛА курсом на Березань БпЛА курсом на Яготин 3х БпЛА курсом на Переяслав БпЛА курсом на Васильків 3х БпЛА курсом н…
2026-05-12,3,Обухівський,Васильків,2026-05-12T02:52:26+03:00,2026-05-12T09:23:16+03:00,6.5,2,9,116860,https://t.me/kievreal1/116860,БпЛА курсом на Згурівку БпЛА курсом на Березань БпЛА курсом на Яготин 3х БпЛА курсом на Переяслав БпЛА курсом на Васильків 3х БпЛА курсом н…
2026-05-12,3,Бучанський,Ворзель,2026-05-12T02:52:26+03:00,2026-05-12T09:23:16+03:00,6.5,2,9,116861,https://t.me/kievreal1/116861,6х БпЛА курсом на водосховище 2х БпЛА курсом на Бучу БпЛА курсом на Ворзель 2х БпЛА курсом на Березань 4х БпЛА курсом на Яготин
2026-05-12,3,Бориспільський,Березань,2026-05-12T02:52:26+03:00,2026-05-12T09:23:16+03:00,6.5,2,9,116861,https://t.me/kievreal1/116861,6х БпЛА курсом на водосховище 2х БпЛА курсом на Бучу БпЛА курсом на Ворзель 2х БпЛА курсом на Березань 4х БпЛА курсом на Яготин
2026-05-12,3,Бориспільський,Яготин,2026-05-12T02:52:26+03:00,2026-05-12T09:23:16+03:00,6.5,2,9,116861,https://t.me/kievreal1/116861,6х БпЛА курсом на водосховище 2х БпЛА курсом на Бучу БпЛА курсом на Ворзель 2х БпЛА курсом на Березань 4х БпЛА курсом на Яготин
2026-05-12,4,Бориспільський,Переяслав,2026-05-12T02:52:26+03:00,2026-05-12T09:23:16+03:00,6.5,2,9,116866,https://t.me/kievreal1/116866,БпЛА курсом на Переяслав БпЛА курсом на Яготин 4х БпЛА курсом на Баришівку 6х БпЛА курсом на Димер 2х БпЛА курсом на Обухів БпЛА курсом на …
2026-05-12,4,Бориспільський,Яготин,2026-05-12T02:52:26+03:00,2026-05-12T09:23:16+03:00,6.5,2,9,116866,https://t.me/kievreal1/116866,БпЛА курсом на Переяслав БпЛА курсом на Яготин 4х БпЛА курсом на Баришівку 6х БпЛА курсом на Димер 2х БпЛА курсом на Обухів БпЛА курсом на …
2026-05-12,4,Броварський,Баришівка,2026-05-12T02:52:26+03:00,2026-05-12T09:23:16+03:00,6.5,2,9,116866,https://t.me/kievreal1/116866,БпЛА курсом на Переяслав БпЛА курсом на Яготин 4х БпЛА курсом на Баришівку 6х БпЛА курсом на Димер 2х БпЛА курсом на Обухів БпЛА курсом на …
2026-05-12,4,Вишгородський,Димер,2026-05-12T02:52:26+03:00,2026-05-12T09:23:16+03:00,6.5,2,9,116866,https://t.me/kievreal1/116866,БпЛА курсом на Переяслав БпЛА курсом на Яготин 4х БпЛА курсом на Баришівку 6х БпЛА курсом на Димер 2х БпЛА курсом на Обухів БпЛА курсом на …
2026-05-12,4,Обухівський,Обухів,2026-05-12T02:52:26+03:00,2026-05-12T09:23:16+03:00,6.5,2,9,116866,https://t.me/kievreal1/116866,БпЛА курсом на Переяслав БпЛА курсом на Яготин 4х БпЛА курсом на Баришівку 6х БпЛА курсом на Димер 2х БпЛА курсом на Обухів БпЛА курсом на …
2026-05-12,4,Бучанський,Гостомель,2026-05-12T02:52:26+03:00,2026-05-12T09:23:16+03:00,6.5,2,9,116866,https://t.me/kievreal1/116866,БпЛА курсом на Переяслав БпЛА курсом на Яготин 4х БпЛА курсом на Баришівку 6х БпЛА курсом на Димер 2х БпЛА курсом на Обухів БпЛА курсом на …
2026-05-12,4,Вишгородський,Вишгород,2026-05-12T02:52:26+03:00,2026-05-12T09:23:16+03:00,6.5,2,9,116866,https://t.me/kievreal1/116866,БпЛА курсом на Переяслав БпЛА курсом на Яготин 4х БпЛА курсом на Баришівку 6х БпЛА курсом на Димер 2х БпЛА курсом на Обухів БпЛА курсом на …
2026-05-12,4,Вишгородський,Чорнобиль,2026-05-12T02:52:26+03:00,2026-05-12T09:23:16+03:00,6.5,2,9,116866,https://t.me/kievreal1/116866,БпЛА курсом на Переяслав БпЛА курсом на Яготин 4х БпЛА курсом на Баришівку 6х БпЛА курсом на Димер 2х БпЛА курсом на Обухів БпЛА курсом на …
2026-05-12,4,Вишгородський,Димер,2026-05-12T02:52:26+03:00,2026-05-12T09:23:16+03:00,6.5,2,9,116867,https://t.me/kievreal1/116867,БпЛА курсом на Красятичі 6х БпЛА курсом на Димер 2х БпЛА курсом на Фастів 2х БпЛА курсом на Гостомель БпЛА курсом на Рокитне 3х БпЛА курсом…
2026-05-12,4,Фастівський,Фастів,2026-05-12T02:52:26+03:00,2026-05-12T09:23:16+03:00,6.5,2,9,116867,https://t.me/kievreal1/116867,БпЛА курсом на Красятичі 6х БпЛА курсом на Димер 2х БпЛА курсом на Фастів 2х БпЛА курсом на Гостомель БпЛА курсом на Рокитне 3х БпЛА курсом…
2026-05-12,4,Бучанський,Гостомель,2026-05-12T02:52:26+03:00,2026-05-12T09:23:16+03:00,6.5,2,9,116867,https://t.me/kievreal1/116867,БпЛА курсом на Красятичі 6х БпЛА курсом на Димер 2х БпЛА курсом на Фастів 2х БпЛА курсом на Гостомель БпЛА курсом на Рокитне 3х БпЛА курсом…
2026-05-12,4,Білоцерківський,Рокитне,2026-05-12T02:52:26+03:00,2026-05-12T09:23:16+03:00,6.5,2,9,116867,https://t.me/kievreal1/116867,БпЛА курсом на Красятичі 6х БпЛА курсом на Димер 2х БпЛА курсом на Фастів 2х БпЛА курсом на Гостомель БпЛА курсом на Рокитне 3х БпЛА курсом…
2026-05-12,4,Бориспільський,Бориспіль,2026-05-12T02:52:26+03:00,2026-05-12T09:23:16+03:00,6.5,2,9,116867,https://t.me/kievreal1/116867,БпЛА курсом на Красятичі 6х БпЛА курсом на Димер 2х БпЛА курсом на Фастів 2х БпЛА курсом на Гостомель БпЛА курсом на Рокитне 3х БпЛА курсом…
2026-05-12,4,Броварський,Баришівка,2026-05-12T02:52:26+03:00,2026-05-12T09:23:16+03:00,6.5,2,9,116867,https://t.me/kievreal1/116867,БпЛА курсом на Красятичі 6х БпЛА курсом на Димер 2х БпЛА курсом на Фастів 2х БпЛА курсом на Гостомель БпЛА курсом на Рокитне 3х БпЛА курсом…
2026-05-12,4,Обухівський,Українка,2026-05-12T02:52:26+03:00,2026-05-12T09:23:16+03:00,6.5,2,9,116867,https://t.me/kievreal1/116867,БпЛА курсом на Красятичі 6х БпЛА курсом на Димер 2х БпЛА курсом на Фастів 2х БпЛА курсом на Гостомель БпЛА курсом на Рокитне 3х БпЛА курсом…
2026-05-12,4,Обухівський,Васильків,2026-05-12T02:52:26+03:00,2026-05-12T09:23:16+03:00,6.5,2,9,116868,https://t.me/kievreal1/116868,БПЛА на Васильків
2026-05-12,4,Бориспільський,Бориспіль,2026-05-12T02:52:26+03:00,2026-05-12T09:23:16+03:00,6.5,2,9,116869,https://t.me/kievreal1/116869,БПЛА на Бориспіль
2026-05-12,4,Білоцерківський,Біла Церква,2026-05-12T02:52:26+03:00,2026-05-12T09:23:16+03:00,6.5,2,9,116870,https://t.me/kievreal1/116870,Біла Церква - шахед до вас Слідкувати за рухом шахедів - https://t.me/+8npgfltbb1wzMTUy
2026-05-12,4,Вишгородський,Жукин,2026-05-12T02:52:26+03:00,2026-05-12T09:23:16+03:00,6.5,2,9,116871,https://t.me/kievreal1/116871,БпЛА курсом на Жукин 5х БпЛА курсом на Димер БпЛА курсом на Бориспіль БпЛА курсом на Кожанку БпЛА курсом на Рокитне 2х БпЛА курсом на Гребі…
2026-05-12,4,Вишгородський,Димер,2026-05-12T02:52:26+03:00,2026-05-12T09:23:16+03:00,6.5,2,9,116871,https://t.me/kievreal1/116871,БпЛА курсом на Жукин 5х БпЛА курсом на Димер БпЛА курсом на Бориспіль БпЛА курсом на Кожанку БпЛА курсом на Рокитне 2х БпЛА курсом на Гребі…
2026-05-12,4,Бориспільський,Бориспіль,2026-05-12T02:52:26+03:00,2026-05-12T09:23:16+03:00,6.5,2,9,116871,https://t.me/kievreal1/116871,БпЛА курсом на Жукин 5х БпЛА курсом на Димер БпЛА курсом на Бориспіль БпЛА курсом на Кожанку БпЛА курсом на Рокитне 2х БпЛА курсом на Гребі…
2026-05-12,4,Білоцерківський,Рокитне,2026-05-12T02:52:26+03:00,2026-05-12T09:23:16+03:00,6.5,2,9,116871,https://t.me/kievreal1/116871,БпЛА курсом на Жукин 5х БпЛА курсом на Димер БпЛА курсом на Бориспіль БпЛА курсом на Кожанку БпЛА курсом на Рокитне 2х БпЛА курсом на Гребі…
2026-05-12,4,Бучанський,Бородянка,2026-05-12T02:52:26+03:00,2026-05-12T09:23:16+03:00,6.5,2,9,116871,https://t.me/kievreal1/116871,БпЛА курсом на Жукин 5х БпЛА курсом на Димер БпЛА курсом на Бориспіль БпЛА курсом на Кожанку БпЛА курсом на Рокитне 2х БпЛА курсом на Гребі…
2026-05-12,4,Вишгородський,Іванків,2026-05-12T02:52:26+03:00,2026-05-12T09:23:16+03:00,6.5,2,9,116871,https://t.me/kievreal1/116871,БпЛА курсом на Жукин 5х БпЛА курсом на Димер БпЛА курсом на Бориспіль БпЛА курсом на Кожанку БпЛА курсом на Рокитне 2х БпЛА курсом на Гребі…
2026-05-12,4,Броварський,Бровари,2026-05-12T02:52:26+03:00,2026-05-12T09:23:16+03:00,6.5,2,9,116872,https://t.me/kievreal1/116872,БпЛА курсом на Бровари БпЛА курсом на Димер 2х БпЛА курсом на Іванків 2х БпЛА курсом на Пісківку БпЛА курсом на Бородянку БпЛА курсом на Ва…
2026-05-12,4,Вишгородський,Димер,2026-05-12T02:52:26+03:00,2026-05-12T09:23:16+03:00,6.5,2,9,116872,https://t.me/kievreal1/116872,БпЛА курсом на Бровари БпЛА курсом на Димер 2х БпЛА курсом на Іванків 2х БпЛА курсом на Пісківку БпЛА курсом на Бородянку БпЛА курсом на Ва…
2026-05-12,4,Вишгородський,Іванків,2026-05-12T02:52:26+03:00,2026-05-12T09:23:16+03:00,6.5,2,9,116872,https://t.me/kievreal1/116872,БпЛА курсом на Бровари БпЛА курсом на Димер 2х БпЛА курсом на Іванків 2х БпЛА курсом на Пісківку БпЛА курсом на Бородянку БпЛА курсом на Ва…
2026-05-12,4,Бучанський,Пісківка,2026-05-12T02:52:26+03:00,2026-05-12T09:23:16+03:00,6.5,2,9,116872,https://t.me/kievreal1/116872,БпЛА курсом на Бровари БпЛА курсом на Димер 2х БпЛА курсом на Іванків 2х БпЛА курсом на Пісківку БпЛА курсом на Бородянку БпЛА курсом на Ва…
2026-05-12,4,Бучанський,Бородянка,2026-05-12T02:52:26+03:00,2026-05-12T09:23:16+03:00,6.5,2,9,116872,https://t.me/kievreal1/116872,БпЛА курсом на Бровари БпЛА курсом на Димер 2х БпЛА курсом на Іванків 2х БпЛА курсом на Пісківку БпЛА курсом на Бородянку БпЛА курсом на Ва…
2026-05-12,4,Обухівський,Васильків,2026-05-12T02:52:26+03:00,2026-05-12T09:23:16+03:00,6.5,2,9,116872,https://t.me/kievreal1/116872,БпЛА курсом на Бровари БпЛА курсом на Димер 2х БпЛА курсом на Іванків 2х БпЛА курсом на Пісківку БпЛА курсом на Бородянку БпЛА курсом на Ва…
2026-05-12,4,Обухівський,Глеваха,2026-05-12T02:52:26+03:00,2026-05-12T09:23:16+03:00,6.5,2,9,116872,https://t.me/kievreal1/116872,БпЛА курсом на Бровари БпЛА курсом на Димер 2х БпЛА курсом на Іванків 2х БпЛА курсом на Пісківку БпЛА курсом на Бородянку БпЛА курсом на Ва…
2026-05-12,4,Фастівський,Фастів,2026-05-12T02:52:26+03:00,2026-05-12T09:23:16+03:00,6.5,2,9,116872,https://t.me/kievreal1/116872,БпЛА курсом на Бровари БпЛА курсом на Димер 2х БпЛА курсом на Іванків 2х БпЛА курсом на Пісківку БпЛА курсом на Бородянку БпЛА курсом на Ва…
2026-05-12,4,Обухівський,Козин,2026-05-12T02:52:26+03:00,2026-05-12T09:23:16+03:00,6.5,2,9,116872,https://t.me/kievreal1/116872,БпЛА курсом на Бровари БпЛА курсом на Димер 2х БпЛА курсом на Іванків 2х БпЛА курсом на Пісківку БпЛА курсом на Бородянку БпЛА курсом на Ва…
2026-05-12,4,Білоцерківський,Рокитне,2026-05-12T02:52:26+03:00,2026-05-12T09:23:16+03:00,6.5,2,9,116872,https://t.me/kievreal1/116872,БпЛА курсом на Бровари БпЛА курсом на Димер 2х БпЛА курсом на Іванків 2х БпЛА курсом на Пісківку БпЛА курсом на Бородянку БпЛА курсом на Ва…
2026-05-12,4,Білоцерківський,Володарка,2026-05-12T02:52:26+03:00,2026-05-12T09:23:16+03:00,6.5,2,9,116872,https://t.me/kievreal1/116872,БпЛА курсом на Бровари БпЛА курсом на Димер 2х БпЛА курсом на Іванків 2х БпЛА курсом на Пісківку БпЛА курсом на Бородянку БпЛА курсом на Ва…
2026-05-12,4,Броварський,Велика Димерка,2026-05-12T02:52:26+03:00,2026-05-12T09:23:16+03:00,6.5,2,9,116873,https://t.me/kievreal1/116873,БпЛА курсом на Велику Димерку БпЛА курсом на Козин 2х БпЛА курсом на Глеваху БпЛА курсом на Васильків 2х БпЛА курсом на Бородянку БпЛА курс…
2026-05-12,4,Обухівський,Козин,2026-05-12T02:52:26+03:00,2026-05-12T09:23:16+03:00,6.5,2,9,116873,https://t.me/kievreal1/116873,БпЛА курсом на Велику Димерку БпЛА курсом на Козин 2х БпЛА курсом на Глеваху БпЛА курсом на Васильків 2х БпЛА курсом на Бородянку БпЛА курс…
2026-05-12,4,Обухівський,Глеваха,2026-05-12T02:52:26+03:00,2026-05-12T09:23:16+03:00,6.5,2,9,116873,https://t.me/kievreal1/116873,БпЛА курсом на Велику Димерку БпЛА курсом на Козин 2х БпЛА курсом на Глеваху БпЛА курсом на Васильків 2х БпЛА курсом на Бородянку БпЛА курс…
2026-05-12,4,Обухівський,Васильків,2026-05-12T02:52:26+03:00,2026-05-12T09:23:16+03:00,6.5,2,9,116873,https://t.me/kievreal1/116873,БпЛА курсом на Велику Димерку БпЛА курсом на Козин 2х БпЛА курсом на Глеваху БпЛА курсом на Васильків 2х БпЛА курсом на Бородянку БпЛА курс…
2026-05-12,4,Бучанський,Бородянка,2026-05-12T02:52:26+03:00,2026-05-12T09:23:16+03:00,6.5,2,9,116873,https://t.me/kievreal1/116873,БпЛА курсом на Велику Димерку БпЛА курсом на Козин 2х БпЛА курсом на Глеваху БпЛА курсом на Васильків 2х БпЛА курсом на Бородянку БпЛА курс…
2026-05-12,4,Білоцерківський,Володарка,2026-05-12T02:52:26+03:00,2026-05-12T09:23:16+03:00,6.5,2,9,116873,https://t.me/kievreal1/116873,БпЛА курсом на Велику Димерку БпЛА курсом на Козин 2х БпЛА курсом на Глеваху БпЛА курсом на Васильків 2х БпЛА курсом на Бородянку БпЛА курс…
2026-05-12,4,Обухівський,Глеваха,2026-05-12T02:52:26+03:00,2026-05-12T09:23:16+03:00,6.5,2,9,116874,https://t.me/kievreal1/116874,БпЛА курсом на Глеваху БпЛА курсом на Васильків БпЛА курсом на Бишів БпЛА курсом на Борову БпЛА курсом на Фастів БпЛА курсом на Макарів
2026-05-12,4,Обухівський,Васильків,2026-05-12T02:52:26+03:00,2026-05-12T09:23:16+03:00,6.5,2,9,116874,https://t.me/kievreal1/116874,БпЛА курсом на Глеваху БпЛА курсом на Васильків БпЛА курсом на Бишів БпЛА курсом на Борову БпЛА курсом на Фастів БпЛА курсом на Макарів
2026-05-12,4,Фастівський,Фастів,2026-05-12T02:52:26+03:00,2026-05-12T09:23:16+03:00,6.5,2,9,116874,https://t.me/kievreal1/116874,БпЛА курсом на Глеваху БпЛА курсом на Васильків БпЛА курсом на Бишів БпЛА курсом на Борову БпЛА курсом на Фастів БпЛА курсом на Макарів
2026-05-12,4,Бучанський,Макарів,2026-05-12T02:52:26+03:00,2026-05-12T09:23:16+03:00,6.5,2,9,116874,https://t.me/kievreal1/116874,БпЛА курсом на Глеваху БпЛА курсом на Васильків БпЛА курсом на Бишів БпЛА курсом на Борову БпЛА курсом на Фастів БпЛА курсом на Макарів
2026-05-12,4,Вишгородський,Іванків,2026-05-12T02:52:26+03:00,2026-05-12T09:23:16+03:00,6.5,2,9,116875,https://t.me/kievreal1/116875,БпЛА курсом на Іванків БпЛА курсом на Бишів БпЛА курсом на Бузову
2026-05-12,4,Вишгородський,Іванків,2026-05-12T02:52:26+03:00,2026-05-12T09:23:16+03:00,6.5,2,9,116877,https://t.me/kievreal1/116877,БпЛА курсом на Іванків БпЛА курсом на Наливайківку БпЛА курсом на Бишів
2026-05-12,5,Вишгородський,Іванків,2026-05-12T02:52:26+03:00,2026-05-12T09:23:16+03:00,6.5,2,9,116878,https://t.me/kievreal1/116878,БпЛА курсом на Іванків БпЛА курсом на Наливайківку БпЛА курсом на Бишів
2026-05-12,6,Бориспільський,Переяслав,2026-05-12T02:52:26+03:00,2026-05-12T09:23:16+03:00,6.5,2,9,116886,https://t.me/kievreal1/116886,БпЛА курсом на Переяслав
2026-05-12,7,Білоцерківський,Ставище,2026-05-12T02:52:26+03:00,2026-05-12T09:23:16+03:00,6.5,2,9,116887,https://t.me/kievreal1/116887,БпЛА курсом на Ставище
2026-05-12,7,Фастівський,Фастівський,2026-05-12T02:52:26+03:00,2026-05-12T09:23:16+03:00,6.5,2,9,116888,https://t.me/kievreal1/116888,🤬 Дитячий садок та житлові будинки пошкоджені у Фастівському районі внаслідок нічної атаки російськими БпЛА Загорілася покрівля дитячого са…
2026-05-12,7,Білоцерківський,Білоцерківський,2026-05-12T02:52:26+03:00,2026-05-12T09:23:16+03:00,6.5,2,9,116893,https://t.me/kievreal1/116893,2х БпЛА через Білоцерківський район
2026-05-12,7,Бориспільський,Яготин,2026-05-12T02:52:26+03:00,2026-05-12T09:23:16+03:00,6.5,2,9,116894,https://t.me/kievreal1/116894,БпЛА курсом на Яготин 2х БпЛА курсом на Тетіїв
2026-05-12,7,Білоцерківський,Тетіїв,2026-05-12T02:52:26+03:00,2026-05-12T09:23:16+03:00,6.5,2,9,116894,https://t.me/kievreal1/116894,БпЛА курсом на Яготин 2х БпЛА курсом на Тетіїв
2026-05-13,8,Вишгородський,Вишгородський,2026-05-13T08:39:56+03:00,2026-05-13T16:46:26+03:00,8.1,8,16,116959,https://t.me/kievreal1/116959,🚨 КИЇВСЬКА ОБЛАСТЬ - ОГОЛОШЕНА ПОВІТРЯНА ТРИВОГА Загроза для Вишгородського району через БпЛА
2026-05-13,9,Вишгородський,Димер,2026-05-13T08:39:56+03:00,2026-05-13T16:46:26+03:00,8.1,8,16,116964,https://t.me/kievreal1/116964,"Київщина – БпЛА на Димер, Іванків з півночі та група на півночі області на Житомирщину"
2026-05-13,9,Вишгородський,Іванків,2026-05-13T08:39:56+03:00,2026-05-13T16:46:26+03:00,8.1,8,16,116964,https://t.me/kievreal1/116964,"Київщина – БпЛА на Димер, Іванків з півночі та група на півночі області на Житомирщину"
2026-05-13,10,Бучанський,Гостомель,2026-05-13T08:39:56+03:00,2026-05-13T16:46:26+03:00,8.1,8,16,116965,https://t.me/kievreal1/116965,Гостомель / Буча / Немішаєве – уважно!
2026-05-13,10,Бучанський,Буча,2026-05-13T08:39:56+03:00,2026-05-13T16:46:26+03:00,8.1,8,16,116965,https://t.me/kievreal1/116965,Гостомель / Буча / Немішаєве – уважно!
2026-05-13,10,Бучанський,Немішаєве,2026-05-13T08:39:56+03:00,2026-05-13T16:46:26+03:00,8.1,8,16,116965,https://t.me/kievreal1/116965,Гостомель / Буча / Немішаєве – уважно!
2026-05-13,10,Вишгородський,Славутич,2026-05-13T08:39:56+03:00,2026-05-13T16:46:26+03:00,8.1,8,16,116966,https://t.me/kievreal1/116966,10 БпЛА на півночі області йдуть на Житомирщину Ще 28 через Славутич і далі на північ Київської області 7 в районі Чернігова також на Київщ…
2026-05-13,10,Вишгородський,Славутич,2026-05-13T08:39:56+03:00,2026-05-13T16:46:26+03:00,8.1,8,16,116972,https://t.me/kievreal1/116972,Загалом на зараз по БпЛА: 5 від Київщини на Житомир 10 також від нашої області на північ Житомирщини Орієнтовно 48 бпла через Славутич на п…
2026-05-13,10,Бучанський,Макарів,2026-05-13T08:39:56+03:00,2026-05-13T16:46:26+03:00,8.1,8,16,116972,https://t.me/kievreal1/116972,Загалом на зараз по БпЛА: 5 від Київщини на Житомир 10 також від нашої області на північ Житомирщини Орієнтовно 48 бпла через Славутич на п…
2026-05-13,10,Фастівський,Фастів,2026-05-13T08:39:56+03:00,2026-05-13T16:46:26+03:00,8.1,8,16,116973,https://t.me/kievreal1/116973,"Фастів/ Глеваха/ Борова – обережно, можливий підліт"
2026-05-13,10,Обухівський,Глеваха,2026-05-13T08:39:56+03:00,2026-05-13T16:46:26+03:00,8.1,8,16,116973,https://t.me/kievreal1/116973,"Фастів/ Глеваха/ Борова – обережно, можливий підліт"
2026-05-13,11,Вишгородський,Славутич,2026-05-13T08:39:56+03:00,2026-05-13T16:46:26+03:00,8.1,8,16,116975,https://t.me/kievreal1/116975,"На півночі нашої області і Житомирської орієнтовно 19 БпЛА, тримають курс на захід І так само ще орієнтовно 40 безпілотників пролітають Сла…"
2026-05-13,11,Броварський,Бровари,2026-05-13T08:39:56+03:00,2026-05-13T16:46:26+03:00,8.1,8,16,116976,https://t.me/kievreal1/116976,На Бровари ! Уважно
2026-05-13,11,Вишгородський,Вишгород,2026-05-13T08:39:56+03:00,2026-05-13T16:46:26+03:00,8.1,8,16,116980,https://t.me/kievreal1/116980,1 на Вишгород
2026-05-13,11,Вишгородський,Вишгород,2026-05-13T08:39:56+03:00,2026-05-13T16:46:26+03:00,8.1,8,16,116981,https://t.me/kievreal1/116981,На Вишгородщині гучно P.S про рух шахедів в онлайн-режимі пишуть тут – t.me/tryvoga_kyiv
2026-05-13,11,Бориспільський,Бориспіль,2026-05-13T08:39:56+03:00,2026-05-13T16:46:26+03:00,8.1,8,16,116982,https://t.me/kievreal1/116982,Бориспіль – до вас!
2026-05-13,11,Вишгородський,Димер,2026-05-13T08:39:56+03:00,2026-05-13T16:46:26+03:00,8.1,8,16,116983,https://t.me/kievreal1/116983,На Димер
2026-05-13,11,Бучанський,Макарів,2026-05-13T08:39:56+03:00,2026-05-13T16:46:26+03:00,8.1,8,16,116986,https://t.me/kievreal1/116986,На Макарів 1
2026-05-13,11,Броварський,Бровари,2026-05-13T08:39:56+03:00,2026-05-13T16:46:26+03:00,8.1,8,16,116987,https://t.me/kievreal1/116987,На Бровари від півночі 👉
2026-05-13,12,Вишгородський,Вишгород,2026-05-13T08:39:56+03:00,2026-05-13T16:46:26+03:00,8.1,8,16,116990,https://t.me/kievreal1/116990,"Над Троєщиною 1, ще 1 біля Вишгорода"
2026-05-13,12,Вишгородський,Димер,2026-05-13T08:39:56+03:00,2026-05-13T16:46:26+03:00,8.1,8,16,116997,https://t.me/kievreal1/116997,"Димер, БпЛА з водосховища!"
2026-05-13,12,Вишгородський,Іванків,2026-05-13T08:39:56+03:00,2026-05-13T16:46:26+03:00,8.1,8,16,117001,https://t.me/kievreal1/117001,З півночі на Іванків
2026-05-13,12,Вишгородський,Димер,2026-05-13T08:39:56+03:00,2026-05-13T16:46:26+03:00,8.1,8,16,117003,https://t.me/kievreal1/117003,"Димер, район - уважно"
2026-05-13,12,Вишгородський,Вишгород,2026-05-13T08:39:56+03:00,2026-05-13T16:46:26+03:00,8.1,8,16,117004,https://t.me/kievreal1/117004,Бпла на Вишгород/ ГЕС
2026-05-13,12,Вишгородський,Вишгород,2026-05-13T08:39:56+03:00,2026-05-13T16:46:26+03:00,8.1,8,16,117005,https://t.me/kievreal1/117005,Бпла на Вишгород/ ГЕС
2026-05-13,12,Вишгородський,Вишгород,2026-05-13T08:39:56+03:00,2026-05-13T16:46:26+03:00,8.1,8,16,117007,https://t.me/kievreal1/117007,"Оболонь, Мінський масив - від Вишгорода до вас"
2026-05-13,12,Вишгородський,Хотянівка,2026-05-13T08:39:56+03:00,2026-05-13T16:46:26+03:00,8.1,8,16,117008,https://t.me/kievreal1/117008,Хотянівка - теж обережно
2026-05-13,12,Броварський,Бровари,2026-05-13T08:39:56+03:00,2026-05-13T16:46:26+03:00,8.1,8,16,117011,https://t.me/kievreal1/117011,"Бровари, Борщагівки, Вишневе - уважно по бпла"
2026-05-13,12,Бучанський,Борщагівка,2026-05-13T08:39:56+03:00,2026-05-13T16:46:26+03:00,8.1,8,16,117011,https://t.me/kievreal1/117011,"Бровари, Борщагівки, Вишневе - уважно по бпла"
2026-05-13,12,Бучанський,Вишневе,2026-05-13T08:39:56+03:00,2026-05-13T16:46:26+03:00,8.1,8,16,117011,https://t.me/kievreal1/117011,"Бровари, Борщагівки, Вишневе - уважно по бпла"
2026-05-13,12,Фастівський,Крюківщина,2026-05-13T08:39:56+03:00,2026-05-13T16:46:26+03:00,8.1,8,16,117012,https://t.me/kievreal1/117012,Крюківщина
2026-05-13,12,Обухівський,Глеваха,2026-05-13T08:39:56+03:00,2026-05-13T16:46:26+03:00,8.1,8,16,117013,https://t.me/kievreal1/117013,В бік Глевахи
2026-05-13,12,Обухівський,Васильків,2026-05-13T08:39:56+03:00,2026-05-13T16:46:26+03:00,8.1,8,16,117015,https://t.me/kievreal1/117015,Васильків - над вами!
2026-05-13,12,Броварський,Бровари,2026-05-13T08:39:56+03:00,2026-05-13T16:46:26+03:00,8.1,8,16,117016,https://t.me/kievreal1/117016,Бровари - маневрує
2026-05-13,12,Вишгородський,Димер,2026-05-13T08:39:56+03:00,2026-05-13T16:46:26+03:00,8.1,8,16,117017,https://t.me/kievreal1/117017,Димер - увага
2026-05-13,12,Обухівський,Ржищів,2026-05-13T08:39:56+03:00,2026-05-13T16:46:26+03:00,8.1,8,16,117018,https://t.me/kievreal1/117018,1 на Ржищів
2026-05-13,13,Вишгородський,Димер,2026-05-13T08:39:56+03:00,2026-05-13T16:46:26+03:00,8.1,8,16,117021,https://t.me/kievreal1/117021,Від району Димера ще БПЛА в сектор Вишгород - Виноградар!
2026-05-13,13,Вишгородський,Вишгород,2026-05-13T08:39:56+03:00,2026-05-13T16:46:26+03:00,8.1,8,16,117021,https://t.me/kievreal1/117021,Від району Димера ще БПЛА в сектор Вишгород - Виноградар!
2026-05-13,13,Вишгородський,Вишгород,2026-05-13T08:39:56+03:00,2026-05-13T16:46:26+03:00,8.1,8,16,117023,https://t.me/kievreal1/117023,З моря на Вишгород та Петрівці 👉
2026-05-13,13,Бориспільський,Бориспіль,2026-05-13T08:39:56+03:00,2026-05-13T16:46:26+03:00,8.1,8,16,117024,https://t.me/kievreal1/117024,На Бориспіль з півдня!
2026-05-13,13,Білоцерківський,Біла Церква,2026-05-13T08:39:56+03:00,2026-05-13T16:46:26+03:00,8.1,8,16,117025,https://t.me/kievreal1/117025,Біла Церква - на околицях
2026-05-13,13,Бучанський,Ірпінь,2026-05-13T08:39:56+03:00,2026-05-13T16:46:26+03:00,8.1,8,16,117026,https://t.me/kievreal1/117026,Ірпінь - до 5 БпЛА
2026-05-13,13,Бориспільський,Бориспіль,2026-05-13T08:39:56+03:00,2026-05-13T16:46:26+03:00,8.1,8,16,117027,https://t.me/kievreal1/117027,Від Борисполя на ДВРЗ
2026-05-13,13,Броварський,Бровари,2026-05-13T08:39:56+03:00,2026-05-13T16:46:26+03:00,8.1,8,16,117029,https://t.me/kievreal1/117029,2 на Бровари
2026-05-13,13,Броварський,Бровари,2026-05-13T08:39:56+03:00,2026-05-13T16:46:26+03:00,8.1,8,16,117030,https://t.me/kievreal1/117030,Над Броварами!
2026-05-13,13,Броварський,Бровари,2026-05-13T08:39:56+03:00,2026-05-13T16:46:26+03:00,8.1,8,16,117031,https://t.me/kievreal1/117031,Від Броварів на Троєщину
2026-05-13,13,Броварський,Бровари,2026-05-13T08:39:56+03:00,2026-05-13T16:46:26+03:00,8.1,8,16,117032,https://t.me/kievreal1/117032,Загалом по бпла наразі: 1 через Бровари на Київ 2 поблизу Гостомеля 1 від Макарова летить у бік Житомира близько 35 пролітають Славутич і д…
2026-05-13,13,Бучанський,Гостомель,2026-05-13T08:39:56+03:00,2026-05-13T16:46:26+03:00,8.1,8,16,117032,https://t.me/kievreal1/117032,Загалом по бпла наразі: 1 через Бровари на Київ 2 поблизу Гостомеля 1 від Макарова летить у бік Житомира близько 35 пролітають Славутич і д…
2026-05-13,13,Вишгородський,Славутич,2026-05-13T08:39:56+03:00,2026-05-13T16:46:26+03:00,8.1,8,16,117032,https://t.me/kievreal1/117032,Загалом по бпла наразі: 1 через Бровари на Київ 2 поблизу Гостомеля 1 від Макарова летить у бік Житомира близько 35 пролітають Славутич і д…
2026-05-13,13,Обухівський,Миронівка,2026-05-13T08:39:56+03:00,2026-05-13T16:46:26+03:00,8.1,8,16,117033,https://t.me/kievreal1/117033,Миронівка - ви уважно
2026-05-13,13,Вишгородський,Вишгородський,2026-05-13T08:39:56+03:00,2026-05-13T16:46:26+03:00,8.1,8,16,117035,https://t.me/kievreal1/117035,"У Вишгородському районі через ворожу атаку сталася пожежа приватного будинку. На щастя, постраждалих серед населення немає, – повідомили в …"
2026-05-13,14,Вишгородський,Славутич,2026-05-13T08:39:56+03:00,2026-05-13T16:46:26+03:00,8.1,8,16,117050,https://t.me/kievreal1/117050,До 40 БпЛА пролітають Славутич у бік Київської / Житомирської областей Тим часом тривога в окремих районах Київщини вже триває 5-6 годин. З…
2026-05-13,15,Вишгородський,Славутич,2026-05-13T08:39:56+03:00,2026-05-13T16:46:26+03:00,8.1,8,16,117051,https://t.me/kievreal1/117051,Зараз по БпЛА: 11 із півночі Київщини перелітають на північ Житомирської області; 8 через Славутич далі на північ Житомирської області.
2026-05-13,19,Вишгородський,Славутич,2026-05-13T19:01:46+03:00,2026-05-13T20:47:26+03:00,1.8,19,20,117084,https://t.me/kievreal1/117084,БпЛА від Славутича йде в бік Чорнобильської зони 👉
2026-05-13,19,Вишгородський,Чорнобиль,2026-05-13T19:01:46+03:00,2026-05-13T20:47:26+03:00,1.8,19,20,117084,https://t.me/kievreal1/117084,БпЛА від Славутича йде в бік Чорнобильської зони 👉
2026-05-13,19,Вишгородський,Славутич,2026-05-13T19:01:46+03:00,2026-05-13T20:47:26+03:00,1.8,19,20,117085,https://t.me/kievreal1/117085,БпЛА від Славутича йде в бік Чорнобильської зони 👉
2026-05-13,19,Вишгородський,Чорнобиль,2026-05-13T19:01:46+03:00,2026-05-13T20:47:26+03:00,1.8,19,20,117085,https://t.me/kievreal1/117085,БпЛА від Славутича йде в бік Чорнобильської зони 👉
2026-05-13,19,Бучанський,Ірпінь,2026-05-13T19:01:46+03:00,2026-05-13T20:47:26+03:00,1.8,19,20,117091,https://t.me/kievreal1/117091,Ірпінь
2026-05-13,19,Бучанський,Бородянка,2026-05-13T19:01:46+03:00,2026-05-13T20:47:26+03:00,1.8,19,20,117092,https://t.me/kievreal1/117092,Бородянка
2026-05-13,20,Обухівський,Українка,2026-05-13T19:01:46+03:00,2026-05-13T20:47:26+03:00,1.8,19,20,117096,https://t.me/kievreal1/117096,"Вже є інформація про зліт декількох Ту-160 з аеродрому «Українка», тримають курс на потенційні пускові рубежі. Реагуємо на тривоги"
2026-05-13,22,Вишгородський,Вишгородський,2026-05-13T22:26:56+03:00,2026-05-13T23:13:56+03:00,0.8,22,23,117115,https://t.me/kievreal1/117115,🚨 КИЇВСЬКА ОБЛАСТЬ - ОГОЛОШЕНА ПОВІТРЯНА ТРИВОГА Загроза для Вишгородського району через БпЛА з Чернігівщини
2026-05-13,22,Бориспільський,Переяслав,2026-05-13T22:26:56+03:00,2026-05-13T23:13:56+03:00,0.8,22,23,117118,https://t.me/kievreal1/117118,1 БпЛА східніше Переяслава
2026-05-13,23,Бориспільський,Яготин,2026-05-13T22:26:56+03:00,2026-05-13T23:13:56+03:00,0.8,22,23,117119,https://t.me/kievreal1/117119,1 шахед на Яготин
2026-05-14,1,Бориспільський,Яготин,2026-05-14T00:50:46+03:00,2026-05-14T08:44:06+03:00,7.9,0,8,117127,https://t.me/kievreal1/117127,"2 крилаті ракети курсом на Яготин/Переяслав Підтримати канал, буду вдячний Вам: https://base.monobank.ua/4jYdAKEbmcrmLL ➡"
2026-05-14,1,Бориспільський,Переяслав,2026-05-14T00:50:46+03:00,2026-05-14T08:44:06+03:00,7.9,0,8,117127,https://t.me/kievreal1/117127,"2 крилаті ракети курсом на Яготин/Переяслав Підтримати канал, буду вдячний Вам: https://base.monobank.ua/4jYdAKEbmcrmLL ➡"
2026-05-14,1,Бориспільський,Бориспіль,2026-05-14T00:50:46+03:00,2026-05-14T08:44:06+03:00,7.9,0,8,117128,https://t.me/kievreal1/117128,Бориспіль
2026-05-14,1,Броварський,Згурівка,2026-05-14T00:50:46+03:00,2026-05-14T08:44:06+03:00,7.9,0,8,117130,https://t.me/kievreal1/117130,БпЛА курсом на Згурівку 4х БпЛА курсом на Баришівку
2026-05-14,1,Броварський,Баришівка,2026-05-14T00:50:46+03:00,2026-05-14T08:44:06+03:00,7.9,0,8,117130,https://t.me/kievreal1/117130,БпЛА курсом на Згурівку 4х БпЛА курсом на Баришівку
2026-05-14,1,Бориспільський,Переяслав,2026-05-14T00:50:46+03:00,2026-05-14T08:44:06+03:00,7.9,0,8,117131,https://t.me/kievreal1/117131,Ще одна крилата ракета на Переяслав.
2026-05-14,1,Бориспільський,Переяслав,2026-05-14T00:50:46+03:00,2026-05-14T08:44:06+03:00,7.9,0,8,117132,https://t.me/kievreal1/117132,БпЛА курсом на Переяслав БпЛА курсом на Березань БпЛА курсом на Згурівку 2х БпЛА курсом на Баришівку 12х БпЛА курсом на Бориспіль
2026-05-14,1,Бориспільський,Березань,2026-05-14T00:50:46+03:00,2026-05-14T08:44:06+03:00,7.9,0,8,117132,https://t.me/kievreal1/117132,БпЛА курсом на Переяслав БпЛА курсом на Березань БпЛА курсом на Згурівку 2х БпЛА курсом на Баришівку 12х БпЛА курсом на Бориспіль
2026-05-14,1,Броварський,Згурівка,2026-05-14T00:50:46+03:00,2026-05-14T08:44:06+03:00,7.9,0,8,117132,https://t.me/kievreal1/117132,БпЛА курсом на Переяслав БпЛА курсом на Березань БпЛА курсом на Згурівку 2х БпЛА курсом на Баришівку 12х БпЛА курсом на Бориспіль
2026-05-14,1,Броварський,Баришівка,2026-05-14T00:50:46+03:00,2026-05-14T08:44:06+03:00,7.9,0,8,117132,https://t.me/kievreal1/117132,БпЛА курсом на Переяслав БпЛА курсом на Березань БпЛА курсом на Згурівку 2х БпЛА курсом на Баришівку 12х БпЛА курсом на Бориспіль
2026-05-14,1,Бориспільський,Бориспіль,2026-05-14T00:50:46+03:00,2026-05-14T08:44:06+03:00,7.9,0,8,117132,https://t.me/kievreal1/117132,БпЛА курсом на Переяслав БпЛА курсом на Березань БпЛА курсом на Згурівку 2х БпЛА курсом на Баришівку 12х БпЛА курсом на Бориспіль
2026-05-14,2,Бориспільський,Яготин,2026-05-14T00:50:46+03:00,2026-05-14T08:44:06+03:00,7.9,0,8,117134,https://t.me/kievreal1/117134,БпЛА курсом на Яготин БпЛА курсом на Згурівку БпЛА курсом на Баришівку 3х БпЛА курсом на Українку 9х БпЛА курсом на Бориспіль БпЛА курсом н…
2026-05-14,2,Броварський,Згурівка,2026-05-14T00:50:46+03:00,2026-05-14T08:44:06+03:00,7.9,0,8,117134,https://t.me/kievreal1/117134,БпЛА курсом на Яготин БпЛА курсом на Згурівку БпЛА курсом на Баришівку 3х БпЛА курсом на Українку 9х БпЛА курсом на Бориспіль БпЛА курсом н…
2026-05-14,2,Броварський,Баришівка,2026-05-14T00:50:46+03:00,2026-05-14T08:44:06+03:00,7.9,0,8,117134,https://t.me/kievreal1/117134,БпЛА курсом на Яготин БпЛА курсом на Згурівку БпЛА курсом на Баришівку 3х БпЛА курсом на Українку 9х БпЛА курсом на Бориспіль БпЛА курсом н…
2026-05-14,2,Обухівський,Українка,2026-05-14T00:50:46+03:00,2026-05-14T08:44:06+03:00,7.9,0,8,117134,https://t.me/kievreal1/117134,БпЛА курсом на Яготин БпЛА курсом на Згурівку БпЛА курсом на Баришівку 3х БпЛА курсом на Українку 9х БпЛА курсом на Бориспіль БпЛА курсом н…
2026-05-14,2,Бориспільський,Бориспіль,2026-05-14T00:50:46+03:00,2026-05-14T08:44:06+03:00,7.9,0,8,117134,https://t.me/kievreal1/117134,БпЛА курсом на Яготин БпЛА курсом на Згурівку БпЛА курсом на Баришівку 3х БпЛА курсом на Українку 9х БпЛА курсом на Бориспіль БпЛА курсом н…
2026-05-14,2,Бориспільський,Переяслав,2026-05-14T00:50:46+03:00,2026-05-14T08:44:06+03:00,7.9,0,8,117134,https://t.me/kievreal1/117134,БпЛА курсом на Яготин БпЛА курсом на Згурівку БпЛА курсом на Баришівку 3х БпЛА курсом на Українку 9х БпЛА курсом на Бориспіль БпЛА курсом н…
2026-05-14,2,Бориспільський,Бориспіль,2026-05-14T00:50:46+03:00,2026-05-14T08:44:06+03:00,7.9,0,8,117136,https://t.me/kievreal1/117136,Бориспіль
2026-05-14,2,Бориспільський,Бориспіль,2026-05-14T00:50:46+03:00,2026-05-14T08:44:06+03:00,7.9,0,8,117139,https://t.me/kievreal1/117139,5х БпЛА курсом на Київ 2х БпЛА курсом на Вишеньки 3х БпЛА курсом на Бориспіль БпЛА курсом на Баришівку 6х БпЛА курсом на Бровари 5х БпЛА ку…
2026-05-14,2,Броварський,Баришівка,2026-05-14T00:50:46+03:00,2026-05-14T08:44:06+03:00,7.9,0,8,117139,https://t.me/kievreal1/117139,5х БпЛА курсом на Київ 2х БпЛА курсом на Вишеньки 3х БпЛА курсом на Бориспіль БпЛА курсом на Баришівку 6х БпЛА курсом на Бровари 5х БпЛА ку…
2026-05-14,2,Броварський,Бровари,2026-05-14T00:50:46+03:00,2026-05-14T08:44:06+03:00,7.9,0,8,117139,https://t.me/kievreal1/117139,5х БпЛА курсом на Київ 2х БпЛА курсом на Вишеньки 3х БпЛА курсом на Бориспіль БпЛА курсом на Баришівку 6х БпЛА курсом на Бровари 5х БпЛА ку…
2026-05-14,2,Бориспільський,Яготин,2026-05-14T00:50:46+03:00,2026-05-14T08:44:06+03:00,7.9,0,8,117139,https://t.me/kievreal1/117139,5х БпЛА курсом на Київ 2х БпЛА курсом на Вишеньки 3х БпЛА курсом на Бориспіль БпЛА курсом на Баришівку 6х БпЛА курсом на Бровари 5х БпЛА ку…
2026-05-14,2,Бориспільський,Березань,2026-05-14T00:50:46+03:00,2026-05-14T08:44:06+03:00,7.9,0,8,117139,https://t.me/kievreal1/117139,5х БпЛА курсом на Київ 2х БпЛА курсом на Вишеньки 3х БпЛА курсом на Бориспіль БпЛА курсом на Баришівку 6х БпЛА курсом на Бровари 5х БпЛА ку…
2026-05-14,2,Обухівський,Українка,2026-05-14T00:50:46+03:00,2026-05-14T08:44:06+03:00,7.9,0,8,117139,https://t.me/kievreal1/117139,5х БпЛА курсом на Київ 2х БпЛА курсом на Вишеньки 3х БпЛА курсом на Бориспіль БпЛА курсом на Баришівку 6х БпЛА курсом на Бровари 5х БпЛА ку…
2026-05-14,2,Вишгородський,Чорнобиль,2026-05-14T00:50:46+03:00,2026-05-14T08:44:06+03:00,7.9,0,8,117139,https://t.me/kievreal1/117139,5х БпЛА курсом на Київ 2х БпЛА курсом на Вишеньки 3х БпЛА курсом на Бориспіль БпЛА курсом на Баришівку 6х БпЛА курсом на Бровари 5х БпЛА ку…
2026-05-14,2,Бориспільський,Переяслав,2026-05-14T00:50:46+03:00,2026-05-14T08:44:06+03:00,7.9,0,8,117139,https://t.me/kievreal1/117139,5х БпЛА курсом на Київ 2х БпЛА курсом на Вишеньки 3х БпЛА курсом на Бориспіль БпЛА курсом на Баришівку 6х БпЛА курсом на Бровари 5х БпЛА ку…
2026-05-14,2,Бориспільський,Бориспіль,2026-05-14T00:50:46+03:00,2026-05-14T08:44:06+03:00,7.9,0,8,117140,https://t.me/kievreal1/117140,БПЛА на Бориспіль та Бортничі
2026-05-14,2,Бориспільський,Переяслав,2026-05-14T00:50:46+03:00,2026-05-14T08:44:06+03:00,7.9,0,8,117141,https://t.me/kievreal1/117141,Переяслав
2026-05-14,2,Обухівський,Кагарлик,2026-05-14T00:50:46+03:00,2026-05-14T08:44:06+03:00,7.9,0,8,117142,https://t.me/kievreal1/117142,БпЛА курсом на Кагарлик 4х БпЛА курсом на Березань 10х БпЛА курсом на Українку 2х БпЛА курсом на Вишеньки БпЛА курсом на Трипілля 8х БпЛА к…
2026-05-14,2,Бориспільський,Березань,2026-05-14T00:50:46+03:00,2026-05-14T08:44:06+03:00,7.9,0,8,117142,https://t.me/kievreal1/117142,БпЛА курсом на Кагарлик 4х БпЛА курсом на Березань 10х БпЛА курсом на Українку 2х БпЛА курсом на Вишеньки БпЛА курсом на Трипілля 8х БпЛА к…
2026-05-14,2,Обухівський,Українка,2026-05-14T00:50:46+03:00,2026-05-14T08:44:06+03:00,7.9,0,8,117142,https://t.me/kievreal1/117142,БпЛА курсом на Кагарлик 4х БпЛА курсом на Березань 10х БпЛА курсом на Українку 2х БпЛА курсом на Вишеньки БпЛА курсом на Трипілля 8х БпЛА к…
2026-05-14,2,Бориспільський,Бориспіль,2026-05-14T00:50:46+03:00,2026-05-14T08:44:06+03:00,7.9,0,8,117142,https://t.me/kievreal1/117142,БпЛА курсом на Кагарлик 4х БпЛА курсом на Березань 10х БпЛА курсом на Українку 2х БпЛА курсом на Вишеньки БпЛА курсом на Трипілля 8х БпЛА к…
2026-05-14,2,Броварський,Бровари,2026-05-14T00:50:46+03:00,2026-05-14T08:44:06+03:00,7.9,0,8,117143,https://t.me/kievreal1/117143,БПЛА на Бровари
2026-05-14,2,Броварський,Бровари,2026-05-14T00:50:46+03:00,2026-05-14T08:44:06+03:00,7.9,0,8,117144,https://t.me/kievreal1/117144,Усі БпЛА на лівому березі в районі Бровари -Вишеньки- Бориспіль -Переяслав
2026-05-14,2,Бориспільський,Бориспіль,2026-05-14T00:50:46+03:00,2026-05-14T08:44:06+03:00,7.9,0,8,117144,https://t.me/kievreal1/117144,Усі БпЛА на лівому березі в районі Бровари -Вишеньки- Бориспіль -Переяслав
2026-05-14,2,Бориспільський,Переяслав,2026-05-14T00:50:46+03:00,2026-05-14T08:44:06+03:00,7.9,0,8,117144,https://t.me/kievreal1/117144,Усі БпЛА на лівому березі в районі Бровари -Вишеньки- Бориспіль -Переяслав
2026-05-14,2,Обухівський,Кагарлик,2026-05-14T00:50:46+03:00,2026-05-14T08:44:06+03:00,7.9,0,8,117145,https://t.me/kievreal1/117145,БпЛА курсом на Кагарлик 5х БпЛА курсом на Переяслав 4х БпЛА курсом на Бровари 5х БпЛА курсом на Бориспіль 10х БпЛА курсом на Українку 5х Бп…
2026-05-14,2,Бориспільський,Переяслав,2026-05-14T00:50:46+03:00,2026-05-14T08:44:06+03:00,7.9,0,8,117145,https://t.me/kievreal1/117145,БпЛА курсом на Кагарлик 5х БпЛА курсом на Переяслав 4х БпЛА курсом на Бровари 5х БпЛА курсом на Бориспіль 10х БпЛА курсом на Українку 5х Бп…
2026-05-14,2,Броварський,Бровари,2026-05-14T00:50:46+03:00,2026-05-14T08:44:06+03:00,7.9,0,8,117145,https://t.me/kievreal1/117145,БпЛА курсом на Кагарлик 5х БпЛА курсом на Переяслав 4х БпЛА курсом на Бровари 5х БпЛА курсом на Бориспіль 10х БпЛА курсом на Українку 5х Бп…
2026-05-14,2,Бориспільський,Бориспіль,2026-05-14T00:50:46+03:00,2026-05-14T08:44:06+03:00,7.9,0,8,117145,https://t.me/kievreal1/117145,БпЛА курсом на Кагарлик 5х БпЛА курсом на Переяслав 4х БпЛА курсом на Бровари 5х БпЛА курсом на Бориспіль 10х БпЛА курсом на Українку 5х Бп…
2026-05-14,2,Обухівський,Українка,2026-05-14T00:50:46+03:00,2026-05-14T08:44:06+03:00,7.9,0,8,117145,https://t.me/kievreal1/117145,БпЛА курсом на Кагарлик 5х БпЛА курсом на Переяслав 4х БпЛА курсом на Бровари 5х БпЛА курсом на Бориспіль 10х БпЛА курсом на Українку 5х Бп…
2026-05-14,2,Обухівський,Глеваха,2026-05-14T00:50:46+03:00,2026-05-14T08:44:06+03:00,7.9,0,8,117145,https://t.me/kievreal1/117145,БпЛА курсом на Кагарлик 5х БпЛА курсом на Переяслав 4х БпЛА курсом на Бровари 5х БпЛА курсом на Бориспіль 10х БпЛА курсом на Українку 5х Бп…
2026-05-14,2,Бориспільський,Яготин,2026-05-14T00:50:46+03:00,2026-05-14T08:44:06+03:00,7.9,0,8,117145,https://t.me/kievreal1/117145,БпЛА курсом на Кагарлик 5х БпЛА курсом на Переяслав 4х БпЛА курсом на Бровари 5х БпЛА курсом на Бориспіль 10х БпЛА курсом на Українку 5х Бп…
2026-05-14,2,Броварський,Бровари,2026-05-14T00:50:46+03:00,2026-05-14T08:44:06+03:00,7.9,0,8,117146,https://t.me/kievreal1/117146,20 БПЛА на Бровари
2026-05-14,2,Бориспільський,Яготин,2026-05-14T00:50:46+03:00,2026-05-14T08:44:06+03:00,7.9,0,8,117147,https://t.me/kievreal1/117147,БпЛА курсом на Богуслав 7х БпЛА курсом на Яготин 5х БпЛА курсом на Переяслав БпЛА курсом на Васильків 2х БпЛА курсом на Київ 3х БпЛА курсом…
2026-05-14,2,Бориспільський,Переяслав,2026-05-14T00:50:46+03:00,2026-05-14T08:44:06+03:00,7.9,0,8,117147,https://t.me/kievreal1/117147,БпЛА курсом на Богуслав 7х БпЛА курсом на Яготин 5х БпЛА курсом на Переяслав БпЛА курсом на Васильків 2х БпЛА курсом на Київ 3х БпЛА курсом…
2026-05-14,2,Обухівський,Васильків,2026-05-14T00:50:46+03:00,2026-05-14T08:44:06+03:00,7.9,0,8,117147,https://t.me/kievreal1/117147,БпЛА курсом на Богуслав 7х БпЛА курсом на Яготин 5х БпЛА курсом на Переяслав БпЛА курсом на Васильків 2х БпЛА курсом на Київ 3х БпЛА курсом…
2026-05-14,2,Обухівський,Обухів,2026-05-14T00:50:46+03:00,2026-05-14T08:44:06+03:00,7.9,0,8,117147,https://t.me/kievreal1/117147,БпЛА курсом на Богуслав 7х БпЛА курсом на Яготин 5х БпЛА курсом на Переяслав БпЛА курсом на Васильків 2х БпЛА курсом на Київ 3х БпЛА курсом…
2026-05-14,2,Обухівський,Українка,2026-05-14T00:50:46+03:00,2026-05-14T08:44:06+03:00,7.9,0,8,117147,https://t.me/kievreal1/117147,БпЛА курсом на Богуслав 7х БпЛА курсом на Яготин 5х БпЛА курсом на Переяслав БпЛА курсом на Васильків 2х БпЛА курсом на Київ 3х БпЛА курсом…
2026-05-14,2,Бориспільський,Бориспіль,2026-05-14T00:50:46+03:00,2026-05-14T08:44:06+03:00,7.9,0,8,117147,https://t.me/kievreal1/117147,БпЛА курсом на Богуслав 7х БпЛА курсом на Яготин 5х БпЛА курсом на Переяслав БпЛА курсом на Васильків 2х БпЛА курсом на Київ 3х БпЛА курсом…
2026-05-14,2,Броварський,Бровари,2026-05-14T00:50:46+03:00,2026-05-14T08:44:06+03:00,7.9,0,8,117147,https://t.me/kievreal1/117147,БпЛА курсом на Богуслав 7х БпЛА курсом на Яготин 5х БпЛА курсом на Переяслав БпЛА курсом на Васильків 2х БпЛА курсом на Київ 3х БпЛА курсом…
2026-05-14,2,Броварський,Велика Димерка,2026-05-14T00:50:46+03:00,2026-05-14T08:44:06+03:00,7.9,0,8,117147,https://t.me/kievreal1/117147,БпЛА курсом на Богуслав 7х БпЛА курсом на Яготин 5х БпЛА курсом на Переяслав БпЛА курсом на Васильків 2х БпЛА курсом на Київ 3х БпЛА курсом…
2026-05-14,2,Броварський,Згурівка,2026-05-14T00:50:46+03:00,2026-05-14T08:44:06+03:00,7.9,0,8,117147,https://t.me/kievreal1/117147,БпЛА курсом на Богуслав 7х БпЛА курсом на Яготин 5х БпЛА курсом на Переяслав БпЛА курсом на Васильків 2х БпЛА курсом на Київ 3х БпЛА курсом…
2026-05-14,2,Білоцерківський,Рокитне,2026-05-14T00:50:46+03:00,2026-05-14T08:44:06+03:00,7.9,0,8,117149,https://t.me/kievreal1/117149,БпЛА курсом на Рокитне БпЛА курсом на Гребінки 3х БпЛА курсом на Миронівку 2х БпЛА курсом на Ржищів 5х БпЛА курсом на Переяслав 3х БпЛА кур…
2026-05-14,2,Обухівський,Миронівка,2026-05-14T00:50:46+03:00,2026-05-14T08:44:06+03:00,7.9,0,8,117149,https://t.me/kievreal1/117149,БпЛА курсом на Рокитне БпЛА курсом на Гребінки 3х БпЛА курсом на Миронівку 2х БпЛА курсом на Ржищів 5х БпЛА курсом на Переяслав 3х БпЛА кур…
2026-05-14,2,Обухівський,Ржищів,2026-05-14T00:50:46+03:00,2026-05-14T08:44:06+03:00,7.9,0,8,117149,https://t.me/kievreal1/117149,БпЛА курсом на Рокитне БпЛА курсом на Гребінки 3х БпЛА курсом на Миронівку 2х БпЛА курсом на Ржищів 5х БпЛА курсом на Переяслав 3х БпЛА кур…
2026-05-14,2,Бориспільський,Переяслав,2026-05-14T00:50:46+03:00,2026-05-14T08:44:06+03:00,7.9,0,8,117149,https://t.me/kievreal1/117149,БпЛА курсом на Рокитне БпЛА курсом на Гребінки 3х БпЛА курсом на Миронівку 2х БпЛА курсом на Ржищів 5х БпЛА курсом на Переяслав 3х БпЛА кур…
2026-05-14,2,Обухівський,Українка,2026-05-14T00:50:46+03:00,2026-05-14T08:44:06+03:00,7.9,0,8,117149,https://t.me/kievreal1/117149,БпЛА курсом на Рокитне БпЛА курсом на Гребінки 3х БпЛА курсом на Миронівку 2х БпЛА курсом на Ржищів 5х БпЛА курсом на Переяслав 3х БпЛА кур…
2026-05-14,2,Обухівський,Обухів,2026-05-14T00:50:46+03:00,2026-05-14T08:44:06+03:00,7.9,0,8,117149,https://t.me/kievreal1/117149,БпЛА курсом на Рокитне БпЛА курсом на Гребінки 3х БпЛА курсом на Миронівку 2х БпЛА курсом на Ржищів 5х БпЛА курсом на Переяслав 3х БпЛА кур…
2026-05-14,2,Броварський,Бровари,2026-05-14T00:50:46+03:00,2026-05-14T08:44:06+03:00,7.9,0,8,117149,https://t.me/kievreal1/117149,БпЛА курсом на Рокитне БпЛА курсом на Гребінки 3х БпЛА курсом на Миронівку 2х БпЛА курсом на Ржищів 5х БпЛА курсом на Переяслав 3х БпЛА кур…
2026-05-14,2,Бориспільський,Бориспіль,2026-05-14T00:50:46+03:00,2026-05-14T08:44:06+03:00,7.9,0,8,117149,https://t.me/kievreal1/117149,БпЛА курсом на Рокитне БпЛА курсом на Гребінки 3х БпЛА курсом на Миронівку 2х БпЛА курсом на Ржищів 5х БпЛА курсом на Переяслав 3х БпЛА кур…
2026-05-14,2,Бориспільський,Яготин,2026-05-14T00:50:46+03:00,2026-05-14T08:44:06+03:00,7.9,0,8,117149,https://t.me/kievreal1/117149,БпЛА курсом на Рокитне БпЛА курсом на Гребінки 3х БпЛА курсом на Миронівку 2х БпЛА курсом на Ржищів 5х БпЛА курсом на Переяслав 3х БпЛА кур…
2026-05-14,3,Фастівський,Фастів,2026-05-14T00:50:46+03:00,2026-05-14T08:44:06+03:00,7.9,0,8,117151,https://t.me/kievreal1/117151,Київ : 3х БпЛА курсом на Голосіїв БпЛА курсом на Нижні Сади 2х БпЛА курсом на Рембазу 5х БпЛА південніше Василькова на Фастів Підтримати ка…
2026-05-14,3,Броварський,Бровари,2026-05-14T00:50:46+03:00,2026-05-14T08:44:06+03:00,7.9,0,8,117155,https://t.me/kievreal1/117155,3х БпЛА курсом на Київ 3х БпЛА курсом на Бровари 3х БпЛА курсом на Фастів 8х БпЛА курсом на Вишеньки 4х БпЛА курсом на Ржищів 2х БпЛА курсо…
2026-05-14,3,Фастівський,Фастів,2026-05-14T00:50:46+03:00,2026-05-14T08:44:06+03:00,7.9,0,8,117155,https://t.me/kievreal1/117155,3х БпЛА курсом на Київ 3х БпЛА курсом на Бровари 3х БпЛА курсом на Фастів 8х БпЛА курсом на Вишеньки 4х БпЛА курсом на Ржищів 2х БпЛА курсо…
2026-05-14,3,Обухівський,Ржищів,2026-05-14T00:50:46+03:00,2026-05-14T08:44:06+03:00,7.9,0,8,117155,https://t.me/kievreal1/117155,3х БпЛА курсом на Київ 3х БпЛА курсом на Бровари 3х БпЛА курсом на Фастів 8х БпЛА курсом на Вишеньки 4х БпЛА курсом на Ржищів 2х БпЛА курсо…
2026-05-14,3,Бориспільський,Яготин,2026-05-14T00:50:46+03:00,2026-05-14T08:44:06+03:00,7.9,0,8,117155,https://t.me/kievreal1/117155,3х БпЛА курсом на Київ 3х БпЛА курсом на Бровари 3х БпЛА курсом на Фастів 8х БпЛА курсом на Вишеньки 4х БпЛА курсом на Ржищів 2х БпЛА курсо…
2026-05-14,3,Броварський,Баришівка,2026-05-14T00:50:46+03:00,2026-05-14T08:44:06+03:00,7.9,0,8,117155,https://t.me/kievreal1/117155,3х БпЛА курсом на Київ 3х БпЛА курсом на Бровари 3х БпЛА курсом на Фастів 8х БпЛА курсом на Вишеньки 4х БпЛА курсом на Ржищів 2х БпЛА курсо…
2026-05-14,3,Бориспільський,Бориспіль,2026-05-14T00:50:46+03:00,2026-05-14T08:44:06+03:00,7.9,0,8,117155,https://t.me/kievreal1/117155,3х БпЛА курсом на Київ 3х БпЛА курсом на Бровари 3х БпЛА курсом на Фастів 8х БпЛА курсом на Вишеньки 4х БпЛА курсом на Ржищів 2х БпЛА курсо…
2026-05-14,3,Броварський,Велика Димерка,2026-05-14T00:50:46+03:00,2026-05-14T08:44:06+03:00,7.9,0,8,117155,https://t.me/kievreal1/117155,3х БпЛА курсом на Київ 3х БпЛА курсом на Бровари 3х БпЛА курсом на Фастів 8х БпЛА курсом на Вишеньки 4х БпЛА курсом на Ржищів 2х БпЛА курсо…
2026-05-14,3,Броварський,Бровари,2026-05-14T00:50:46+03:00,2026-05-14T08:44:06+03:00,7.9,0,8,117163,https://t.me/kievreal1/117163,Швидкісна ціль на Бровари
2026-05-14,3,Броварський,Бровари,2026-05-14T00:50:46+03:00,2026-05-14T08:44:06+03:00,7.9,0,8,117171,https://t.me/kievreal1/117171,3х БпЛА курсом на Бровари БпЛА курсом на Бориспіль 3х БпЛА курсом на Васильків 7х БпЛА курсом на Українку БпЛА курсом на Кагарлик БпЛА курс…
2026-05-14,3,Бориспільський,Бориспіль,2026-05-14T00:50:46+03:00,2026-05-14T08:44:06+03:00,7.9,0,8,117171,https://t.me/kievreal1/117171,3х БпЛА курсом на Бровари БпЛА курсом на Бориспіль 3х БпЛА курсом на Васильків 7х БпЛА курсом на Українку БпЛА курсом на Кагарлик БпЛА курс…
2026-05-14,3,Обухівський,Васильків,2026-05-14T00:50:46+03:00,2026-05-14T08:44:06+03:00,7.9,0,8,117171,https://t.me/kievreal1/117171,3х БпЛА курсом на Бровари БпЛА курсом на Бориспіль 3х БпЛА курсом на Васильків 7х БпЛА курсом на Українку БпЛА курсом на Кагарлик БпЛА курс…
2026-05-14,3,Обухівський,Українка,2026-05-14T00:50:46+03:00,2026-05-14T08:44:06+03:00,7.9,0,8,117171,https://t.me/kievreal1/117171,3х БпЛА курсом на Бровари БпЛА курсом на Бориспіль 3х БпЛА курсом на Васильків 7х БпЛА курсом на Українку БпЛА курсом на Кагарлик БпЛА курс…
2026-05-14,3,Обухівський,Кагарлик,2026-05-14T00:50:46+03:00,2026-05-14T08:44:06+03:00,7.9,0,8,117171,https://t.me/kievreal1/117171,3х БпЛА курсом на Бровари БпЛА курсом на Бориспіль 3х БпЛА курсом на Васильків 7х БпЛА курсом на Українку БпЛА курсом на Кагарлик БпЛА курс…
2026-05-14,3,Бориспільський,Переяслав,2026-05-14T00:50:46+03:00,2026-05-14T08:44:06+03:00,7.9,0,8,117171,https://t.me/kievreal1/117171,3х БпЛА курсом на Бровари БпЛА курсом на Бориспіль 3х БпЛА курсом на Васильків 7х БпЛА курсом на Українку БпЛА курсом на Кагарлик БпЛА курс…
2026-05-14,3,Обухівський,Обухів,2026-05-14T00:50:46+03:00,2026-05-14T08:44:06+03:00,7.9,0,8,117171,https://t.me/kievreal1/117171,3х БпЛА курсом на Бровари БпЛА курсом на Бориспіль 3х БпЛА курсом на Васильків 7х БпЛА курсом на Українку БпЛА курсом на Кагарлик БпЛА курс…
2026-05-14,3,Обухівський,Кагарлик,2026-05-14T00:50:46+03:00,2026-05-14T08:44:06+03:00,7.9,0,8,117173,https://t.me/kievreal1/117173,3х Групи КР курсом на Кагарлик 4х Групи КР курсом на Білу Церкву
2026-05-14,3,Обухівський,Васильків,2026-05-14T00:50:46+03:00,2026-05-14T08:44:06+03:00,7.9,0,8,117177,https://t.me/kievreal1/117177,3х БпЛА курсом на Васильків 2х БпЛА курсом на Українку 2х БпЛА курсом на Київ БпЛА курсом на Білу Церкву 3х БпЛА курсом на Фастів БпЛА курс…
2026-05-14,3,Обухівський,Українка,2026-05-14T00:50:46+03:00,2026-05-14T08:44:06+03:00,7.9,0,8,117177,https://t.me/kievreal1/117177,3х БпЛА курсом на Васильків 2х БпЛА курсом на Українку 2х БпЛА курсом на Київ БпЛА курсом на Білу Церкву 3х БпЛА курсом на Фастів БпЛА курс…
2026-05-14,3,Фастівський,Фастів,2026-05-14T00:50:46+03:00,2026-05-14T08:44:06+03:00,7.9,0,8,117177,https://t.me/kievreal1/117177,3х БпЛА курсом на Васильків 2х БпЛА курсом на Українку 2х БпЛА курсом на Київ БпЛА курсом на Білу Церкву 3х БпЛА курсом на Фастів БпЛА курс…
2026-05-14,3,Бориспільський,Бориспіль,2026-05-14T00:50:46+03:00,2026-05-14T08:44:06+03:00,7.9,0,8,117178,https://t.me/kievreal1/117178,3х Групи КР курсом на Бориспіль 2х Групи КР курсом на Переяслав 5х Групи КР курсом на Білу Церкву
2026-05-14,3,Бориспільський,Переяслав,2026-05-14T00:50:46+03:00,2026-05-14T08:44:06+03:00,7.9,0,8,117178,https://t.me/kievreal1/117178,3х Групи КР курсом на Бориспіль 2х Групи КР курсом на Переяслав 5х Групи КР курсом на Білу Церкву
2026-05-14,3,Бориспільський,Бориспіль,2026-05-14T00:50:46+03:00,2026-05-14T08:44:06+03:00,7.9,0,8,117179,https://t.me/kievreal1/117179,Група КР курсом на Бориспіль 4х Групи КР курсом на Київ Група КР курсом на Васильків Група КР курсом на Переяслав Група КР курсом на Ржищів
2026-05-14,3,Обухівський,Васильків,2026-05-14T00:50:46+03:00,2026-05-14T08:44:06+03:00,7.9,0,8,117179,https://t.me/kievreal1/117179,Група КР курсом на Бориспіль 4х Групи КР курсом на Київ Група КР курсом на Васильків Група КР курсом на Переяслав Група КР курсом на Ржищів
2026-05-14,3,Бориспільський,Переяслав,2026-05-14T00:50:46+03:00,2026-05-14T08:44:06+03:00,7.9,0,8,117179,https://t.me/kievreal1/117179,Група КР курсом на Бориспіль 4х Групи КР курсом на Київ Група КР курсом на Васильків Група КР курсом на Переяслав Група КР курсом на Ржищів
2026-05-14,3,Обухівський,Ржищів,2026-05-14T00:50:46+03:00,2026-05-14T08:44:06+03:00,7.9,0,8,117179,https://t.me/kievreal1/117179,Група КР курсом на Бориспіль 4х Групи КР курсом на Київ Група КР курсом на Васильків Група КР курсом на Переяслав Група КР курсом на Ржищів
2026-05-14,4,Обухівський,Васильків,2026-05-14T00:50:46+03:00,2026-05-14T08:44:06+03:00,7.9,0,8,117183,https://t.me/kievreal1/117183,БпЛА курсом на Васильків 5х БпЛА курсом на Білу Церкву БпЛА курсом на Фастів БпЛА курсом на Макарів БпЛА курсом на Вишневе БпЛА курсом на Д…
2026-05-14,4,Фастівський,Фастів,2026-05-14T00:50:46+03:00,2026-05-14T08:44:06+03:00,7.9,0,8,117183,https://t.me/kievreal1/117183,БпЛА курсом на Васильків 5х БпЛА курсом на Білу Церкву БпЛА курсом на Фастів БпЛА курсом на Макарів БпЛА курсом на Вишневе БпЛА курсом на Д…
2026-05-14,4,Бучанський,Макарів,2026-05-14T00:50:46+03:00,2026-05-14T08:44:06+03:00,7.9,0,8,117183,https://t.me/kievreal1/117183,БпЛА курсом на Васильків 5х БпЛА курсом на Білу Церкву БпЛА курсом на Фастів БпЛА курсом на Макарів БпЛА курсом на Вишневе БпЛА курсом на Д…
2026-05-14,4,Бучанський,Вишневе,2026-05-14T00:50:46+03:00,2026-05-14T08:44:06+03:00,7.9,0,8,117183,https://t.me/kievreal1/117183,БпЛА курсом на Васильків 5х БпЛА курсом на Білу Церкву БпЛА курсом на Фастів БпЛА курсом на Макарів БпЛА курсом на Вишневе БпЛА курсом на Д…
2026-05-14,4,Вишгородський,Димер,2026-05-14T00:50:46+03:00,2026-05-14T08:44:06+03:00,7.9,0,8,117183,https://t.me/kievreal1/117183,БпЛА курсом на Васильків 5х БпЛА курсом на Білу Церкву БпЛА курсом на Фастів БпЛА курсом на Макарів БпЛА курсом на Вишневе БпЛА курсом на Д…
2026-05-14,4,Вишгородський,Чорнобиль,2026-05-14T00:50:46+03:00,2026-05-14T08:44:06+03:00,7.9,0,8,117183,https://t.me/kievreal1/117183,БпЛА курсом на Васильків 5х БпЛА курсом на Білу Церкву БпЛА курсом на Фастів БпЛА курсом на Макарів БпЛА курсом на Вишневе БпЛА курсом на Д…
2026-05-14,4,Обухівський,Глеваха,2026-05-14T00:50:46+03:00,2026-05-14T08:44:06+03:00,7.9,0,8,117185,https://t.me/kievreal1/117185,2х БпЛА курсом на Борову 2х БпЛА курсом на Глеваху БпЛА курсом на Макарів 7х БпЛА курсом на Білу Церкву БпЛА курсом на Київ БпЛА курсом на …
2026-05-14,4,Бучанський,Макарів,2026-05-14T00:50:46+03:00,2026-05-14T08:44:06+03:00,7.9,0,8,117185,https://t.me/kievreal1/117185,2х БпЛА курсом на Борову 2х БпЛА курсом на Глеваху БпЛА курсом на Макарів 7х БпЛА курсом на Білу Церкву БпЛА курсом на Київ БпЛА курсом на …
2026-05-14,4,Броварський,Бровари,2026-05-14T00:50:46+03:00,2026-05-14T08:44:06+03:00,7.9,0,8,117185,https://t.me/kievreal1/117185,2х БпЛА курсом на Борову 2х БпЛА курсом на Глеваху БпЛА курсом на Макарів 7х БпЛА курсом на Білу Церкву БпЛА курсом на Київ БпЛА курсом на …
2026-05-14,4,Вишгородський,Чорнобиль,2026-05-14T00:50:46+03:00,2026-05-14T08:44:06+03:00,7.9,0,8,117185,https://t.me/kievreal1/117185,2х БпЛА курсом на Борову 2х БпЛА курсом на Глеваху БпЛА курсом на Макарів 7х БпЛА курсом на Білу Церкву БпЛА курсом на Київ БпЛА курсом на …
2026-05-14,4,Обухівський,Глеваха,2026-05-14T00:50:46+03:00,2026-05-14T08:44:06+03:00,7.9,0,8,117188,https://t.me/kievreal1/117188,БпЛА курсом на Глеваху БпЛА курсом на Вишгород 3х БпЛА курсом на Білу Церкву 2х БпЛА курсом на Васильків БпЛА курсом на Бородянку
2026-05-14,4,Вишгородський,Вишгород,2026-05-14T00:50:46+03:00,2026-05-14T08:44:06+03:00,7.9,0,8,117188,https://t.me/kievreal1/117188,БпЛА курсом на Глеваху БпЛА курсом на Вишгород 3х БпЛА курсом на Білу Церкву 2х БпЛА курсом на Васильків БпЛА курсом на Бородянку
2026-05-14,4,Обухівський,Васильків,2026-05-14T00:50:46+03:00,2026-05-14T08:44:06+03:00,7.9,0,8,117188,https://t.me/kievreal1/117188,БпЛА курсом на Глеваху БпЛА курсом на Вишгород 3х БпЛА курсом на Білу Церкву 2х БпЛА курсом на Васильків БпЛА курсом на Бородянку
2026-05-14,4,Бучанський,Бородянка,2026-05-14T00:50:46+03:00,2026-05-14T08:44:06+03:00,7.9,0,8,117188,https://t.me/kievreal1/117188,БпЛА курсом на Глеваху БпЛА курсом на Вишгород 3х БпЛА курсом на Білу Церкву 2х БпЛА курсом на Васильків БпЛА курсом на Бородянку
2026-05-14,4,Обухівський,Васильків,2026-05-14T00:50:46+03:00,2026-05-14T08:44:06+03:00,7.9,0,8,117193,https://t.me/kievreal1/117193,БпЛА курсом на Білу Церкву БпЛА курсом на Бишів 2х БпЛА курсом на Васильків БпЛА курсом на Миронівку БпЛА курсом на Вишгород БпЛА курсом на…
2026-05-14,4,Обухівський,Миронівка,2026-05-14T00:50:46+03:00,2026-05-14T08:44:06+03:00,7.9,0,8,117193,https://t.me/kievreal1/117193,БпЛА курсом на Білу Церкву БпЛА курсом на Бишів 2х БпЛА курсом на Васильків БпЛА курсом на Миронівку БпЛА курсом на Вишгород БпЛА курсом на…
2026-05-14,4,Вишгородський,Вишгород,2026-05-14T00:50:46+03:00,2026-05-14T08:44:06+03:00,7.9,0,8,117193,https://t.me/kievreal1/117193,БпЛА курсом на Білу Церкву БпЛА курсом на Бишів 2х БпЛА курсом на Васильків БпЛА курсом на Миронівку БпЛА курсом на Вишгород БпЛА курсом на…
2026-05-14,4,Вишгородський,Іванків,2026-05-14T00:50:46+03:00,2026-05-14T08:44:06+03:00,7.9,0,8,117193,https://t.me/kievreal1/117193,БпЛА курсом на Білу Церкву БпЛА курсом на Бишів 2х БпЛА курсом на Васильків БпЛА курсом на Миронівку БпЛА курсом на Вишгород БпЛА курсом на…
2026-05-14,4,Бучанський,Бородянка,2026-05-14T00:50:46+03:00,2026-05-14T08:44:06+03:00,7.9,0,8,117195,https://t.me/kievreal1/117195,БпЛА курсом на Бородянку БпЛА курсом на Васильків БпЛА курсом на Миронівку
2026-05-14,4,Обухівський,Васильків,2026-05-14T00:50:46+03:00,2026-05-14T08:44:06+03:00,7.9,0,8,117195,https://t.me/kievreal1/117195,БпЛА курсом на Бородянку БпЛА курсом на Васильків БпЛА курсом на Миронівку
2026-05-14,4,Обухівський,Миронівка,2026-05-14T00:50:46+03:00,2026-05-14T08:44:06+03:00,7.9,0,8,117195,https://t.me/kievreal1/117195,БпЛА курсом на Бородянку БпЛА курсом на Васильків БпЛА курсом на Миронівку
2026-05-14,4,Вишгородський,Чорнобиль,2026-05-14T00:50:46+03:00,2026-05-14T08:44:06+03:00,7.9,0,8,117205,https://t.me/kievreal1/117205,БпЛА курсом на Чорнобиль БпЛА курсом на Фастів
2026-05-14,4,Фастівський,Фастів,2026-05-14T00:50:46+03:00,2026-05-14T08:44:06+03:00,7.9,0,8,117205,https://t.me/kievreal1/117205,БпЛА курсом на Чорнобиль БпЛА курсом на Фастів
2026-05-14,5,Вишгородський,Жукин,2026-05-14T00:50:46+03:00,2026-05-14T08:44:06+03:00,7.9,0,8,117207,https://t.me/kievreal1/117207,БпЛА курсом на Жукин БпЛА курсом на Борову
2026-05-14,5,Бориспільський,Переяслав,2026-05-14T00:50:46+03:00,2026-05-14T08:44:06+03:00,7.9,0,8,117221,https://t.me/kievreal1/117221,БпЛА курсом на Переяслав БпЛА курсом на Димер
2026-05-14,5,Вишгородський,Димер,2026-05-14T00:50:46+03:00,2026-05-14T08:44:06+03:00,7.9,0,8,117221,https://t.me/kievreal1/117221,БпЛА курсом на Переяслав БпЛА курсом на Димер
2026-05-14,5,Вишгородський,Іванків,2026-05-14T00:50:46+03:00,2026-05-14T08:44:06+03:00,7.9,0,8,117222,https://t.me/kievreal1/117222,БпЛА курсом на Іванків БпЛА курсом на Ржищів
2026-05-14,5,Обухівський,Ржищів,2026-05-14T00:50:46+03:00,2026-05-14T08:44:06+03:00,7.9,0,8,117222,https://t.me/kievreal1/117222,БпЛА курсом на Іванків БпЛА курсом на Ржищів
2026-05-14,5,Вишгородський,Іванків,2026-05-14T00:50:46+03:00,2026-05-14T08:44:06+03:00,7.9,0,8,117223,https://t.me/kievreal1/117223,БпЛА курсом на Іванків 4х БпЛА курсом на Переяслав
2026-05-14,5,Бориспільський,Переяслав,2026-05-14T00:50:46+03:00,2026-05-14T08:44:06+03:00,7.9,0,8,117223,https://t.me/kievreal1/117223,БпЛА курсом на Іванків 4х БпЛА курсом на Переяслав
2026-05-14,6,Обухівський,Васильків,2026-05-14T00:50:46+03:00,2026-05-14T08:44:06+03:00,7.9,0,8,117226,https://t.me/kievreal1/117226,БпЛА курсом на Васильків БпЛА курсом на Згурівку 2х БпЛА курсом на Яготин 12х БпЛА курсом на Ржищів 6х БпЛА курсом на Переяслав БпЛА курсом…
2026-05-14,6,Броварський,Згурівка,2026-05-14T00:50:46+03:00,2026-05-14T08:44:06+03:00,7.9,0,8,117226,https://t.me/kievreal1/117226,БпЛА курсом на Васильків БпЛА курсом на Згурівку 2х БпЛА курсом на Яготин 12х БпЛА курсом на Ржищів 6х БпЛА курсом на Переяслав БпЛА курсом…
2026-05-14,6,Бориспільський,Яготин,2026-05-14T00:50:46+03:00,2026-05-14T08:44:06+03:00,7.9,0,8,117226,https://t.me/kievreal1/117226,БпЛА курсом на Васильків БпЛА курсом на Згурівку 2х БпЛА курсом на Яготин 12х БпЛА курсом на Ржищів 6х БпЛА курсом на Переяслав БпЛА курсом…
2026-05-14,6,Обухівський,Ржищів,2026-05-14T00:50:46+03:00,2026-05-14T08:44:06+03:00,7.9,0,8,117226,https://t.me/kievreal1/117226,БпЛА курсом на Васильків БпЛА курсом на Згурівку 2х БпЛА курсом на Яготин 12х БпЛА курсом на Ржищів 6х БпЛА курсом на Переяслав БпЛА курсом…
2026-05-14,6,Бориспільський,Переяслав,2026-05-14T00:50:46+03:00,2026-05-14T08:44:06+03:00,7.9,0,8,117226,https://t.me/kievreal1/117226,БпЛА курсом на Васильків БпЛА курсом на Згурівку 2х БпЛА курсом на Яготин 12х БпЛА курсом на Ржищів 6х БпЛА курсом на Переяслав БпЛА курсом…
2026-05-14,6,Вишгородський,Димер,2026-05-14T00:50:46+03:00,2026-05-14T08:44:06+03:00,7.9,0,8,117226,https://t.me/kievreal1/117226,БпЛА курсом на Васильків БпЛА курсом на Згурівку 2х БпЛА курсом на Яготин 12х БпЛА курсом на Ржищів 6х БпЛА курсом на Переяслав БпЛА курсом…
2026-05-14,6,Вишгородський,Жукин,2026-05-14T00:50:46+03:00,2026-05-14T08:44:06+03:00,7.9,0,8,117226,https://t.me/kievreal1/117226,БпЛА курсом на Васильків БпЛА курсом на Згурівку 2х БпЛА курсом на Яготин 12х БпЛА курсом на Ржищів 6х БпЛА курсом на Переяслав БпЛА курсом…
2026-05-14,6,Бориспільський,Бориспільський,2026-05-14T00:50:46+03:00,2026-05-14T08:44:06+03:00,7.9,0,8,117227,https://t.me/kievreal1/117227,Всю ніч Київщина перебувала під масованою ворожою атакою. Ворог бив дронами та ракетами по мирних населених пунктах. Під ударом — звичайні …
2026-05-14,6,Фастівський,Фастівський,2026-05-14T00:50:46+03:00,2026-05-14T08:44:06+03:00,7.9,0,8,117227,https://t.me/kievreal1/117227,Всю ніч Київщина перебувала під масованою ворожою атакою. Ворог бив дронами та ракетами по мирних населених пунктах. Під ударом — звичайні …
2026-05-14,6,Бучанський,Бучанський,2026-05-14T00:50:46+03:00,2026-05-14T08:44:06+03:00,7.9,0,8,117227,https://t.me/kievreal1/117227,Всю ніч Київщина перебувала під масованою ворожою атакою. Ворог бив дронами та ракетами по мирних населених пунктах. Під ударом — звичайні …
2026-05-14,6,Обухівський,Обухівський,2026-05-14T00:50:46+03:00,2026-05-14T08:44:06+03:00,7.9,0,8,117227,https://t.me/kievreal1/117227,Всю ніч Київщина перебувала під масованою ворожою атакою. Ворог бив дронами та ракетами по мирних населених пунктах. Під ударом — звичайні …
2026-05-14,6,Броварський,Броварський,2026-05-14T00:50:46+03:00,2026-05-14T08:44:06+03:00,7.9,0,8,117227,https://t.me/kievreal1/117227,Всю ніч Київщина перебувала під масованою ворожою атакою. Ворог бив дронами та ракетами по мирних населених пунктах. Під ударом — звичайні …
2026-05-14,6,Білоцерківський,Білоцерківський,2026-05-14T00:50:46+03:00,2026-05-14T08:44:06+03:00,7.9,0,8,117227,https://t.me/kievreal1/117227,Всю ніч Київщина перебувала під масованою ворожою атакою. Ворог бив дронами та ракетами по мирних населених пунктах. Під ударом — звичайні …
2026-05-14,6,Броварський,Згурівка,2026-05-14T00:50:46+03:00,2026-05-14T08:44:06+03:00,7.9,0,8,117228,https://t.me/kievreal1/117228,БпЛА курсом на Згурівку БпЛА курсом на Березань БпЛА курсом на Вишгород БпЛА курсом на Баришівку 5х БпЛА курсом на Переяслав БпЛА курсом на…
2026-05-14,6,Бориспільський,Березань,2026-05-14T00:50:46+03:00,2026-05-14T08:44:06+03:00,7.9,0,8,117228,https://t.me/kievreal1/117228,БпЛА курсом на Згурівку БпЛА курсом на Березань БпЛА курсом на Вишгород БпЛА курсом на Баришівку 5х БпЛА курсом на Переяслав БпЛА курсом на…
2026-05-14,6,Вишгородський,Вишгород,2026-05-14T00:50:46+03:00,2026-05-14T08:44:06+03:00,7.9,0,8,117228,https://t.me/kievreal1/117228,БпЛА курсом на Згурівку БпЛА курсом на Березань БпЛА курсом на Вишгород БпЛА курсом на Баришівку 5х БпЛА курсом на Переяслав БпЛА курсом на…
2026-05-14,6,Броварський,Баришівка,2026-05-14T00:50:46+03:00,2026-05-14T08:44:06+03:00,7.9,0,8,117228,https://t.me/kievreal1/117228,БпЛА курсом на Згурівку БпЛА курсом на Березань БпЛА курсом на Вишгород БпЛА курсом на Баришівку 5х БпЛА курсом на Переяслав БпЛА курсом на…
2026-05-14,6,Бориспільський,Переяслав,2026-05-14T00:50:46+03:00,2026-05-14T08:44:06+03:00,7.9,0,8,117228,https://t.me/kievreal1/117228,БпЛА курсом на Згурівку БпЛА курсом на Березань БпЛА курсом на Вишгород БпЛА курсом на Баришівку 5х БпЛА курсом на Переяслав БпЛА курсом на…
2026-05-14,6,Фастівський,Фастів,2026-05-14T00:50:46+03:00,2026-05-14T08:44:06+03:00,7.9,0,8,117228,https://t.me/kievreal1/117228,БпЛА курсом на Згурівку БпЛА курсом на Березань БпЛА курсом на Вишгород БпЛА курсом на Баришівку 5х БпЛА курсом на Переяслав БпЛА курсом на…
2026-05-14,6,Обухівський,Ржищів,2026-05-14T00:50:46+03:00,2026-05-14T08:44:06+03:00,7.9,0,8,117228,https://t.me/kievreal1/117228,БпЛА курсом на Згурівку БпЛА курсом на Березань БпЛА курсом на Вишгород БпЛА курсом на Баришівку 5х БпЛА курсом на Переяслав БпЛА курсом на…
2026-05-14,6,Білоцерківський,Тараща,2026-05-14T00:50:46+03:00,2026-05-14T08:44:06+03:00,7.9,0,8,117228,https://t.me/kievreal1/117228,БпЛА курсом на Згурівку БпЛА курсом на Березань БпЛА курсом на Вишгород БпЛА курсом на Баришівку 5х БпЛА курсом на Переяслав БпЛА курсом на…
2026-05-14,6,Обухівський,Миронівка,2026-05-14T00:50:46+03:00,2026-05-14T08:44:06+03:00,7.9,0,8,117228,https://t.me/kievreal1/117228,БпЛА курсом на Згурівку БпЛА курсом на Березань БпЛА курсом на Вишгород БпЛА курсом на Баришівку 5х БпЛА курсом на Переяслав БпЛА курсом на…
2026-05-14,6,Обухівський,Кагарлик,2026-05-14T00:50:46+03:00,2026-05-14T08:44:06+03:00,7.9,0,8,117228,https://t.me/kievreal1/117228,БпЛА курсом на Згурівку БпЛА курсом на Березань БпЛА курсом на Вишгород БпЛА курсом на Баришівку 5х БпЛА курсом на Переяслав БпЛА курсом на…
2026-05-14,6,Вишгородський,Димер,2026-05-14T00:50:46+03:00,2026-05-14T08:44:06+03:00,7.9,0,8,117228,https://t.me/kievreal1/117228,БпЛА курсом на Згурівку БпЛА курсом на Березань БпЛА курсом на Вишгород БпЛА курсом на Баришівку 5х БпЛА курсом на Переяслав БпЛА курсом на…
2026-05-14,6,Білоцерківський,Володарка,2026-05-14T00:50:46+03:00,2026-05-14T08:44:06+03:00,7.9,0,8,117229,https://t.me/kievreal1/117229,БпЛА курсом на Володарку 2х БпЛА курсом на Миронівку 4х БпЛА курсом на Кагарлик 7х БпЛА курсом на Українку БпЛА курсом на Переяслав БпЛА ку…
2026-05-14,6,Обухівський,Миронівка,2026-05-14T00:50:46+03:00,2026-05-14T08:44:06+03:00,7.9,0,8,117229,https://t.me/kievreal1/117229,БпЛА курсом на Володарку 2х БпЛА курсом на Миронівку 4х БпЛА курсом на Кагарлик 7х БпЛА курсом на Українку БпЛА курсом на Переяслав БпЛА ку…
2026-05-14,6,Обухівський,Кагарлик,2026-05-14T00:50:46+03:00,2026-05-14T08:44:06+03:00,7.9,0,8,117229,https://t.me/kievreal1/117229,БпЛА курсом на Володарку 2х БпЛА курсом на Миронівку 4х БпЛА курсом на Кагарлик 7х БпЛА курсом на Українку БпЛА курсом на Переяслав БпЛА ку…
2026-05-14,6,Обухівський,Українка,2026-05-14T00:50:46+03:00,2026-05-14T08:44:06+03:00,7.9,0,8,117229,https://t.me/kievreal1/117229,БпЛА курсом на Володарку 2х БпЛА курсом на Миронівку 4х БпЛА курсом на Кагарлик 7х БпЛА курсом на Українку БпЛА курсом на Переяслав БпЛА ку…
2026-05-14,6,Бориспільський,Переяслав,2026-05-14T00:50:46+03:00,2026-05-14T08:44:06+03:00,7.9,0,8,117229,https://t.me/kievreal1/117229,БпЛА курсом на Володарку 2х БпЛА курсом на Миронівку 4х БпЛА курсом на Кагарлик 7х БпЛА курсом на Українку БпЛА курсом на Переяслав БпЛА ку…
2026-05-14,6,Бучанський,Ірпінь,2026-05-14T00:50:46+03:00,2026-05-14T08:44:06+03:00,7.9,0,8,117229,https://t.me/kievreal1/117229,БпЛА курсом на Володарку 2х БпЛА курсом на Миронівку 4х БпЛА курсом на Кагарлик 7х БпЛА курсом на Українку БпЛА курсом на Переяслав БпЛА ку…
2026-05-14,6,Бориспільський,Бориспіль,2026-05-14T00:50:46+03:00,2026-05-14T08:44:06+03:00,7.9,0,8,117229,https://t.me/kievreal1/117229,БпЛА курсом на Володарку 2х БпЛА курсом на Миронівку 4х БпЛА курсом на Кагарлик 7х БпЛА курсом на Українку БпЛА курсом на Переяслав БпЛА ку…
2026-05-14,6,Броварський,Бровари,2026-05-14T00:50:46+03:00,2026-05-14T08:44:06+03:00,7.9,0,8,117229,https://t.me/kievreal1/117229,БпЛА курсом на Володарку 2х БпЛА курсом на Миронівку 4х БпЛА курсом на Кагарлик 7х БпЛА курсом на Українку БпЛА курсом на Переяслав БпЛА ку…
2026-05-14,6,Фастівський,Фастів,2026-05-14T00:50:46+03:00,2026-05-14T08:44:06+03:00,7.9,0,8,117229,https://t.me/kievreal1/117229,БпЛА курсом на Володарку 2х БпЛА курсом на Миронівку 4х БпЛА курсом на Кагарлик 7х БпЛА курсом на Українку БпЛА курсом на Переяслав БпЛА ку…
2026-05-14,6,Вишгородський,Вишгород,2026-05-14T00:50:46+03:00,2026-05-14T08:44:06+03:00,7.9,0,8,117232,https://t.me/kievreal1/117232,Вишгород
2026-05-14,6,Білоцерківський,Володарка,2026-05-14T00:50:46+03:00,2026-05-14T08:44:06+03:00,7.9,0,8,117233,https://t.me/kievreal1/117233,БпЛА курсом на Володарку 2х БпЛА курсом на Білу Церкву БпЛА курсом на Вишгород БпЛА курсом на Велику Димерку 6х БпЛА курсом на Вишеньки БпЛ…
2026-05-14,6,Вишгородський,Вишгород,2026-05-14T00:50:46+03:00,2026-05-14T08:44:06+03:00,7.9,0,8,117233,https://t.me/kievreal1/117233,БпЛА курсом на Володарку 2х БпЛА курсом на Білу Церкву БпЛА курсом на Вишгород БпЛА курсом на Велику Димерку 6х БпЛА курсом на Вишеньки БпЛ…
2026-05-14,6,Броварський,Велика Димерка,2026-05-14T00:50:46+03:00,2026-05-14T08:44:06+03:00,7.9,0,8,117233,https://t.me/kievreal1/117233,БпЛА курсом на Володарку 2х БпЛА курсом на Білу Церкву БпЛА курсом на Вишгород БпЛА курсом на Велику Димерку 6х БпЛА курсом на Вишеньки БпЛ…
2026-05-14,6,Обухівський,Ржищів,2026-05-14T00:50:46+03:00,2026-05-14T08:44:06+03:00,7.9,0,8,117233,https://t.me/kievreal1/117233,БпЛА курсом на Володарку 2х БпЛА курсом на Білу Церкву БпЛА курсом на Вишгород БпЛА курсом на Велику Димерку 6х БпЛА курсом на Вишеньки БпЛ…
2026-05-14,6,Обухівський,Обухів,2026-05-14T00:50:46+03:00,2026-05-14T08:44:06+03:00,7.9,0,8,117233,https://t.me/kievreal1/117233,БпЛА курсом на Володарку 2х БпЛА курсом на Білу Церкву БпЛА курсом на Вишгород БпЛА курсом на Велику Димерку 6х БпЛА курсом на Вишеньки БпЛ…
2026-05-14,6,Обухівський,Кагарлик,2026-05-14T00:50:46+03:00,2026-05-14T08:44:06+03:00,7.9,0,8,117233,https://t.me/kievreal1/117233,БпЛА курсом на Володарку 2х БпЛА курсом на Білу Церкву БпЛА курсом на Вишгород БпЛА курсом на Велику Димерку 6х БпЛА курсом на Вишеньки БпЛ…
2026-05-14,6,Бориспільський,Переяслав,2026-05-14T00:50:46+03:00,2026-05-14T08:44:06+03:00,7.9,0,8,117233,https://t.me/kievreal1/117233,БпЛА курсом на Володарку 2х БпЛА курсом на Білу Церкву БпЛА курсом на Вишгород БпЛА курсом на Велику Димерку 6х БпЛА курсом на Вишеньки БпЛ…
2026-05-14,6,Обухівський,Українка,2026-05-14T00:50:46+03:00,2026-05-14T08:44:06+03:00,7.9,0,8,117233,https://t.me/kievreal1/117233,БпЛА курсом на Володарку 2х БпЛА курсом на Білу Церкву БпЛА курсом на Вишгород БпЛА курсом на Велику Димерку 6х БпЛА курсом на Вишеньки БпЛ…
2026-05-14,6,Бориспільський,Березань,2026-05-14T00:50:46+03:00,2026-05-14T08:44:06+03:00,7.9,0,8,117233,https://t.me/kievreal1/117233,БпЛА курсом на Володарку 2х БпЛА курсом на Білу Церкву БпЛА курсом на Вишгород БпЛА курсом на Велику Димерку 6х БпЛА курсом на Вишеньки БпЛ…
2026-05-14,6,Білоцерківський,Володарка,2026-05-14T00:50:46+03:00,2026-05-14T08:44:06+03:00,7.9,0,8,117234,https://t.me/kievreal1/117234,БпЛА курсом на Володарку БпЛА курсом на Узин БпЛА курсом на Богуслав БпЛА курсом на Кагарлик 3х БпЛА курсом на Обухів БпЛА курсом на Бариші…
2026-05-14,6,Обухівський,Кагарлик,2026-05-14T00:50:46+03:00,2026-05-14T08:44:06+03:00,7.9,0,8,117234,https://t.me/kievreal1/117234,БпЛА курсом на Володарку БпЛА курсом на Узин БпЛА курсом на Богуслав БпЛА курсом на Кагарлик 3х БпЛА курсом на Обухів БпЛА курсом на Бариші…
2026-05-14,6,Обухівський,Обухів,2026-05-14T00:50:46+03:00,2026-05-14T08:44:06+03:00,7.9,0,8,117234,https://t.me/kievreal1/117234,БпЛА курсом на Володарку БпЛА курсом на Узин БпЛА курсом на Богуслав БпЛА курсом на Кагарлик 3х БпЛА курсом на Обухів БпЛА курсом на Бариші…
2026-05-14,6,Броварський,Баришівка,2026-05-14T00:50:46+03:00,2026-05-14T08:44:06+03:00,7.9,0,8,117234,https://t.me/kievreal1/117234,БпЛА курсом на Володарку БпЛА курсом на Узин БпЛА курсом на Богуслав БпЛА курсом на Кагарлик 3х БпЛА курсом на Обухів БпЛА курсом на Бариші…
2026-05-14,6,Бучанський,Коцюбинське,2026-05-14T00:50:46+03:00,2026-05-14T08:44:06+03:00,7.9,0,8,117234,https://t.me/kievreal1/117234,БпЛА курсом на Володарку БпЛА курсом на Узин БпЛА курсом на Богуслав БпЛА курсом на Кагарлик 3х БпЛА курсом на Обухів БпЛА курсом на Бариші…
2026-05-14,6,Бучанський,Гостомель,2026-05-14T00:50:46+03:00,2026-05-14T08:44:06+03:00,7.9,0,8,117236,https://t.me/kievreal1/117236,БпЛА курсом на Гостомель БпЛА курсом на Бровари 7х БпЛА курсом на Київ БпЛА курсом на Бориспіль 3х БпЛА курсом на Обухів БпЛА курсом на Каг…
2026-05-14,6,Броварський,Бровари,2026-05-14T00:50:46+03:00,2026-05-14T08:44:06+03:00,7.9,0,8,117236,https://t.me/kievreal1/117236,БпЛА курсом на Гостомель БпЛА курсом на Бровари 7х БпЛА курсом на Київ БпЛА курсом на Бориспіль 3х БпЛА курсом на Обухів БпЛА курсом на Каг…
2026-05-14,6,Бориспільський,Бориспіль,2026-05-14T00:50:46+03:00,2026-05-14T08:44:06+03:00,7.9,0,8,117236,https://t.me/kievreal1/117236,БпЛА курсом на Гостомель БпЛА курсом на Бровари 7х БпЛА курсом на Київ БпЛА курсом на Бориспіль 3х БпЛА курсом на Обухів БпЛА курсом на Каг…
2026-05-14,6,Обухівський,Обухів,2026-05-14T00:50:46+03:00,2026-05-14T08:44:06+03:00,7.9,0,8,117236,https://t.me/kievreal1/117236,БпЛА курсом на Гостомель БпЛА курсом на Бровари 7х БпЛА курсом на Київ БпЛА курсом на Бориспіль 3х БпЛА курсом на Обухів БпЛА курсом на Каг…
2026-05-14,6,Обухівський,Кагарлик,2026-05-14T00:50:46+03:00,2026-05-14T08:44:06+03:00,7.9,0,8,117236,https://t.me/kievreal1/117236,БпЛА курсом на Гостомель БпЛА курсом на Бровари 7х БпЛА курсом на Київ БпЛА курсом на Бориспіль 3х БпЛА курсом на Обухів БпЛА курсом на Каг…
2026-05-14,6,Бориспільський,Переяслав,2026-05-14T00:50:46+03:00,2026-05-14T08:44:06+03:00,7.9,0,8,117236,https://t.me/kievreal1/117236,БпЛА курсом на Гостомель БпЛА курсом на Бровари 7х БпЛА курсом на Київ БпЛА курсом на Бориспіль 3х БпЛА курсом на Обухів БпЛА курсом на Каг…
2026-05-14,6,Білоцерківський,Рокитне,2026-05-14T00:50:46+03:00,2026-05-14T08:44:06+03:00,7.9,0,8,117236,https://t.me/kievreal1/117236,БпЛА курсом на Гостомель БпЛА курсом на Бровари 7х БпЛА курсом на Київ БпЛА курсом на Бориспіль 3х БпЛА курсом на Обухів БпЛА курсом на Каг…
2026-05-14,6,Білоцерківський,Володарка,2026-05-14T00:50:46+03:00,2026-05-14T08:44:06+03:00,7.9,0,8,117236,https://t.me/kievreal1/117236,БпЛА курсом на Гостомель БпЛА курсом на Бровари 7х БпЛА курсом на Київ БпЛА курсом на Бориспіль 3х БпЛА курсом на Обухів БпЛА курсом на Каг…
2026-05-14,6,Обухівський,Васильків,2026-05-14T00:50:46+03:00,2026-05-14T08:44:06+03:00,7.9,0,8,117239,https://t.me/kievreal1/117239,БпЛА курсом на Васильків 2х БпЛА курсом на Обухів БпЛА курсом на Бровари 2х БпЛА курсом на Бориспіль 8х БпЛА курсом на Київ БпЛА курсом на …
2026-05-14,6,Обухівський,Обухів,2026-05-14T00:50:46+03:00,2026-05-14T08:44:06+03:00,7.9,0,8,117239,https://t.me/kievreal1/117239,БпЛА курсом на Васильків 2х БпЛА курсом на Обухів БпЛА курсом на Бровари 2х БпЛА курсом на Бориспіль 8х БпЛА курсом на Київ БпЛА курсом на …
2026-05-14,6,Броварський,Бровари,2026-05-14T00:50:46+03:00,2026-05-14T08:44:06+03:00,7.9,0,8,117239,https://t.me/kievreal1/117239,БпЛА курсом на Васильків 2х БпЛА курсом на Обухів БпЛА курсом на Бровари 2х БпЛА курсом на Бориспіль 8х БпЛА курсом на Київ БпЛА курсом на …
2026-05-14,6,Бориспільський,Бориспіль,2026-05-14T00:50:46+03:00,2026-05-14T08:44:06+03:00,7.9,0,8,117239,https://t.me/kievreal1/117239,БпЛА курсом на Васильків 2х БпЛА курсом на Обухів БпЛА курсом на Бровари 2х БпЛА курсом на Бориспіль 8х БпЛА курсом на Київ БпЛА курсом на …
2026-05-14,6,Бориспільський,Переяслав,2026-05-14T00:50:46+03:00,2026-05-14T08:44:06+03:00,7.9,0,8,117239,https://t.me/kievreal1/117239,БпЛА курсом на Васильків 2х БпЛА курсом на Обухів БпЛА курсом на Бровари 2х БпЛА курсом на Бориспіль 8х БпЛА курсом на Київ БпЛА курсом на …
2026-05-14,6,Бориспільський,Гнідин,2026-05-14T00:50:46+03:00,2026-05-14T08:44:06+03:00,7.9,0,8,117240,https://t.me/kievreal1/117240,БПЛА на Гнідин
2026-05-14,6,Обухівський,Васильків,2026-05-14T00:50:46+03:00,2026-05-14T08:44:06+03:00,7.9,0,8,117244,https://t.me/kievreal1/117244,3х БпЛА курсом на Васильків БпЛА курсом на Ірпінь БпЛА курсом на Глеваху 6х БпЛА курсом на Київ БпЛА курсом на Бровари
2026-05-14,6,Бучанський,Ірпінь,2026-05-14T00:50:46+03:00,2026-05-14T08:44:06+03:00,7.9,0,8,117244,https://t.me/kievreal1/117244,3х БпЛА курсом на Васильків БпЛА курсом на Ірпінь БпЛА курсом на Глеваху 6х БпЛА курсом на Київ БпЛА курсом на Бровари
2026-05-14,6,Обухівський,Глеваха,2026-05-14T00:50:46+03:00,2026-05-14T08:44:06+03:00,7.9,0,8,117244,https://t.me/kievreal1/117244,3х БпЛА курсом на Васильків БпЛА курсом на Ірпінь БпЛА курсом на Глеваху 6х БпЛА курсом на Київ БпЛА курсом на Бровари
2026-05-14,6,Броварський,Бровари,2026-05-14T00:50:46+03:00,2026-05-14T08:44:06+03:00,7.9,0,8,117244,https://t.me/kievreal1/117244,3х БпЛА курсом на Васильків БпЛА курсом на Ірпінь БпЛА курсом на Глеваху 6х БпЛА курсом на Київ БпЛА курсом на Бровари
2026-05-14,6,Обухівський,Васильків,2026-05-14T00:50:46+03:00,2026-05-14T08:44:06+03:00,7.9,0,8,117246,https://t.me/kievreal1/117246,3х БпЛА курсом на Васильків БпЛА курсом на Велику Димерку 3х БпЛА курсом на Київ БпЛА курсом на Бровари
2026-05-14,6,Броварський,Велика Димерка,2026-05-14T00:50:46+03:00,2026-05-14T08:44:06+03:00,7.9,0,8,117246,https://t.me/kievreal1/117246,3х БпЛА курсом на Васильків БпЛА курсом на Велику Димерку 3х БпЛА курсом на Київ БпЛА курсом на Бровари
2026-05-14,6,Броварський,Бровари,2026-05-14T00:50:46+03:00,2026-05-14T08:44:06+03:00,7.9,0,8,117246,https://t.me/kievreal1/117246,3х БпЛА курсом на Васильків БпЛА курсом на Велику Димерку 3х БпЛА курсом на Київ БпЛА курсом на Бровари
2026-05-14,6,Броварський,Бровари,2026-05-14T00:50:46+03:00,2026-05-14T08:44:06+03:00,7.9,0,8,117247,https://t.me/kievreal1/117247,3х БпЛА курсом на Київ 2х БпЛА курсом на Бровари 2х БпЛА курсом на Глеваху 2х БпЛА курсом на Борову
2026-05-14,6,Обухівський,Глеваха,2026-05-14T00:50:46+03:00,2026-05-14T08:44:06+03:00,7.9,0,8,117247,https://t.me/kievreal1/117247,3х БпЛА курсом на Київ 2х БпЛА курсом на Бровари 2х БпЛА курсом на Глеваху 2х БпЛА курсом на Борову
2026-05-14,6,Вишгородський,Вишгород,2026-05-14T00:50:46+03:00,2026-05-14T08:44:06+03:00,7.9,0,8,117252,https://t.me/kievreal1/117252,БпЛА курсом на Вишгород БпЛА курсом на Нивки БпЛА курсом на Троєщину
2026-05-14,6,Вишгородський,Вишгород,2026-05-14T00:50:46+03:00,2026-05-14T08:44:06+03:00,7.9,0,8,117253,https://t.me/kievreal1/117253,2х БпЛА курсом на Вишгород БпЛА курсом на Бориспіль БпЛА курсом на Коцюбинське БпЛА курсом на Глеваху БпЛА курсом на Бишів
2026-05-14,6,Бориспільський,Бориспіль,2026-05-14T00:50:46+03:00,2026-05-14T08:44:06+03:00,7.9,0,8,117253,https://t.me/kievreal1/117253,2х БпЛА курсом на Вишгород БпЛА курсом на Бориспіль БпЛА курсом на Коцюбинське БпЛА курсом на Глеваху БпЛА курсом на Бишів
2026-05-14,6,Бучанський,Коцюбинське,2026-05-14T00:50:46+03:00,2026-05-14T08:44:06+03:00,7.9,0,8,117253,https://t.me/kievreal1/117253,2х БпЛА курсом на Вишгород БпЛА курсом на Бориспіль БпЛА курсом на Коцюбинське БпЛА курсом на Глеваху БпЛА курсом на Бишів
2026-05-14,6,Обухівський,Глеваха,2026-05-14T00:50:46+03:00,2026-05-14T08:44:06+03:00,7.9,0,8,117253,https://t.me/kievreal1/117253,2х БпЛА курсом на Вишгород БпЛА курсом на Бориспіль БпЛА курсом на Коцюбинське БпЛА курсом на Глеваху БпЛА курсом на Бишів
2026-05-14,7,Вишгородський,Вишгород,2026-05-14T00:50:46+03:00,2026-05-14T08:44:06+03:00,7.9,0,8,117259,https://t.me/kievreal1/117259,БпЛА курсом на Вишгород
2026-05-14,7,Обухівський,Обухівський,2026-05-14T00:50:46+03:00,2026-05-14T08:44:06+03:00,7.9,0,8,117260,https://t.me/kievreal1/117260,"🔥 Київщина: внаслідок нічної атаки росії постраждали 7 людей, серед них — 1 дитина. Пошкодження та пожежі зафіксовані в Обухівському, Брова…"
2026-05-14,7,Броварський,Броварський,2026-05-14T00:50:46+03:00,2026-05-14T08:44:06+03:00,7.9,0,8,117260,https://t.me/kievreal1/117260,"🔥 Київщина: внаслідок нічної атаки росії постраждали 7 людей, серед них — 1 дитина. Пошкодження та пожежі зафіксовані в Обухівському, Брова…"
2026-05-14,7,Фастівський,Фастівський,2026-05-14T00:50:46+03:00,2026-05-14T08:44:06+03:00,7.9,0,8,117260,https://t.me/kievreal1/117260,"🔥 Київщина: внаслідок нічної атаки росії постраждали 7 людей, серед них — 1 дитина. Пошкодження та пожежі зафіксовані в Обухівському, Брова…"
2026-05-14,7,Бориспільський,Бориспільський,2026-05-14T00:50:46+03:00,2026-05-14T08:44:06+03:00,7.9,0,8,117260,https://t.me/kievreal1/117260,"🔥 Київщина: внаслідок нічної атаки росії постраждали 7 людей, серед них — 1 дитина. Пошкодження та пожежі зафіксовані в Обухівському, Брова…"
2026-05-14,7,Білоцерківський,Білоцерківський,2026-05-14T00:50:46+03:00,2026-05-14T08:44:06+03:00,7.9,0,8,117260,https://t.me/kievreal1/117260,"🔥 Київщина: внаслідок нічної атаки росії постраждали 7 людей, серед них — 1 дитина. Пошкодження та пожежі зафіксовані в Обухівському, Брова…"
2026-05-14,7,Броварський,Бровари,2026-05-14T00:50:46+03:00,2026-05-14T08:44:06+03:00,7.9,0,8,117281,https://t.me/kievreal1/117281,2х БпЛА курсом на Бровари
2026-05-14,7,Вишгородський,Іванків,2026-05-14T00:50:46+03:00,2026-05-14T08:44:06+03:00,7.9,0,8,117286,https://t.me/kievreal1/117286,2х БпЛА курсом на Іванків
2026-05-14,10,Вишгородський,Іванків,2026-05-14T10:19:06+03:00,2026-05-14T11:28:06+03:00,1.1,10,11,117320,https://t.me/kievreal1/117320,БПЛА на Іванків/Бородянку 👉
2026-05-14,10,Бучанський,Бородянка,2026-05-14T10:19:06+03:00,2026-05-14T11:28:06+03:00,1.1,10,11,117320,https://t.me/kievreal1/117320,БПЛА на Іванків/Бородянку 👉
2026-05-15,5,Білоцерківський,Володарка,2026-05-15T05:12:56+03:00,2026-05-15T08:05:46+03:00,2.9,5,8,117374,https://t.me/kievreal1/117374,БПЛА на Володарку
2026-05-15,5,Вишгородський,Жукин,2026-05-15T05:12:56+03:00,2026-05-15T08:05:46+03:00,2.9,5,8,117375,https://t.me/kievreal1/117375,3 БПЛА на Жукин
2026-05-15,5,Вишгородський,Димер,2026-05-15T05:12:56+03:00,2026-05-15T08:05:46+03:00,2.9,5,8,117377,https://t.me/kievreal1/117377,БпЛА на Димер БпЛА на водосховище
2026-05-15,6,Вишгородський,Лебедівка,2026-05-15T05:12:56+03:00,2026-05-15T08:05:46+03:00,2.9,5,8,117378,https://t.me/kievreal1/117378,3 БПЛА на Лебедівку
2026-05-15,6,Вишгородський,Страхолісся,2026-05-15T05:12:56+03:00,2026-05-15T08:05:46+03:00,2.9,5,8,117380,https://t.me/kievreal1/117380,2 на Страхолісся 2 на Вишгород
2026-05-15,6,Вишгородський,Вишгород,2026-05-15T05:12:56+03:00,2026-05-15T08:05:46+03:00,2.9,5,8,117380,https://t.me/kievreal1/117380,2 на Страхолісся 2 на Вишгород
2026-05-15,6,Вишгородський,Димер,2026-05-15T05:12:56+03:00,2026-05-15T08:05:46+03:00,2.9,5,8,117390,https://t.me/kievreal1/117390,Димер
2026-05-15,6,Вишгородський,Десна,2026-05-15T05:12:56+03:00,2026-05-15T08:05:46+03:00,2.9,5,8,117393,https://t.me/kievreal1/117393,На Десну
2026-05-15,7,Броварський,Залісся,2026-05-15T05:12:56+03:00,2026-05-15T08:05:46+03:00,2.9,5,8,117396,https://t.me/kievreal1/117396,БПЛА на Залісся
2026-05-15,7,Броварський,Бровари,2026-05-15T05:12:56+03:00,2026-05-15T08:05:46+03:00,2.9,5,8,117398,https://t.me/kievreal1/117398,БПЛА на Бровари
2026-05-15,7,Броварський,Бровари,2026-05-15T05:12:56+03:00,2026-05-15T08:05:46+03:00,2.9,5,8,117399,https://t.me/kievreal1/117399,БПЛА на Бровари
2026-05-15,7,Вишгородський,Жукин,2026-05-15T05:12:56+03:00,2026-05-15T08:05:46+03:00,2.9,5,8,117400,https://t.me/kievreal1/117400,На Жукин
2026-05-15,11,Броварський,Бровари,2026-05-15T11:21:56+03:00,2026-05-15T15:23:06+03:00,4.0,11,15,117420,https://t.me/kievreal1/117420,🚨 КИЇВСЬКА ОБЛАСТЬ - ОГОЛОШЕНА ПОВІТРЯНА ТРИВОГА БПЛА на Бровари
2026-05-15,11,Бучанський,Вишневе,2026-05-15T11:21:56+03:00,2026-05-15T15:23:06+03:00,4.0,11,15,117429,https://t.me/kievreal1/117429,Вишневе
2026-05-15,12,Вишгородський,Димер,2026-05-15T11:21:56+03:00,2026-05-15T15:23:06+03:00,4.0,11,15,117433,https://t.me/kievreal1/117433,Північніше Димера реактивний БПЛА. Йде поки в бік Димера.
2026-05-16,1,Бориспільський,Яготин,2026-05-16T01:25:16+03:00,2026-05-16T01:38:26+03:00,0.2,1,1,117487,https://t.me/kievreal1/117487,БпЛА курсом на Яготин
2026-05-16,4,Вишгородський,Славутич,2026-05-16T04:02:06+03:00,2026-05-16T08:46:16+03:00,4.7,4,8,117490,https://t.me/kievreal1/117490,Два БпЛА на Чернігівщині поблизу Славутича
2026-05-16,4,Броварський,Згурівка,2026-05-16T04:02:06+03:00,2026-05-16T08:46:16+03:00,4.7,4,8,117491,https://t.me/kievreal1/117491,"Київщина : БПЛА на Згурівку Підтримати канал, буду вдячний Вам: https://base.monobank.ua/4jYdAKEbmcrmLL ➡"
2026-05-16,4,Броварський,Бровари,2026-05-16T04:02:06+03:00,2026-05-16T08:46:16+03:00,4.7,4,8,117492,https://t.me/kievreal1/117492,2 шахеди на Бровари
2026-05-16,4,Броварський,Бровари,2026-05-16T04:02:06+03:00,2026-05-16T08:46:16+03:00,4.7,4,8,117493,https://t.me/kievreal1/117493,БпЛА курсом на Бровари 3х БпЛА курсом на Богуслав
2026-05-16,4,Білоцерківський,Ставище,2026-05-16T04:02:06+03:00,2026-05-16T08:46:16+03:00,4.7,4,8,117497,https://t.me/kievreal1/117497,2х БпЛА курсом на Ставище БпЛА курсом на Вишгород
2026-05-16,4,Вишгородський,Вишгород,2026-05-16T04:02:06+03:00,2026-05-16T08:46:16+03:00,4.7,4,8,117497,https://t.me/kievreal1/117497,2х БпЛА курсом на Ставище БпЛА курсом на Вишгород
2026-05-16,5,Бучанський,Бородянка,2026-05-16T04:02:06+03:00,2026-05-16T08:46:16+03:00,4.7,4,8,117498,https://t.me/kievreal1/117498,БпЛА курсом на Бородянку
2026-05-16,5,Білоцерківський,Ставище,2026-05-16T04:02:06+03:00,2026-05-16T08:46:16+03:00,4.7,4,8,117500,https://t.me/kievreal1/117500,БпЛА курсом на Ставище
2026-05-16,6,Білоцерківський,Ставище,2026-05-16T04:02:06+03:00,2026-05-16T08:46:16+03:00,4.7,4,8,117501,https://t.me/kievreal1/117501,2х БпЛА курсом на Ставище
2026-05-16,7,Білоцерківський,Ставище,2026-05-16T04:02:06+03:00,2026-05-16T08:46:16+03:00,4.7,4,8,117502,https://t.me/kievreal1/117502,Ще 1 БпЛА курсом на Ставище
2026-05-16,9,Вишгородський,Чорнобиль,2026-05-16T09:49:06+03:00,2026-05-16T10:33:16+03:00,0.7,9,10,117508,https://t.me/kievreal1/117508,БПЛА над Чорнобилем
2026-05-16,10,Вишгородський,Чорнобиль,2026-05-16T09:49:06+03:00,2026-05-16T10:33:16+03:00,0.7,9,10,117509,https://t.me/kievreal1/117509,БПЛА над Чорнобилем
2026-05-16,17,Вишгородський,Славутич,2026-05-16T17:00:06+03:00,2026-05-17T01:46:06+03:00,8.8,17,1,117535,https://t.me/kievreal1/117535,БПЛА на Славутич
2026-05-16,17,Вишгородський,Славутич,2026-05-16T17:00:06+03:00,2026-05-17T01:46:06+03:00,8.8,17,1,117536,https://t.me/kievreal1/117536,БПЛА на Славутич
2026-05-16,17,Вишгородський,Десна,2026-05-16T17:00:06+03:00,2026-05-17T01:46:06+03:00,8.8,17,1,117537,https://t.me/kievreal1/117537,На Десну
2026-05-16,18,Вишгородський,Димер,2026-05-16T17:00:06+03:00,2026-05-17T01:46:06+03:00,8.8,17,1,117538,https://t.me/kievreal1/117538,4 на Димер
2026-05-16,18,Вишгородський,Димер,2026-05-16T17:00:06+03:00,2026-05-17T01:46:06+03:00,8.8,17,1,117539,https://t.me/kievreal1/117539,4 на Димер
2026-05-16,18,Вишгородський,Вишгород,2026-05-16T17:00:06+03:00,2026-05-17T01:46:06+03:00,8.8,17,1,117540,https://t.me/kievreal1/117540,Вишгород
2026-05-16,18,Вишгородський,Чорнобиль,2026-05-16T17:00:06+03:00,2026-05-17T01:46:06+03:00,8.8,17,1,117541,https://t.me/kievreal1/117541,1 на Чорнобиль 1 на Димер
2026-05-16,18,Вишгородський,Димер,2026-05-16T17:00:06+03:00,2026-05-17T01:46:06+03:00,8.8,17,1,117541,https://t.me/kievreal1/117541,1 на Чорнобиль 1 на Димер
2026-05-16,19,Бориспільський,Бориспіль,2026-05-16T17:00:06+03:00,2026-05-17T01:46:06+03:00,8.8,17,1,117544,https://t.me/kievreal1/117544,БПЛА на Бориспіль
2026-05-16,19,Бориспільський,Бориспіль,2026-05-16T17:00:06+03:00,2026-05-17T01:46:06+03:00,8.8,17,1,117545,https://t.me/kievreal1/117545,БПЛА на Бориспіль
2026-05-16,22,Броварський,Бровари,2026-05-16T17:00:06+03:00,2026-05-17T01:46:06+03:00,8.8,17,1,117555,https://t.me/kievreal1/117555,БПЛА на Бровари 👉
2026-05-16,22,Бориспільський,Бориспіль,2026-05-16T17:00:06+03:00,2026-05-17T01:46:06+03:00,8.8,17,1,117556,https://t.me/kievreal1/117556,Бориспіль
2026-05-16,22,Бориспільський,Бориспіль,2026-05-16T17:00:06+03:00,2026-05-17T01:46:06+03:00,8.8,17,1,117558,https://t.me/kievreal1/117558,Бориспіль
2026-05-16,23,Броварський,Бровари,2026-05-16T17:00:06+03:00,2026-05-17T01:46:06+03:00,8.8,17,1,117562,https://t.me/kievreal1/117562,Новий БПЛА на Бровари
2026-05-16,23,Бориспільський,Яготин,2026-05-16T17:00:06+03:00,2026-05-17T01:46:06+03:00,8.8,17,1,117564,https://t.me/kievreal1/117564,БпЛА курсом на Яготин
2026-05-16,0,Білоцерківський,Ставище,2026-05-16T17:00:06+03:00,2026-05-17T01:46:06+03:00,8.8,17,1,117567,https://t.me/kievreal1/117567,БпЛА курсом на Ставище
2026-05-16,0,Броварський,Згурівка,2026-05-16T17:00:06+03:00,2026-05-17T01:46:06+03:00,8.8,17,1,117568,https://t.me/kievreal1/117568,БпЛА курсом на Згурівку
2026-05-16,0,Бориспільський,Яготин,2026-05-16T17:00:06+03:00,2026-05-17T01:46:06+03:00,8.8,17,1,117570,https://t.me/kievreal1/117570,БпЛА курсом на Яготин БпЛА курсом на Ставище
2026-05-16,0,Білоцерківський,Ставище,2026-05-16T17:00:06+03:00,2026-05-17T01:46:06+03:00,8.8,17,1,117570,https://t.me/kievreal1/117570,БпЛА курсом на Яготин БпЛА курсом на Ставище
2026-05-16,1,Бориспільський,Переяслав,2026-05-16T17:00:06+03:00,2026-05-17T01:46:06+03:00,8.8,17,1,117571,https://t.me/kievreal1/117571,БпЛА курсом на Переяслав БпЛА курсом на Ставище
2026-05-16,1,Білоцерківський,Ставище,2026-05-16T17:00:06+03:00,2026-05-17T01:46:06+03:00,8.8,17,1,117571,https://t.me/kievreal1/117571,БпЛА курсом на Переяслав БпЛА курсом на Ставище
2026-05-17,8,Бориспільський,Яготин,2026-05-17T07:22:16+03:00,2026-05-17T08:59:16+03:00,1.6,7,8,117576,https://t.me/kievreal1/117576,"Попередньо, 1 летить на Яготин"
2026-05-17,8,Бориспільський,Яготин,2026-05-17T07:22:16+03:00,2026-05-17T08:59:16+03:00,1.6,7,8,117577,https://t.me/kievreal1/117577,"Попередньо, 1 летить на Яготин"
2026-05-17,13,Бориспільський,Бориспіль,2026-05-17T13:16:36+03:00,2026-05-17T14:11:26+03:00,0.9,13,14,117593,https://t.me/kievreal1/117593,БПЛА на Бориспіль
2026-05-17,13,Бориспільський,Гнідин,2026-05-17T13:16:36+03:00,2026-05-17T14:11:26+03:00,0.9,13,14,117596,https://t.me/kievreal1/117596,На Гнідин
2026-05-17,13,Броварський,Бровари,2026-05-17T13:16:36+03:00,2026-05-17T14:11:26+03:00,0.9,13,14,117598,https://t.me/kievreal1/117598,БПЛА на Бровари
2026-05-17,16,Броварський,Згурівка,2026-05-17T16:44:06+03:00,2026-05-17T17:31:26+03:00,0.8,16,17,117605,https://t.me/kievreal1/117605,БПЛА на Згурівку 👉
2026-05-17,16,Вишгородський,Десна,2026-05-17T16:44:06+03:00,2026-05-17T17:31:26+03:00,0.8,16,17,117606,https://t.me/kievreal1/117606,На Десну
2026-05-17,16,Броварський,Бровари,2026-05-17T16:44:06+03:00,2026-05-17T17:31:26+03:00,0.8,16,17,117607,https://t.me/kievreal1/117607,Бровари
2026-05-17,16,Броварський,Броварський,2026-05-17T16:44:06+03:00,2026-05-17T17:31:26+03:00,0.8,16,17,117608,https://t.me/kievreal1/117608,"У Броварському районі внаслідок атаки пошкоджено будівлю АТП та два приватні будинки. На щастя, постраждалих серед населення немає. На місц…"
2026-05-17,17,Броварський,Бровари,2026-05-17T16:44:06+03:00,2026-05-17T17:31:26+03:00,0.8,16,17,117609,https://t.me/kievreal1/117609,Бровари
2026-05-17,20,Вишгородський,Славутич,2026-05-17T20:02:56+03:00,2026-05-17T23:26:46+03:00,3.4,20,23,117619,https://t.me/kievreal1/117619,БПЛА на Славутич
2026-05-17,20,Броварський,Бобровиця,2026-05-17T20:02:56+03:00,2026-05-17T23:26:46+03:00,3.4,20,23,117623,https://t.me/kievreal1/117623,На Бобровицю
2026-05-17,21,Броварський,Згурівка,2026-05-17T20:02:56+03:00,2026-05-17T23:26:46+03:00,3.4,20,23,117626,https://t.me/kievreal1/117626,На Згурівку
2026-05-17,21,Броварський,Бровари,2026-05-17T20:02:56+03:00,2026-05-17T23:26:46+03:00,3.4,20,23,117627,https://t.me/kievreal1/117627,Акустично в районі Броварів
2026-05-17,21,Броварський,Бровари,2026-05-17T20:02:56+03:00,2026-05-17T23:26:46+03:00,3.4,20,23,117628,https://t.me/kievreal1/117628,Акустично в районі Броварів
2026-05-17,21,Броварський,Велика Димерка,2026-05-17T20:02:56+03:00,2026-05-17T23:26:46+03:00,3.4,20,23,117630,https://t.me/kievreal1/117630,2 на Велику Димерку
2026-05-17,21,Бориспільський,Переяслав,2026-05-17T20:02:56+03:00,2026-05-17T23:26:46+03:00,3.4,20,23,117631,https://t.me/kievreal1/117631,1 на Переяслав
2026-05-17,21,Вишгородський,Іванків,2026-05-17T20:02:56+03:00,2026-05-17T23:26:46+03:00,3.4,20,23,117632,https://t.me/kievreal1/117632,1 на Іванків
2026-05-17,21,Обухівський,Обухів,2026-05-17T20:02:56+03:00,2026-05-17T23:26:46+03:00,3.4,20,23,117633,https://t.me/kievreal1/117633,1 на Обухів
2026-05-17,21,Вишгородський,Іванків,2026-05-17T20:02:56+03:00,2026-05-17T23:26:46+03:00,3.4,20,23,117634,https://t.me/kievreal1/117634,1 на Іванків
2026-05-17,21,Обухівський,Обухів,2026-05-17T20:02:56+03:00,2026-05-17T23:26:46+03:00,3.4,20,23,117637,https://t.me/kievreal1/117637,БПЛА на Обухів
2026-05-17,21,Обухівський,Обухів,2026-05-17T20:02:56+03:00,2026-05-17T23:26:46+03:00,3.4,20,23,117638,https://t.me/kievreal1/117638,БПЛА на Обухів
2026-05-17,22,Броварський,Згурівка,2026-05-17T20:02:56+03:00,2026-05-17T23:26:46+03:00,3.4,20,23,117644,https://t.me/kievreal1/117644,БПЛА на Згурівку
2026-05-17,22,Броварський,Згурівка,2026-05-17T20:02:56+03:00,2026-05-17T23:26:46+03:00,3.4,20,23,117645,https://t.me/kievreal1/117645,БПЛА на Згурівку
2026-05-17,23,Вишгородський,Страхолісся,2026-05-17T20:02:56+03:00,2026-05-17T23:26:46+03:00,3.4,20,23,117646,https://t.me/kievreal1/117646,БпЛА на Страхолісся
2026-05-18,0,Вишгородський,Славутич,2026-05-18T00:32:06+03:00,2026-05-18T12:48:16+03:00,12.3,0,12,117649,https://t.me/kievreal1/117649,БпЛА біля Славутича
2026-05-18,1,Вишгородський,Чорнобиль,2026-05-18T00:32:06+03:00,2026-05-18T12:48:16+03:00,12.3,0,12,117651,https://t.me/kievreal1/117651,БпЛА курсом на Чорнобиль
2026-05-18,1,Вишгородський,Чорнобиль,2026-05-18T00:32:06+03:00,2026-05-18T12:48:16+03:00,12.3,0,12,117652,https://t.me/kievreal1/117652,3х БпЛА курсом на Чорнобиль
2026-05-18,1,Вишгородський,Чорнобиль,2026-05-18T00:32:06+03:00,2026-05-18T12:48:16+03:00,12.3,0,12,117653,https://t.me/kievreal1/117653,БпЛА курсом на Чорнобиль 2х БпЛА курсом на Припʼять
2026-05-18,1,Вишгородський,Чорнобиль,2026-05-18T00:32:06+03:00,2026-05-18T12:48:16+03:00,12.3,0,12,117654,https://t.me/kievreal1/117654,БпЛА курсом на Чорнобиль 2х БпЛА курсом на Припʼять 2х БпЛА курсом на Богуслав
2026-05-18,1,Вишгородський,Чорнобиль,2026-05-18T00:32:06+03:00,2026-05-18T12:48:16+03:00,12.3,0,12,117655,https://t.me/kievreal1/117655,БпЛА курсом на Чорнобиль БпЛА курсом на Припʼять 2х БпЛА курсом на Ставище
2026-05-18,1,Білоцерківський,Ставище,2026-05-18T00:32:06+03:00,2026-05-18T12:48:16+03:00,12.3,0,12,117655,https://t.me/kievreal1/117655,БпЛА курсом на Чорнобиль БпЛА курсом на Припʼять 2х БпЛА курсом на Ставище
2026-05-18,2,Вишгородський,Чорнобиль,2026-05-18T00:32:06+03:00,2026-05-18T12:48:16+03:00,12.3,0,12,117656,https://t.me/kievreal1/117656,3х БпЛА курсом на Чорнобиль БпЛА курсом на Володарку 2х БпЛА курсом на Ставище БпЛА курсом на Тетіїв
2026-05-18,2,Білоцерківський,Володарка,2026-05-18T00:32:06+03:00,2026-05-18T12:48:16+03:00,12.3,0,12,117656,https://t.me/kievreal1/117656,3х БпЛА курсом на Чорнобиль БпЛА курсом на Володарку 2х БпЛА курсом на Ставище БпЛА курсом на Тетіїв
2026-05-18,2,Білоцерківський,Ставище,2026-05-18T00:32:06+03:00,2026-05-18T12:48:16+03:00,12.3,0,12,117656,https://t.me/kievreal1/117656,3х БпЛА курсом на Чорнобиль БпЛА курсом на Володарку 2х БпЛА курсом на Ставище БпЛА курсом на Тетіїв
2026-05-18,2,Білоцерківський,Тетіїв,2026-05-18T00:32:06+03:00,2026-05-18T12:48:16+03:00,12.3,0,12,117656,https://t.me/kievreal1/117656,3х БпЛА курсом на Чорнобиль БпЛА курсом на Володарку 2х БпЛА курсом на Ставище БпЛА курсом на Тетіїв
2026-05-18,2,Вишгородський,Чорнобиль,2026-05-18T00:32:06+03:00,2026-05-18T12:48:16+03:00,12.3,0,12,117657,https://t.me/kievreal1/117657,БпЛА курсом на Чорнобиль БпЛА курсом на Кагарлик
2026-05-18,2,Обухівський,Кагарлик,2026-05-18T00:32:06+03:00,2026-05-18T12:48:16+03:00,12.3,0,12,117657,https://t.me/kievreal1/117657,БпЛА курсом на Чорнобиль БпЛА курсом на Кагарлик
2026-05-18,3,Вишгородський,Чорнобиль,2026-05-18T00:32:06+03:00,2026-05-18T12:48:16+03:00,12.3,0,12,117658,https://t.me/kievreal1/117658,2х БпЛА курсом на Чорнобиль БпЛА курсом на Узин
2026-05-18,3,Вишгородський,Чорнобиль,2026-05-18T00:32:06+03:00,2026-05-18T12:48:16+03:00,12.3,0,12,117659,https://t.me/kievreal1/117659,2х БпЛА курсом на Чорнобиль
2026-05-18,3,Вишгородський,Чорнобиль,2026-05-18T00:32:06+03:00,2026-05-18T12:48:16+03:00,12.3,0,12,117661,https://t.me/kievreal1/117661,3х БпЛА курсом на Чорнобиль
2026-05-18,4,Вишгородський,Чорнобиль,2026-05-18T00:32:06+03:00,2026-05-18T12:48:16+03:00,12.3,0,12,117663,https://t.me/kievreal1/117663,3х БпЛА курсом на Чорнобиль БпЛА курсом на Красятичі
2026-05-18,4,Вишгородський,Чорнобиль,2026-05-18T00:32:06+03:00,2026-05-18T12:48:16+03:00,12.3,0,12,117664,https://t.me/kievreal1/117664,2х БпЛА курсом на Чорнобиль
2026-05-18,5,Вишгородський,Чорнобиль,2026-05-18T00:32:06+03:00,2026-05-18T12:48:16+03:00,12.3,0,12,117665,https://t.me/kievreal1/117665,БпЛА курсом на Чорнобиль
2026-05-18,5,Броварський,Згурівка,2026-05-18T00:32:06+03:00,2026-05-18T12:48:16+03:00,12.3,0,12,117666,https://t.me/kievreal1/117666,БпЛА курсом на Згурівку
2026-05-18,5,Вишгородський,Чорнобиль,2026-05-18T00:32:06+03:00,2026-05-18T12:48:16+03:00,12.3,0,12,117667,https://t.me/kievreal1/117667,2х БпЛА курсом на Чорнобиль
2026-05-18,6,Вишгородський,Страхолісся,2026-05-18T00:32:06+03:00,2026-05-18T12:48:16+03:00,12.3,0,12,117668,https://t.me/kievreal1/117668,БпЛА курсом на Страхолісся
2026-05-18,7,Вишгородський,Чорнобиль,2026-05-18T00:32:06+03:00,2026-05-18T12:48:16+03:00,12.3,0,12,117670,https://t.me/kievreal1/117670,2х БпЛА курсом на Чорнобиль
2026-05-18,9,Вишгородський,Іванків,2026-05-18T00:32:06+03:00,2026-05-18T12:48:16+03:00,12.3,0,12,117676,https://t.me/kievreal1/117676,БПЛА на Чз та Іванків
2026-05-18,23,Броварський,Бровари,2026-05-18T22:56:46+03:00,2026-05-18T23:35:46+03:00,0.7,22,23,117704,https://t.me/kievreal1/117704,1 на Бровари
2026-05-18,23,Броварський,Бровари,2026-05-18T22:56:46+03:00,2026-05-18T23:35:46+03:00,0.7,22,23,117706,https://t.me/kievreal1/117706,1 на Бровари
2026-05-19,19,Вишгородський,Вишгород,2026-05-19T19:10:46+03:00,2026-05-19T21:00:36+03:00,1.8,19,21,117759,https://t.me/kievreal1/117759,Дрон на Вишгород + Балістична загроза
2026-05-19,19,Броварський,Бровари,2026-05-19T19:10:46+03:00,2026-05-19T21:00:36+03:00,1.8,19,21,117761,https://t.me/kievreal1/117761,"На трасі Бровари– Київ , взагалі неможливо їхати: бережіть себе ✈️ якщо ви побачили щось цікаве, інформативне чи важливе – швиденько надсил…"
2026-05-19,20,Бучанський,Бородянка,2026-05-19T19:10:46+03:00,2026-05-19T21:00:36+03:00,1.8,19,21,117771,https://t.me/kievreal1/117771,БПЛА над Бородянкою
2026-05-20,9,Вишгородський,Вишгородський,2026-05-20T09:47:06+03:00,2026-05-20T10:27:46+03:00,0.7,9,10,117785,https://t.me/kievreal1/117785,🚨 КИЇВСЬКА ОБЛАСТЬ - ОГОЛОШЕНА ПОВІТРЯНА ТРИВОГА Загроза для Вишгородського району. БпЛА з Чернігівщини на водосховище
2026-05-20,15,Білоцерківський,Білоцерківський,2026-05-20T15:02:06+03:00,2026-05-20T16:49:16+03:00,1.8,15,16,117810,https://t.me/kievreal1/117810,🚨 КИЇВСЬКА ОБЛАСТЬ - ОГОЛОШЕНА ПОВІТРЯНА ТРИВОГА Загроза для Білоцерківського району через 3 БпЛА з Черкащини
2026-05-20,15,Білоцерківський,Біла Церква,2026-05-20T15:02:06+03:00,2026-05-20T16:49:16+03:00,1.8,15,16,117813,https://t.me/kievreal1/117813,Біла Церква – уважно! P.S про рух повітряних цілей тут – t.me/tryvoga_kyiv
2026-05-21,16,Броварський,Бровари,2026-05-21T16:36:06+03:00,2026-05-21T17:19:56+03:00,0.7,16,17,117923,https://t.me/kievreal1/117923,🚨 КИЇВСЬКА ОБЛАСТЬ - ОГОЛОШЕНА ПОВІТРЯНА ТРИВОГА БпЛА курсом на Бровари/Баришівку
2026-05-21,16,Броварський,Баришівка,2026-05-21T16:36:06+03:00,2026-05-21T17:19:56+03:00,0.7,16,17,117923,https://t.me/kievreal1/117923,🚨 КИЇВСЬКА ОБЛАСТЬ - ОГОЛОШЕНА ПОВІТРЯНА ТРИВОГА БпЛА курсом на Бровари/Баришівку
2026-05-21,16,Вишгородський,Вишгород,2026-05-21T16:36:06+03:00,2026-05-21T17:19:56+03:00,0.7,16,17,117924,https://t.me/kievreal1/117924,"Нам пишуть, що у Дніпровському районі Києва подекуди зникло електропостачання На місто тим часом вже насувається негода. У Вишгороді пустив…"
2026-05-21,16,Броварський,Бровари,2026-05-21T16:36:06+03:00,2026-05-21T17:19:56+03:00,0.7,16,17,117927,https://t.me/kievreal1/117927,БпЛа йде на Требухів/ Бровари P.S про рух повітряних цілей тут – t.me/tryvoga_kyiv
2026-05-21,16,Броварський,Бровари,2026-05-21T16:36:06+03:00,2026-05-21T17:19:56+03:00,0.7,16,17,117928,https://t.me/kievreal1/117928,БпЛа йде на Требухів/ Бровари P.S про рух повітряних цілей тут – t.me/tryvoga_kyiv
2026-05-21,17,Бучанський,Вишневе,2026-05-21T16:36:06+03:00,2026-05-21T17:19:56+03:00,0.7,16,17,117949,https://t.me/kievreal1/117949,"На Вишневе, Борщагівки"
2026-05-21,17,Бучанський,Борщагівка,2026-05-21T16:36:06+03:00,2026-05-21T17:19:56+03:00,0.7,16,17,117949,https://t.me/kievreal1/117949,"На Вишневе, Борщагівки"
2026-05-21,17,Бучанський,Святопетрівське,2026-05-21T16:36:06+03:00,2026-05-21T17:19:56+03:00,0.7,16,17,117951,https://t.me/kievreal1/117951,Йде на Святопетрівське
2026-05-21,21,Вишгородський,Вишгородський,2026-05-21T21:44:16+03:00,2026-05-21T22:26:56+03:00,0.7,21,22,117970,https://t.me/kievreal1/117970,🚨 КИЇВСЬКА ОБЛАСТЬ - ОГОЛОШЕНА ПОВІТРЯНА ТРИВОГА БпЛА від Чернігівщини в бік водосховища. Загроза для Вишгородського району
2026-05-23,3,Вишгородський,Чорнобиль,2026-05-23T03:26:46+03:00,2026-05-23T10:36:36+03:00,7.2,3,10,118039,https://t.me/kievreal1/118039,"БпЛА на Київщині в Чорнобильській зоні, курсом на Іванків Підтримати канал, буду вдячний Вам: https://base.monobank.ua/4jYdAKEbmcrmLL ➡"
2026-05-23,3,Вишгородський,Іванків,2026-05-23T03:26:46+03:00,2026-05-23T10:36:36+03:00,7.2,3,10,118039,https://t.me/kievreal1/118039,"БпЛА на Київщині в Чорнобильській зоні, курсом на Іванків Підтримати канал, буду вдячний Вам: https://base.monobank.ua/4jYdAKEbmcrmLL ➡"
2026-05-23,4,Бучанський,Коцюбинське,2026-05-23T03:26:46+03:00,2026-05-23T10:36:36+03:00,7.2,3,10,118043,https://t.me/kievreal1/118043,БпЛА курсом на Коцюбинське
2026-05-23,4,Бориспільський,Вороньків,2026-05-23T03:26:46+03:00,2026-05-23T10:36:36+03:00,7.2,3,10,118048,https://t.me/kievreal1/118048,БпЛА курсом на Вороньків
2026-05-23,4,Обухівський,Ржищів,2026-05-23T03:26:46+03:00,2026-05-23T10:36:36+03:00,7.2,3,10,118049,https://t.me/kievreal1/118049,БпЛА курсом на Ржищів
2026-05-23,4,Броварський,Велика Димерка,2026-05-23T03:26:46+03:00,2026-05-23T10:36:36+03:00,7.2,3,10,118050,https://t.me/kievreal1/118050,БпЛА курсом на Велику Димерку
2026-05-23,4,Вишгородський,Страхолісся,2026-05-23T03:26:46+03:00,2026-05-23T10:36:36+03:00,7.2,3,10,118051,https://t.me/kievreal1/118051,БпЛА курсом на Страхолісся БпЛА курсом на Велику Димерку
2026-05-23,4,Броварський,Велика Димерка,2026-05-23T03:26:46+03:00,2026-05-23T10:36:36+03:00,7.2,3,10,118051,https://t.me/kievreal1/118051,БпЛА курсом на Страхолісся БпЛА курсом на Велику Димерку
2026-05-23,5,Броварський,Велика Димерка,2026-05-23T03:26:46+03:00,2026-05-23T10:36:36+03:00,7.2,3,10,118052,https://t.me/kievreal1/118052,БпЛА курсом на Велику Димерку
2026-05-23,5,Броварський,Залісся,2026-05-23T03:26:46+03:00,2026-05-23T10:36:36+03:00,7.2,3,10,118053,https://t.me/kievreal1/118053,БпЛА курсом на Залісся
2026-05-23,5,Броварський,Бровари,2026-05-23T03:26:46+03:00,2026-05-23T10:36:36+03:00,7.2,3,10,118054,https://t.me/kievreal1/118054,БпЛА курсом на Бровари
2026-05-23,5,Броварський,Велика Димерка,2026-05-23T03:26:46+03:00,2026-05-23T10:36:36+03:00,7.2,3,10,118055,https://t.me/kievreal1/118055,БпЛА курсом на Велику Димерку БпЛА курсом на Іванків
2026-05-23,5,Вишгородський,Іванків,2026-05-23T03:26:46+03:00,2026-05-23T10:36:36+03:00,7.2,3,10,118055,https://t.me/kievreal1/118055,БпЛА курсом на Велику Димерку БпЛА курсом на Іванків
2026-05-23,5,Вишгородський,Іванків,2026-05-23T03:26:46+03:00,2026-05-23T10:36:36+03:00,7.2,3,10,118056,https://t.me/kievreal1/118056,БпЛА курсом на Іванків
2026-05-23,5,Бучанський,Пісківка,2026-05-23T03:26:46+03:00,2026-05-23T10:36:36+03:00,7.2,3,10,118057,https://t.me/kievreal1/118057,2х БпЛА курсом на Пісківку
2026-05-23,5,Бучанський,Макарів,2026-05-23T03:26:46+03:00,2026-05-23T10:36:36+03:00,7.2,3,10,118058,https://t.me/kievreal1/118058,2х БпЛА курсом на Макарів
2026-05-23,6,Броварський,Баришівка,2026-05-23T03:26:46+03:00,2026-05-23T10:36:36+03:00,7.2,3,10,118060,https://t.me/kievreal1/118060,БпЛА курсом на Баришівку БпЛА курсом на Лебедівку БпЛА курсом на Пісківку
2026-05-23,6,Вишгородський,Лебедівка,2026-05-23T03:26:46+03:00,2026-05-23T10:36:36+03:00,7.2,3,10,118060,https://t.me/kievreal1/118060,БпЛА курсом на Баришівку БпЛА курсом на Лебедівку БпЛА курсом на Пісківку
2026-05-23,6,Бучанський,Пісківка,2026-05-23T03:26:46+03:00,2026-05-23T10:36:36+03:00,7.2,3,10,118060,https://t.me/kievreal1/118060,БпЛА курсом на Баришівку БпЛА курсом на Лебедівку БпЛА курсом на Пісківку
2026-05-23,7,Вишгородський,Вишгород,2026-05-23T03:26:46+03:00,2026-05-23T10:36:36+03:00,7.2,3,10,118061,https://t.me/kievreal1/118061,БпЛА курсом на Припʼять БпЛА курсом на Вишгород
2026-05-23,7,Вишгородський,Вишгород,2026-05-23T03:26:46+03:00,2026-05-23T10:36:36+03:00,7.2,3,10,118064,https://t.me/kievreal1/118064,БпЛА курсом на Припʼять БпЛА курсом на Вишгород БпЛА курсом на Калиту
2026-05-23,7,Броварський,Калита,2026-05-23T03:26:46+03:00,2026-05-23T10:36:36+03:00,7.2,3,10,118064,https://t.me/kievreal1/118064,БпЛА курсом на Припʼять БпЛА курсом на Вишгород БпЛА курсом на Калиту
2026-05-23,7,Броварський,Калита,2026-05-23T03:26:46+03:00,2026-05-23T10:36:36+03:00,7.2,3,10,118066,https://t.me/kievreal1/118066,БпЛА курсом на Припʼять БпЛА курсом на Київ БпЛА курсом на Калиту
2026-05-23,7,Броварський,Калита,2026-05-23T03:26:46+03:00,2026-05-23T10:36:36+03:00,7.2,3,10,118070,https://t.me/kievreal1/118070,БпЛА курсом на Калиту БпЛА курсом на Припʼять БпЛА курсом на Софіївську Борщагівку
2026-05-23,7,Бучанський,Софіївська Борщагівка,2026-05-23T03:26:46+03:00,2026-05-23T10:36:36+03:00,7.2,3,10,118070,https://t.me/kievreal1/118070,БпЛА курсом на Калиту БпЛА курсом на Припʼять БпЛА курсом на Софіївську Борщагівку
2026-05-23,7,Фастівський,Боярка,2026-05-23T03:26:46+03:00,2026-05-23T10:36:36+03:00,7.2,3,10,118074,https://t.me/kievreal1/118074,БпЛА курсом на Боярку
2026-05-23,7,Бучанський,Вишневе,2026-05-23T03:26:46+03:00,2026-05-23T10:36:36+03:00,7.2,3,10,118076,https://t.me/kievreal1/118076,"БПЛА повертає на Вишневе, Голосіїв/Жуляни"
2026-05-23,7,Обухівський,Глеваха,2026-05-23T03:26:46+03:00,2026-05-23T10:36:36+03:00,7.2,3,10,118077,https://t.me/kievreal1/118077,БпЛА курсом на Глеваху
2026-05-23,8,Фастівський,Боярка,2026-05-23T03:26:46+03:00,2026-05-23T10:36:36+03:00,7.2,3,10,118078,https://t.me/kievreal1/118078,На Боярку
2026-05-23,8,Обухівський,Васильків,2026-05-23T03:26:46+03:00,2026-05-23T10:36:36+03:00,7.2,3,10,118079,https://t.me/kievreal1/118079,Васильків
2026-05-23,8,Вишгородський,Димер,2026-05-23T03:26:46+03:00,2026-05-23T10:36:36+03:00,7.2,3,10,118080,https://t.me/kievreal1/118080,Один на Димер
2026-05-23,10,Вишгородський,Чорнобиль,2026-05-23T03:26:46+03:00,2026-05-23T10:36:36+03:00,7.2,3,10,118085,https://t.me/kievreal1/118085,Дрон залетів з Білорусі в Чорнобильську зону
2026-05-23,21,Броварський,Бровари,2026-05-23T21:02:36+03:00,2026-05-24T05:42:46+03:00,8.7,21,5,118114,https://t.me/kievreal1/118114,Реактивний БПЛА на Бровари
2026-05-23,21,Броварський,Велика Димерка,2026-05-23T21:02:36+03:00,2026-05-24T05:42:46+03:00,8.7,21,5,118119,https://t.me/kievreal1/118119,Нові БПЛА на Велику Димерку
2026-05-23,21,Вишгородський,Вишгород,2026-05-23T21:02:36+03:00,2026-05-24T05:42:46+03:00,8.7,21,5,118120,https://t.me/kievreal1/118120,Троя/Вишгород
2026-05-23,23,Вишгородський,Десна,2026-05-23T21:02:36+03:00,2026-05-24T05:42:46+03:00,8.7,21,5,118127,https://t.me/kievreal1/118127,2 реактивні БПЛА на Десну
2026-05-23,23,Броварський,Бобровиця,2026-05-23T21:02:36+03:00,2026-05-24T05:42:46+03:00,8.7,21,5,118129,https://t.me/kievreal1/118129,Реактивні БПЛА на Бобровицю та на Київське водосховище
2026-05-23,0,Броварський,Згурівка,2026-05-23T21:02:36+03:00,2026-05-24T05:42:46+03:00,8.7,21,5,118133,https://t.me/kievreal1/118133,БпЛА на Згурівку та Яготин
2026-05-23,0,Бориспільський,Яготин,2026-05-23T21:02:36+03:00,2026-05-24T05:42:46+03:00,8.7,21,5,118133,https://t.me/kievreal1/118133,БпЛА на Згурівку та Яготин
2026-05-23,0,Бучанський,Ірпінь,2026-05-23T21:02:36+03:00,2026-05-24T05:42:46+03:00,8.7,21,5,118137,https://t.me/kievreal1/118137,Кинджал на Ірпінь
2026-05-23,0,Бучанський,Ірпінь,2026-05-23T21:02:36+03:00,2026-05-24T05:42:46+03:00,8.7,21,5,118138,https://t.me/kievreal1/118138,Кинджал на Ірпінь
2026-05-23,1,Вишгородський,Славутич,2026-05-23T21:02:36+03:00,2026-05-24T05:42:46+03:00,8.7,21,5,118168,https://t.me/kievreal1/118168,"1 БПЛА на Київ з півдня (Лісники), 7 на водосховище від Славутича"
2026-05-23,1,Вишгородський,Іванків,2026-05-23T21:02:36+03:00,2026-05-24T05:42:46+03:00,8.7,21,5,118173,https://t.me/kievreal1/118173,БпЛА курсом на Іванків 5х БпЛА курсом на Бровари 4х БпЛА курсом на Димер 6х БпЛА курсом на Вишгород БпЛА курсом на Київ
2026-05-23,1,Броварський,Бровари,2026-05-23T21:02:36+03:00,2026-05-24T05:42:46+03:00,8.7,21,5,118173,https://t.me/kievreal1/118173,БпЛА курсом на Іванків 5х БпЛА курсом на Бровари 4х БпЛА курсом на Димер 6х БпЛА курсом на Вишгород БпЛА курсом на Київ
2026-05-23,1,Вишгородський,Димер,2026-05-23T21:02:36+03:00,2026-05-24T05:42:46+03:00,8.7,21,5,118173,https://t.me/kievreal1/118173,БпЛА курсом на Іванків 5х БпЛА курсом на Бровари 4х БпЛА курсом на Димер 6х БпЛА курсом на Вишгород БпЛА курсом на Київ
2026-05-23,1,Вишгородський,Вишгород,2026-05-23T21:02:36+03:00,2026-05-24T05:42:46+03:00,8.7,21,5,118173,https://t.me/kievreal1/118173,БпЛА курсом на Іванків 5х БпЛА курсом на Бровари 4х БпЛА курсом на Димер 6х БпЛА курсом на Вишгород БпЛА курсом на Київ
2026-05-23,1,Бучанський,Бородянка,2026-05-23T21:02:36+03:00,2026-05-24T05:42:46+03:00,8.7,21,5,118186,https://t.me/kievreal1/118186,БпЛА курсом на Бородянку 3х БпЛА курсом на Київ 11х БпЛА курсом на Васильків БпЛА курсом на Вишневе БпЛА курсом на Фастів
2026-05-23,1,Обухівський,Васильків,2026-05-23T21:02:36+03:00,2026-05-24T05:42:46+03:00,8.7,21,5,118186,https://t.me/kievreal1/118186,БпЛА курсом на Бородянку 3х БпЛА курсом на Київ 11х БпЛА курсом на Васильків БпЛА курсом на Вишневе БпЛА курсом на Фастів
2026-05-23,1,Бучанський,Вишневе,2026-05-23T21:02:36+03:00,2026-05-24T05:42:46+03:00,8.7,21,5,118186,https://t.me/kievreal1/118186,БпЛА курсом на Бородянку 3х БпЛА курсом на Київ 11х БпЛА курсом на Васильків БпЛА курсом на Вишневе БпЛА курсом на Фастів
2026-05-23,1,Фастівський,Фастів,2026-05-23T21:02:36+03:00,2026-05-24T05:42:46+03:00,8.7,21,5,118186,https://t.me/kievreal1/118186,БпЛА курсом на Бородянку 3х БпЛА курсом на Київ 11х БпЛА курсом на Васильків БпЛА курсом на Вишневе БпЛА курсом на Фастів
2026-05-23,1,Броварський,Бровари,2026-05-23T21:02:36+03:00,2026-05-24T05:42:46+03:00,8.7,21,5,118188,https://t.me/kievreal1/118188,Київ : БпЛА курсом на Бровари 3х БпЛА курсом на Троєщину 3х БпЛА курсом на Коцюбинське 2х БпЛА курсом на Боярку БпЛА курсом на Борову 4х Бп…
2026-05-23,1,Бучанський,Коцюбинське,2026-05-23T21:02:36+03:00,2026-05-24T05:42:46+03:00,8.7,21,5,118188,https://t.me/kievreal1/118188,Київ : БпЛА курсом на Бровари 3х БпЛА курсом на Троєщину 3х БпЛА курсом на Коцюбинське 2х БпЛА курсом на Боярку БпЛА курсом на Борову 4х Бп…
2026-05-23,1,Фастівський,Боярка,2026-05-23T21:02:36+03:00,2026-05-24T05:42:46+03:00,8.7,21,5,118188,https://t.me/kievreal1/118188,Київ : БпЛА курсом на Бровари 3х БпЛА курсом на Троєщину 3х БпЛА курсом на Коцюбинське 2х БпЛА курсом на Боярку БпЛА курсом на Борову 4х Бп…
2026-05-23,1,Обухівський,Глеваха,2026-05-23T21:02:36+03:00,2026-05-24T05:42:46+03:00,8.7,21,5,118188,https://t.me/kievreal1/118188,Київ : БпЛА курсом на Бровари 3х БпЛА курсом на Троєщину 3х БпЛА курсом на Коцюбинське 2х БпЛА курсом на Боярку БпЛА курсом на Борову 4х Бп…
2026-05-23,1,Обухівський,Васильків,2026-05-23T21:02:36+03:00,2026-05-24T05:42:46+03:00,8.7,21,5,118188,https://t.me/kievreal1/118188,Київ : БпЛА курсом на Бровари 3х БпЛА курсом на Троєщину 3х БпЛА курсом на Коцюбинське 2х БпЛА курсом на Боярку БпЛА курсом на Борову 4х Бп…
2026-05-23,1,Обухівський,Обухів,2026-05-23T21:02:36+03:00,2026-05-24T05:42:46+03:00,8.7,21,5,118188,https://t.me/kievreal1/118188,Київ : БпЛА курсом на Бровари 3х БпЛА курсом на Троєщину 3х БпЛА курсом на Коцюбинське 2х БпЛА курсом на Боярку БпЛА курсом на Борову 4х Бп…
2026-05-23,2,Вишгородський,Жукин,2026-05-23T21:02:36+03:00,2026-05-24T05:42:46+03:00,8.7,21,5,118196,https://t.me/kievreal1/118196,8х БпЛА курсом на Жукин БпЛА курсом на Бровари БпЛА курсом на Вишгород БпЛА курсом на Київ БпЛА курсом на Борову БпЛА курсом на Обухів 3х Б…
2026-05-23,2,Броварський,Бровари,2026-05-23T21:02:36+03:00,2026-05-24T05:42:46+03:00,8.7,21,5,118196,https://t.me/kievreal1/118196,8х БпЛА курсом на Жукин БпЛА курсом на Бровари БпЛА курсом на Вишгород БпЛА курсом на Київ БпЛА курсом на Борову БпЛА курсом на Обухів 3х Б…
2026-05-23,2,Вишгородський,Вишгород,2026-05-23T21:02:36+03:00,2026-05-24T05:42:46+03:00,8.7,21,5,118196,https://t.me/kievreal1/118196,8х БпЛА курсом на Жукин БпЛА курсом на Бровари БпЛА курсом на Вишгород БпЛА курсом на Київ БпЛА курсом на Борову БпЛА курсом на Обухів 3х Б…
2026-05-23,2,Обухівський,Обухів,2026-05-23T21:02:36+03:00,2026-05-24T05:42:46+03:00,8.7,21,5,118196,https://t.me/kievreal1/118196,8х БпЛА курсом на Жукин БпЛА курсом на Бровари БпЛА курсом на Вишгород БпЛА курсом на Київ БпЛА курсом на Борову БпЛА курсом на Обухів 3х Б…
2026-05-23,2,Білоцерківський,Рокитне,2026-05-23T21:02:36+03:00,2026-05-24T05:42:46+03:00,8.7,21,5,118196,https://t.me/kievreal1/118196,8х БпЛА курсом на Жукин БпЛА курсом на Бровари БпЛА курсом на Вишгород БпЛА курсом на Київ БпЛА курсом на Борову БпЛА курсом на Обухів 3х Б…
2026-05-23,2,Обухівський,Кагарлик,2026-05-23T21:02:36+03:00,2026-05-24T05:42:46+03:00,8.7,21,5,118196,https://t.me/kievreal1/118196,8х БпЛА курсом на Жукин БпЛА курсом на Бровари БпЛА курсом на Вишгород БпЛА курсом на Київ БпЛА курсом на Борову БпЛА курсом на Обухів 3х Б…
2026-05-23,2,Обухівський,Миронівка,2026-05-23T21:02:36+03:00,2026-05-24T05:42:46+03:00,8.7,21,5,118196,https://t.me/kievreal1/118196,8х БпЛА курсом на Жукин БпЛА курсом на Бровари БпЛА курсом на Вишгород БпЛА курсом на Київ БпЛА курсом на Борову БпЛА курсом на Обухів 3х Б…
2026-05-23,2,Бориспільський,Яготин,2026-05-23T21:02:36+03:00,2026-05-24T05:42:46+03:00,8.7,21,5,118196,https://t.me/kievreal1/118196,8х БпЛА курсом на Жукин БпЛА курсом на Бровари БпЛА курсом на Вишгород БпЛА курсом на Київ БпЛА курсом на Борову БпЛА курсом на Обухів 3х Б…
2026-05-23,2,Бучанський,Гостомель,2026-05-23T21:02:36+03:00,2026-05-24T05:42:46+03:00,8.7,21,5,118198,https://t.me/kievreal1/118198,БпЛА курсом на Троєщину БпЛА курсом на Гостомель
2026-05-23,2,Вишгородський,Жукин,2026-05-23T21:02:36+03:00,2026-05-24T05:42:46+03:00,8.7,21,5,118200,https://t.me/kievreal1/118200,12х БпЛА курсом на Жукин БпЛА курсом на Бишів БпЛА курсом на Макарів БпЛА курсом на Вишгород БпЛА курсом на Гребінки 5х БпЛА курсом на Кага…
2026-05-23,2,Бучанський,Макарів,2026-05-23T21:02:36+03:00,2026-05-24T05:42:46+03:00,8.7,21,5,118200,https://t.me/kievreal1/118200,12х БпЛА курсом на Жукин БпЛА курсом на Бишів БпЛА курсом на Макарів БпЛА курсом на Вишгород БпЛА курсом на Гребінки 5х БпЛА курсом на Кага…
2026-05-23,2,Вишгородський,Вишгород,2026-05-23T21:02:36+03:00,2026-05-24T05:42:46+03:00,8.7,21,5,118200,https://t.me/kievreal1/118200,12х БпЛА курсом на Жукин БпЛА курсом на Бишів БпЛА курсом на Макарів БпЛА курсом на Вишгород БпЛА курсом на Гребінки 5х БпЛА курсом на Кага…
2026-05-23,2,Обухівський,Кагарлик,2026-05-23T21:02:36+03:00,2026-05-24T05:42:46+03:00,8.7,21,5,118200,https://t.me/kievreal1/118200,12х БпЛА курсом на Жукин БпЛА курсом на Бишів БпЛА курсом на Макарів БпЛА курсом на Вишгород БпЛА курсом на Гребінки 5х БпЛА курсом на Кага…
2026-05-23,2,Обухівський,Миронівка,2026-05-23T21:02:36+03:00,2026-05-24T05:42:46+03:00,8.7,21,5,118200,https://t.me/kievreal1/118200,12х БпЛА курсом на Жукин БпЛА курсом на Бишів БпЛА курсом на Макарів БпЛА курсом на Вишгород БпЛА курсом на Гребінки 5х БпЛА курсом на Кага…
2026-05-23,2,Білоцерківський,Рокитне,2026-05-23T21:02:36+03:00,2026-05-24T05:42:46+03:00,8.7,21,5,118200,https://t.me/kievreal1/118200,12х БпЛА курсом на Жукин БпЛА курсом на Бишів БпЛА курсом на Макарів БпЛА курсом на Вишгород БпЛА курсом на Гребінки 5х БпЛА курсом на Кага…
2026-05-23,2,Обухівський,Кагарлик,2026-05-23T21:02:36+03:00,2026-05-24T05:42:46+03:00,8.7,21,5,118203,https://t.me/kievreal1/118203,2х БпЛА курсом на Кагарлик БпЛА курсом на Узин 3х БпЛА курсом на Миронівку БпЛА курсом на Згурівку БпЛА курсом на Васильків БпЛА курсом на …
2026-05-23,2,Обухівський,Миронівка,2026-05-23T21:02:36+03:00,2026-05-24T05:42:46+03:00,8.7,21,5,118203,https://t.me/kievreal1/118203,2х БпЛА курсом на Кагарлик БпЛА курсом на Узин 3х БпЛА курсом на Миронівку БпЛА курсом на Згурівку БпЛА курсом на Васильків БпЛА курсом на …
2026-05-23,2,Броварський,Згурівка,2026-05-23T21:02:36+03:00,2026-05-24T05:42:46+03:00,8.7,21,5,118203,https://t.me/kievreal1/118203,2х БпЛА курсом на Кагарлик БпЛА курсом на Узин 3х БпЛА курсом на Миронівку БпЛА курсом на Згурівку БпЛА курсом на Васильків БпЛА курсом на …
2026-05-23,2,Обухівський,Васильків,2026-05-23T21:02:36+03:00,2026-05-24T05:42:46+03:00,8.7,21,5,118203,https://t.me/kievreal1/118203,2х БпЛА курсом на Кагарлик БпЛА курсом на Узин 3х БпЛА курсом на Миронівку БпЛА курсом на Згурівку БпЛА курсом на Васильків БпЛА курсом на …
2026-05-23,2,Броварський,Бровари,2026-05-23T21:02:36+03:00,2026-05-24T05:42:46+03:00,8.7,21,5,118203,https://t.me/kievreal1/118203,2х БпЛА курсом на Кагарлик БпЛА курсом на Узин 3х БпЛА курсом на Миронівку БпЛА курсом на Згурівку БпЛА курсом на Васильків БпЛА курсом на …
2026-05-23,2,Вишгородський,Вишгород,2026-05-23T21:02:36+03:00,2026-05-24T05:42:46+03:00,8.7,21,5,118203,https://t.me/kievreal1/118203,2х БпЛА курсом на Кагарлик БпЛА курсом на Узин 3х БпЛА курсом на Миронівку БпЛА курсом на Згурівку БпЛА курсом на Васильків БпЛА курсом на …
2026-05-23,2,Вишгородський,Чорнобиль,2026-05-23T21:02:36+03:00,2026-05-24T05:42:46+03:00,8.7,21,5,118203,https://t.me/kievreal1/118203,2х БпЛА курсом на Кагарлик БпЛА курсом на Узин 3х БпЛА курсом на Миронівку БпЛА курсом на Згурівку БпЛА курсом на Васильків БпЛА курсом на …
2026-05-23,2,Вишгородський,Вишгород,2026-05-23T21:02:36+03:00,2026-05-24T05:42:46+03:00,8.7,21,5,118205,https://t.me/kievreal1/118205,"Вишгород, Оболонь, Троєщина обережно"
2026-05-23,2,Обухівський,Васильків,2026-05-23T21:02:36+03:00,2026-05-24T05:42:46+03:00,8.7,21,5,118206,https://t.me/kievreal1/118206,БпЛА курсом на Васильків 2х БпЛА курсом на Димер 2х БпЛА курсом на Бородянку 35х БпЛА повз Вишгород курсом на Київ БпЛА курсом на Чорнобиль…
2026-05-23,2,Вишгородський,Димер,2026-05-23T21:02:36+03:00,2026-05-24T05:42:46+03:00,8.7,21,5,118206,https://t.me/kievreal1/118206,БпЛА курсом на Васильків 2х БпЛА курсом на Димер 2х БпЛА курсом на Бородянку 35х БпЛА повз Вишгород курсом на Київ БпЛА курсом на Чорнобиль…
2026-05-23,2,Бучанський,Бородянка,2026-05-23T21:02:36+03:00,2026-05-24T05:42:46+03:00,8.7,21,5,118206,https://t.me/kievreal1/118206,БпЛА курсом на Васильків 2х БпЛА курсом на Димер 2х БпЛА курсом на Бородянку 35х БпЛА повз Вишгород курсом на Київ БпЛА курсом на Чорнобиль…
2026-05-23,2,Вишгородський,Вишгород,2026-05-23T21:02:36+03:00,2026-05-24T05:42:46+03:00,8.7,21,5,118206,https://t.me/kievreal1/118206,БпЛА курсом на Васильків 2х БпЛА курсом на Димер 2х БпЛА курсом на Бородянку 35х БпЛА повз Вишгород курсом на Київ БпЛА курсом на Чорнобиль…
2026-05-23,2,Вишгородський,Чорнобиль,2026-05-23T21:02:36+03:00,2026-05-24T05:42:46+03:00,8.7,21,5,118206,https://t.me/kievreal1/118206,БпЛА курсом на Васильків 2х БпЛА курсом на Димер 2х БпЛА курсом на Бородянку 35х БпЛА повз Вишгород курсом на Київ БпЛА курсом на Чорнобиль…
2026-05-23,2,Бучанський,Борщагівка,2026-05-23T21:02:36+03:00,2026-05-24T05:42:46+03:00,8.7,21,5,118208,https://t.me/kievreal1/118208,Борщагівки
2026-05-23,2,Вишгородський,Вишгород,2026-05-23T21:02:36+03:00,2026-05-24T05:42:46+03:00,8.7,21,5,118210,https://t.me/kievreal1/118210,"Київ : БпЛА на Вишгород 8х БпЛА на Софіївку Борщагівку 5х БпЛА на Жуляни 4х БпЛА на Бровари 5х БпЛА на Васильків Підтримати канал, буду вдя…"
2026-05-23,2,Бучанський,Борщагівка,2026-05-23T21:02:36+03:00,2026-05-24T05:42:46+03:00,8.7,21,5,118210,https://t.me/kievreal1/118210,"Київ : БпЛА на Вишгород 8х БпЛА на Софіївку Борщагівку 5х БпЛА на Жуляни 4х БпЛА на Бровари 5х БпЛА на Васильків Підтримати канал, буду вдя…"
2026-05-23,2,Броварський,Бровари,2026-05-23T21:02:36+03:00,2026-05-24T05:42:46+03:00,8.7,21,5,118210,https://t.me/kievreal1/118210,"Київ : БпЛА на Вишгород 8х БпЛА на Софіївку Борщагівку 5х БпЛА на Жуляни 4х БпЛА на Бровари 5х БпЛА на Васильків Підтримати канал, буду вдя…"
2026-05-23,2,Обухівський,Васильків,2026-05-23T21:02:36+03:00,2026-05-24T05:42:46+03:00,8.7,21,5,118210,https://t.me/kievreal1/118210,"Київ : БпЛА на Вишгород 8х БпЛА на Софіївку Борщагівку 5х БпЛА на Жуляни 4х БпЛА на Бровари 5х БпЛА на Васильків Підтримати канал, буду вдя…"
2026-05-23,2,Броварський,Бровари,2026-05-23T21:02:36+03:00,2026-05-24T05:42:46+03:00,8.7,21,5,118211,https://t.me/kievreal1/118211,Бровари / Бориспіль - вибухи
2026-05-23,2,Бориспільський,Бориспіль,2026-05-23T21:02:36+03:00,2026-05-24T05:42:46+03:00,8.7,21,5,118211,https://t.me/kievreal1/118211,Бровари / Бориспіль - вибухи
2026-05-23,2,Бучанський,Борщагівка,2026-05-23T21:02:36+03:00,2026-05-24T05:42:46+03:00,8.7,21,5,118214,https://t.me/kievreal1/118214,"Київ : 3 шахеди на Жуляни, Теремки. 3 шахеди на Сирець, Нивки, Святошин. 2 шахеди на Дарницю з Лісового масиву. 1 шахед з Троєщини на Воскр…"
2026-05-23,2,Бориспільський,Переяслав,2026-05-23T21:02:36+03:00,2026-05-24T05:42:46+03:00,8.7,21,5,118218,https://t.me/kievreal1/118218,Група КР курсом на Переяслав
2026-05-23,2,Броварський,Згурівка,2026-05-23T21:02:36+03:00,2026-05-24T05:42:46+03:00,8.7,21,5,118220,https://t.me/kievreal1/118220,2 КР на Згурівку
2026-05-23,2,Броварський,Бровари,2026-05-23T21:02:36+03:00,2026-05-24T05:42:46+03:00,8.7,21,5,118222,https://t.me/kievreal1/118222,Група КР курсом на Бровари Група КР курсом на Київ Група КР курсом на Згурівку
2026-05-23,2,Броварський,Згурівка,2026-05-23T21:02:36+03:00,2026-05-24T05:42:46+03:00,8.7,21,5,118222,https://t.me/kievreal1/118222,Група КР курсом на Бровари Група КР курсом на Київ Група КР курсом на Згурівку
2026-05-23,3,Броварський,Бровари,2026-05-23T21:02:36+03:00,2026-05-24T05:42:46+03:00,8.7,21,5,118237,https://t.me/kievreal1/118237,2х БпЛА курсом на Бровари БпЛА курсом на Борщагівку БпЛА курсом на Васильків БпЛА курсом на Кагарлик БпЛА курсом на Узин
2026-05-23,3,Бучанський,Борщагівка,2026-05-23T21:02:36+03:00,2026-05-24T05:42:46+03:00,8.7,21,5,118237,https://t.me/kievreal1/118237,2х БпЛА курсом на Бровари БпЛА курсом на Борщагівку БпЛА курсом на Васильків БпЛА курсом на Кагарлик БпЛА курсом на Узин
2026-05-23,3,Обухівський,Васильків,2026-05-23T21:02:36+03:00,2026-05-24T05:42:46+03:00,8.7,21,5,118237,https://t.me/kievreal1/118237,2х БпЛА курсом на Бровари БпЛА курсом на Борщагівку БпЛА курсом на Васильків БпЛА курсом на Кагарлик БпЛА курсом на Узин
2026-05-23,3,Обухівський,Кагарлик,2026-05-23T21:02:36+03:00,2026-05-24T05:42:46+03:00,8.7,21,5,118237,https://t.me/kievreal1/118237,2х БпЛА курсом на Бровари БпЛА курсом на Борщагівку БпЛА курсом на Васильків БпЛА курсом на Кагарлик БпЛА курсом на Узин
2026-05-23,3,Броварський,Бровари,2026-05-23T21:02:36+03:00,2026-05-24T05:42:46+03:00,8.7,21,5,118241,https://t.me/kievreal1/118241,2х БпЛА курсом на Київ БпЛА курсом на Бровари БпЛА курсом на Гостомель БпЛА курсом на Кагарлик
2026-05-23,3,Бучанський,Гостомель,2026-05-23T21:02:36+03:00,2026-05-24T05:42:46+03:00,8.7,21,5,118241,https://t.me/kievreal1/118241,2х БпЛА курсом на Київ БпЛА курсом на Бровари БпЛА курсом на Гостомель БпЛА курсом на Кагарлик
2026-05-23,3,Обухівський,Кагарлик,2026-05-23T21:02:36+03:00,2026-05-24T05:42:46+03:00,8.7,21,5,118241,https://t.me/kievreal1/118241,2х БпЛА курсом на Київ БпЛА курсом на Бровари БпЛА курсом на Гостомель БпЛА курсом на Кагарлик
2026-05-23,3,Броварський,Бровари,2026-05-23T21:02:36+03:00,2026-05-24T05:42:46+03:00,8.7,21,5,118242,https://t.me/kievreal1/118242,2х БпЛА курсом на Київ БпЛА курсом на Бровари БпЛА курсом на Гостомель БпЛА курсом на Згурівку БпЛА курсом на Кагарлик
2026-05-23,3,Бучанський,Гостомель,2026-05-23T21:02:36+03:00,2026-05-24T05:42:46+03:00,8.7,21,5,118242,https://t.me/kievreal1/118242,2х БпЛА курсом на Київ БпЛА курсом на Бровари БпЛА курсом на Гостомель БпЛА курсом на Згурівку БпЛА курсом на Кагарлик
2026-05-23,3,Броварський,Згурівка,2026-05-23T21:02:36+03:00,2026-05-24T05:42:46+03:00,8.7,21,5,118242,https://t.me/kievreal1/118242,2х БпЛА курсом на Київ БпЛА курсом на Бровари БпЛА курсом на Гостомель БпЛА курсом на Згурівку БпЛА курсом на Кагарлик
2026-05-23,3,Обухівський,Кагарлик,2026-05-23T21:02:36+03:00,2026-05-24T05:42:46+03:00,8.7,21,5,118242,https://t.me/kievreal1/118242,2х БпЛА курсом на Київ БпЛА курсом на Бровари БпЛА курсом на Гостомель БпЛА курсом на Згурівку БпЛА курсом на Кагарлик
2026-05-23,3,Вишгородський,Вишгород,2026-05-23T21:02:36+03:00,2026-05-24T05:42:46+03:00,8.7,21,5,118248,https://t.me/kievreal1/118248,Багатоповерхівка у Вишгороді...
2026-05-23,3,Броварський,Баришівка,2026-05-23T21:02:36+03:00,2026-05-24T05:42:46+03:00,8.7,21,5,118251,https://t.me/kievreal1/118251,БпЛА курсом на Київ БпЛА курсом на Баришівку
2026-05-23,3,Бучанський,Петропавлівська Борщагівка,2026-05-23T21:02:36+03:00,2026-05-24T05:42:46+03:00,8.7,21,5,118253,https://t.me/kievreal1/118253,БпЛА курсом на Петропавлівську Борщагівку
2026-05-23,3,Вишгородський,Вишгород,2026-05-23T21:02:36+03:00,2026-05-24T05:42:46+03:00,8.7,21,5,118257,https://t.me/kievreal1/118257,БпЛА курсом на Вишгород БпЛА курсом на Васильків
2026-05-23,3,Обухівський,Васильків,2026-05-23T21:02:36+03:00,2026-05-24T05:42:46+03:00,8.7,21,5,118257,https://t.me/kievreal1/118257,БпЛА курсом на Вишгород БпЛА курсом на Васильків
2026-05-23,3,Бориспільський,Яготин,2026-05-23T21:02:36+03:00,2026-05-24T05:42:46+03:00,8.7,21,5,118260,https://t.me/kievreal1/118260,Група КР курсом на Яготин Група КР курсом на Бориспіль Група КР курсом на Бровари Група КР курсом на Київ Група КР курсом на Васильків Груп…
2026-05-23,3,Бориспільський,Бориспіль,2026-05-23T21:02:36+03:00,2026-05-24T05:42:46+03:00,8.7,21,5,118260,https://t.me/kievreal1/118260,Група КР курсом на Яготин Група КР курсом на Бориспіль Група КР курсом на Бровари Група КР курсом на Київ Група КР курсом на Васильків Груп…
2026-05-23,3,Броварський,Бровари,2026-05-23T21:02:36+03:00,2026-05-24T05:42:46+03:00,8.7,21,5,118260,https://t.me/kievreal1/118260,Група КР курсом на Яготин Група КР курсом на Бориспіль Група КР курсом на Бровари Група КР курсом на Київ Група КР курсом на Васильків Груп…
2026-05-23,3,Обухівський,Васильків,2026-05-23T21:02:36+03:00,2026-05-24T05:42:46+03:00,8.7,21,5,118260,https://t.me/kievreal1/118260,Група КР курсом на Яготин Група КР курсом на Бориспіль Група КР курсом на Бровари Група КР курсом на Київ Група КР курсом на Васильків Груп…
2026-05-23,3,Броварський,Баришівка,2026-05-23T21:02:36+03:00,2026-05-24T05:42:46+03:00,8.7,21,5,118263,https://t.me/kievreal1/118263,Київщина : 2х Групи КР курсом на Баришівку 2х Групи КР курсом на Бровари Група КР курсом на Київ 4х Групи КР курсом на Васильків Підтримати…
2026-05-23,3,Броварський,Бровари,2026-05-23T21:02:36+03:00,2026-05-24T05:42:46+03:00,8.7,21,5,118263,https://t.me/kievreal1/118263,Київщина : 2х Групи КР курсом на Баришівку 2х Групи КР курсом на Бровари Група КР курсом на Київ 4х Групи КР курсом на Васильків Підтримати…
2026-05-23,3,Обухівський,Васильків,2026-05-23T21:02:36+03:00,2026-05-24T05:42:46+03:00,8.7,21,5,118263,https://t.me/kievreal1/118263,Київщина : 2х Групи КР курсом на Баришівку 2х Групи КР курсом на Бровари Група КР курсом на Київ 4х Групи КР курсом на Васильків Підтримати…
2026-05-23,3,Бориспільський,Бориспіль,2026-05-23T21:02:36+03:00,2026-05-24T05:42:46+03:00,8.7,21,5,118264,https://t.me/kievreal1/118264,2х Групи КР курсом на Бориспіль 2х Групи КР курсом на Бровари Група КР курсом на Київ 2х Групи КР курсом на Білу Церкву
2026-05-23,3,Броварський,Бровари,2026-05-23T21:02:36+03:00,2026-05-24T05:42:46+03:00,8.7,21,5,118264,https://t.me/kievreal1/118264,2х Групи КР курсом на Бориспіль 2х Групи КР курсом на Бровари Група КР курсом на Київ 2х Групи КР курсом на Білу Церкву
2026-05-23,3,Бориспільський,Бориспіль,2026-05-23T21:02:36+03:00,2026-05-24T05:42:46+03:00,8.7,21,5,118265,https://t.me/kievreal1/118265,2х Групи КР курсом на Бориспіль 3х Групи КР курсом на Київ 2х Групи КР курсом на Васильків
2026-05-23,3,Обухівський,Васильків,2026-05-23T21:02:36+03:00,2026-05-24T05:42:46+03:00,8.7,21,5,118265,https://t.me/kievreal1/118265,2х Групи КР курсом на Бориспіль 3х Групи КР курсом на Київ 2х Групи КР курсом на Васильків
2026-05-23,3,Обухівський,Васильків,2026-05-23T21:02:36+03:00,2026-05-24T05:42:46+03:00,8.7,21,5,118267,https://t.me/kievreal1/118267,4 ракети на Київ /Васильків
2026-05-23,3,Бучанський,Вишневе,2026-05-23T21:02:36+03:00,2026-05-24T05:42:46+03:00,8.7,21,5,118268,https://t.me/kievreal1/118268,Група КР курсом на Вишневе Група КР курсом на Васильків
2026-05-23,3,Обухівський,Васильків,2026-05-23T21:02:36+03:00,2026-05-24T05:42:46+03:00,8.7,21,5,118268,https://t.me/kievreal1/118268,Група КР курсом на Вишневе Група КР курсом на Васильків
2026-05-23,3,Бучанський,Вишневе,2026-05-23T21:02:36+03:00,2026-05-24T05:42:46+03:00,8.7,21,5,118269,https://t.me/kievreal1/118269,4х Групи КР курсом на Вишневе Група КР курсом на Жуляни
2026-05-23,3,Броварський,Бровари,2026-05-23T21:02:36+03:00,2026-05-24T05:42:46+03:00,8.7,21,5,118270,https://t.me/kievreal1/118270,2х Групи КР курсом на Київ 2х Групи КР курсом на Бровари
2026-05-23,3,Фастівський,Гатне,2026-05-23T21:02:36+03:00,2026-05-24T05:42:46+03:00,8.7,21,5,118272,https://t.me/kievreal1/118272,2 ракети на Святошин 1 на Гатне
2026-05-23,4,Броварський,Бровари,2026-05-23T21:02:36+03:00,2026-05-24T05:42:46+03:00,8.7,21,5,118278,https://t.me/kievreal1/118278,2х Груп КР повз Бровари курсом на Київ
2026-05-23,4,Вишгородський,Жукин,2026-05-23T21:02:36+03:00,2026-05-24T05:42:46+03:00,8.7,21,5,118282,https://t.me/kievreal1/118282,БпЛА курсом на Жукин
2026-05-23,4,Обухівський,Кагарлик,2026-05-23T21:02:36+03:00,2026-05-24T05:42:46+03:00,8.7,21,5,118292,https://t.me/kievreal1/118292,Група КР курсом на Кагарлик
2026-05-23,4,Обухівський,Обухів,2026-05-23T21:02:36+03:00,2026-05-24T05:42:46+03:00,8.7,21,5,118295,https://t.me/kievreal1/118295,Група КР курсом на Обухів
2026-05-23,4,Обухівський,Українка,2026-05-23T21:02:36+03:00,2026-05-24T05:42:46+03:00,8.7,21,5,118296,https://t.me/kievreal1/118296,"Київщина : Група КР повз Українку курсом на Київ Група КР курсом на Білу Церкву Підтримати канал, буду вдячний Вам: https://base.monobank.u…"
2026-05-23,4,Обухівський,Українка,2026-05-23T21:02:36+03:00,2026-05-24T05:42:46+03:00,8.7,21,5,118300,https://t.me/kievreal1/118300,Група КР курсом на Жуляни Група КР курсом на Українку
2026-05-23,4,Обухівський,Васильків,2026-05-23T21:02:36+03:00,2026-05-24T05:42:46+03:00,8.7,21,5,118303,https://t.me/kievreal1/118303,2х Групи КР курсом на Васильків
2026-05-23,5,Фастівський,Боярка,2026-05-23T21:02:36+03:00,2026-05-24T05:42:46+03:00,8.7,21,5,118308,https://t.me/kievreal1/118308,Група КР курсом на Боярку Група КР курсом на Глеваху Група КР курсом на Васильків Група КР курсом на Ірпінь Група КР курсом на Коцюбинське …
2026-05-23,5,Обухівський,Глеваха,2026-05-23T21:02:36+03:00,2026-05-24T05:42:46+03:00,8.7,21,5,118308,https://t.me/kievreal1/118308,Група КР курсом на Боярку Група КР курсом на Глеваху Група КР курсом на Васильків Група КР курсом на Ірпінь Група КР курсом на Коцюбинське …
2026-05-23,5,Обухівський,Васильків,2026-05-23T21:02:36+03:00,2026-05-24T05:42:46+03:00,8.7,21,5,118308,https://t.me/kievreal1/118308,Група КР курсом на Боярку Група КР курсом на Глеваху Група КР курсом на Васильків Група КР курсом на Ірпінь Група КР курсом на Коцюбинське …
2026-05-23,5,Бучанський,Ірпінь,2026-05-23T21:02:36+03:00,2026-05-24T05:42:46+03:00,8.7,21,5,118308,https://t.me/kievreal1/118308,Група КР курсом на Боярку Група КР курсом на Глеваху Група КР курсом на Васильків Група КР курсом на Ірпінь Група КР курсом на Коцюбинське …
2026-05-23,5,Бучанський,Коцюбинське,2026-05-23T21:02:36+03:00,2026-05-24T05:42:46+03:00,8.7,21,5,118308,https://t.me/kievreal1/118308,Група КР курсом на Боярку Група КР курсом на Глеваху Група КР курсом на Васильків Група КР курсом на Ірпінь Група КР курсом на Коцюбинське …
2026-05-23,5,Бучанський,Вишневе,2026-05-23T21:02:36+03:00,2026-05-24T05:42:46+03:00,8.7,21,5,118310,https://t.me/kievreal1/118310,Група КР курсом на Шулявку Група КР курсом на Вишневе
2026-05-24,5,Обухівський,Українка,2026-05-24T05:44:16+03:00,2026-05-24T06:05:26+03:00,0.4,5,6,118332,https://t.me/kievreal1/118332,БпЛА курсом на Українку
2026-05-24,7,Білоцерківський,Білоцерківський,2026-05-24T07:10:56+03:00,2026-05-24T08:50:56+03:00,1.7,7,8,118364,https://t.me/kievreal1/118364,🔥 Київщина: рятувальники ліквідували наслідки масованої російської атаки 🔴 Білоцерківський район У місті Біла Церква виникла пожежа у гараж…
2026-05-24,7,Білоцерківський,Біла Церква,2026-05-24T07:10:56+03:00,2026-05-24T08:50:56+03:00,1.7,7,8,118364,https://t.me/kievreal1/118364,🔥 Київщина: рятувальники ліквідували наслідки масованої російської атаки 🔴 Білоцерківський район У місті Біла Церква виникла пожежа у гараж…
2026-05-24,7,Броварський,Броварський,2026-05-24T07:10:56+03:00,2026-05-24T08:50:56+03:00,1.7,7,8,118364,https://t.me/kievreal1/118364,🔥 Київщина: рятувальники ліквідували наслідки масованої російської атаки 🔴 Білоцерківський район У місті Біла Церква виникла пожежа у гараж…
2026-05-24,7,Вишгородський,Вишгородський,2026-05-24T07:10:56+03:00,2026-05-24T08:50:56+03:00,1.7,7,8,118364,https://t.me/kievreal1/118364,🔥 Київщина: рятувальники ліквідували наслідки масованої російської атаки 🔴 Білоцерківський район У місті Біла Церква виникла пожежа у гараж…
2026-05-24,7,Вишгородський,Вишгород,2026-05-24T07:10:56+03:00,2026-05-24T08:50:56+03:00,1.7,7,8,118364,https://t.me/kievreal1/118364,🔥 Київщина: рятувальники ліквідували наслідки масованої російської атаки 🔴 Білоцерківський район У місті Біла Церква виникла пожежа у гараж…
2026-05-24,7,Фастівський,Фастівський,2026-05-24T07:10:56+03:00,2026-05-24T08:50:56+03:00,1.7,7,8,118364,https://t.me/kievreal1/118364,🔥 Київщина: рятувальники ліквідували наслідки масованої російської атаки 🔴 Білоцерківський район У місті Біла Церква виникла пожежа у гараж…
2026-05-24,7,Бучанський,Бучанський,2026-05-24T07:10:56+03:00,2026-05-24T08:50:56+03:00,1.7,7,8,118364,https://t.me/kievreal1/118364,🔥 Київщина: рятувальники ліквідували наслідки масованої російської атаки 🔴 Білоцерківський район У місті Біла Церква виникла пожежа у гараж…
2026-05-24,7,Бучанський,Вишневе,2026-05-24T07:10:56+03:00,2026-05-24T08:50:56+03:00,1.7,7,8,118364,https://t.me/kievreal1/118364,🔥 Київщина: рятувальники ліквідували наслідки масованої російської атаки 🔴 Білоцерківський район У місті Біла Церква виникла пожежа у гараж…
2026-05-24,7,Фастівський,Крюківщина,2026-05-24T07:10:56+03:00,2026-05-24T08:50:56+03:00,1.7,7,8,118364,https://t.me/kievreal1/118364,🔥 Київщина: рятувальники ліквідували наслідки масованої російської атаки 🔴 Білоцерківський район У місті Біла Церква виникла пожежа у гараж…
2026-05-24,7,Бориспільський,Бориспільський,2026-05-24T07:10:56+03:00,2026-05-24T08:50:56+03:00,1.7,7,8,118364,https://t.me/kievreal1/118364,🔥 Київщина: рятувальники ліквідували наслідки масованої російської атаки 🔴 Білоцерківський район У місті Біла Церква виникла пожежа у гараж…
2026-05-24,7,Бориспільський,Бориспіль,2026-05-24T07:10:56+03:00,2026-05-24T08:50:56+03:00,1.7,7,8,118364,https://t.me/kievreal1/118364,🔥 Київщина: рятувальники ліквідували наслідки масованої російської атаки 🔴 Білоцерківський район У місті Біла Церква виникла пожежа у гараж…
2026-05-24,7,Вишгородський,Вишгород,2026-05-24T07:10:56+03:00,2026-05-24T08:50:56+03:00,1.7,7,8,118373,https://t.me/kievreal1/118373,БПЛА на Вишгород
2026-05-24,7,Броварський,Бровари,2026-05-24T07:10:56+03:00,2026-05-24T08:50:56+03:00,1.7,7,8,118376,https://t.me/kievreal1/118376,БПЛА на Бровари
2026-05-24,8,Вишгородський,Чорнобиль,2026-05-24T07:10:56+03:00,2026-05-24T08:50:56+03:00,1.7,7,8,118386,https://t.me/kievreal1/118386,2 БпЛА курсом на водосховище 1 на Чорнобиль Стежити за траєкторією - t.me/kyiv_radar
2026-05-24,8,Бучанський,Бучанський,2026-05-24T07:10:56+03:00,2026-05-24T08:50:56+03:00,1.7,7,8,118401,https://t.me/kievreal1/118401,"В Київській області, на жаль, відомо про 2 загиблих та 9 постраждалих Ворог убив чоловіків у Бучанському та Обухівському районах."
2026-05-24,8,Обухівський,Обухівський,2026-05-24T07:10:56+03:00,2026-05-24T08:50:56+03:00,1.7,7,8,118401,https://t.me/kievreal1/118401,"В Київській області, на жаль, відомо про 2 загиблих та 9 постраждалих Ворог убив чоловіків у Бучанському та Обухівському районах."
2026-05-24,10,Вишгородський,Десна,2026-05-24T10:08:06+03:00,2026-05-24T10:33:46+03:00,0.4,10,10,118435,https://t.me/kievreal1/118435,🚨 КИЇВСЬКА ОБЛАСТЬ - ОГОЛОШЕНА ПОВІТРЯНА ТРИВОГА БпЛА на Десну. Загроза для Вишгородського району
2026-05-24,10,Вишгородський,Вишгородський,2026-05-24T10:08:06+03:00,2026-05-24T10:33:46+03:00,0.4,10,10,118435,https://t.me/kievreal1/118435,🚨 КИЇВСЬКА ОБЛАСТЬ - ОГОЛОШЕНА ПОВІТРЯНА ТРИВОГА БпЛА на Десну. Загроза для Вишгородського району
2026-05-24,10,Вишгородський,Чорнобиль,2026-05-24T10:08:06+03:00,2026-05-24T10:33:46+03:00,0.4,10,10,118436,https://t.me/kievreal1/118436,"В Києві загалом пошкоджено півсотні локацій, серед яких будівлі райвідділу поліції та обласного управління ДСНС, – повідомив очільник МВС В…"
2026-05-24,16,Білоцерківський,Білоцерківський,2026-05-24T16:47:26+03:00,2026-05-24T16:52:36+03:00,0.1,16,16,118521,https://t.me/kievreal1/118521,🚨 КИЇВСЬКА ОБЛАСТЬ - ОГОЛОШЕНА ПОВІТРЯНА ТРИВОГА Загроза для Білоцерківського та Обухівського районів
2026-05-24,16,Обухівський,Обухівський,2026-05-24T16:47:26+03:00,2026-05-24T16:52:36+03:00,0.1,16,16,118521,https://t.me/kievreal1/118521,🚨 КИЇВСЬКА ОБЛАСТЬ - ОГОЛОШЕНА ПОВІТРЯНА ТРИВОГА Загроза для Білоцерківського та Обухівського районів
2026-05-24,21,Вишгородський,Іванків,2026-05-24T21:32:16+03:00,2026-05-24T22:25:36+03:00,0.9,21,22,118550,https://t.me/kievreal1/118550,БпЛА йде на Іванків. Ймовірно реактивний P.S про рух повітряних цілей тут – t.me/tryvoga_kyiv
2026-05-24,21,Броварський,Згурівка,2026-05-24T21:32:16+03:00,2026-05-24T22:25:36+03:00,0.9,21,22,118551,https://t.me/kievreal1/118551,Ще один від Прилук в бік Згурівки/Яготина. Попередній збили
2026-05-24,21,Бориспільський,Яготин,2026-05-24T21:32:16+03:00,2026-05-24T22:25:36+03:00,0.9,21,22,118551,https://t.me/kievreal1/118551,Ще один від Прилук в бік Згурівки/Яготина. Попередній збили
2026-05-25,1,Вишгородський,Страхолісся,2026-05-25T01:05:46+03:00,2026-05-25T03:32:46+03:00,2.5,1,3,118564,https://t.me/kievreal1/118564,5 БпЛА на Страхолісся
2026-05-25,1,Вишгородський,Чорнобиль,2026-05-25T01:05:46+03:00,2026-05-25T03:32:46+03:00,2.5,1,3,118565,https://t.me/kievreal1/118565,1 БпЛА на Чорнобиль 1 БпЛА на Страхолісся
2026-05-25,1,Вишгородський,Страхолісся,2026-05-25T01:05:46+03:00,2026-05-25T03:32:46+03:00,2.5,1,3,118565,https://t.me/kievreal1/118565,1 БпЛА на Чорнобиль 1 БпЛА на Страхолісся
2026-05-25,1,Вишгородський,Чорнобиль,2026-05-25T01:05:46+03:00,2026-05-25T03:32:46+03:00,2.5,1,3,118566,https://t.me/kievreal1/118566,2 БпЛА на Чорнобиль 1 БпЛА на Іванків
2026-05-25,1,Вишгородський,Іванків,2026-05-25T01:05:46+03:00,2026-05-25T03:32:46+03:00,2.5,1,3,118566,https://t.me/kievreal1/118566,2 БпЛА на Чорнобиль 1 БпЛА на Іванків
2026-05-25,1,Вишгородський,Чорнобиль,2026-05-25T01:05:46+03:00,2026-05-25T03:32:46+03:00,2.5,1,3,118567,https://t.me/kievreal1/118567,2 БпЛА на Чорнобиль 1 БпЛА на Красятичі
2026-05-25,1,Вишгородський,Чорнобиль,2026-05-25T01:05:46+03:00,2026-05-25T03:32:46+03:00,2.5,1,3,118568,https://t.me/kievreal1/118568,Залишилось 2 БпЛА на Чорнобиль
2026-05-25,1,Вишгородський,Чорнобиль,2026-05-25T01:05:46+03:00,2026-05-25T03:32:46+03:00,2.5,1,3,118569,https://t.me/kievreal1/118569,1 БпЛА на Чорнобиль 3 БпЛА на Іванків 1 БпЛА на Найливайківку
2026-05-25,1,Вишгородський,Іванків,2026-05-25T01:05:46+03:00,2026-05-25T03:32:46+03:00,2.5,1,3,118569,https://t.me/kievreal1/118569,1 БпЛА на Чорнобиль 3 БпЛА на Іванків 1 БпЛА на Найливайківку
2026-05-25,1,Вишгородський,Чорнобиль,2026-05-25T01:05:46+03:00,2026-05-25T03:32:46+03:00,2.5,1,3,118570,https://t.me/kievreal1/118570,1 БпЛА на Чорнобиль 1 БпЛА на Іванків
2026-05-25,1,Вишгородський,Іванків,2026-05-25T01:05:46+03:00,2026-05-25T03:32:46+03:00,2.5,1,3,118570,https://t.me/kievreal1/118570,1 БпЛА на Чорнобиль 1 БпЛА на Іванків
2026-05-25,2,Обухівський,Васильків,2026-05-25T01:05:46+03:00,2026-05-25T03:32:46+03:00,2.5,1,3,118571,https://t.me/kievreal1/118571,1 БпЛА на Васильків
2026-05-25,2,Обухівський,Обухів,2026-05-25T01:05:46+03:00,2026-05-25T03:32:46+03:00,2.5,1,3,118572,https://t.me/kievreal1/118572,1 БпЛА на Обухів 1 БпЛА на Бородянку
2026-05-25,2,Бучанський,Бородянка,2026-05-25T01:05:46+03:00,2026-05-25T03:32:46+03:00,2.5,1,3,118572,https://t.me/kievreal1/118572,1 БпЛА на Обухів 1 БпЛА на Бородянку
2026-05-25,2,Бучанський,Бородянка,2026-05-25T01:05:46+03:00,2026-05-25T03:32:46+03:00,2.5,1,3,118573,https://t.me/kievreal1/118573,1 БпЛА на Трипілля 1 БпЛА на Бородянку
2026-05-25,2,Обухівський,Кагарлик,2026-05-25T01:05:46+03:00,2026-05-25T03:32:46+03:00,2.5,1,3,118574,https://t.me/kievreal1/118574,1 БпЛА на Кагарлик upd: Не фіксується
2026-05-25,5,Броварський,Калита,2026-05-25T05:18:46+03:00,2026-05-25T07:18:36+03:00,2.0,5,7,118579,https://t.me/kievreal1/118579,1 БпЛА на Калиту 1 БпЛА на Чорнобиль
2026-05-25,5,Вишгородський,Чорнобиль,2026-05-25T05:18:46+03:00,2026-05-25T07:18:36+03:00,2.0,5,7,118579,https://t.me/kievreal1/118579,1 БпЛА на Калиту 1 БпЛА на Чорнобиль
2026-05-25,5,Броварський,Велика Димерка,2026-05-25T05:18:46+03:00,2026-05-25T07:18:36+03:00,2.0,5,7,118580,https://t.me/kievreal1/118580,1 БпЛА на Велику Димерку 1 БпЛА на Красятичі 2 БпЛА на Страхолісся
2026-05-25,5,Вишгородський,Страхолісся,2026-05-25T05:18:46+03:00,2026-05-25T07:18:36+03:00,2.0,5,7,118580,https://t.me/kievreal1/118580,1 БпЛА на Велику Димерку 1 БпЛА на Красятичі 2 БпЛА на Страхолісся
2026-05-25,5,Вишгородський,Чорнобиль,2026-05-25T05:18:46+03:00,2026-05-25T07:18:36+03:00,2.0,5,7,118581,https://t.me/kievreal1/118581,1 БпЛА на Красятичі 2 БпЛА на Чорнобиль
2026-05-25,6,Вишгородський,Іванків,2026-05-25T05:18:46+03:00,2026-05-25T07:18:36+03:00,2.0,5,7,118582,https://t.me/kievreal1/118582,1 БпЛА на Іванків
2026-05-25,6,Вишгородський,Чорнобиль,2026-05-25T05:18:46+03:00,2026-05-25T07:18:36+03:00,2.0,5,7,118584,https://t.me/kievreal1/118584,1 БпЛА на Чорнобиль
2026-05-25,7,Обухівський,Українка,2026-05-25T07:45:06+03:00,2026-05-25T08:40:36+03:00,0.9,7,8,118591,https://t.me/kievreal1/118591,1 БпЛА на Українку
2026-05-25,8,Вишгородський,Славутич,2026-05-25T08:55:16+03:00,2026-05-25T11:52:36+03:00,3.0,8,11,118598,https://t.me/kievreal1/118598,"🚨 КИЇВСЬКА ОБЛАСТЬ - ОГОЛОШЕНА ПОВІТРЯНА ТРИВОГА Декілька БпЛА через Славутич у південному напрямку, тому і оголосили тривогу на Вишгородщи…"
2026-05-25,8,Вишгородський,Вишгород,2026-05-25T08:55:16+03:00,2026-05-25T11:52:36+03:00,3.0,8,11,118598,https://t.me/kievreal1/118598,"🚨 КИЇВСЬКА ОБЛАСТЬ - ОГОЛОШЕНА ПОВІТРЯНА ТРИВОГА Декілька БпЛА через Славутич у південному напрямку, тому і оголосили тривогу на Вишгородщи…"
2026-05-25,10,Броварський,Броварський,2026-05-25T08:55:16+03:00,2026-05-25T11:52:36+03:00,3.0,8,11,118617,https://t.me/kievreal1/118617,Додатково тривога в Броварському районі. БпЛА над водосховищем
2026-05-25,10,Броварський,Броварський,2026-05-25T08:55:16+03:00,2026-05-25T11:52:36+03:00,3.0,8,11,118618,https://t.me/kievreal1/118618,Додатково тривога в Броварському районі. БпЛА над водосховищем
2026-05-25,10,Вишгородський,Вишгород,2026-05-25T08:55:16+03:00,2026-05-25T11:52:36+03:00,3.0,8,11,118621,https://t.me/kievreal1/118621,Вишгород/ Хотянівка – курсує у вашому напрямку 👉
2026-05-25,10,Вишгородський,Хотянівка,2026-05-25T08:55:16+03:00,2026-05-25T11:52:36+03:00,3.0,8,11,118621,https://t.me/kievreal1/118621,Вишгород/ Хотянівка – курсує у вашому напрямку 👉
2026-05-25,10,Вишгородський,Вишгород,2026-05-25T08:55:16+03:00,2026-05-25T11:52:36+03:00,3.0,8,11,118623,https://t.me/kievreal1/118623,Вишгород/ Хотянівка – курсує у вашому напрямку 👉
2026-05-25,10,Вишгородський,Хотянівка,2026-05-25T08:55:16+03:00,2026-05-25T11:52:36+03:00,3.0,8,11,118623,https://t.me/kievreal1/118623,Вишгород/ Хотянівка – курсує у вашому напрямку 👉
2026-05-25,11,Обухівський,Козин,2026-05-25T08:55:16+03:00,2026-05-25T11:52:36+03:00,3.0,8,11,118629,https://t.me/kievreal1/118629,На Козин / Трипілля по курсу
2026-05-25,11,Обухівський,Козин,2026-05-25T08:55:16+03:00,2026-05-25T11:52:36+03:00,3.0,8,11,118631,https://t.me/kievreal1/118631,На Козин / Трипілля по курсу
2026-05-25,11,Обухівський,Українка,2026-05-25T08:55:16+03:00,2026-05-25T11:52:36+03:00,3.0,8,11,118634,https://t.me/kievreal1/118634,"Українка/ Обухів далі Про всяк випадок, радимо підписатись на наш резерв, якщо ворог здійснюватиме атаки в інфопросторі – t.me/kyiv"
2026-05-25,11,Обухівський,Обухів,2026-05-25T08:55:16+03:00,2026-05-25T11:52:36+03:00,3.0,8,11,118634,https://t.me/kievreal1/118634,"Українка/ Обухів далі Про всяк випадок, радимо підписатись на наш резерв, якщо ворог здійснюватиме атаки в інфопросторі – t.me/kyiv"
2026-05-25,11,Обухівський,Кагарлик,2026-05-25T08:55:16+03:00,2026-05-25T11:52:36+03:00,3.0,8,11,118636,https://t.me/kievreal1/118636,Поблизу Кагарлика
2026-05-26,3,Вишгородський,Славутич,2026-05-26T03:53:36+03:00,2026-05-26T12:24:26+03:00,8.5,3,12,118694,https://t.me/kievreal1/118694,БпЛА на Чернігівщині курсом на Славутич
2026-05-26,4,Вишгородський,Страхолісся,2026-05-26T03:53:36+03:00,2026-05-26T12:24:26+03:00,8.5,3,12,118696,https://t.me/kievreal1/118696,2х БпЛА курсом на Страхолісся
2026-05-26,4,Вишгородський,Чорнобиль,2026-05-26T03:53:36+03:00,2026-05-26T12:24:26+03:00,8.5,3,12,118698,https://t.me/kievreal1/118698,БпЛА курсом на Чорнобиль
2026-05-26,4,Вишгородський,Страхолісся,2026-05-26T03:53:36+03:00,2026-05-26T12:24:26+03:00,8.5,3,12,118699,https://t.me/kievreal1/118699,БпЛА курсом на Страхолісся
2026-05-26,4,Вишгородський,Страхолісся,2026-05-26T03:53:36+03:00,2026-05-26T12:24:26+03:00,8.5,3,12,118700,https://t.me/kievreal1/118700,БпЛА курсом на Страхолісся
2026-05-26,6,Вишгородський,Страхолісся,2026-05-26T03:53:36+03:00,2026-05-26T12:24:26+03:00,8.5,3,12,118701,https://t.me/kievreal1/118701,БпЛА курсом на Страхолісся
2026-05-26,6,Вишгородський,Страхолісся,2026-05-26T03:53:36+03:00,2026-05-26T12:24:26+03:00,8.5,3,12,118702,https://t.me/kievreal1/118702,БпЛА курсом на Красятичі БпЛА курсом на Страхолісся
2026-05-26,7,Броварський,Калита,2026-05-26T03:53:36+03:00,2026-05-26T12:24:26+03:00,8.5,3,12,118704,https://t.me/kievreal1/118704,БпЛА курсом на Калиту
2026-05-26,7,Броварський,Бровари,2026-05-26T03:53:36+03:00,2026-05-26T12:24:26+03:00,8.5,3,12,118705,https://t.me/kievreal1/118705,"БПЛА в районі Броварів Підтримати канал, буду вдячний Вам: https://base.monobank.ua/4jYdAKEbmcrmLL ➡"
2026-05-26,7,Броварський,Баришівка,2026-05-26T03:53:36+03:00,2026-05-26T12:24:26+03:00,8.5,3,12,118706,https://t.me/kievreal1/118706,БпЛА курсом на Баришівку БпЛА курсом на Чорнобиль
2026-05-26,7,Вишгородський,Чорнобиль,2026-05-26T03:53:36+03:00,2026-05-26T12:24:26+03:00,8.5,3,12,118706,https://t.me/kievreal1/118706,БпЛА курсом на Баришівку БпЛА курсом на Чорнобиль
2026-05-26,8,Бориспільський,Яготин,2026-05-26T03:53:36+03:00,2026-05-26T12:24:26+03:00,8.5,3,12,118707,https://t.me/kievreal1/118707,Яготин/Згурівка
2026-05-26,8,Броварський,Згурівка,2026-05-26T03:53:36+03:00,2026-05-26T12:24:26+03:00,8.5,3,12,118707,https://t.me/kievreal1/118707,Яготин/Згурівка
2026-05-26,14,Броварський,Бровари,2026-05-26T14:07:06+03:00,2026-05-26T14:42:06+03:00,0.6,14,14,118722,https://t.me/kievreal1/118722,БПЛА на Бровари
2026-05-26,14,Вишгородський,Вишгород,2026-05-26T14:07:06+03:00,2026-05-26T14:42:06+03:00,0.6,14,14,118723,https://t.me/kievreal1/118723,Вишгород теж уважно
2026-05-26,17,Вишгородський,Славутич,2026-05-26T17:25:06+03:00,2026-05-26T21:29:46+03:00,4.1,17,21,118735,https://t.me/kievreal1/118735,Реактивний БПЛА на Славутич
2026-05-26,17,Броварський,Бровари,2026-05-26T17:25:06+03:00,2026-05-26T21:29:46+03:00,4.1,17,21,118736,https://t.me/kievreal1/118736,На Бровари
2026-05-26,18,Бучанський,Буча,2026-05-26T17:25:06+03:00,2026-05-26T21:29:46+03:00,4.1,17,21,118742,https://t.me/kievreal1/118742,"В мережі поширюється інформація, що 11-річний хлопчик стрибнув із баштового крану на будівництві в Бучі, а сьогодні відбулося поховання «У …"
2026-05-26,18,Бучанський,Буча,2026-05-26T17:25:06+03:00,2026-05-26T21:29:46+03:00,4.1,17,21,118743,https://t.me/kievreal1/118743,"В мережі поширюється інформація, що 11-річний хлопчик стрибнув із баштового крану на будівництві в Бучі, а сьогодні відбулося поховання «У …"
2026-05-26,19,Бучанський,Бучанський,2026-05-26T17:25:06+03:00,2026-05-26T21:29:46+03:00,4.1,17,21,118744,https://t.me/kievreal1/118744,Поліція Київщини встановлює обставини загибелі неповнолітнього у Бучанському районі 23 травня до поліції надійшло повідомлення від очевидиц…
2026-05-26,19,Бучанський,Буча,2026-05-26T17:25:06+03:00,2026-05-26T21:29:46+03:00,4.1,17,21,118744,https://t.me/kievreal1/118744,Поліція Київщини встановлює обставини загибелі неповнолітнього у Бучанському районі 23 травня до поліції надійшло повідомлення від очевидиц…
2026-05-26,20,Вишгородський,Вишгородський,2026-05-26T17:25:06+03:00,2026-05-26T21:29:46+03:00,4.1,17,21,118746,https://t.me/kievreal1/118746,БПЛА на Вишгородський район
2026-05-26,22,Бориспільський,Бориспільський,2026-05-26T21:43:36+03:00,2026-05-26T22:12:16+03:00,0.5,21,22,118750,https://t.me/kievreal1/118750,"#нампишуть Біля метро Бориспільська вдень копи з ТЦК хотіли забрати молодого хлопця, йому було погано, їх просили викликати швидку, вони пр…"
2026-05-27,5,Бучанський,Пісківка,2026-05-27T05:25:36+03:00,2026-05-27T08:59:26+03:00,3.6,5,8,118765,https://t.me/kievreal1/118765,БПЛА на Пісківку
2026-05-27,5,Бучанський,Пісківка,2026-05-27T05:25:36+03:00,2026-05-27T08:59:26+03:00,3.6,5,8,118766,https://t.me/kievreal1/118766,БПЛА на Пісківку
2026-05-27,14,Бориспільський,Бориспіль,2026-05-27T11:07:26+03:00,2026-05-28T23:51:46+03:00,36.7,11,23,118792,https://t.me/kievreal1/118792,"Внаслідок зіткнення автобуса та легкового авто у Борисполі загинула людина, — ДСНС В автобусі було 17 пасажирів, з них трьох госпіталізувал…"
2026-05-27,15,Бориспільський,Бориспіль,2026-05-27T11:07:26+03:00,2026-05-28T23:51:46+03:00,36.7,11,23,118795,https://t.me/kievreal1/118795,"Внаслідок зіткнення автобуса та легкового авто у Борисполі загинула людина, — ДСНС В автобусі було 17 пасажирів, з них трьох госпіталізувал…"
2026-05-27,17,Вишгородський,Чорнобиль,2026-05-27T11:07:26+03:00,2026-05-28T23:51:46+03:00,36.7,11,23,118801,https://t.me/kievreal1/118801,Тридцять вцілілих експонатів знайшли під завалами Національного музею «Чорнобиль» Їх дістали з-під тонн бетону на третій день після атаки 2…
2026-05-27,22,Вишгородський,Димер,2026-05-27T11:07:26+03:00,2026-05-28T23:51:46+03:00,36.7,11,23,118822,https://t.me/kievreal1/118822,Димер
2026-05-27,8,Броварський,Бровари,2026-05-27T11:07:26+03:00,2026-05-28T23:51:46+03:00,36.7,11,23,118830,https://t.me/kievreal1/118830,"Моторошна автотроща у Броварах, в напрямку Києву За наявною інформацією, зіткнулися три автомобілі. Є постраждалі, інформація про загиблих …"
2026-05-29,4,Вишгородський,Страхолісся,2026-05-29T04:17:56+03:00,2026-05-29T05:44:06+03:00,1.4,4,5,118909,https://t.me/kievreal1/118909,"2 БПЛА біля Іванкова, 1 на Страхолісся"
2026-05-29,18,Броварський,Бровари,2026-05-29T18:07:26+03:00,2026-05-29T18:32:06+03:00,0.4,18,18,118962,https://t.me/kievreal1/118962,🤯 В Броварах в багатоповерхівку влучив БпЛА-імітатор. Тривога не була оголошена
2026-05-29,18,Броварський,Броварський,2026-05-29T18:56:16+03:00,2026-05-29T20:11:26+03:00,1.3,18,20,118970,https://t.me/kievreal1/118970,🚨 КИЇВСЬКА ОБЛАСТЬ - ОГОЛОШЕНА ПОВІТРЯНА ТРИВОГА Броварський та Бориспільський райони — загроза через БпЛА з Чернігівщини
2026-05-29,18,Бориспільський,Бориспільський,2026-05-29T18:56:16+03:00,2026-05-29T20:11:26+03:00,1.3,18,20,118970,https://t.me/kievreal1/118970,🚨 КИЇВСЬКА ОБЛАСТЬ - ОГОЛОШЕНА ПОВІТРЯНА ТРИВОГА Броварський та Бориспільський райони — загроза через БпЛА з Чернігівщини
2026-05-29,19,Обухівський,Ржищів,2026-05-29T18:56:16+03:00,2026-05-29T20:11:26+03:00,1.3,18,20,118973,https://t.me/kievreal1/118973,БпЛА на Ржищів з південного напрямку P.S про рух шахедів в онлайн-режимі пишуть тут – t.me/tryvoga_kyiv
2026-05-29,19,Обухівський,Васильків,2026-05-29T18:56:16+03:00,2026-05-29T20:11:26+03:00,1.3,18,20,118981,https://t.me/kievreal1/118981,Один БпЛА прямує з південного напрямку на Васильків
2026-05-29,19,Білоцерківський,Білоцерківський,2026-05-29T18:56:16+03:00,2026-05-29T20:11:26+03:00,1.3,18,20,118983,https://t.me/kievreal1/118983,Білоцерківський район — уважно!
2026-05-29,19,Білоцерківський,Білоцерківський,2026-05-29T18:56:16+03:00,2026-05-29T20:11:26+03:00,1.3,18,20,118985,https://t.me/kievreal1/118985,Білоцерківський район — уважно!
2026-05-29,19,Бориспільський,Переяслав,2026-05-29T18:56:16+03:00,2026-05-29T20:11:26+03:00,1.3,18,20,118988,https://t.me/kievreal1/118988,В районі Переяслава
2026-05-29,19,Обухівський,Кагарлик,2026-05-29T18:56:16+03:00,2026-05-29T20:11:26+03:00,1.3,18,20,118990,https://t.me/kievreal1/118990,На Кагарлик зі східного напрямку
2026-05-29,19,Обухівський,Ржищів,2026-05-29T18:56:16+03:00,2026-05-29T20:11:26+03:00,1.3,18,20,118992,https://t.me/kievreal1/118992,Ржищів - крилаті
2026-05-29,19,Обухівський,Ржищів,2026-05-29T18:56:16+03:00,2026-05-29T20:11:26+03:00,1.3,18,20,118993,https://t.me/kievreal1/118993,Ржищів - крилаті
2026-05-29,19,Фастівський,Фастів,2026-05-29T18:56:16+03:00,2026-05-29T20:11:26+03:00,1.3,18,20,118994,https://t.me/kievreal1/118994,"Фастів, Біла Церква"
2026-05-29,19,Білоцерківський,Біла Церква,2026-05-29T18:56:16+03:00,2026-05-29T20:11:26+03:00,1.3,18,20,118994,https://t.me/kievreal1/118994,"Фастів, Біла Церква"
2026-05-29,19,Обухівський,Васильків,2026-05-29T18:56:16+03:00,2026-05-29T20:11:26+03:00,1.3,18,20,118995,https://t.me/kievreal1/118995,Васильків
2026-05-29,19,Білоцерківський,Біла Церква,2026-05-29T18:56:16+03:00,2026-05-29T20:11:26+03:00,1.3,18,20,118999,https://t.me/kievreal1/118999,Біла Церква !
2026-05-29,19,Обухівський,Обухів,2026-05-29T18:56:16+03:00,2026-05-29T20:11:26+03:00,1.3,18,20,119000,https://t.me/kievreal1/119000,Обухів - увага теж
2026-05-29,19,Білоцерківський,Біла Церква,2026-05-29T18:56:16+03:00,2026-05-29T20:11:26+03:00,1.3,18,20,119004,https://t.me/kievreal1/119004,Біла Церква - заходять ракети
2026-05-29,19,Білоцерківський,Біла Церква,2026-05-29T18:56:16+03:00,2026-05-29T20:11:26+03:00,1.3,18,20,119005,https://t.me/kievreal1/119005,Біла Церква - заходять ракети
2026-05-29,19,Фастівський,Фастів,2026-05-29T18:56:16+03:00,2026-05-29T20:11:26+03:00,1.3,18,20,119006,https://t.me/kievreal1/119006,Фастів - ракета
2026-05-29,19,Обухівський,Обухів,2026-05-29T18:56:16+03:00,2026-05-29T20:11:26+03:00,1.3,18,20,119007,https://t.me/kievreal1/119007,Обухів - теж в укриттях
2026-05-29,20,Обухівський,Обухів,2026-05-29T18:56:16+03:00,2026-05-29T20:11:26+03:00,1.3,18,20,119009,https://t.me/kievreal1/119009,Обухів - теж в укриттях
2026-05-29,22,Броварський,Броварський,2026-05-29T22:55:06+03:00,2026-05-29T23:26:16+03:00,0.5,22,23,119018,https://t.me/kievreal1/119018,🚨 КИЇВСЬКА ОБЛАСТЬ - ОГОЛОШЕНА ПОВІТРЯНА ТРИВОГА Броварський та Бориспільський райони – реактивний БпЛА з Чернігівщини на Яготин/ Пирятин.
2026-05-29,22,Бориспільський,Бориспільський,2026-05-29T22:55:06+03:00,2026-05-29T23:26:16+03:00,0.5,22,23,119018,https://t.me/kievreal1/119018,🚨 КИЇВСЬКА ОБЛАСТЬ - ОГОЛОШЕНА ПОВІТРЯНА ТРИВОГА Броварський та Бориспільський райони – реактивний БпЛА з Чернігівщини на Яготин/ Пирятин.
2026-05-29,22,Бориспільський,Яготин,2026-05-29T22:55:06+03:00,2026-05-29T23:26:16+03:00,0.5,22,23,119018,https://t.me/kievreal1/119018,🚨 КИЇВСЬКА ОБЛАСТЬ - ОГОЛОШЕНА ПОВІТРЯНА ТРИВОГА Броварський та Бориспільський райони – реактивний БпЛА з Чернігівщини на Яготин/ Пирятин.
2026-05-31,2,Вишгородський,Славутич,2026-05-31T02:10:36+03:00,2026-05-31T03:20:56+03:00,1.2,2,3,119075,https://t.me/kievreal1/119075,БпЛА повз Припʼять БпЛА повз Славутич
2026-05-31,9,Бучанський,Бородянка,2026-05-31T04:04:56+03:00,2026-05-31T10:32:56+03:00,6.5,4,10,119083,https://t.me/kievreal1/119083,2 БПЛА на Бородянку
2026-05-31,15,Бучанський,Бородянка,2026-05-31T14:02:46+03:00,2026-05-31T16:02:06+03:00,2.0,14,16,119092,https://t.me/kievreal1/119092,БПЛА в бік Бородянки
2026-06-01,12,Вишгородський,Вишгородський,2026-06-01T12:20:26+03:00,2026-06-01T13:11:36+03:00,0.9,12,13,119119,https://t.me/kievreal1/119119,"🚨 КИЇВСЬКА ОБЛАСТЬ - ОГОЛОШЕНА ПОВІТРЯНА ТРИВОГА Загроза для Вишгородського через декілька БпЛА, ймовірно реактивних, від Славутича"
2026-06-01,12,Вишгородський,Славутич,2026-06-01T12:20:26+03:00,2026-06-01T13:11:36+03:00,0.9,12,13,119119,https://t.me/kievreal1/119119,"🚨 КИЇВСЬКА ОБЛАСТЬ - ОГОЛОШЕНА ПОВІТРЯНА ТРИВОГА Загроза для Вишгородського через декілька БпЛА, ймовірно реактивних, від Славутича"
2026-06-01,12,Вишгородський,Чорнобиль,2026-06-01T12:20:26+03:00,2026-06-01T13:11:36+03:00,0.9,12,13,119120,https://t.me/kievreal1/119120,"Перший в Чорнобильській зоні вже без фіксації, другий на Житомирщину курсує"
2026-06-01,20,Вишгородський,Славутич,2026-06-01T19:59:16+03:00,2026-06-02T04:41:06+03:00,8.7,19,4,119146,https://t.me/kievreal1/119146,"Повз Славутич в Чорнобильську зону / на водосховище курсують 3 БпЛА, ймовірно реактивні Стежити за траєкторією - t.me/kyiv_radar"
2026-06-01,20,Вишгородський,Чорнобиль,2026-06-01T19:59:16+03:00,2026-06-02T04:41:06+03:00,8.7,19,4,119146,https://t.me/kievreal1/119146,"Повз Славутич в Чорнобильську зону / на водосховище курсують 3 БпЛА, ймовірно реактивні Стежити за траєкторією - t.me/kyiv_radar"
2026-06-01,20,Вишгородський,Димер,2026-06-01T19:59:16+03:00,2026-06-02T04:41:06+03:00,8.7,19,4,119147,https://t.me/kievreal1/119147,На Димер курсом. Зараз в області 2 БпЛА
2026-06-01,20,Вишгородський,Димер,2026-06-01T19:59:16+03:00,2026-06-02T04:41:06+03:00,8.7,19,4,119149,https://t.me/kievreal1/119149,На Димер курсом. Зараз в області 2 БпЛА
2026-06-01,20,Бучанський,Буча,2026-06-01T19:59:16+03:00,2026-06-02T04:41:06+03:00,8.7,19,4,119150,https://t.me/kievreal1/119150,"Загалом їх 4. Буча / Ірпінь / Гостомель - теж уважно! Про всяк випадок, радимо підписатись на наш резерв, якщо ворог здійснюватиме атаки в …"
2026-06-01,20,Бучанський,Ірпінь,2026-06-01T19:59:16+03:00,2026-06-02T04:41:06+03:00,8.7,19,4,119150,https://t.me/kievreal1/119150,"Загалом їх 4. Буча / Ірпінь / Гостомель - теж уважно! Про всяк випадок, радимо підписатись на наш резерв, якщо ворог здійснюватиме атаки в …"
2026-06-01,20,Бучанський,Гостомель,2026-06-01T19:59:16+03:00,2026-06-02T04:41:06+03:00,8.7,19,4,119150,https://t.me/kievreal1/119150,"Загалом їх 4. Буча / Ірпінь / Гостомель - теж уважно! Про всяк випадок, радимо підписатись на наш резерв, якщо ворог здійснюватиме атаки в …"
2026-06-01,20,Вишгородський,Вишгород,2026-06-01T19:59:16+03:00,2026-06-02T04:41:06+03:00,8.7,19,4,119152,https://t.me/kievreal1/119152,На Вишгород із заходу
2026-06-01,20,Бучанський,Чайки,2026-06-01T19:59:16+03:00,2026-06-02T04:41:06+03:00,8.7,19,4,119157,https://t.me/kievreal1/119157,Чайки
2026-06-01,20,Бучанський,Вишневе,2026-06-01T19:59:16+03:00,2026-06-02T04:41:06+03:00,8.7,19,4,119159,https://t.me/kievreal1/119159,Вишневе - до вас
2026-06-01,20,Вишгородський,Лебедівка,2026-06-01T19:59:16+03:00,2026-06-02T04:41:06+03:00,8.7,19,4,119160,https://t.me/kievreal1/119160,Лебедівка - до вас другий
2026-06-01,20,Вишгородський,Хотянівка,2026-06-01T19:59:16+03:00,2026-06-02T04:41:06+03:00,8.7,19,4,119161,https://t.me/kievreal1/119161,"Хотянівка, Чайки - обережно"
2026-06-01,20,Бучанський,Чайки,2026-06-01T19:59:16+03:00,2026-06-02T04:41:06+03:00,8.7,19,4,119161,https://t.me/kievreal1/119161,"Хотянівка, Чайки - обережно"
2026-06-01,21,Вишгородський,Славутич,2026-06-01T19:59:16+03:00,2026-06-02T04:41:06+03:00,8.7,19,4,119168,https://t.me/kievreal1/119168,Знову реактивний БпЛА поблизу Славутича UPD не спостерігається
2026-06-01,21,Бучанський,Бородянка,2026-06-01T19:59:16+03:00,2026-06-02T04:41:06+03:00,8.7,19,4,119170,https://t.me/kievreal1/119170,1 на Бородянку. Іванків – теж уважно
2026-06-01,21,Вишгородський,Іванків,2026-06-01T19:59:16+03:00,2026-06-02T04:41:06+03:00,8.7,19,4,119170,https://t.me/kievreal1/119170,1 на Бородянку. Іванків – теж уважно
2026-06-01,21,Бучанський,Бородянка,2026-06-01T19:59:16+03:00,2026-06-02T04:41:06+03:00,8.7,19,4,119171,https://t.me/kievreal1/119171,1 на Бородянку. Іванків – теж уважно
2026-06-01,21,Вишгородський,Іванків,2026-06-01T19:59:16+03:00,2026-06-02T04:41:06+03:00,8.7,19,4,119171,https://t.me/kievreal1/119171,1 на Бородянку. Іванків – теж уважно
2026-06-01,21,Вишгородський,Вишгород,2026-06-01T19:59:16+03:00,2026-06-02T04:41:06+03:00,8.7,19,4,119174,https://t.me/kievreal1/119174,"На Петрівці / Вишгород курсом, тому тривога у столиці"
2026-06-01,21,Вишгородський,Вишгород,2026-06-01T19:59:16+03:00,2026-06-02T04:41:06+03:00,8.7,19,4,119175,https://t.me/kievreal1/119175,"На Петрівці / Вишгород курсом, тому тривога у столиці"
2026-06-01,23,Вишгородський,Димер,2026-06-01T19:59:16+03:00,2026-06-02T04:41:06+03:00,8.7,19,4,119180,https://t.me/kievreal1/119180,"1 БпЛА на Димер upd: Збили, без фіксації"
2026-06-01,0,Вишгородський,Чорнобиль,2026-06-01T19:59:16+03:00,2026-06-02T04:41:06+03:00,8.7,19,4,119184,https://t.me/kievreal1/119184,2 БпЛА на Чорнобиль 7 БпЛА на Красятичі upd: Ймовірно йдуть транзитом на Житомирщину
2026-06-01,1,Вишгородський,Димер,2026-06-01T19:59:16+03:00,2026-06-02T04:41:06+03:00,8.7,19,4,119189,https://t.me/kievreal1/119189,1 БпЛА на Димер
2026-06-01,2,Вишгородський,Вишгород,2026-06-01T19:59:16+03:00,2026-06-02T04:41:06+03:00,8.7,19,4,119200,https://t.me/kievreal1/119200,Вишгород в укриттях
2026-06-01,3,Бучанський,Софіївська Борщагівка,2026-06-01T19:59:16+03:00,2026-06-02T04:41:06+03:00,8.7,19,4,119222,https://t.me/kievreal1/119222,Київ : 1 БпЛА на Бучу 1 БпЛА на Голосіїв 1 БпЛА на Лукʼянівку 1 БпЛА на Шулявку 3 БпЛА на Софіївську Борщагівку 1 БпЛА на Відрадний 1 БпЛА …
2026-06-01,3,Обухівський,Васильків,2026-06-01T19:59:16+03:00,2026-06-02T04:41:06+03:00,8.7,19,4,119222,https://t.me/kievreal1/119222,Київ : 1 БпЛА на Бучу 1 БпЛА на Голосіїв 1 БпЛА на Лукʼянівку 1 БпЛА на Шулявку 3 БпЛА на Софіївську Борщагівку 1 БпЛА на Відрадний 1 БпЛА …
2026-06-01,3,Вишгородський,Димер,2026-06-01T19:59:16+03:00,2026-06-02T04:41:06+03:00,8.7,19,4,119231,https://t.me/kievreal1/119231,2 БпЛА на Димер
2026-06-01,3,Вишгородський,Жукин,2026-06-01T19:59:16+03:00,2026-06-02T04:41:06+03:00,8.7,19,4,119234,https://t.me/kievreal1/119234,1 БпЛА на Жукин 2 БпЛА на Київ
2026-06-01,3,Обухівський,Васильків,2026-06-01T19:59:16+03:00,2026-06-02T04:41:06+03:00,8.7,19,4,119238,https://t.me/kievreal1/119238,3х Групи КР курсом на Васильків Група КР курсом на Трипілля
2026-06-01,3,Обухівський,Васильків,2026-06-01T19:59:16+03:00,2026-06-02T04:41:06+03:00,8.7,19,4,119239,https://t.me/kievreal1/119239,3х Групи КР курсом на Васильків Група КР курсом на Обухів 3х Групи КР курсом на Білу Церкву
2026-06-01,3,Обухівський,Обухів,2026-06-01T19:59:16+03:00,2026-06-02T04:41:06+03:00,8.7,19,4,119239,https://t.me/kievreal1/119239,3х Групи КР курсом на Васильків Група КР курсом на Обухів 3х Групи КР курсом на Білу Церкву
2026-06-01,3,Обухівський,Васильків,2026-06-01T19:59:16+03:00,2026-06-02T04:41:06+03:00,8.7,19,4,119242,https://t.me/kievreal1/119242,3х Групи КР курсом на Київ 3х Групи КР курсом на Васильків
2026-06-01,3,Обухівський,Васильків,2026-06-01T19:59:16+03:00,2026-06-02T04:41:06+03:00,8.7,19,4,119244,https://t.me/kievreal1/119244,Група КР курсом на Київ 3х Групи КР курсом на Васильків 👉
2026-06-01,3,Бучанський,Вишневе,2026-06-01T19:59:16+03:00,2026-06-02T04:41:06+03:00,8.7,19,4,119247,https://t.me/kievreal1/119247,Група КР курсом на Вишневе
2026-06-02,5,Бориспільський,Березань,2026-06-02T04:56:16+03:00,2026-06-02T13:28:16+03:00,8.5,4,13,119277,https://t.me/kievreal1/119277,1 БпЛА на Березань
2026-06-02,5,Бориспільський,Бориспіль,2026-06-02T04:56:16+03:00,2026-06-02T13:28:16+03:00,8.5,4,13,119278,https://t.me/kievreal1/119278,1 БпЛА на Бориспіль
2026-06-02,6,Бучанський,Бучанський,2026-06-02T04:56:16+03:00,2026-06-02T13:28:16+03:00,8.5,4,13,119282,https://t.me/kievreal1/119282,"❗️ Усю ніч ворог масовано атакував Київщину дронами, крилатими ракетами та балістикою. Під ударом знову опинилися наші мирні міста і села, …"
2026-06-02,6,Обухівський,Обухівський,2026-06-02T04:56:16+03:00,2026-06-02T13:28:16+03:00,8.5,4,13,119282,https://t.me/kievreal1/119282,"❗️ Усю ніч ворог масовано атакував Київщину дронами, крилатими ракетами та балістикою. Під ударом знову опинилися наші мирні міста і села, …"
2026-06-02,6,Фастівський,Фастівський,2026-06-02T04:56:16+03:00,2026-06-02T13:28:16+03:00,8.5,4,13,119282,https://t.me/kievreal1/119282,"❗️ Усю ніч ворог масовано атакував Київщину дронами, крилатими ракетами та балістикою. Під ударом знову опинилися наші мирні міста і села, …"
2026-06-02,6,Вишгородський,Вишгородський,2026-06-02T04:56:16+03:00,2026-06-02T13:28:16+03:00,8.5,4,13,119282,https://t.me/kievreal1/119282,"❗️ Усю ніч ворог масовано атакував Київщину дронами, крилатими ракетами та балістикою. Під ударом знову опинилися наші мирні міста і села, …"
2026-06-02,6,Бучанський,Бучанський,2026-06-02T04:56:16+03:00,2026-06-02T13:28:16+03:00,8.5,4,13,119285,https://t.me/kievreal1/119285,❗️ Київщина : рятувальники ліквідовують наслідки ударів ракет і БпЛА Внаслідок падіння уламків та влучань виникли пожежі у житловому сектор…
2026-06-02,6,Бучанський,Софіївська Борщагівка,2026-06-02T04:56:16+03:00,2026-06-02T13:28:16+03:00,8.5,4,13,119285,https://t.me/kievreal1/119285,❗️ Київщина : рятувальники ліквідовують наслідки ударів ракет і БпЛА Внаслідок падіння уламків та влучань виникли пожежі у житловому сектор…
2026-06-02,6,Фастівський,Крюківщина,2026-06-02T04:56:16+03:00,2026-06-02T13:28:16+03:00,8.5,4,13,119285,https://t.me/kievreal1/119285,❗️ Київщина : рятувальники ліквідовують наслідки ударів ракет і БпЛА Внаслідок падіння уламків та влучань виникли пожежі у житловому сектор…
2026-06-02,6,Фастівський,Фастівський,2026-06-02T04:56:16+03:00,2026-06-02T13:28:16+03:00,8.5,4,13,119285,https://t.me/kievreal1/119285,❗️ Київщина : рятувальники ліквідовують наслідки ударів ракет і БпЛА Внаслідок падіння уламків та влучань виникли пожежі у житловому сектор…
2026-06-02,6,Вишгородський,Вишгородський,2026-06-02T04:56:16+03:00,2026-06-02T13:28:16+03:00,8.5,4,13,119285,https://t.me/kievreal1/119285,❗️ Київщина : рятувальники ліквідовують наслідки ударів ракет і БпЛА Внаслідок падіння уламків та влучань виникли пожежі у житловому сектор…
2026-06-02,6,Вишгородський,Димер,2026-06-02T04:56:16+03:00,2026-06-02T13:28:16+03:00,8.5,4,13,119296,https://t.me/kievreal1/119296,1 БпЛА на Димер
2026-06-02,12,Бучанський,Коцюбинське,2026-06-02T04:56:16+03:00,2026-06-02T13:28:16+03:00,8.5,4,13,119348,https://t.me/kievreal1/119348,Масштабна пожежа спалахнула у Коцюбинському
2026-06-02,12,Бучанський,Гостомель,2026-06-02T04:56:16+03:00,2026-06-02T13:28:16+03:00,8.5,4,13,119358,https://t.me/kievreal1/119358,"В районі Гостомеля БпЛА виліз, курсом на Оболонь йде P.S про рух шахедів в онлайн-режимі пишуть тут – t.me/tryvoga_kyiv"
2026-06-02,13,Бучанський,Вишневе,2026-06-02T04:56:16+03:00,2026-06-02T13:28:16+03:00,8.5,4,13,119367,https://t.me/kievreal1/119367,Один на Вишневе звернув
2026-06-02,13,Вишгородський,Вишгород,2026-06-02T04:56:16+03:00,2026-06-02T13:28:16+03:00,8.5,4,13,119368,https://t.me/kievreal1/119368,Ще один через Вишгород! За рухом шахедів в онлайн-режимі стежити тут – t.me/tryvoga_kyiv
2026-06-02,13,Бучанський,Борщагівка,2026-06-02T04:56:16+03:00,2026-06-02T13:28:16+03:00,8.5,4,13,119369,https://t.me/kievreal1/119369,Борщагівки - обережно! Маневрують
2026-06-02,13,Бучанський,Борщагівка,2026-06-02T04:56:16+03:00,2026-06-02T13:28:16+03:00,8.5,4,13,119372,https://t.me/kievreal1/119372,БпЛА на Нивки від Борщагівки
2026-06-02,16,Вишгородський,Вишгородський,2026-06-02T16:15:06+03:00,2026-06-02T17:02:06+03:00,0.8,16,17,119406,https://t.me/kievreal1/119406,🚨 КИЇВСЬКА ОБЛАСТЬ - ОГОЛОШЕНА ПОВІТРЯНА ТРИВОГА Загроза для Вишгородського району через БпЛА в зону.
2026-06-02,18,Вишгородський,Іванків,2026-06-02T18:24:26+03:00,2026-06-02T18:38:36+03:00,0.2,18,18,119417,https://t.me/kievreal1/119417,Курсом на Іванків
2026-06-02,21,Броварський,Бровари,2026-06-02T21:14:26+03:00,2026-06-02T22:12:16+03:00,1.0,21,22,119424,https://t.me/kievreal1/119424,БпЛА на район Броварів Стежити за рухом БпЛА в області – t.me/kyiv
2026-06-02,21,Броварський,Бровари,2026-06-02T21:14:26+03:00,2026-06-02T22:12:16+03:00,1.0,21,22,119426,https://t.me/kievreal1/119426,Підлітає до Броварів! Далі ймовірно на Київ курсуватиме
2026-06-02,21,Бориспільський,Бориспіль,2026-06-02T21:14:26+03:00,2026-06-02T22:12:16+03:00,1.0,21,22,119427,https://t.me/kievreal1/119427,Перший на Бориспіль йде. Другий вже заходить в область теж
2026-06-02,21,Бориспільський,Бориспіль,2026-06-02T21:14:26+03:00,2026-06-02T22:12:16+03:00,1.0,21,22,119428,https://t.me/kievreal1/119428,Перший на Бориспіль йде. Другий вже заходить в область теж
2026-06-02,21,Бориспільський,Бориспіль,2026-06-02T21:14:26+03:00,2026-06-02T22:12:16+03:00,1.0,21,22,119429,https://t.me/kievreal1/119429,"Конча-Заспа - до вас, другий в бік Борисполя вже Стежити за рухом БпЛА в області – t.me/kyiv"
2026-06-02,21,Обухівський,Українка,2026-06-02T21:14:26+03:00,2026-06-02T22:12:16+03:00,1.0,21,22,119430,https://t.me/kievreal1/119430,Другий тим же маршрутом в бік Трипілля / Українки. Перший на Васильків
2026-06-02,21,Обухівський,Васильків,2026-06-02T21:14:26+03:00,2026-06-02T22:12:16+03:00,1.0,21,22,119430,https://t.me/kievreal1/119430,Другий тим же маршрутом в бік Трипілля / Українки. Перший на Васильків
2026-06-02,21,Вишгородський,Славутич,2026-06-02T21:14:26+03:00,2026-06-02T22:12:16+03:00,1.0,21,22,119431,https://t.me/kievreal1/119431,Від Славутича в бік водосховища іде ще один. Перший вже без фіксації
2026-06-02,21,Бучанський,Макарів,2026-06-02T21:14:26+03:00,2026-06-02T22:12:16+03:00,1.0,21,22,119432,https://t.me/kievreal1/119432,На Макарів від Василькова
2026-06-02,21,Вишгородський,Чорнобиль,2026-06-02T21:14:26+03:00,2026-06-02T22:12:16+03:00,1.0,21,22,119434,https://t.me/kievreal1/119434,БпЛА від Чорнобильської зони рухається у західному напрямку
2026-06-03,0,Броварський,Згурівка,2026-06-03T00:37:06+03:00,2026-06-03T01:03:46+03:00,0.4,0,1,119440,https://t.me/kievreal1/119440,БПЛА на Згурівку
2026-06-03,4,Вишгородський,Славутич,2026-06-03T04:03:56+03:00,2026-06-03T05:41:56+03:00,1.6,4,5,119446,https://t.me/kievreal1/119446,Реактивний БПЛА на Славутич Чернігівщини
2026-06-03,23,Броварський,Згурівка,2026-06-03T16:51:56+03:00,2026-06-04T01:21:06+03:00,8.5,16,1,119499,https://t.me/kievreal1/119499,1 БпЛА на Згурівку
2026-06-03,0,Бориспільський,Яготин,2026-06-03T16:51:56+03:00,2026-06-04T01:21:06+03:00,8.5,16,1,119505,https://t.me/kievreal1/119505,БПЛА на Яготин
2026-06-03,0,Бориспільський,Переяслав,2026-06-03T16:51:56+03:00,2026-06-04T01:21:06+03:00,8.5,16,1,119507,https://t.me/kievreal1/119507,1 на Переяслав
2026-06-03,0,Обухівський,Українка,2026-06-03T16:51:56+03:00,2026-06-04T01:21:06+03:00,8.5,16,1,119508,https://t.me/kievreal1/119508,1 БпЛА на Українку
2026-06-04,6,Бориспільський,Бориспільський,2026-06-04T05:31:56+03:00,2026-06-04T09:59:56+03:00,4.5,5,9,119513,https://t.me/kievreal1/119513,"❗️ На Київщині триває ліквідація пожежі на об’єкті інфраструктури, що виникла внаслідок атаки російських БпЛА Вночі під ударом опинився про…"
2026-06-04,7,Броварський,Бобровиця,2026-06-04T05:31:56+03:00,2026-06-04T09:59:56+03:00,4.5,5,9,119520,https://t.me/kievreal1/119520,БПЛА на Бобровицю
2026-06-04,8,Броварський,Бровари,2026-06-04T05:31:56+03:00,2026-06-04T09:59:56+03:00,4.5,5,9,119523,https://t.me/kievreal1/119523,Реактивний БПЛА на Бровари
2026-06-04,14,Броварський,Бровари,2026-06-04T14:45:46+03:00,2026-06-04T19:42:56+03:00,5.0,14,19,119544,https://t.me/kievreal1/119544,Бровари уважно
2026-06-04,14,Броварський,Згурівка,2026-06-04T14:45:46+03:00,2026-06-04T19:42:56+03:00,5.0,14,19,119545,https://t.me/kievreal1/119545,Згурівка
2026-06-04,15,Бориспільський,Переяслав,2026-06-04T14:45:46+03:00,2026-06-04T19:42:56+03:00,5.0,14,19,119546,https://t.me/kievreal1/119546,Переяслав/Баришівка
2026-06-04,15,Броварський,Баришівка,2026-06-04T14:45:46+03:00,2026-06-04T19:42:56+03:00,5.0,14,19,119546,https://t.me/kievreal1/119546,Переяслав/Баришівка
2026-06-04,16,Фастівський,Фастів,2026-06-04T14:45:46+03:00,2026-06-04T19:42:56+03:00,5.0,14,19,119549,https://t.me/kievreal1/119549,"Вбив жінку і побратима, ще в одного стріляв двічі: на Київщині затримали військовослужбовця Трагедія сталася на Фастівщині. Встановлено, що…"
2026-06-05,0,Бориспільський,Бориспільський,2026-06-05T00:01:56+03:00,2026-06-05T02:28:16+03:00,2.4,0,2,119571,https://t.me/kievreal1/119571,❗️ На Київщині рятувальники вдруге за добу ліквідовували наслідки ворожої атаки в Бориспільському районі Після нічного удару пожежу на об’є…
2026-06-05,7,Броварський,Згурівка,2026-06-05T07:53:56+03:00,2026-06-05T08:15:36+03:00,0.4,7,8,119584,https://t.me/kievreal1/119584,Шахед на Згурівку
2026-06-05,8,Броварський,Згурівка,2026-06-05T07:53:56+03:00,2026-06-05T08:15:36+03:00,0.4,7,8,119585,https://t.me/kievreal1/119585,Шахед на Згурівку
2026-06-05,14,Бучанський,Макарів,2026-06-05T14:00:36+03:00,2026-06-05T14:19:36+03:00,0.3,14,14,119611,https://t.me/kievreal1/119611,На Макарів курсом Слідкувати за рухом БпЛА в області – t.me/tryvoga_kyiv
2026-06-05,22,Бориспільський,Яготин,2026-06-05T22:23:06+03:00,2026-06-05T22:45:56+03:00,0.4,22,22,119660,https://t.me/kievreal1/119660,🚨 КИЇВСЬКА ОБЛАСТЬ - ОГОЛОШЕНА ПОВІТРЯНА ТРИВОГА БпЛА курсом на Яготин
2026-06-05,22,Броварський,Згурівка,2026-06-05T22:23:06+03:00,2026-06-05T22:45:56+03:00,0.4,22,22,119662,https://t.me/kievreal1/119662,БпЛА тримає курс на Згурівку
2026-06-05,22,Броварський,Згурівка,2026-06-05T22:23:06+03:00,2026-06-05T22:45:56+03:00,0.4,22,22,119663,https://t.me/kievreal1/119663,БпЛА тримає курс на Згурівку
2026-06-06,5,Вишгородський,Чорнобиль,2026-06-06T05:10:16+03:00,2026-06-06T05:43:36+03:00,0.6,5,5,119667,https://t.me/kievreal1/119667,1 БпЛА на Чорнобиль
2026-06-06,5,Броварський,Калита,2026-06-06T05:10:16+03:00,2026-06-06T05:43:36+03:00,0.6,5,5,119668,https://t.me/kievreal1/119668,1 БпЛА на Калиту
2026-06-06,7,Вишгородський,Чорнобиль,2026-06-06T07:16:46+03:00,2026-06-06T09:13:56+03:00,2.0,7,9,119671,https://t.me/kievreal1/119671,1 БпЛА на Чорнобиль
2026-06-06,7,Вишгородський,Чорнобиль,2026-06-06T07:16:46+03:00,2026-06-06T09:13:56+03:00,2.0,7,9,119672,https://t.me/kievreal1/119672,Наразі 2 БпЛА в межах Чорнобильської зони
2026-06-06,8,Вишгородський,Вишгородський,2026-06-06T07:16:46+03:00,2026-06-06T09:13:56+03:00,2.0,7,9,119674,https://t.me/kievreal1/119674,"В Іванкові Вишгородського району будують підземну школу для 570 учнів В ОВА розповіли, що це буде не лише укриття , а повноцінний освітній …"
2026-06-06,18,Броварський,Бобровиця,2026-06-06T18:41:56+03:00,2026-06-06T19:31:06+03:00,0.8,18,19,119724,https://t.me/kievreal1/119724,БпЛА від Бобровиці Чернігівської області курсом на Броварський район Про рух шахедів пишуть тут – t.me/tryvoga_kyiv 👉
2026-06-06,18,Броварський,Броварський,2026-06-06T18:41:56+03:00,2026-06-06T19:31:06+03:00,0.8,18,19,119724,https://t.me/kievreal1/119724,БпЛА від Бобровиці Чернігівської області курсом на Броварський район Про рух шахедів пишуть тут – t.me/tryvoga_kyiv 👉
2026-06-06,21,Вишгородський,Вишгородський,2026-06-06T21:05:26+03:00,2026-06-06T23:07:36+03:00,2.0,21,23,119728,https://t.me/kievreal1/119728,🚨 КИЇВСЬКА ОБЛАСТЬ - ОГОЛОШЕНА ПОВІТРЯНА ТРИВОГА Загроза для Вишгородського району через БпЛА в Чорнобильську зону
2026-06-06,21,Вишгородський,Чорнобиль,2026-06-06T21:05:26+03:00,2026-06-06T23:07:36+03:00,2.0,21,23,119728,https://t.me/kievreal1/119728,🚨 КИЇВСЬКА ОБЛАСТЬ - ОГОЛОШЕНА ПОВІТРЯНА ТРИВОГА Загроза для Вишгородського району через БпЛА в Чорнобильську зону
2026-06-07,1,Вишгородський,Димер,2026-06-07T01:09:36+03:00,2026-06-07T03:55:16+03:00,2.8,1,3,119737,https://t.me/kievreal1/119737,БпЛА курсом на Димер
2026-06-07,1,Бучанський,Пісківка,2026-06-07T01:09:36+03:00,2026-06-07T03:55:16+03:00,2.8,1,3,119738,https://t.me/kievreal1/119738,1 БПЛА на Пісківку зі сходу
2026-06-07,2,Вишгородський,Чорнобиль,2026-06-07T01:09:36+03:00,2026-06-07T03:55:16+03:00,2.8,1,3,119741,https://t.me/kievreal1/119741,БпЛА курсом на Чорнобиль
2026-06-07,3,Вишгородський,Чорнобиль,2026-06-07T01:09:36+03:00,2026-06-07T03:55:16+03:00,2.8,1,3,119742,https://t.me/kievreal1/119742,6 БПЛА на Чорнобиль від Славутича
2026-06-07,3,Вишгородський,Славутич,2026-06-07T01:09:36+03:00,2026-06-07T03:55:16+03:00,2.8,1,3,119742,https://t.me/kievreal1/119742,6 БПЛА на Чорнобиль від Славутича
2026-06-07,3,Броварський,Бровари,2026-06-07T01:09:36+03:00,2026-06-07T03:55:16+03:00,2.8,1,3,119743,https://t.me/kievreal1/119743,2х БпЛА курсом на Бровари БпЛА курсом на Чорнобиль
2026-06-07,3,Вишгородський,Чорнобиль,2026-06-07T01:09:36+03:00,2026-06-07T03:55:16+03:00,2.8,1,3,119743,https://t.me/kievreal1/119743,2х БпЛА курсом на Бровари БпЛА курсом на Чорнобиль
2026-06-07,3,Броварський,Калита,2026-06-07T01:09:36+03:00,2026-06-07T03:55:16+03:00,2.8,1,3,119744,https://t.me/kievreal1/119744,"2 БПЛА на Гоголів, 1 на Калиту, 2 на Припʼять"
2026-06-07,3,Бориспільський,Бориспіль,2026-06-07T01:09:36+03:00,2026-06-07T03:55:16+03:00,2.8,1,3,119745,https://t.me/kievreal1/119745,БПЛА на Бориспіль
2026-06-07,3,Броварський,Велика Димерка,2026-06-07T01:09:36+03:00,2026-06-07T03:55:16+03:00,2.8,1,3,119747,https://t.me/kievreal1/119747,"1 БПЛА на Велику Димерку, 1 підлітає до Києва"
2026-06-08,0,Бориспільський,Бориспіль,2026-06-08T00:42:26+03:00,2026-06-08T01:28:36+03:00,0.8,0,1,119781,https://t.me/kievreal1/119781,2 реактивні БПЛА зі сходу на Бориспіль
2026-06-08,0,Бориспільський,Березань,2026-06-08T00:42:26+03:00,2026-06-08T01:28:36+03:00,0.8,0,1,119783,https://t.me/kievreal1/119783,БпЛА курсом на Березань БпЛА курсом на Баришівку
2026-06-08,0,Броварський,Баришівка,2026-06-08T00:42:26+03:00,2026-06-08T01:28:36+03:00,0.8,0,1,119783,https://t.me/kievreal1/119783,БпЛА курсом на Березань БпЛА курсом на Баришівку
2026-06-08,0,Обухівський,Козин,2026-06-08T00:42:26+03:00,2026-06-08T01:28:36+03:00,0.8,0,1,119784,https://t.me/kievreal1/119784,БпЛА курсом на Козин БпЛА курсом на Велику Димерку
2026-06-08,0,Броварський,Велика Димерка,2026-06-08T00:42:26+03:00,2026-06-08T01:28:36+03:00,0.8,0,1,119784,https://t.me/kievreal1/119784,БпЛА курсом на Козин БпЛА курсом на Велику Димерку
2026-06-08,0,Броварський,Бровари,2026-06-08T00:42:26+03:00,2026-06-08T01:28:36+03:00,0.8,0,1,119785,https://t.me/kievreal1/119785,2х БпЛА курсом на Бровари
2026-06-08,1,Вишгородський,Хотянівка,2026-06-08T00:42:26+03:00,2026-06-08T01:28:36+03:00,0.8,0,1,119787,https://t.me/kievreal1/119787,БпЛА курсом на Хотянівку
2026-06-08,1,Вишгородський,Вишгород,2026-06-08T00:42:26+03:00,2026-06-08T01:28:36+03:00,0.8,0,1,119788,https://t.me/kievreal1/119788,БПЛА в районі Вишгороду
2026-06-08,4,Вишгородський,Славутич,2026-06-08T04:10:26+03:00,2026-06-08T05:31:46+03:00,1.4,4,5,119793,https://t.me/kievreal1/119793,3 керованих БПЛА повз Славутич на водосховище
2026-06-08,4,Вишгородський,Чорнобиль,2026-06-08T04:10:26+03:00,2026-06-08T05:31:46+03:00,1.4,4,5,119794,https://t.me/kievreal1/119794,БпЛА на Чорнобиль
2026-06-08,20,Вишгородський,Славутич,2026-06-08T20:52:56+03:00,2026-06-08T22:15:16+03:00,1.4,20,22,119835,https://t.me/kievreal1/119835,БПЛА на Славутич
2026-06-09,3,Вишгородський,Чорнобиль,2026-06-09T02:54:56+03:00,2026-06-09T05:44:36+03:00,2.8,2,5,119840,https://t.me/kievreal1/119840,2х БпЛА курсом на Чорнобиль
2026-06-09,4,Вишгородський,Чорнобиль,2026-06-09T02:54:56+03:00,2026-06-09T05:44:36+03:00,2.8,2,5,119841,https://t.me/kievreal1/119841,БпЛА курсом на Чорнобиль
2026-06-09,20,Броварський,Калита,2026-06-09T20:05:16+03:00,2026-06-09T22:53:26+03:00,2.8,20,22,119874,https://t.me/kievreal1/119874,🚨 КИЇВСЬКА ОБЛАСТЬ - ОГОЛОШЕНА ПОВІТРЯНА ТРИВОГА БпЛА по межі областей на Калиту/ Велику Димерку
2026-06-09,20,Броварський,Велика Димерка,2026-06-09T20:05:16+03:00,2026-06-09T22:53:26+03:00,2.8,20,22,119874,https://t.me/kievreal1/119874,🚨 КИЇВСЬКА ОБЛАСТЬ - ОГОЛОШЕНА ПОВІТРЯНА ТРИВОГА БпЛА по межі областей на Калиту/ Велику Димерку
2026-06-09,20,Вишгородський,Славутич,2026-06-09T20:05:16+03:00,2026-06-09T22:53:26+03:00,2.8,20,22,119875,https://t.me/kievreal1/119875,Ще один БпЛА в районі Славутича
2026-06-09,20,Броварський,Бровари,2026-06-09T20:05:16+03:00,2026-06-09T22:53:26+03:00,2.8,20,22,119876,https://t.me/kievreal1/119876,Перший йде на Бровари
2026-06-09,21,Вишгородський,Вишгородський,2026-06-09T20:05:16+03:00,2026-06-09T22:53:26+03:00,2.8,20,22,119885,https://t.me/kievreal1/119885,Тривога на Київщині продовжується лише у Вишгородському районі P.S про рух шахедів в онлайн-режимі пишуть тут – t.me/tryvoga_kyiv
2026-06-09,21,Броварський,Броварський,2026-06-09T20:05:16+03:00,2026-06-09T22:53:26+03:00,2.8,20,22,119886,https://t.me/kievreal1/119886,"Знову тривога у Броварському районі. Локаційно по області чисто, слідкуємо Слідкувати за рухом БпЛА в області – t.me/tryvoga_kyiv"
2026-06-10,13,Бориспільський,Бориспільський,2026-06-10T13:25:16+03:00,2026-06-10T14:03:16+03:00,0.6,13,14,119920,https://t.me/kievreal1/119920,🚨 КИЇВСЬКА ОБЛАСТЬ - ОГОЛОШЕНА ПОВІТРЯНА ТРИВОГА Тривога в Бориспільському та Броварському районах через БпЛА біля Пирятина
2026-06-10,13,Броварський,Броварський,2026-06-10T13:25:16+03:00,2026-06-10T14:03:16+03:00,0.6,13,14,119920,https://t.me/kievreal1/119920,🚨 КИЇВСЬКА ОБЛАСТЬ - ОГОЛОШЕНА ПОВІТРЯНА ТРИВОГА Тривога в Бориспільському та Броварському районах через БпЛА біля Пирятина
2026-06-10,13,Бориспільський,Яготин,2026-06-10T13:25:16+03:00,2026-06-10T14:03:16+03:00,0.6,13,14,119921,https://t.me/kievreal1/119921,Тримає курс на Яготин/ Березань / Згурівку Слідкувати за рухом БпЛА в області – t.me/tryvoga_kyiv
2026-06-10,13,Бориспільський,Березань,2026-06-10T13:25:16+03:00,2026-06-10T14:03:16+03:00,0.6,13,14,119921,https://t.me/kievreal1/119921,Тримає курс на Яготин/ Березань / Згурівку Слідкувати за рухом БпЛА в області – t.me/tryvoga_kyiv
2026-06-10,13,Броварський,Згурівка,2026-06-10T13:25:16+03:00,2026-06-10T14:03:16+03:00,0.6,13,14,119921,https://t.me/kievreal1/119921,Тримає курс на Яготин/ Березань / Згурівку Слідкувати за рухом БпЛА в області – t.me/tryvoga_kyiv
2026-06-10,13,Бориспільський,Переяслав,2026-06-10T13:25:16+03:00,2026-06-10T14:03:16+03:00,0.6,13,14,119922,https://t.me/kievreal1/119922,Йде в бік Переяслава
2026-06-10,13,Бориспільський,Переяслав,2026-06-10T13:25:16+03:00,2026-06-10T14:03:16+03:00,0.6,13,14,119923,https://t.me/kievreal1/119923,Йде в бік Переяслава
2026-06-11,18,Броварський,Згурівка,2026-06-11T18:24:06+03:00,2026-06-11T18:52:16+03:00,0.5,18,18,119974,https://t.me/kievreal1/119974,БПЛА на Згурівку
2026-06-13,0,Вишгородський,Славутич,2026-06-13T00:08:16+03:00,2026-06-13T01:32:06+03:00,1.4,0,1,120045,https://t.me/kievreal1/120045,4 шахеди від Славутича на ЧЗВ
2026-06-13,0,Вишгородський,Чорнобиль,2026-06-13T00:08:16+03:00,2026-06-13T01:32:06+03:00,1.4,0,1,120046,https://t.me/kievreal1/120046,"БпЛА на півночі Київщини , повз Чорнобиль курсом на захід"
2026-06-13,1,Обухівський,Васильків,2026-06-13T00:08:16+03:00,2026-06-13T01:32:06+03:00,1.4,0,1,120047,https://t.me/kievreal1/120047,БпЛА на Васильків
2026-06-13,5,Вишгородський,Славутич,2026-06-13T05:07:26+03:00,2026-06-13T07:15:56+03:00,2.1,5,7,120051,https://t.me/kievreal1/120051,"Київщина : БПЛА від Славутича на ЧЗВ Підтримати канал, буду вдячний Вам: https://base.monobank.ua/4jYdAKEbmcrmLL ➡"
2026-06-13,6,Вишгородський,Чорнобиль,2026-06-13T05:07:26+03:00,2026-06-13T07:15:56+03:00,2.1,5,7,120052,https://t.me/kievreal1/120052,БпЛА курсом на Чорнобиль
2026-06-13,10,Вишгородський,Славутич,2026-06-13T10:04:36+03:00,2026-06-13T11:28:36+03:00,1.4,10,11,120056,https://t.me/kievreal1/120056,🚨 КИЇВСЬКА ОБЛАСТЬ - ОГОЛОШЕНА ПОВІТРЯНА ТРИВОГА Від Славутича до 4 БпЛА тримають курс на Чорнобильську зону.
2026-06-13,10,Вишгородський,Чорнобиль,2026-06-13T10:04:36+03:00,2026-06-13T11:28:36+03:00,1.4,10,11,120056,https://t.me/kievreal1/120056,🚨 КИЇВСЬКА ОБЛАСТЬ - ОГОЛОШЕНА ПОВІТРЯНА ТРИВОГА Від Славутича до 4 БпЛА тримають курс на Чорнобильську зону.
2026-06-13,12,Вишгородський,Вишгородський,2026-06-13T12:44:06+03:00,2026-06-13T13:13:46+03:00,0.5,12,13,120063,https://t.me/kievreal1/120063,🚨 КИЇВСЬКА ОБЛАСТЬ - ОГОЛОШЕНА ПОВІТРЯНА ТРИВОГА Загроза для Вишгородського району. Знову БпЛА від Славутича в сторону Чорнобильської зони.
2026-06-13,12,Вишгородський,Славутич,2026-06-13T12:44:06+03:00,2026-06-13T13:13:46+03:00,0.5,12,13,120063,https://t.me/kievreal1/120063,🚨 КИЇВСЬКА ОБЛАСТЬ - ОГОЛОШЕНА ПОВІТРЯНА ТРИВОГА Загроза для Вишгородського району. Знову БпЛА від Славутича в сторону Чорнобильської зони.
2026-06-13,12,Вишгородський,Чорнобиль,2026-06-13T12:44:06+03:00,2026-06-13T13:13:46+03:00,0.5,12,13,120063,https://t.me/kievreal1/120063,🚨 КИЇВСЬКА ОБЛАСТЬ - ОГОЛОШЕНА ПОВІТРЯНА ТРИВОГА Загроза для Вишгородського району. Знову БпЛА від Славутича в сторону Чорнобильської зони.
2026-06-13,16,Вишгородський,Славутич,2026-06-13T16:56:06+03:00,2026-06-13T18:52:36+03:00,1.9,16,18,120067,https://t.me/kievreal1/120067,🚨 КИЇВСЬКА ОБЛАСТЬ - ОГОЛОШЕНА ПОВІТРЯНА ТРИВОГА 2 БпЛА на/через Славутич
2026-06-13,17,Вишгородський,Чорнобиль,2026-06-13T16:56:06+03:00,2026-06-13T18:52:36+03:00,1.9,16,18,120068,https://t.me/kievreal1/120068,В районі Чорнобильської зони вже до 3 БпЛА
2026-06-13,21,Вишгородський,Славутич,2026-06-13T21:45:36+03:00,2026-06-13T22:37:06+03:00,0.9,21,22,120077,https://t.me/kievreal1/120077,🚨 КИЇВСЬКА ОБЛАСТЬ - ОГОЛОШЕНА ПОВІТРЯНА ТРИВОГА Славутич – знову реактивний БпЛА на/через вас
2026-06-14,2,Броварський,Калита,2026-06-14T02:37:46+03:00,2026-06-14T02:42:36+03:00,0.1,2,2,120081,https://t.me/kievreal1/120081,БпЛА курсом на Калиту
2026-06-14,20,Вишгородський,Славутич,2026-06-14T20:41:16+03:00,2026-06-14T22:46:06+03:00,2.1,20,22,120099,https://t.me/kievreal1/120099,🚨 КИЇВСЬКА ОБЛАСТЬ - ОГОЛОШЕНА ПОВІТРЯНА ТРИВОГА БпЛА на/через Славутич. Загроза для Вишгородського району
2026-06-14,20,Вишгородський,Вишгородський,2026-06-14T20:41:16+03:00,2026-06-14T22:46:06+03:00,2.1,20,22,120099,https://t.me/kievreal1/120099,🚨 КИЇВСЬКА ОБЛАСТЬ - ОГОЛОШЕНА ПОВІТРЯНА ТРИВОГА БпЛА на/через Славутич. Загроза для Вишгородського району
2026-06-14,21,Обухівський,Українка,2026-06-14T20:41:16+03:00,2026-06-14T22:46:06+03:00,2.1,20,22,120100,https://t.me/kievreal1/120100,"Є інформація, що у повітрі перебувають 2 борти Ту-160 рф, які злетіли з ае Українка та прямують в сторону пускових рубежів, вночі уважно до…"
2026-06-14,21,Обухівський,Васильків,2026-06-14T20:41:16+03:00,2026-06-14T22:46:06+03:00,2.1,20,22,120101,https://t.me/kievreal1/120101,"Моторошна ДТП на Великій Васильківській, автомобіль влетів у генератор 👉"
2026-06-14,21,Вишгородський,Чорнобиль,2026-06-14T20:41:16+03:00,2026-06-14T22:46:06+03:00,2.1,20,22,120105,https://t.me/kievreal1/120105,Реактивний БпЛА в Чорнобильську зону
2026-06-14,21,Вишгородський,Чорнобиль,2026-06-14T20:41:16+03:00,2026-06-14T22:46:06+03:00,2.1,20,22,120106,https://t.me/kievreal1/120106,Реактивний БпЛА в Чорнобильську зону
2026-06-14,21,Вишгородський,Боденьки,2026-06-14T20:41:16+03:00,2026-06-14T22:46:06+03:00,2.1,20,22,120107,https://t.me/kievreal1/120107,Курсом на Боденьки / Сувид
2026-06-14,21,Вишгородський,Вишгород,2026-06-14T20:41:16+03:00,2026-06-14T22:46:06+03:00,2.1,20,22,120109,https://t.me/kievreal1/120109,Вишгород / Бровари - уважно
2026-06-14,21,Броварський,Бровари,2026-06-14T20:41:16+03:00,2026-06-14T22:46:06+03:00,2.1,20,22,120109,https://t.me/kievreal1/120109,Вишгород / Бровари - уважно
2026-06-14,22,Вишгородський,Славутич,2026-06-14T22:59:26+03:00,2026-06-14T23:41:26+03:00,0.7,22,23,120116,https://t.me/kievreal1/120116,🚨 КИЇВСЬКА ОБЛАСТЬ - ОГОЛОШЕНА ПОВІТРЯНА ТРИВОГА БпЛА на Остер і від 4 на Славутич
2026-06-14,23,Вишгородський,Димер,2026-06-14T22:59:26+03:00,2026-06-14T23:41:26+03:00,0.7,22,23,120119,https://t.me/kievreal1/120119,"Шахед через Димер на Київ Підтримати канал, буду вдячний Вам: https://base.monobank.ua/4jYdAKEbmcrmLL ➡"
2026-06-15,0,Броварський,Велика Димерка,2026-06-15T00:21:26+03:00,2026-06-15T05:23:26+03:00,5.0,0,5,120125,https://t.me/kievreal1/120125,1 БпЛА на Велику Димерку 4 БпЛА на Бровари
2026-06-15,0,Броварський,Бровари,2026-06-15T00:21:26+03:00,2026-06-15T05:23:26+03:00,5.0,0,5,120125,https://t.me/kievreal1/120125,1 БпЛА на Велику Димерку 4 БпЛА на Бровари
2026-06-15,0,Броварський,Баришівка,2026-06-15T00:21:26+03:00,2026-06-15T05:23:26+03:00,5.0,0,5,120128,https://t.me/kievreal1/120128,Група КР курсом на Баришівку
2026-06-15,0,Броварський,Баришівка,2026-06-15T00:21:26+03:00,2026-06-15T05:23:26+03:00,5.0,0,5,120130,https://t.me/kievreal1/120130,Група КР на Баришівку
2026-06-15,0,Броварський,Бровари,2026-06-15T00:21:26+03:00,2026-06-15T05:23:26+03:00,5.0,0,5,120131,https://t.me/kievreal1/120131,Група КР курсом на Бровари 2х Групи КР курсом на Вишгород
2026-06-15,0,Вишгородський,Вишгород,2026-06-15T00:21:26+03:00,2026-06-15T05:23:26+03:00,5.0,0,5,120131,https://t.me/kievreal1/120131,Група КР курсом на Бровари 2х Групи КР курсом на Вишгород
2026-06-15,0,Броварський,Бровари,2026-06-15T00:21:26+03:00,2026-06-15T05:23:26+03:00,5.0,0,5,120132,https://t.me/kievreal1/120132,6х БпЛА курсом на Бровари
2026-06-15,0,Броварський,Згурівка,2026-06-15T00:21:26+03:00,2026-06-15T05:23:26+03:00,5.0,0,5,120133,https://t.me/kievreal1/120133,Реактивний БПЛА від Згурівки на Гоголів / Бровари
2026-06-15,0,Броварський,Бровари,2026-06-15T00:21:26+03:00,2026-06-15T05:23:26+03:00,5.0,0,5,120133,https://t.me/kievreal1/120133,Реактивний БПЛА від Згурівки на Гоголів / Бровари
2026-06-15,1,Бучанський,Макарів,2026-06-15T00:21:26+03:00,2026-06-15T05:23:26+03:00,5.0,0,5,120139,https://t.me/kievreal1/120139,Група КР курсом на Макарів 2х Групи КР курсом на Київ зі сходу
2026-06-15,1,Вишгородський,Димер,2026-06-15T00:21:26+03:00,2026-06-15T05:23:26+03:00,5.0,0,5,120146,https://t.me/kievreal1/120146,2х Групи КР курсом на Димер
2026-06-15,1,Вишгородський,Вишгород,2026-06-15T00:21:26+03:00,2026-06-15T05:23:26+03:00,5.0,0,5,120150,https://t.me/kievreal1/120150,5 БПЛА на Вишгород
2026-06-15,1,Бучанський,Борщагівка,2026-06-15T00:21:26+03:00,2026-06-15T05:23:26+03:00,5.0,0,5,120151,https://t.me/kievreal1/120151,Борщагівки
2026-06-15,1,Бучанський,Вишневе,2026-06-15T00:21:26+03:00,2026-06-15T05:23:26+03:00,5.0,0,5,120153,https://t.me/kievreal1/120153,3х БпЛА курсом на Вишневе 2х БпЛА курсом на Вишгород 6х БпЛА курсом на Оболонь 5х БпЛА курсом на Троєщину БпЛА курсом на Пущу-Водицю БпЛА к…
2026-06-15,1,Вишгородський,Вишгород,2026-06-15T00:21:26+03:00,2026-06-15T05:23:26+03:00,5.0,0,5,120153,https://t.me/kievreal1/120153,3х БпЛА курсом на Вишневе 2х БпЛА курсом на Вишгород 6х БпЛА курсом на Оболонь 5х БпЛА курсом на Троєщину БпЛА курсом на Пущу-Водицю БпЛА к…
2026-06-15,1,Обухівський,Васильків,2026-06-15T00:21:26+03:00,2026-06-15T05:23:26+03:00,5.0,0,5,120163,https://t.me/kievreal1/120163,2х Циркони курсом на Васильків
2026-06-15,1,Броварський,Бровари,2026-06-15T00:21:26+03:00,2026-06-15T05:23:26+03:00,5.0,0,5,120171,https://t.me/kievreal1/120171,2 БпЛА на Бровари
2026-06-15,1,Вишгородський,Димер,2026-06-15T00:21:26+03:00,2026-06-15T05:23:26+03:00,5.0,0,5,120173,https://t.me/kievreal1/120173,1 БпЛА на Димер 10 БпЛА на Бровари
2026-06-15,1,Броварський,Бровари,2026-06-15T00:21:26+03:00,2026-06-15T05:23:26+03:00,5.0,0,5,120173,https://t.me/kievreal1/120173,1 БпЛА на Димер 10 БпЛА на Бровари
2026-06-15,2,Броварський,Бровари,2026-06-15T00:21:26+03:00,2026-06-15T05:23:26+03:00,5.0,0,5,120184,https://t.me/kievreal1/120184,2х БпЛА курсом на Бровари БпЛА курсом на Баришівку 5х БпЛА курсом на Згурівку
2026-06-15,2,Броварський,Баришівка,2026-06-15T00:21:26+03:00,2026-06-15T05:23:26+03:00,5.0,0,5,120184,https://t.me/kievreal1/120184,2х БпЛА курсом на Бровари БпЛА курсом на Баришівку 5х БпЛА курсом на Згурівку
2026-06-15,2,Броварський,Згурівка,2026-06-15T00:21:26+03:00,2026-06-15T05:23:26+03:00,5.0,0,5,120184,https://t.me/kievreal1/120184,2х БпЛА курсом на Бровари БпЛА курсом на Баришівку 5х БпЛА курсом на Згурівку
2026-06-15,2,Броварський,Бровари,2026-06-15T00:21:26+03:00,2026-06-15T05:23:26+03:00,5.0,0,5,120185,https://t.me/kievreal1/120185,2х БпЛА курсом на Бровари БпЛА курсом на Баришівку 5х БпЛА курсом на Згурівку
2026-06-15,2,Броварський,Баришівка,2026-06-15T00:21:26+03:00,2026-06-15T05:23:26+03:00,5.0,0,5,120185,https://t.me/kievreal1/120185,2х БпЛА курсом на Бровари БпЛА курсом на Баришівку 5х БпЛА курсом на Згурівку
2026-06-15,2,Броварський,Згурівка,2026-06-15T00:21:26+03:00,2026-06-15T05:23:26+03:00,5.0,0,5,120185,https://t.me/kievreal1/120185,2х БпЛА курсом на Бровари БпЛА курсом на Баришівку 5х БпЛА курсом на Згурівку
2026-06-15,2,Броварський,Бровари,2026-06-15T00:21:26+03:00,2026-06-15T05:23:26+03:00,5.0,0,5,120192,https://t.me/kievreal1/120192,6 БпЛА зі сходу на Бровари
2026-06-15,2,Бучанський,Вишневе,2026-06-15T00:21:26+03:00,2026-06-15T05:23:26+03:00,5.0,0,5,120211,https://t.me/kievreal1/120211,Вишневе обережно
2026-06-15,2,Вишгородський,Чорнобиль,2026-06-15T00:21:26+03:00,2026-06-15T05:23:26+03:00,5.0,0,5,120218,https://t.me/kievreal1/120218,2х БпЛА курсом на Чорнобиль БпЛА курсом на Баришівку 2х БпЛА курсом на Бориспіль БпЛА курсом на Бровари
2026-06-15,2,Броварський,Баришівка,2026-06-15T00:21:26+03:00,2026-06-15T05:23:26+03:00,5.0,0,5,120218,https://t.me/kievreal1/120218,2х БпЛА курсом на Чорнобиль БпЛА курсом на Баришівку 2х БпЛА курсом на Бориспіль БпЛА курсом на Бровари
2026-06-15,2,Бориспільський,Бориспіль,2026-06-15T00:21:26+03:00,2026-06-15T05:23:26+03:00,5.0,0,5,120218,https://t.me/kievreal1/120218,2х БпЛА курсом на Чорнобиль БпЛА курсом на Баришівку 2х БпЛА курсом на Бориспіль БпЛА курсом на Бровари
2026-06-15,2,Броварський,Бровари,2026-06-15T00:21:26+03:00,2026-06-15T05:23:26+03:00,5.0,0,5,120218,https://t.me/kievreal1/120218,2х БпЛА курсом на Чорнобиль БпЛА курсом на Баришівку 2х БпЛА курсом на Бориспіль БпЛА курсом на Бровари
2026-06-15,2,Бориспільський,Бориспіль,2026-06-15T00:21:26+03:00,2026-06-15T05:23:26+03:00,5.0,0,5,120222,https://t.me/kievreal1/120222,15-20 БПЛА на Бориспіль / Бровари
2026-06-15,2,Броварський,Бровари,2026-06-15T00:21:26+03:00,2026-06-15T05:23:26+03:00,5.0,0,5,120222,https://t.me/kievreal1/120222,15-20 БПЛА на Бориспіль / Бровари
2026-06-15,3,Броварський,Бровари,2026-06-15T00:21:26+03:00,2026-06-15T05:23:26+03:00,5.0,0,5,120226,https://t.me/kievreal1/120226,10х БпЛА повз Бровари на Київ
2026-06-15,3,Бориспільський,Березань,2026-06-15T00:21:26+03:00,2026-06-15T05:23:26+03:00,5.0,0,5,120227,https://t.me/kievreal1/120227,Група КР курсом на Березань Група КР курсом на Яготин
2026-06-15,3,Бориспільський,Яготин,2026-06-15T00:21:26+03:00,2026-06-15T05:23:26+03:00,5.0,0,5,120227,https://t.me/kievreal1/120227,Група КР курсом на Березань Група КР курсом на Яготин
2026-06-15,3,Обухівський,Васильків,2026-06-15T00:21:26+03:00,2026-06-15T05:23:26+03:00,5.0,0,5,120228,https://t.me/kievreal1/120228,Група КР курсом на Васильків Група КР курсом на Бровари Група КР курсом на Переяслав
2026-06-15,3,Броварський,Бровари,2026-06-15T00:21:26+03:00,2026-06-15T05:23:26+03:00,5.0,0,5,120228,https://t.me/kievreal1/120228,Група КР курсом на Васильків Група КР курсом на Бровари Група КР курсом на Переяслав
2026-06-15,3,Бориспільський,Переяслав,2026-06-15T00:21:26+03:00,2026-06-15T05:23:26+03:00,5.0,0,5,120228,https://t.me/kievreal1/120228,Група КР курсом на Васильків Група КР курсом на Бровари Група КР курсом на Переяслав
2026-06-15,3,Фастівський,Фастів,2026-06-15T00:21:26+03:00,2026-06-15T05:23:26+03:00,5.0,0,5,120229,https://t.me/kievreal1/120229,Ракети на Фастів
2026-06-15,3,Броварський,Велика Димерка,2026-06-15T00:21:26+03:00,2026-06-15T05:23:26+03:00,5.0,0,5,120230,https://t.me/kievreal1/120230,"15+ БпЛА на Велику Димерку, Бровари , Бориспіль"
2026-06-15,3,Броварський,Бровари,2026-06-15T00:21:26+03:00,2026-06-15T05:23:26+03:00,5.0,0,5,120230,https://t.me/kievreal1/120230,"15+ БпЛА на Велику Димерку, Бровари , Бориспіль"
2026-06-15,3,Бориспільський,Бориспіль,2026-06-15T00:21:26+03:00,2026-06-15T05:23:26+03:00,5.0,0,5,120230,https://t.me/kievreal1/120230,"15+ БпЛА на Велику Димерку, Бровари , Бориспіль"
2026-06-15,3,Білоцерківський,Тараща,2026-06-15T00:21:26+03:00,2026-06-15T05:23:26+03:00,5.0,0,5,120231,https://t.me/kievreal1/120231,"7 КР на Таращу, 3 на Бровари та 1 на Українку"
2026-06-15,3,Броварський,Бровари,2026-06-15T00:21:26+03:00,2026-06-15T05:23:26+03:00,5.0,0,5,120231,https://t.me/kievreal1/120231,"7 КР на Таращу, 3 на Бровари та 1 на Українку"
2026-06-15,3,Обухівський,Українка,2026-06-15T00:21:26+03:00,2026-06-15T05:23:26+03:00,5.0,0,5,120231,https://t.me/kievreal1/120231,"7 КР на Таращу, 3 на Бровари та 1 на Українку"
2026-06-15,3,Білоцерківський,Рокитне,2026-06-15T00:21:26+03:00,2026-06-15T05:23:26+03:00,5.0,0,5,120232,https://t.me/kievreal1/120232,Група КР курсом на Трипілля 2х Група КР курсом на Рокитне
2026-06-15,3,Броварський,Бровари,2026-06-15T00:21:26+03:00,2026-06-15T05:23:26+03:00,5.0,0,5,120233,https://t.me/kievreal1/120233,20х БпЛА повз Бровари курсом на Київ
2026-06-15,3,Вишгородський,Іванків,2026-06-15T00:21:26+03:00,2026-06-15T05:23:26+03:00,5.0,0,5,120238,https://t.me/kievreal1/120238,"Київщина : 10х Груп КР курсом на Київ Група КР курсом на Іванків Підтримати канал, буду вдячний Вам: https://base.monobank.ua/4jYdAKEbmcrmL…"
2026-06-15,3,Броварський,Бровари,2026-06-15T00:21:26+03:00,2026-06-15T05:23:26+03:00,5.0,0,5,120239,https://t.me/kievreal1/120239,20х БпЛА повз Бровари курсом на Київ 2х БпЛА курсом на Бориспіль
2026-06-15,3,Бориспільський,Бориспіль,2026-06-15T00:21:26+03:00,2026-06-15T05:23:26+03:00,5.0,0,5,120239,https://t.me/kievreal1/120239,20х БпЛА повз Бровари курсом на Київ 2х БпЛА курсом на Бориспіль
2026-06-15,3,Обухівський,Васильків,2026-06-15T00:21:26+03:00,2026-06-15T05:23:26+03:00,5.0,0,5,120245,https://t.me/kievreal1/120245,1 ракета на Васильків
2026-06-15,3,Броварський,Бровари,2026-06-15T00:21:26+03:00,2026-06-15T05:23:26+03:00,5.0,0,5,120250,https://t.me/kievreal1/120250,БпЛА курсом на Шулявку БпЛА курсом на Лукʼянівку БпЛА курсом на Деміївку БпЛА курсом на Мінський масив БпЛА курсом на Почайну 2х БпЛА курсо…
2026-06-15,3,Бучанський,Коцюбинське,2026-06-15T00:21:26+03:00,2026-06-15T05:23:26+03:00,5.0,0,5,120254,https://t.me/kievreal1/120254,5х БпЛА курсом на Коцюбинське 3х БпЛА курсом на Оболонь 2х БпЛА курсом на Нивки БпЛА курсом на Поділ БпЛА курсом на Почайну 5х БпЛА курсом …
2026-06-15,3,Бучанський,Коцюбинське,2026-06-15T00:21:26+03:00,2026-06-15T05:23:26+03:00,5.0,0,5,120255,https://t.me/kievreal1/120255,4х БпЛА курсом на Коцюбинське БпЛА курсом на Святошин 5х БпЛА курсом на Дарницю 2х БпЛА курсом на Ірпінь БпЛА курсом на Ворзель
2026-06-15,3,Бучанський,Ірпінь,2026-06-15T00:21:26+03:00,2026-06-15T05:23:26+03:00,5.0,0,5,120255,https://t.me/kievreal1/120255,4х БпЛА курсом на Коцюбинське БпЛА курсом на Святошин 5х БпЛА курсом на Дарницю 2х БпЛА курсом на Ірпінь БпЛА курсом на Ворзель
2026-06-15,3,Бучанський,Ворзель,2026-06-15T00:21:26+03:00,2026-06-15T05:23:26+03:00,5.0,0,5,120255,https://t.me/kievreal1/120255,4х БпЛА курсом на Коцюбинське БпЛА курсом на Святошин 5х БпЛА курсом на Дарницю 2х БпЛА курсом на Ірпінь БпЛА курсом на Ворзель
2026-06-15,3,Бучанський,Ірпінь,2026-06-15T00:21:26+03:00,2026-06-15T05:23:26+03:00,5.0,0,5,120256,https://t.me/kievreal1/120256,2х БпЛА курсом на Київ 4х БпЛА курсом на Ірпінь 2х БпЛА курсом на Бучу
2026-06-15,3,Броварський,Згурівка,2026-06-15T00:21:26+03:00,2026-06-15T05:23:26+03:00,5.0,0,5,120259,https://t.me/kievreal1/120259,БпЛА курсом на Згурівку БпЛА курсом на Ірпінь БпЛА курсом на Бучу
2026-06-15,3,Бучанський,Ірпінь,2026-06-15T00:21:26+03:00,2026-06-15T05:23:26+03:00,5.0,0,5,120259,https://t.me/kievreal1/120259,БпЛА курсом на Згурівку БпЛА курсом на Ірпінь БпЛА курсом на Бучу
2026-06-15,4,Бориспільський,Яготин,2026-06-15T00:21:26+03:00,2026-06-15T05:23:26+03:00,5.0,0,5,120262,https://t.me/kievreal1/120262,БПЛА на Яготин
2026-06-15,4,Броварський,Велика Димерка,2026-06-15T00:21:26+03:00,2026-06-15T05:23:26+03:00,5.0,0,5,120271,https://t.me/kievreal1/120271,БпЛА курсом на Велику Димерку 3х БпЛА курсом на Бровари
2026-06-15,4,Броварський,Бровари,2026-06-15T00:21:26+03:00,2026-06-15T05:23:26+03:00,5.0,0,5,120271,https://t.me/kievreal1/120271,БпЛА курсом на Велику Димерку 3х БпЛА курсом на Бровари
2026-06-15,6,Вишгородський,Славутич,2026-06-15T06:23:16+03:00,2026-06-15T07:15:26+03:00,0.9,6,7,120304,https://t.me/kievreal1/120304,"2 БПЛА на Київщину від Славутича Підтримати канал, буду вдячний Вам: https://base.monobank.ua/4jYdAKEbmcrmLL ➡"
2026-06-15,6,Броварський,Броварський,2026-06-15T06:23:16+03:00,2026-06-15T07:15:26+03:00,0.9,6,7,120316,https://t.me/kievreal1/120316,Київщина: внаслідок комбінованої російської атаки на території області зафіксовані падіння уламків та виникли пожежі у кількох районах 🔻 У …
2026-06-15,6,Вишгородський,Вишгородський,2026-06-15T06:23:16+03:00,2026-06-15T07:15:26+03:00,0.9,6,7,120316,https://t.me/kievreal1/120316,Київщина: внаслідок комбінованої російської атаки на території області зафіксовані падіння уламків та виникли пожежі у кількох районах 🔻 У …
2026-06-15,6,Бучанський,Бучанський,2026-06-15T06:23:16+03:00,2026-06-15T07:15:26+03:00,0.9,6,7,120316,https://t.me/kievreal1/120316,Київщина: внаслідок комбінованої російської атаки на території області зафіксовані падіння уламків та виникли пожежі у кількох районах 🔻 У …
2026-06-15,6,Фастівський,Фастівський,2026-06-15T06:23:16+03:00,2026-06-15T07:15:26+03:00,0.9,6,7,120316,https://t.me/kievreal1/120316,Київщина: внаслідок комбінованої російської атаки на території області зафіксовані падіння уламків та виникли пожежі у кількох районах 🔻 У …
2026-06-15,6,Бориспільський,Бориспільський,2026-06-15T06:23:16+03:00,2026-06-15T07:15:26+03:00,0.9,6,7,120316,https://t.me/kievreal1/120316,Київщина: внаслідок комбінованої російської атаки на території області зафіксовані падіння уламків та виникли пожежі у кількох районах 🔻 У …
2026-06-15,6,Вишгородський,Вишгородський,2026-06-15T06:23:16+03:00,2026-06-15T07:15:26+03:00,0.9,6,7,120325,https://t.me/kievreal1/120325,🚘 До уваги учасників дорожнього руху. Рух транспорту перекритий : - вулицею Братів Зерових (від перехрестя з вулицею Преображенською до пер…
2026-06-18,1,Броварський,Бровари,2026-06-18T01:21:46+03:00,2026-06-18T02:39:06+03:00,1.3,1,2,120450,https://t.me/kievreal1/120450,Ціль на Бровари
2026-06-18,1,Броварський,Бровари,2026-06-18T01:21:46+03:00,2026-06-18T02:39:06+03:00,1.3,1,2,120451,https://t.me/kievreal1/120451,Ціль на Бровари
2026-06-18,3,Бориспільський,Яготин,2026-06-18T03:35:16+03:00,2026-06-18T05:42:26+03:00,2.1,3,5,120461,https://t.me/kievreal1/120461,🚨 КИЇВСЬКА ОБЛАСТЬ - ОГОЛОШЕНА ПОВІТРЯНА ТРИВОГА 1 БпЛА на Яготин
2026-06-18,3,Броварський,Баришівка,2026-06-18T03:35:16+03:00,2026-06-18T05:42:26+03:00,2.1,3,5,120462,https://t.me/kievreal1/120462,3 БпЛА повз Баришівку на Бориспіль
2026-06-18,3,Бориспільський,Бориспіль,2026-06-18T03:35:16+03:00,2026-06-18T05:42:26+03:00,2.1,3,5,120462,https://t.me/kievreal1/120462,3 БпЛА повз Баришівку на Бориспіль
2026-06-18,4,Бориспільський,Бориспіль,2026-06-18T03:35:16+03:00,2026-06-18T05:42:26+03:00,2.1,3,5,120464,https://t.me/kievreal1/120464,1 БпЛА на Бортничі 3 БпЛА на Харківський масив 2 БпЛА на Бориспіль
2026-06-18,4,Бориспільський,Гнідин,2026-06-18T03:35:16+03:00,2026-06-18T05:42:26+03:00,2.1,3,5,120465,https://t.me/kievreal1/120465,"Київ : 2 БпЛА на Бортничі 1 БпЛА на Нижні Сади 1 БпЛА на Гнідин 1 БпЛА на Бориспіль Підтримати канал, буду вдячний Вам: https://base.monoba…"
2026-06-18,4,Бориспільський,Бориспіль,2026-06-18T03:35:16+03:00,2026-06-18T05:42:26+03:00,2.1,3,5,120465,https://t.me/kievreal1/120465,"Київ : 2 БпЛА на Бортничі 1 БпЛА на Нижні Сади 1 БпЛА на Гнідин 1 БпЛА на Бориспіль Підтримати канал, буду вдячний Вам: https://base.monoba…"
2026-06-18,4,Бориспільський,Бориспіль,2026-06-18T03:35:16+03:00,2026-06-18T05:42:26+03:00,2.1,3,5,120470,https://t.me/kievreal1/120470,"1 БпЛА на Хотів 1 БпЛА на Бориспіль В столиці по БпЛА попередньо чисто, дорозвідка P.S про рух шахедів в області в онлайн-режимі пишуть тут…"
2026-06-18,5,Броварський,Бровари,2026-06-18T03:35:16+03:00,2026-06-18T05:42:26+03:00,2.1,3,5,120473,https://t.me/kievreal1/120473,1 БпЛА на Бровари 2 БпЛА на Київ
2026-06-18,7,Броварський,Велика Димерка,2026-06-18T07:17:06+03:00,2026-06-18T07:45:06+03:00,0.5,7,7,120481,https://t.me/kievreal1/120481,1 реактивний БпЛА на Велику Димерку
2026-06-18,7,Броварський,Велика Димерка,2026-06-18T07:17:06+03:00,2026-06-18T07:45:06+03:00,0.5,7,7,120483,https://t.me/kievreal1/120483,1 реактивний БпЛА на Велику Димерку
2026-06-18,7,Броварський,Бровари,2026-06-18T07:17:06+03:00,2026-06-18T07:45:06+03:00,0.5,7,7,120484,https://t.me/kievreal1/120484,На Бровари
2026-06-18,11,Вишгородський,Чорнобиль,2026-06-18T11:48:06+03:00,2026-06-18T12:42:36+03:00,0.9,11,12,120506,https://t.me/kievreal1/120506,"🚨 КИЇВСЬКА ОБЛАСТЬ - ОГОЛОШЕНА ПОВІТРЯНА ТРИВОГА В Чорнобильській зоні був 1 бпла, вже без фіксації."
2026-06-18,21,Броварський,Броварський,2026-06-18T21:56:26+03:00,2026-06-18T22:30:16+03:00,0.6,21,22,120537,https://t.me/kievreal1/120537,🚨 КИЇВСЬКА ОБЛАСТЬ - ОГОЛОШЕНА ПОВІТРЯНА ТРИВОГА Загроза для Броварського району через БпЛА від Ічні Чернігівської області
2026-06-18,22,Броварський,Бровари,2026-06-18T21:56:26+03:00,2026-06-18T22:30:16+03:00,0.6,21,22,120538,https://t.me/kievreal1/120538,"БпЛА, ймовірно реактивний, тримає курс далі на Бровари / Бориспіль"
2026-06-18,22,Бориспільський,Бориспіль,2026-06-18T21:56:26+03:00,2026-06-18T22:30:16+03:00,0.6,21,22,120538,https://t.me/kievreal1/120538,"БпЛА, ймовірно реактивний, тримає курс далі на Бровари / Бориспіль"
2026-06-19,5,Вишгородський,Славутич,2026-06-19T05:55:16+03:00,2026-06-19T06:32:46+03:00,0.6,5,6,120545,https://t.me/kievreal1/120545,"БПЛА на Чернігівщині на Славутич, Київщину Підтримати канал, буду вдячний Вам: https://base.monobank.ua/4jYdAKEbmcrmLL ➡️"
2026-06-20,12,Обухівський,Українка,2026-06-20T12:16:16+03:00,2026-06-20T13:03:16+03:00,0.8,12,13,120598,https://t.me/kievreal1/120598,На Трипілля/Українку
2026-06-20,14,Вишгородський,Вишгород,2026-06-20T13:45:06+03:00,2026-06-20T21:08:06+03:00,7.4,13,21,120610,https://t.me/kievreal1/120610,"Вишгород/Нові Петрівці, той що на Київ не фіксується"
2026-06-20,15,Бориспільський,Бориспільський,2026-06-20T13:45:06+03:00,2026-06-20T21:08:06+03:00,7.4,13,21,120614,https://t.me/kievreal1/120614,"У Бориспільському районі після удару спалахнули складські приміщення, — КОВА Пожежу вже вдалося локалізувати, рятувальники продовжують прац…"
2026-06-20,16,Вишгородський,Вишгородський,2026-06-20T13:45:06+03:00,2026-06-20T21:08:06+03:00,7.4,13,21,120615,https://t.me/kievreal1/120615,"На жаль, кількість постраждалих внаслідок чергової ворожої атаки на Київщину зросла до чотирьох людей. Ще троє жителів області постраждали …"
2026-06-21,1,Вишгородський,Славутич,2026-06-21T00:52:26+03:00,2026-06-21T02:21:36+03:00,1.5,0,2,120649,https://t.me/kievreal1/120649,5х Шахедів повз Славутич курсом на Київщину
2026-06-21,1,Вишгородський,Чорнобиль,2026-06-21T00:52:26+03:00,2026-06-21T02:21:36+03:00,1.5,0,2,120650,https://t.me/kievreal1/120650,2х БпЛА курсом на Чорнобиль
2026-06-21,8,Вишгородський,Іванків,2026-06-21T07:30:36+03:00,2026-06-21T08:05:16+03:00,0.6,7,8,120666,https://t.me/kievreal1/120666,БПЛА на Іванків
2026-06-21,9,Броварський,Бровари,2026-06-21T08:35:36+03:00,2026-06-21T12:40:56+03:00,4.1,8,12,120673,https://t.me/kievreal1/120673,БПЛА на Бровари
2026-06-21,10,Броварський,Бровари,2026-06-21T08:35:36+03:00,2026-06-21T12:40:56+03:00,4.1,8,12,120676,https://t.me/kievreal1/120676,БПЛА на Бровари
2026-06-21,10,Вишгородський,Іванків,2026-06-21T08:35:36+03:00,2026-06-21T12:40:56+03:00,4.1,8,12,120678,https://t.me/kievreal1/120678,1 БпЛА на Київ 4 БпЛА на Красятичі 2 БпЛА на Іванків 2 БпЛА на Бориспіль 👉
2026-06-21,10,Бориспільський,Бориспіль,2026-06-21T08:35:36+03:00,2026-06-21T12:40:56+03:00,4.1,8,12,120678,https://t.me/kievreal1/120678,1 БпЛА на Київ 4 БпЛА на Красятичі 2 БпЛА на Іванків 2 БпЛА на Бориспіль 👉
2026-06-21,10,Бориспільський,Гнідин,2026-06-21T08:35:36+03:00,2026-06-21T12:40:56+03:00,4.1,8,12,120679,https://t.me/kievreal1/120679,1 на Гнідин
2026-06-21,10,Бориспільський,Гнідин,2026-06-21T08:35:36+03:00,2026-06-21T12:40:56+03:00,4.1,8,12,120680,https://t.me/kievreal1/120680,1 на Гнідин
2026-06-21,10,Бориспільський,Бориспіль,2026-06-21T08:35:36+03:00,2026-06-21T12:40:56+03:00,4.1,8,12,120681,https://t.me/kievreal1/120681,1 на Бориспіль
2026-06-21,10,Білоцерківський,Ставище,2026-06-21T08:35:36+03:00,2026-06-21T12:40:56+03:00,4.1,8,12,120682,https://t.me/kievreal1/120682,БпЛА на Ставище БпЛА на Бориспіль БпЛА на Чорнобиль
2026-06-21,10,Бориспільський,Бориспіль,2026-06-21T08:35:36+03:00,2026-06-21T12:40:56+03:00,4.1,8,12,120682,https://t.me/kievreal1/120682,БпЛА на Ставище БпЛА на Бориспіль БпЛА на Чорнобиль
2026-06-21,10,Вишгородський,Чорнобиль,2026-06-21T08:35:36+03:00,2026-06-21T12:40:56+03:00,4.1,8,12,120682,https://t.me/kievreal1/120682,БпЛА на Ставище БпЛА на Бориспіль БпЛА на Чорнобиль
2026-06-21,11,Білоцерківський,Ставище,2026-06-21T08:35:36+03:00,2026-06-21T12:40:56+03:00,4.1,8,12,120686,https://t.me/kievreal1/120686,БпЛА на Ставище БпЛА на Бориспіль БпЛА на Чорнобиль
2026-06-21,11,Бориспільський,Бориспіль,2026-06-21T08:35:36+03:00,2026-06-21T12:40:56+03:00,4.1,8,12,120686,https://t.me/kievreal1/120686,БпЛА на Ставище БпЛА на Бориспіль БпЛА на Чорнобиль
2026-06-21,11,Вишгородський,Чорнобиль,2026-06-21T08:35:36+03:00,2026-06-21T12:40:56+03:00,4.1,8,12,120686,https://t.me/kievreal1/120686,БпЛА на Ставище БпЛА на Бориспіль БпЛА на Чорнобиль
2026-06-21,12,Вишгородський,Вишгород,2026-06-21T08:35:36+03:00,2026-06-21T12:40:56+03:00,4.1,8,12,120698,https://t.me/kievreal1/120698,БПЛА на Вишгород
2026-06-23,1,Вишгородський,Вишгород,2026-06-23T01:09:56+03:00,2026-06-23T03:32:56+03:00,2.4,1,3,120764,https://t.me/kievreal1/120764,БПЛА біля Вишгорода
2026-06-23,1,Броварський,Велика Димерка,2026-06-23T01:09:56+03:00,2026-06-23T03:32:56+03:00,2.4,1,3,120765,https://t.me/kievreal1/120765,БПЛА на Велику Димерку
2026-06-23,1,Вишгородський,Лютіж,2026-06-23T01:09:56+03:00,2026-06-23T03:32:56+03:00,2.4,1,3,120766,https://t.me/kievreal1/120766,БПЛА повз Лютіж на Мощун/Горенку/ Ірпінь
2026-06-23,1,Бучанський,Ірпінь,2026-06-23T01:09:56+03:00,2026-06-23T03:32:56+03:00,2.4,1,3,120766,https://t.me/kievreal1/120766,БПЛА повз Лютіж на Мощун/Горенку/ Ірпінь
2026-06-23,1,Обухівський,Васильків,2026-06-23T01:09:56+03:00,2026-06-23T03:32:56+03:00,2.4,1,3,120770,https://t.me/kievreal1/120770,БпЛА курсом на Васильків БпЛА курсом на Вишгород
2026-06-23,1,Вишгородський,Вишгород,2026-06-23T01:09:56+03:00,2026-06-23T03:32:56+03:00,2.4,1,3,120770,https://t.me/kievreal1/120770,БпЛА курсом на Васильків БпЛА курсом на Вишгород
2026-06-23,1,Обухівський,Васильків,2026-06-23T01:09:56+03:00,2026-06-23T03:32:56+03:00,2.4,1,3,120771,https://t.me/kievreal1/120771,БпЛА курсом на Васильків БпЛА курсом на Коцюбинське
2026-06-23,1,Бучанський,Коцюбинське,2026-06-23T01:09:56+03:00,2026-06-23T03:32:56+03:00,2.4,1,3,120771,https://t.me/kievreal1/120771,БпЛА курсом на Васильків БпЛА курсом на Коцюбинське
2026-06-23,1,Обухівський,Васильків,2026-06-23T01:09:56+03:00,2026-06-23T03:32:56+03:00,2.4,1,3,120772,https://t.me/kievreal1/120772,Васильків: БпЛА курсом на Здорівку
2026-06-23,1,Бучанський,Коцюбинське,2026-06-23T01:09:56+03:00,2026-06-23T03:32:56+03:00,2.4,1,3,120774,https://t.me/kievreal1/120774,БпЛА курсом на Борову БпЛА курсом на Коцюбинське
2026-06-23,1,Обухівський,Васильків,2026-06-23T01:09:56+03:00,2026-06-23T03:32:56+03:00,2.4,1,3,120775,https://t.me/kievreal1/120775,БпЛА курсом на Васильків БпЛА курсом на Борову
2026-06-23,1,Обухівський,Обухів,2026-06-23T01:09:56+03:00,2026-06-23T03:32:56+03:00,2.4,1,3,120776,https://t.me/kievreal1/120776,Реактивний на Обухів Реактивний на Бучу/Ворзель/ Ірпінь
2026-06-23,1,Бучанський,Ворзель,2026-06-23T01:09:56+03:00,2026-06-23T03:32:56+03:00,2.4,1,3,120776,https://t.me/kievreal1/120776,Реактивний на Обухів Реактивний на Бучу/Ворзель/ Ірпінь
2026-06-23,1,Бучанський,Ірпінь,2026-06-23T01:09:56+03:00,2026-06-23T03:32:56+03:00,2.4,1,3,120776,https://t.me/kievreal1/120776,Реактивний на Обухів Реактивний на Бучу/Ворзель/ Ірпінь
2026-06-23,1,Бучанський,Коцюбинське,2026-06-23T01:09:56+03:00,2026-06-23T03:32:56+03:00,2.4,1,3,120777,https://t.me/kievreal1/120777,БпЛА курсом на Коцюбинське БпЛА курсом на Обухів
2026-06-23,1,Обухівський,Обухів,2026-06-23T01:09:56+03:00,2026-06-23T03:32:56+03:00,2.4,1,3,120777,https://t.me/kievreal1/120777,БпЛА курсом на Коцюбинське БпЛА курсом на Обухів
2026-06-23,1,Бучанський,Коцюбинське,2026-06-23T01:09:56+03:00,2026-06-23T03:32:56+03:00,2.4,1,3,120778,https://t.me/kievreal1/120778,БпЛА курсом на Коцюбинське БпЛА курсом на Васильків БпЛА курсом на водосховище
2026-06-23,1,Обухівський,Васильків,2026-06-23T01:09:56+03:00,2026-06-23T03:32:56+03:00,2.4,1,3,120778,https://t.me/kievreal1/120778,БпЛА курсом на Коцюбинське БпЛА курсом на Васильків БпЛА курсом на водосховище
2026-06-23,3,Вишгородський,Вишгород,2026-06-23T01:09:56+03:00,2026-06-23T03:32:56+03:00,2.4,1,3,120782,https://t.me/kievreal1/120782,БпЛА курсом на Вишгород
2026-06-23,3,Броварський,Велика Димерка,2026-06-23T01:09:56+03:00,2026-06-23T03:32:56+03:00,2.4,1,3,120784,https://t.me/kievreal1/120784,БпЛА курсом на Велику Димерку
2026-06-23,3,Броварський,Баришівка,2026-06-23T01:09:56+03:00,2026-06-23T03:32:56+03:00,2.4,1,3,120785,https://t.me/kievreal1/120785,БпЛА курсом на Баришівку
2026-06-23,3,Бориспільський,Переяслав,2026-06-23T01:09:56+03:00,2026-06-23T03:32:56+03:00,2.4,1,3,120786,https://t.me/kievreal1/120786,БпЛА курсом на Переяслав
2026-06-23,3,Обухівський,Ржищів,2026-06-23T01:09:56+03:00,2026-06-23T03:32:56+03:00,2.4,1,3,120787,https://t.me/kievreal1/120787,БпЛА курсом на Ржищів
2026-06-23,3,Бориспільський,Бориспіль,2026-06-23T01:09:56+03:00,2026-06-23T03:32:56+03:00,2.4,1,3,120789,https://t.me/kievreal1/120789,БпЛА курсом на Бориспіль
2026-06-23,3,Броварський,Бровари,2026-06-23T01:09:56+03:00,2026-06-23T03:32:56+03:00,2.4,1,3,120790,https://t.me/kievreal1/120790,БПЛА на Бровари
2026-06-25,20,Обухівський,Обухів,2026-06-25T20:52:36+03:00,2026-06-25T21:38:36+03:00,0.8,20,21,120906,https://t.me/kievreal1/120906,"Є ціль на Київ / Обухів, перебувайте в безпечних місцях!"
2026-06-25,22,Вишгородський,Вишгородський,2026-06-25T22:21:56+03:00,2026-06-26T00:49:36+03:00,2.5,22,0,120934,https://t.me/kievreal1/120934,🚨 КИЇВСЬКА ОБЛАСТЬ - ОГОЛОШЕНА ПОВІТРЯНА ТРИВОГА Загроза для Вишгородського району через БпЛА від Славутича
2026-06-25,22,Вишгородський,Славутич,2026-06-25T22:21:56+03:00,2026-06-26T00:49:36+03:00,2.5,22,0,120934,https://t.me/kievreal1/120934,🚨 КИЇВСЬКА ОБЛАСТЬ - ОГОЛОШЕНА ПОВІТРЯНА ТРИВОГА Загроза для Вишгородського району через БпЛА від Славутича
2026-06-25,22,Вишгородський,Чорнобиль,2026-06-25T22:21:56+03:00,2026-06-26T00:49:36+03:00,2.5,22,0,120935,https://t.me/kievreal1/120935,2 БпЛА прямують в сторону Чорнобильської зони
2026-06-25,0,Вишгородський,Іванків,2026-06-25T22:21:56+03:00,2026-06-26T00:49:36+03:00,2.5,22,0,120944,https://t.me/kievreal1/120944,1 БпЛА на Іванків
2026-06-26,16,Вишгородський,Вишгородський,2026-06-26T16:29:16+03:00,2026-06-26T17:37:46+03:00,1.1,16,17,121016,https://t.me/kievreal1/121016,🚨 КИЇВСЬКА ОБЛАСТЬ - ОГОЛОШЕНА ПОВІТРЯНА ТРИВОГА Загроза для Вишгородського району через 2 БпЛА в сторону водосховища від Славутича
2026-06-26,16,Вишгородський,Славутич,2026-06-26T16:29:16+03:00,2026-06-26T17:37:46+03:00,1.1,16,17,121016,https://t.me/kievreal1/121016,🚨 КИЇВСЬКА ОБЛАСТЬ - ОГОЛОШЕНА ПОВІТРЯНА ТРИВОГА Загроза для Вишгородського району через 2 БпЛА в сторону водосховища від Славутича
2026-06-27,21,Броварський,Бровари,2026-06-27T20:25:16+03:00,2026-06-27T22:22:16+03:00,1.9,20,22,121050,https://t.me/kievreal1/121050,1 реактивний БпЛА на Літки напрямком на Бровари upd: Знов повертається у бік Чернігівщини
2026-06-27,21,Бориспільський,Бориспіль,2026-06-27T20:25:16+03:00,2026-06-27T22:22:16+03:00,1.9,20,22,121051,https://t.me/kievreal1/121051,1 БпЛА на Бориспіль 1 БпЛА на Бровари
2026-06-27,21,Броварський,Бровари,2026-06-27T20:25:16+03:00,2026-06-27T22:22:16+03:00,1.9,20,22,121051,https://t.me/kievreal1/121051,1 БпЛА на Бориспіль 1 БпЛА на Бровари
2026-06-28,2,Бучанський,Вишневе,2026-06-28T01:53:46+03:00,2026-06-28T03:13:36+03:00,1.3,1,3,121072,https://t.me/kievreal1/121072,"Вишневе, васильків обережно"
2026-06-28,2,Обухівський,Васильків,2026-06-28T01:53:46+03:00,2026-06-28T03:13:36+03:00,1.3,1,3,121072,https://t.me/kievreal1/121072,"Вишневе, васильків обережно"
2026-06-28,2,Обухівський,Обухів,2026-06-28T01:53:46+03:00,2026-06-28T03:13:36+03:00,1.3,1,3,121075,https://t.me/kievreal1/121075,Невідомий БПЛА на Обухів
2026-06-28,2,Обухівський,Обухів,2026-06-28T01:53:46+03:00,2026-06-28T03:13:36+03:00,1.3,1,3,121077,https://t.me/kievreal1/121077,БпЛА курсом на Обухів
2026-06-28,3,Фастівський,Фастів,2026-06-28T01:53:46+03:00,2026-06-28T03:13:36+03:00,1.3,1,3,121078,https://t.me/kievreal1/121078,БпЛА курсом на Фастів
2026-06-29,15,Обухівський,Обухівський,2026-06-29T15:37:06+03:00,2026-06-29T16:03:16+03:00,0.4,15,16,121138,https://t.me/kievreal1/121138,🚨 КИЇВСЬКА ОБЛАСТЬ - ОГОЛОШЕНА ПОВІТРЯНА ТРИВОГА Загроза для Обухівського району через БпЛА на Черкащині
2026-06-30,14,Броварський,Броварський,2026-06-30T14:06:26+03:00,2026-06-30T14:32:56+03:00,0.4,14,14,121240,https://t.me/kievreal1/121240,🚨 КИЇВСЬКА ОБЛАСТЬ - ОГОЛОШЕНА ПОВІТРЯНА ТРИВОГА Броварський та Бориспільський райони — загроза БпЛА з Полтавщини
2026-06-30,14,Бориспільський,Бориспільський,2026-06-30T14:06:26+03:00,2026-06-30T14:32:56+03:00,0.4,14,14,121240,https://t.me/kievreal1/121240,🚨 КИЇВСЬКА ОБЛАСТЬ - ОГОЛОШЕНА ПОВІТРЯНА ТРИВОГА Броварський та Бориспільський райони — загроза БпЛА з Полтавщини
2026-06-30,17,Вишгородський,Вишгородський,2026-06-30T17:13:06+03:00,2026-06-30T18:57:36+03:00,1.7,17,18,121250,https://t.me/kievreal1/121250,🚨 КИЇВСЬКА ОБЛАСТЬ - ОГОЛОШЕНА ПОВІТРЯНА ТРИВОГА Загроза БпЛА для Вишгородського району.
2026-06-30,18,Вишгородський,Чорнобиль,2026-06-30T17:13:06+03:00,2026-06-30T18:57:36+03:00,1.7,17,18,121252,https://t.me/kievreal1/121252,1 БпЛА в районі Чорнобильської зони
2026-06-30,19,Броварський,Бобровиця,2026-06-30T19:28:26+03:00,2026-06-30T23:24:16+03:00,3.9,19,23,121262,https://t.me/kievreal1/121262,🚨 КИЇВСЬКА ОБЛАСТЬ - ОГОЛОШЕНА ПОВІТРЯНА ТРИВОГА БпЛА від Бобровиці на Броварський район
2026-06-30,19,Броварський,Броварський,2026-06-30T19:28:26+03:00,2026-06-30T23:24:16+03:00,3.9,19,23,121262,https://t.me/kievreal1/121262,🚨 КИЇВСЬКА ОБЛАСТЬ - ОГОЛОШЕНА ПОВІТРЯНА ТРИВОГА БпЛА від Бобровиці на Броварський район
2026-06-30,19,Бориспільський,Бориспільський,2026-06-30T19:28:26+03:00,2026-06-30T23:24:16+03:00,3.9,19,23,121264,https://t.me/kievreal1/121264,"Додатково оголосили тривогу в Бориспільському районі. БпЛА зайшов в область, на Перемогу йде Про рух БпЛА по області пишуть тут – t.me/tryv…"
2026-06-30,20,Бориспільський,Бориспіль,2026-06-30T19:28:26+03:00,2026-06-30T23:24:16+03:00,3.9,19,23,121266,https://t.me/kievreal1/121266,🚨 М. КИЇВ - ОГОЛОШЕНА ПОВІТРЯНА ТРИВОГА БпЛА на Бориспіль!
2026-06-30,20,Бориспільський,Бориспільський,2026-06-30T19:28:26+03:00,2026-06-30T23:24:16+03:00,3.9,19,23,121268,https://t.me/kievreal1/121268,"Додатково оголосили тривогу в Бориспільському районі. БпЛА зайшов в область, на Перемогу йде Про рух БпЛА по області пишуть тут – t.me/tryv…"
2026-06-30,20,Бориспільський,Бориспіль,2026-06-30T19:28:26+03:00,2026-06-30T23:24:16+03:00,3.9,19,23,121271,https://t.me/kievreal1/121271,"Тривога лишається в Бориспільскому та Броварському районах через БпЛА, що маневрує по області В інших районах вже без загрози."
2026-06-30,20,Броварський,Броварський,2026-06-30T19:28:26+03:00,2026-06-30T23:24:16+03:00,3.9,19,23,121271,https://t.me/kievreal1/121271,"Тривога лишається в Бориспільскому та Броварському районах через БпЛА, що маневрує по області В інших районах вже без загрози."
2026-06-30,21,Бориспільський,Бориспіль,2026-06-30T19:28:26+03:00,2026-06-30T23:24:16+03:00,3.9,19,23,121272,https://t.me/kievreal1/121272,"Тривога лишається в Бориспільскому та Броварському районах через БпЛА, що маневрує по області В інших районах вже без загрози."
2026-06-30,21,Броварський,Броварський,2026-06-30T19:28:26+03:00,2026-06-30T23:24:16+03:00,3.9,19,23,121272,https://t.me/kievreal1/121272,"Тривога лишається в Бориспільскому та Броварському районах через БпЛА, що маневрує по області В інших районах вже без загрози."
2026-06-30,21,Вишгородський,Славутич,2026-06-30T19:28:26+03:00,2026-06-30T23:24:16+03:00,3.9,19,23,121273,https://t.me/kievreal1/121273,Ще БпЛА в районі Славутича курсом на водосховище БпЛА від Борисполя на південь.
2026-06-30,21,Бориспільський,Бориспіль,2026-06-30T19:28:26+03:00,2026-06-30T23:24:16+03:00,3.9,19,23,121273,https://t.me/kievreal1/121273,Ще БпЛА в районі Славутича курсом на водосховище БпЛА від Борисполя на південь.
2026-07-01,19,Бориспільський,Переяслав,2026-07-01T18:42:36+03:00,2026-07-02T08:41:36+03:00,14.0,18,8,121296,https://t.me/kievreal1/121296,Реактивний біля Переяслава
2026-07-01,19,Обухівський,Обухів,2026-07-01T18:42:36+03:00,2026-07-02T08:41:36+03:00,14.0,18,8,121300,https://t.me/kievreal1/121300,🚨 М. КИЇВ - ОГОЛОШЕНА ПОВІТРЯНА ТРИВОГА Реактивний БПЛА на Обухів
2026-07-01,20,Обухівський,Глеваха,2026-07-01T18:42:36+03:00,2026-07-02T08:41:36+03:00,14.0,18,8,121303,https://t.me/kievreal1/121303,На Глеваху виліз
2026-07-01,20,Бучанський,Макарів,2026-07-01T18:42:36+03:00,2026-07-02T08:41:36+03:00,14.0,18,8,121305,https://t.me/kievreal1/121305,Макарів
2026-07-01,20,Фастівський,Боярка,2026-07-01T18:42:36+03:00,2026-07-02T08:41:36+03:00,14.0,18,8,121306,https://t.me/kievreal1/121306,Боярка/Вишневе
2026-07-01,20,Бучанський,Вишневе,2026-07-01T18:42:36+03:00,2026-07-02T08:41:36+03:00,14.0,18,8,121306,https://t.me/kievreal1/121306,Боярка/Вишневе
2026-07-01,20,Броварський,Бровари,2026-07-01T18:42:36+03:00,2026-07-02T08:41:36+03:00,14.0,18,8,121308,https://t.me/kievreal1/121308,Є на Бровари
2026-07-01,20,Бориспільський,Бориспіль,2026-07-01T18:42:36+03:00,2026-07-02T08:41:36+03:00,14.0,18,8,121310,https://t.me/kievreal1/121310,Ще на Бориспіль
2026-07-01,20,Обухівський,Обухів,2026-07-01T18:42:36+03:00,2026-07-02T08:41:36+03:00,14.0,18,8,121311,https://t.me/kievreal1/121311,Обухів
2026-07-01,20,Броварський,Згурівка,2026-07-01T18:42:36+03:00,2026-07-02T08:41:36+03:00,14.0,18,8,121312,https://t.me/kievreal1/121312,Згурівка/Водосховище
2026-07-01,20,Вишгородський,Вишгород,2026-07-01T18:42:36+03:00,2026-07-02T08:41:36+03:00,14.0,18,8,121313,https://t.me/kievreal1/121313,Вишгород
2026-07-01,21,Вишгородський,Хотянівка,2026-07-01T18:42:36+03:00,2026-07-02T08:41:36+03:00,14.0,18,8,121320,https://t.me/kievreal1/121320,На Хотянівку
2026-07-01,22,Вишгородський,Славутич,2026-07-01T18:42:36+03:00,2026-07-02T08:41:36+03:00,14.0,18,8,121324,https://t.me/kievreal1/121324,Від Славутича йдуть нові реактивні
2026-07-01,22,Броварський,Бровари,2026-07-01T18:42:36+03:00,2026-07-02T08:41:36+03:00,14.0,18,8,121325,https://t.me/kievreal1/121325,Бровари
2026-07-01,22,Бучанський,Макарів,2026-07-01T18:42:36+03:00,2026-07-02T08:41:36+03:00,14.0,18,8,121330,https://t.me/kievreal1/121330,Макарів/Хотянівка
2026-07-01,22,Вишгородський,Хотянівка,2026-07-01T18:42:36+03:00,2026-07-02T08:41:36+03:00,14.0,18,8,121330,https://t.me/kievreal1/121330,Макарів/Хотянівка
2026-07-01,22,Фастівський,Боярка,2026-07-01T18:42:36+03:00,2026-07-02T08:41:36+03:00,14.0,18,8,121331,https://t.me/kievreal1/121331,Боярка
2026-07-01,22,Вишгородський,Вишгород,2026-07-01T18:42:36+03:00,2026-07-02T08:41:36+03:00,14.0,18,8,121332,https://t.me/kievreal1/121332,Вишгород
2026-07-01,22,Фастівський,Фастів,2026-07-01T18:42:36+03:00,2026-07-02T08:41:36+03:00,14.0,18,8,121336,https://t.me/kievreal1/121336,Фастів/Українка
2026-07-01,22,Обухівський,Українка,2026-07-01T18:42:36+03:00,2026-07-02T08:41:36+03:00,14.0,18,8,121336,https://t.me/kievreal1/121336,Фастів/Українка
2026-07-01,22,Обухівський,Обухів,2026-07-01T18:42:36+03:00,2026-07-02T08:41:36+03:00,14.0,18,8,121338,https://t.me/kievreal1/121338,Обухів
2026-07-01,22,Бучанський,Вишневе,2026-07-01T18:42:36+03:00,2026-07-02T08:41:36+03:00,14.0,18,8,121340,https://t.me/kievreal1/121340,БПЛА на Вишневе
2026-07-01,23,Вишгородський,Жукин,2026-07-01T18:42:36+03:00,2026-07-02T08:41:36+03:00,14.0,18,8,121345,https://t.me/kievreal1/121345,1 БпЛА на Жукин 1 БпЛА на Гостомель 1 БпЛА на Київ 1 БпЛА на Вишневе
2026-07-01,23,Бучанський,Гостомель,2026-07-01T18:42:36+03:00,2026-07-02T08:41:36+03:00,14.0,18,8,121345,https://t.me/kievreal1/121345,1 БпЛА на Жукин 1 БпЛА на Гостомель 1 БпЛА на Київ 1 БпЛА на Вишневе
2026-07-01,23,Бучанський,Вишневе,2026-07-01T18:42:36+03:00,2026-07-02T08:41:36+03:00,14.0,18,8,121345,https://t.me/kievreal1/121345,1 БпЛА на Жукин 1 БпЛА на Гостомель 1 БпЛА на Київ 1 БпЛА на Вишневе
2026-07-01,23,Бучанський,Ірпінь,2026-07-01T18:42:36+03:00,2026-07-02T08:41:36+03:00,14.0,18,8,121350,https://t.me/kievreal1/121350,2 на Ірпінь
2026-07-01,23,Бориспільський,Бориспіль,2026-07-01T18:42:36+03:00,2026-07-02T08:41:36+03:00,14.0,18,8,121358,https://t.me/kievreal1/121358,БПЛА на Бориспіль
2026-07-01,23,Обухівський,Козин,2026-07-01T18:42:36+03:00,2026-07-02T08:41:36+03:00,14.0,18,8,121361,https://t.me/kievreal1/121361,1 БпЛА на Козин 1 БпЛА на Вишгород
2026-07-01,23,Вишгородський,Вишгород,2026-07-01T18:42:36+03:00,2026-07-02T08:41:36+03:00,14.0,18,8,121361,https://t.me/kievreal1/121361,1 БпЛА на Козин 1 БпЛА на Вишгород
2026-07-01,23,Фастівський,Фастів,2026-07-01T18:42:36+03:00,2026-07-02T08:41:36+03:00,14.0,18,8,121363,https://t.me/kievreal1/121363,БПЛА на Фастів
2026-07-01,23,Обухівський,Васильків,2026-07-01T18:42:36+03:00,2026-07-02T08:41:36+03:00,14.0,18,8,121365,https://t.me/kievreal1/121365,БПЛА на Васильків
2026-07-01,0,Вишгородський,Вишгород,2026-07-01T18:42:36+03:00,2026-07-02T08:41:36+03:00,14.0,18,8,121373,https://t.me/kievreal1/121373,1 БпЛА на Київ 2 БпЛА на Вишгород 1 БпЛА на Калинівку 4 БпЛА на Жукин 1 БпЛА на Згурівку 👉
2026-07-01,0,Фастівський,Калинівка,2026-07-01T18:42:36+03:00,2026-07-02T08:41:36+03:00,14.0,18,8,121373,https://t.me/kievreal1/121373,1 БпЛА на Київ 2 БпЛА на Вишгород 1 БпЛА на Калинівку 4 БпЛА на Жукин 1 БпЛА на Згурівку 👉
2026-07-01,0,Вишгородський,Жукин,2026-07-01T18:42:36+03:00,2026-07-02T08:41:36+03:00,14.0,18,8,121373,https://t.me/kievreal1/121373,1 БпЛА на Київ 2 БпЛА на Вишгород 1 БпЛА на Калинівку 4 БпЛА на Жукин 1 БпЛА на Згурівку 👉
2026-07-01,0,Броварський,Згурівка,2026-07-01T18:42:36+03:00,2026-07-02T08:41:36+03:00,14.0,18,8,121373,https://t.me/kievreal1/121373,1 БпЛА на Київ 2 БпЛА на Вишгород 1 БпЛА на Калинівку 4 БпЛА на Жукин 1 БпЛА на Згурівку 👉
2026-07-01,0,Бучанський,Борщагівка,2026-07-01T18:42:36+03:00,2026-07-02T08:41:36+03:00,14.0,18,8,121377,https://t.me/kievreal1/121377,Борщагівка
2026-07-01,1,Вишгородський,Вишгород,2026-07-01T18:42:36+03:00,2026-07-02T08:41:36+03:00,14.0,18,8,121391,https://t.me/kievreal1/121391,Вишгород
2026-07-01,1,Броварський,Бровари,2026-07-01T18:42:36+03:00,2026-07-02T08:41:36+03:00,14.0,18,8,121392,https://t.me/kievreal1/121392,Бровари
2026-07-01,2,Броварський,Бровари,2026-07-01T18:42:36+03:00,2026-07-02T08:41:36+03:00,14.0,18,8,121420,https://t.me/kievreal1/121420,БПЛА на Печерськ 2 на Бровари
2026-07-01,3,Бориспільський,Бориспіль,2026-07-01T18:42:36+03:00,2026-07-02T08:41:36+03:00,14.0,18,8,121442,https://t.me/kievreal1/121442,15 ракет на Бориспіль
2026-07-01,3,Бориспільський,Бориспіль,2026-07-01T18:42:36+03:00,2026-07-02T08:41:36+03:00,14.0,18,8,121443,https://t.me/kievreal1/121443,15 ракет на Бориспіль
2026-07-01,3,Броварський,Бровари,2026-07-01T18:42:36+03:00,2026-07-02T08:41:36+03:00,14.0,18,8,121444,https://t.me/kievreal1/121444,4 групи КР на Бровари 2 групи КР на Київ Група КР на Переяслав
2026-07-01,3,Бориспільський,Переяслав,2026-07-01T18:42:36+03:00,2026-07-02T08:41:36+03:00,14.0,18,8,121444,https://t.me/kievreal1/121444,4 групи КР на Бровари 2 групи КР на Київ Група КР на Переяслав
2026-07-01,3,Броварський,Бровари,2026-07-01T18:42:36+03:00,2026-07-02T08:41:36+03:00,14.0,18,8,121447,https://t.me/kievreal1/121447,4 групи КР на Бровари 2 групи КР на Київ Група КР на Переяслав
2026-07-01,3,Бориспільський,Переяслав,2026-07-01T18:42:36+03:00,2026-07-02T08:41:36+03:00,14.0,18,8,121447,https://t.me/kievreal1/121447,4 групи КР на Бровари 2 групи КР на Київ Група КР на Переяслав
2026-07-01,4,Вишгородський,Вишгород,2026-07-01T18:42:36+03:00,2026-07-02T08:41:36+03:00,14.0,18,8,121467,https://t.me/kievreal1/121467,2 БПЛА на Вишгород
2026-07-01,5,Бориспільський,Бориспільський,2026-07-01T18:42:36+03:00,2026-07-02T08:41:36+03:00,14.0,18,8,121487,https://t.me/kievreal1/121487,Наслідки ракетного удару біля багатоповерхівки на Бориспільській
2026-07-01,5,Вишгородський,Вишгород,2026-07-01T18:42:36+03:00,2026-07-02T08:41:36+03:00,14.0,18,8,121490,https://t.me/kievreal1/121490,Вишгород
2026-07-01,5,Бучанський,Ірпінь,2026-07-01T18:42:36+03:00,2026-07-02T08:41:36+03:00,14.0,18,8,121491,https://t.me/kievreal1/121491,БПЛА на Ірпінь
2026-07-01,7,Бучанський,Бучанський,2026-07-01T18:42:36+03:00,2026-07-02T08:41:36+03:00,14.0,18,8,121511,https://t.me/kievreal1/121511,"На жаль, унаслідок чергової масованої комбінованої атаки ворога на Київщину маємо постраждалих. У Бучанському районі поранення отримали тро…"
2026-07-01,8,Обухівський,Васильків,2026-07-01T18:42:36+03:00,2026-07-02T08:41:36+03:00,14.0,18,8,121513,https://t.me/kievreal1/121513,"Унаслідок масованої російської атаки в ніч на 2 липня громадський транспорт курсує зі змінами Через пошкодження контактної мережі, відсутні…"
2026-07-01,8,Бориспільський,Бориспільський,2026-07-01T18:42:36+03:00,2026-07-02T08:41:36+03:00,14.0,18,8,121515,https://t.me/kievreal1/121515,Рух транспорту тимчасово перекритий: 🔹 вулицею Бориспільською (від перехрестя з вулицею Вересневою в напрямку провулка Ігоря Качуровського)…
2026-07-02,10,Броварський,Велика Димерка,2026-07-02T09:15:36+03:00,2026-07-03T02:52:36+03:00,17.6,9,2,121547,https://t.me/kievreal1/121547,"Загроза БПЛА, на Велику Димерку"
2026-07-02,10,Вишгородський,Славутич,2026-07-02T09:15:36+03:00,2026-07-03T02:52:36+03:00,17.6,9,2,121549,https://t.me/kievreal1/121549,Нові БПЛА на Славутич
2026-07-02,11,Вишгородський,Вишгород,2026-07-02T09:15:36+03:00,2026-07-03T02:52:36+03:00,17.6,9,2,121551,https://t.me/kievreal1/121551,БПЛА на Вишгород
2026-07-02,11,Вишгородський,Вишгород,2026-07-02T09:15:36+03:00,2026-07-03T02:52:36+03:00,17.6,9,2,121556,https://t.me/kievreal1/121556,Реактивний БПЛА на Вишгород
2026-07-03,17,Бориспільський,Яготин,2026-07-03T17:01:36+03:00,2026-07-03T17:48:46+03:00,0.8,17,17,121670,https://t.me/kievreal1/121670,"🚨 КИЇВСЬКА ОБЛАСТЬ - ОГОЛОШЕНА ПОВІТРЯНА ТРИВОГА БпЛА в бік Яготина, загроза для Бориспільського району"
2026-07-03,17,Бориспільський,Бориспільський,2026-07-03T17:01:36+03:00,2026-07-03T17:48:46+03:00,0.8,17,17,121670,https://t.me/kievreal1/121670,"🚨 КИЇВСЬКА ОБЛАСТЬ - ОГОЛОШЕНА ПОВІТРЯНА ТРИВОГА БпЛА в бік Яготина, загроза для Бориспільського району"
2026-07-05,4,Броварський,Згурівка,2026-07-05T04:27:06+03:00,2026-07-05T04:52:16+03:00,0.4,4,4,121750,https://t.me/kievreal1/121750,Шахед на Згурівку
2026-07-05,12,Броварський,Бровари,2026-07-05T12:23:46+03:00,2026-07-05T13:47:26+03:00,1.4,12,13,121759,https://t.me/kievreal1/121759,На Бровари
2026-07-05,13,Бориспільський,Бориспіль,2026-07-05T12:23:46+03:00,2026-07-05T13:47:26+03:00,1.4,12,13,121761,https://t.me/kievreal1/121761,Бориспіль
2026-07-05,16,Бориспільський,Переяслав,2026-07-05T16:56:06+03:00,2026-07-05T17:19:36+03:00,0.4,16,17,121774,https://t.me/kievreal1/121774,БПЛА на Переяслав
2026-07-06,1,Бучанський,Буча,2026-07-06T01:12:56+03:00,2026-07-06T05:09:46+03:00,3.9,1,5,121801,https://t.me/kievreal1/121801,"Буча , Ірпінь"
2026-07-06,1,Бучанський,Ірпінь,2026-07-06T01:12:56+03:00,2026-07-06T05:09:46+03:00,3.9,1,5,121801,https://t.me/kievreal1/121801,"Буча , Ірпінь"
2026-07-06,2,Вишгородський,Вишгород,2026-07-06T01:12:56+03:00,2026-07-06T05:09:46+03:00,3.9,1,5,121815,https://t.me/kievreal1/121815,Вишгород
2026-07-06,2,Бучанський,Ірпінь,2026-07-06T01:12:56+03:00,2026-07-06T05:09:46+03:00,3.9,1,5,121820,https://t.me/kievreal1/121820,Ірпінь теж обережно
2026-07-06,2,Вишгородський,Вишгород,2026-07-06T01:12:56+03:00,2026-07-06T05:09:46+03:00,3.9,1,5,121821,https://t.me/kievreal1/121821,Вишгород
2026-07-06,2,Броварський,Бровари,2026-07-06T01:12:56+03:00,2026-07-06T05:09:46+03:00,3.9,1,5,121827,https://t.me/kievreal1/121827,БпЛА курсом на Бровари 2х БпЛА курсом на Баришівку
2026-07-06,2,Броварський,Баришівка,2026-07-06T01:12:56+03:00,2026-07-06T05:09:46+03:00,3.9,1,5,121827,https://t.me/kievreal1/121827,БпЛА курсом на Бровари 2х БпЛА курсом на Баришівку
2026-07-06,2,Бориспільський,Бориспіль,2026-07-06T01:12:56+03:00,2026-07-06T05:09:46+03:00,3.9,1,5,121835,https://t.me/kievreal1/121835,БпЛА курсом на Бориспіль БпЛА курсом на Бровари БпЛА курсом на Баришівку 6х БпЛА курсом на Вишгород 2х БпЛА курсом на Згурівку
2026-07-06,2,Броварський,Бровари,2026-07-06T01:12:56+03:00,2026-07-06T05:09:46+03:00,3.9,1,5,121835,https://t.me/kievreal1/121835,БпЛА курсом на Бориспіль БпЛА курсом на Бровари БпЛА курсом на Баришівку 6х БпЛА курсом на Вишгород 2х БпЛА курсом на Згурівку
2026-07-06,2,Броварський,Баришівка,2026-07-06T01:12:56+03:00,2026-07-06T05:09:46+03:00,3.9,1,5,121835,https://t.me/kievreal1/121835,БпЛА курсом на Бориспіль БпЛА курсом на Бровари БпЛА курсом на Баришівку 6х БпЛА курсом на Вишгород 2х БпЛА курсом на Згурівку
2026-07-06,2,Вишгородський,Вишгород,2026-07-06T01:12:56+03:00,2026-07-06T05:09:46+03:00,3.9,1,5,121835,https://t.me/kievreal1/121835,БпЛА курсом на Бориспіль БпЛА курсом на Бровари БпЛА курсом на Баришівку 6х БпЛА курсом на Вишгород 2х БпЛА курсом на Згурівку
2026-07-06,2,Броварський,Згурівка,2026-07-06T01:12:56+03:00,2026-07-06T05:09:46+03:00,3.9,1,5,121835,https://t.me/kievreal1/121835,БпЛА курсом на Бориспіль БпЛА курсом на Бровари БпЛА курсом на Баришівку 6х БпЛА курсом на Вишгород 2х БпЛА курсом на Згурівку
2026-07-06,2,Броварський,Згурівка,2026-07-06T01:12:56+03:00,2026-07-06T05:09:46+03:00,3.9,1,5,121838,https://t.me/kievreal1/121838,7 шахедів з півночі на Велику Демерку 3 повз Згурівку до Переяслава 1 на Бориспіль
2026-07-06,2,Бориспільський,Переяслав,2026-07-06T01:12:56+03:00,2026-07-06T05:09:46+03:00,3.9,1,5,121838,https://t.me/kievreal1/121838,7 шахедів з півночі на Велику Демерку 3 повз Згурівку до Переяслава 1 на Бориспіль
2026-07-06,2,Бориспільський,Бориспіль,2026-07-06T01:12:56+03:00,2026-07-06T05:09:46+03:00,3.9,1,5,121838,https://t.me/kievreal1/121838,7 шахедів з півночі на Велику Демерку 3 повз Згурівку до Переяслава 1 на Бориспіль
2026-07-06,2,Вишгородський,Вишгород,2026-07-06T01:12:56+03:00,2026-07-06T05:09:46+03:00,3.9,1,5,121840,https://t.me/kievreal1/121840,10 БПЛА на Вишгород - Трою 2 на Перемогу 1 на Переяслав
2026-07-06,2,Бориспільський,Переяслав,2026-07-06T01:12:56+03:00,2026-07-06T05:09:46+03:00,3.9,1,5,121840,https://t.me/kievreal1/121840,10 БПЛА на Вишгород - Трою 2 на Перемогу 1 на Переяслав
2026-07-06,2,Вишгородський,Вишгород,2026-07-06T01:12:56+03:00,2026-07-06T05:09:46+03:00,3.9,1,5,121844,https://t.me/kievreal1/121844,7х БпЛА повз Вишгород курсом на Київ БпЛА курсом на Бровари 2х БпЛА курсом на Ржищів БпЛА курсом на Яготин
2026-07-06,2,Броварський,Бровари,2026-07-06T01:12:56+03:00,2026-07-06T05:09:46+03:00,3.9,1,5,121844,https://t.me/kievreal1/121844,7х БпЛА повз Вишгород курсом на Київ БпЛА курсом на Бровари 2х БпЛА курсом на Ржищів БпЛА курсом на Яготин
2026-07-06,2,Обухівський,Ржищів,2026-07-06T01:12:56+03:00,2026-07-06T05:09:46+03:00,3.9,1,5,121844,https://t.me/kievreal1/121844,7х БпЛА повз Вишгород курсом на Київ БпЛА курсом на Бровари 2х БпЛА курсом на Ржищів БпЛА курсом на Яготин
2026-07-06,2,Бориспільський,Яготин,2026-07-06T01:12:56+03:00,2026-07-06T05:09:46+03:00,3.9,1,5,121844,https://t.me/kievreal1/121844,7х БпЛА повз Вишгород курсом на Київ БпЛА курсом на Бровари 2х БпЛА курсом на Ржищів БпЛА курсом на Яготин
2026-07-06,2,Вишгородський,Вишгород,2026-07-06T01:12:56+03:00,2026-07-06T05:09:46+03:00,3.9,1,5,121847,https://t.me/kievreal1/121847,БпЛА курсом на Вишгород 2х БпЛА курсом на Київ БпЛА курсом на Березань 4х БпЛА курсом на Українку
2026-07-06,2,Бориспільський,Березань,2026-07-06T01:12:56+03:00,2026-07-06T05:09:46+03:00,3.9,1,5,121847,https://t.me/kievreal1/121847,БпЛА курсом на Вишгород 2х БпЛА курсом на Київ БпЛА курсом на Березань 4х БпЛА курсом на Українку
2026-07-06,2,Обухівський,Українка,2026-07-06T01:12:56+03:00,2026-07-06T05:09:46+03:00,3.9,1,5,121847,https://t.me/kievreal1/121847,БпЛА курсом на Вишгород 2х БпЛА курсом на Київ БпЛА курсом на Березань 4х БпЛА курсом на Українку
2026-07-06,2,Бориспільський,Переяслав,2026-07-06T01:12:56+03:00,2026-07-06T05:09:46+03:00,3.9,1,5,121850,https://t.me/kievreal1/121850,БпЛА курсом на Переяслав 4х БпЛА курсом на Українку
2026-07-06,2,Обухівський,Українка,2026-07-06T01:12:56+03:00,2026-07-06T05:09:46+03:00,3.9,1,5,121850,https://t.me/kievreal1/121850,БпЛА курсом на Переяслав 4х БпЛА курсом на Українку
2026-07-06,3,Бориспільський,Переяслав,2026-07-06T01:12:56+03:00,2026-07-06T05:09:46+03:00,3.9,1,5,121853,https://t.me/kievreal1/121853,БпЛА курсом на Переяслав БпЛА курсом на Українку 2х БпЛА повз Козин курсом на Київ
2026-07-06,3,Обухівський,Українка,2026-07-06T01:12:56+03:00,2026-07-06T05:09:46+03:00,3.9,1,5,121853,https://t.me/kievreal1/121853,БпЛА курсом на Переяслав БпЛА курсом на Українку 2х БпЛА повз Козин курсом на Київ
2026-07-06,3,Обухівський,Козин,2026-07-06T01:12:56+03:00,2026-07-06T05:09:46+03:00,3.9,1,5,121853,https://t.me/kievreal1/121853,БпЛА курсом на Переяслав БпЛА курсом на Українку 2х БпЛА повз Козин курсом на Київ
2026-07-06,3,Броварський,Бровари,2026-07-06T01:12:56+03:00,2026-07-06T05:09:46+03:00,3.9,1,5,121855,https://t.me/kievreal1/121855,Київщина : Група КР курсом на Бровари 3х Групи КР курсом на Київ Група КР курсом на Переяслав Група КР курсом на Бориспіль 2х Групи КР курс…
2026-07-06,3,Бориспільський,Переяслав,2026-07-06T01:12:56+03:00,2026-07-06T05:09:46+03:00,3.9,1,5,121855,https://t.me/kievreal1/121855,Київщина : Група КР курсом на Бровари 3х Групи КР курсом на Київ Група КР курсом на Переяслав Група КР курсом на Бориспіль 2х Групи КР курс…
2026-07-06,3,Бориспільський,Бориспіль,2026-07-06T01:12:56+03:00,2026-07-06T05:09:46+03:00,3.9,1,5,121855,https://t.me/kievreal1/121855,Київщина : Група КР курсом на Бровари 3х Групи КР курсом на Київ Група КР курсом на Переяслав Група КР курсом на Бориспіль 2х Групи КР курс…
2026-07-06,3,Вишгородський,Вишгород,2026-07-06T01:12:56+03:00,2026-07-06T05:09:46+03:00,3.9,1,5,121855,https://t.me/kievreal1/121855,Київщина : Група КР курсом на Бровари 3х Групи КР курсом на Київ Група КР курсом на Переяслав Група КР курсом на Бориспіль 2х Групи КР курс…
2026-07-06,3,Броварський,Бровари,2026-07-06T01:12:56+03:00,2026-07-06T05:09:46+03:00,3.9,1,5,121857,https://t.me/kievreal1/121857,БпЛА : - Феофанія - Жуляни - Теличка - Щасливе / Бровари - на Ржищів
2026-07-06,3,Обухівський,Ржищів,2026-07-06T01:12:56+03:00,2026-07-06T05:09:46+03:00,3.9,1,5,121857,https://t.me/kievreal1/121857,БпЛА : - Феофанія - Жуляни - Теличка - Щасливе / Бровари - на Ржищів
2026-07-06,3,Броварський,Бровари,2026-07-06T01:12:56+03:00,2026-07-06T05:09:46+03:00,3.9,1,5,121858,https://t.me/kievreal1/121858,Група КР курсом на Бровари 3х Групи КР курсом на Київ
2026-07-06,3,Броварський,Бровари,2026-07-06T01:12:56+03:00,2026-07-06T05:09:46+03:00,3.9,1,5,121861,https://t.me/kievreal1/121861,2 групи ракет підлітають до Броварів
2026-07-06,3,Броварський,Бровари,2026-07-06T01:12:56+03:00,2026-07-06T05:09:46+03:00,3.9,1,5,121862,https://t.me/kievreal1/121862,3х Групи КР повз Бровари курсом на Київ
2026-07-06,3,Броварський,Бровари,2026-07-06T01:12:56+03:00,2026-07-06T05:09:46+03:00,3.9,1,5,121864,https://t.me/kievreal1/121864,Остання ракета повз Бровари на Трою
2026-07-06,3,Вишгородський,Славутич,2026-07-06T01:12:56+03:00,2026-07-06T05:09:46+03:00,3.9,1,5,121869,https://t.me/kievreal1/121869,Влучання ракети у ЖК «Славутич»
2026-07-06,8,Броварський,Бровари,2026-07-06T08:11:56+03:00,2026-07-06T23:15:06+03:00,15.1,8,23,121922,https://t.me/kievreal1/121922,БПЛА біля Броварів
2026-07-06,8,Обухівський,Васильків,2026-07-06T08:11:56+03:00,2026-07-06T23:15:06+03:00,15.1,8,23,121928,https://t.me/kievreal1/121928,Васильків
2026-07-06,8,Бучанський,Вишневе,2026-07-06T08:11:56+03:00,2026-07-06T23:15:06+03:00,15.1,8,23,121933,https://t.me/kievreal1/121933,У Вишневому на Київщині закликають залишатися в укриттях і не виходити на вулицю без крайньої потреби В окремих районах триває евакуація.
2026-07-06,8,Броварський,Бровари,2026-07-06T08:11:56+03:00,2026-07-06T23:15:06+03:00,15.1,8,23,121934,https://t.me/kievreal1/121934,Ще БПЛА на Бровари
2026-07-06,9,Бучанський,Вишневе,2026-07-06T08:11:56+03:00,2026-07-06T23:15:06+03:00,15.1,8,23,121939,https://t.me/kievreal1/121939,"У Вишневому після атаки неможливо дихати ""За 5 років війни я не боялась, як сьогодні. По-перше, вибухало все. Летіло скло, летіло просто ск…"
2026-07-06,10,Бучанський,Вишневе,2026-07-06T08:11:56+03:00,2026-07-06T23:15:06+03:00,15.1,8,23,121952,https://t.me/kievreal1/121952,"У Вишневому евакуювали понад 500 людей до завершення робіт з ліквідації вибуху , — МВС"
2026-07-06,17,Вишгородський,Десна,2026-07-06T08:11:56+03:00,2026-07-06T23:15:06+03:00,15.1,8,23,121963,https://t.me/kievreal1/121963,Приїхала купатись на Десну і підхопила правець: на Броварщині медики рятують від рідкісної смертельної інфекції 33-річну жінку Хвороба враж…
2026-07-06,17,Броварський,Бровари,2026-07-06T08:11:56+03:00,2026-07-06T23:15:06+03:00,15.1,8,23,121963,https://t.me/kievreal1/121963,Приїхала купатись на Десну і підхопила правець: на Броварщині медики рятують від рідкісної смертельної інфекції 33-річну жінку Хвороба враж…
2026-07-06,19,Бучанський,Вишневе,2026-07-06T08:11:56+03:00,2026-07-06T23:15:06+03:00,15.1,8,23,121966,https://t.me/kievreal1/121966,"⚡️ Я очікую від Служби безпеки України і розвідки детального зʼясування того, що сталось у Вишневому — Зеленський"
2026-07-06,20,Обухівський,Обухівський,2026-07-06T08:11:56+03:00,2026-07-06T23:15:06+03:00,15.1,8,23,121967,https://t.me/kievreal1/121967,"Жахлива ДТП сталася на Обухівській трасі 🖼 побачили якусь подію та зняли на камеру? Надсилайте нам , ми покажемо це на каналі — @novosti_ki…"
2026-07-06,21,Бучанський,Вишневе,2026-07-06T08:11:56+03:00,2026-07-06T23:15:06+03:00,15.1,8,23,121969,https://t.me/kievreal1/121969,Найбільші руйнування житлового сектору за весь час повномасштабного вторгнення зафіксовано у Вишневому Київської області унаслідок російськ…
2026-07-07,11,Вишгородський,Вишгородський,2026-07-07T11:51:06+03:00,2026-07-07T12:11:56+03:00,0.3,11,12,122023,https://t.me/kievreal1/122023,"Тривога у Вишгородському та Броварському районах через БпЛА з Чернігівщини , в районі Ніжина"
2026-07-07,11,Броварський,Броварський,2026-07-07T11:51:06+03:00,2026-07-07T12:11:56+03:00,0.3,11,12,122023,https://t.me/kievreal1/122023,"Тривога у Вишгородському та Броварському районах через БпЛА з Чернігівщини , в районі Ніжина"
2026-07-07,20,Бучанський,Вишневе,2026-07-07T20:04:16+03:00,2026-07-07T20:20:36+03:00,0.3,20,20,122056,https://t.me/kievreal1/122056,"У Генштабі повідомили, що об'єкт у Вишневому, де сталася детонація, не належить до сфери управління та не підпорядковується ЗСУ Офіцер ГУ к…"
2026-07-08,0,Броварський,Бровари,2026-07-08T00:32:06+03:00,2026-07-08T01:45:06+03:00,1.2,0,1,122081,https://t.me/kievreal1/122081,Ціль на Бровари / Київ
2026-07-08,0,Бучанський,Вишневе,2026-07-08T00:32:06+03:00,2026-07-08T01:45:06+03:00,1.2,0,1,122084,https://t.me/kievreal1/122084,Ще балістика на Київ /Вишневе upd: не фіксується
2026-07-08,1,Вишгородський,Десна,2026-07-08T00:32:06+03:00,2026-07-08T01:45:06+03:00,1.2,0,1,122086,https://t.me/kievreal1/122086,1 БпЛА повз Десну на водосховище
2026-07-08,1,Вишгородський,Десна,2026-07-08T00:32:06+03:00,2026-07-08T01:45:06+03:00,1.2,0,1,122087,https://t.me/kievreal1/122087,1 БпЛА повз Десну на водосховище
2026-07-08,4,Броварський,Бровари,2026-07-08T03:58:26+03:00,2026-07-08T08:06:06+03:00,4.1,3,8,122098,https://t.me/kievreal1/122098,1 реактивний БпЛА через Бровари у бік Києва
2026-07-08,4,Броварський,Бровари,2026-07-08T03:58:26+03:00,2026-07-08T08:06:06+03:00,4.1,3,8,122099,https://t.me/kievreal1/122099,1 реактивний БпЛА через Бровари у бік Києва
2026-07-08,5,Вишгородський,Вишгород,2026-07-08T03:58:26+03:00,2026-07-08T08:06:06+03:00,4.1,3,8,122103,https://t.me/kievreal1/122103,1 реактивний БпЛА через Вишгород у бік Києва
2026-07-08,5,Вишгородський,Вишгород,2026-07-08T03:58:26+03:00,2026-07-08T08:06:06+03:00,4.1,3,8,122104,https://t.me/kievreal1/122104,1 реактивний БпЛА через Вишгород у бік Києва
2026-07-08,6,Вишгородський,Вишгород,2026-07-08T03:58:26+03:00,2026-07-08T08:06:06+03:00,4.1,3,8,122109,https://t.me/kievreal1/122109,2 реактивних БпЛА через Вишгород у бік Києва
2026-07-08,6,Вишгородський,Вишгород,2026-07-08T03:58:26+03:00,2026-07-08T08:06:06+03:00,4.1,3,8,122110,https://t.me/kievreal1/122110,2 реактивних БпЛА через Вишгород у бік Києва
2026-07-08,6,Бучанський,Макарів,2026-07-08T03:58:26+03:00,2026-07-08T08:06:06+03:00,4.1,3,8,122115,https://t.me/kievreal1/122115,1 БпЛА на Макарів 1 БпЛА на Бориспіль
2026-07-08,6,Бориспільський,Бориспіль,2026-07-08T03:58:26+03:00,2026-07-08T08:06:06+03:00,4.1,3,8,122115,https://t.me/kievreal1/122115,1 БпЛА на Макарів 1 БпЛА на Бориспіль
2026-07-08,6,Бучанський,Коцюбинське,2026-07-08T03:58:26+03:00,2026-07-08T08:06:06+03:00,4.1,3,8,122116,https://t.me/kievreal1/122116,1 Вилетів в Житомирську область 1 БпЛА на Коцюбинське
2026-07-08,6,Вишгородський,Вишгород,2026-07-08T03:58:26+03:00,2026-07-08T08:06:06+03:00,4.1,3,8,122118,https://t.me/kievreal1/122118,1 БпЛА через Вишгород на Київ
2026-07-08,6,Вишгородський,Вишгород,2026-07-08T03:58:26+03:00,2026-07-08T08:06:06+03:00,4.1,3,8,122119,https://t.me/kievreal1/122119,1 БпЛА через Вишгород на Київ
2026-07-08,6,Вишгородський,Вишгород,2026-07-08T03:58:26+03:00,2026-07-08T08:06:06+03:00,4.1,3,8,122120,https://t.me/kievreal1/122120,1 БпЛА на Вишгород 1 БпЛА на Київ
2026-07-08,10,Вишгородський,Славутич,2026-07-08T10:46:56+03:00,2026-07-08T14:53:26+03:00,4.1,10,14,122165,https://t.me/kievreal1/122165,🚨 КИЇВСЬКА ОБЛАСТЬ - ОГОЛОШЕНА ПОВІТРЯНА ТРИВОГА Знову реактивний бпЛА на Славутич
2026-07-08,11,Вишгородський,Жукин,2026-07-08T10:46:56+03:00,2026-07-08T14:53:26+03:00,4.1,10,14,122166,https://t.me/kievreal1/122166,1 БпЛА з півночі на Жукин. Тривогу додатково оголосили в Броварському та Бучанському районах
2026-07-08,11,Броварський,Броварський,2026-07-08T10:46:56+03:00,2026-07-08T14:53:26+03:00,4.1,10,14,122166,https://t.me/kievreal1/122166,1 БпЛА з півночі на Жукин. Тривогу додатково оголосили в Броварському та Бучанському районах
2026-07-08,11,Бучанський,Бучанський,2026-07-08T10:46:56+03:00,2026-07-08T14:53:26+03:00,4.1,10,14,122166,https://t.me/kievreal1/122166,1 БпЛА з півночі на Жукин. Тривогу додатково оголосили в Броварському та Бучанському районах
2026-07-08,11,Вишгородський,Вишгород,2026-07-08T10:46:56+03:00,2026-07-08T14:53:26+03:00,4.1,10,14,122167,https://t.me/kievreal1/122167,"Вишгород, Київ - йде цим курсом. Він реактивний Стежити за траєкторією в онлайн-режимі тут – t.me/tryvoga_kyiv"
2026-07-08,11,Вишгородський,Вишгород,2026-07-08T10:46:56+03:00,2026-07-08T14:53:26+03:00,4.1,10,14,122169,https://t.me/kievreal1/122169,"Вишгород, Київ - йде цим курсом. Він реактивний Стежити за траєкторією в онлайн-режимі тут – t.me/tryvoga_kyiv"
2026-07-08,11,Вишгородський,Славутич,2026-07-08T10:46:56+03:00,2026-07-08T14:53:26+03:00,4.1,10,14,122170,https://t.me/kievreal1/122170,З Чернігівської області ще до 3 БпЛА курсують повз Славутич 👉
2026-07-08,12,Вишгородський,Жукин,2026-07-08T10:46:56+03:00,2026-07-08T14:53:26+03:00,4.1,10,14,122173,https://t.me/kievreal1/122173,Знову БпЛА на Жукин / Боденьки. Також реактивні
2026-07-08,12,Вишгородський,Боденьки,2026-07-08T10:46:56+03:00,2026-07-08T14:53:26+03:00,4.1,10,14,122173,https://t.me/kievreal1/122173,Знову БпЛА на Жукин / Боденьки. Також реактивні
2026-07-08,12,Вишгородський,Жукин,2026-07-08T10:46:56+03:00,2026-07-08T14:53:26+03:00,4.1,10,14,122176,https://t.me/kievreal1/122176,Знову БпЛА на Жукин / Боденьки. Також реактивні
2026-07-08,12,Вишгородський,Боденьки,2026-07-08T10:46:56+03:00,2026-07-08T14:53:26+03:00,4.1,10,14,122176,https://t.me/kievreal1/122176,Знову БпЛА на Жукин / Боденьки. Також реактивні
2026-07-08,12,Вишгородський,Вишгород,2026-07-08T10:46:56+03:00,2026-07-08T14:53:26+03:00,4.1,10,14,122178,https://t.me/kievreal1/122178,На Осещину. Вже біля Вишгорода
2026-07-08,12,Бориспільський,Бориспіль,2026-07-08T10:46:56+03:00,2026-07-08T14:53:26+03:00,4.1,10,14,122184,https://t.me/kievreal1/122184,На виліт в бік Бортничів / Борисполя
2026-07-08,12,Вишгородський,Вишгород,2026-07-08T10:46:56+03:00,2026-07-08T14:53:26+03:00,4.1,10,14,122188,https://t.me/kievreal1/122188,Оболонь / Вишгород - тепер у ваш бік
2026-07-08,12,Бучанський,Буча,2026-07-08T10:46:56+03:00,2026-07-08T14:53:26+03:00,4.1,10,14,122192,https://t.me/kievreal1/122192,Буча / Макарів
2026-07-08,12,Бучанський,Макарів,2026-07-08T10:46:56+03:00,2026-07-08T14:53:26+03:00,4.1,10,14,122192,https://t.me/kievreal1/122192,Буча / Макарів
2026-07-08,13,Вишгородський,Жукин,2026-07-08T10:46:56+03:00,2026-07-08T14:53:26+03:00,4.1,10,14,122201,https://t.me/kievreal1/122201,"На Трою, Зазимʼя, Жукин курсують"
2026-07-08,14,Вишгородський,Хотянівка,2026-07-08T10:46:56+03:00,2026-07-08T14:53:26+03:00,4.1,10,14,122210,https://t.me/kievreal1/122210,"Хотянівка, Зазимʼя"
2026-07-08,14,Броварський,Бровари,2026-07-08T10:46:56+03:00,2026-07-08T14:53:26+03:00,4.1,10,14,122215,https://t.me/kievreal1/122215,На Бровари / Княжичі. Уважно
2026-07-08,14,Бучанський,Борщагівка,2026-07-08T10:46:56+03:00,2026-07-08T14:53:26+03:00,4.1,10,14,122219,https://t.me/kievreal1/122219,Борщагівка / Святошин – вже в ваш бік
2026-07-08,14,Бучанський,Дмитрівка,2026-07-08T10:46:56+03:00,2026-07-08T14:53:26+03:00,4.1,10,14,122220,https://t.me/kievreal1/122220,На Дмитрівку / Стоянку далі
2026-07-08,14,Бучанський,Стоянка,2026-07-08T10:46:56+03:00,2026-07-08T14:53:26+03:00,4.1,10,14,122220,https://t.me/kievreal1/122220,На Дмитрівку / Стоянку далі
2026-07-08,14,Бучанський,Макарів,2026-07-08T10:46:56+03:00,2026-07-08T14:53:26+03:00,4.1,10,14,122221,https://t.me/kievreal1/122221,На Макарів тепер
2026-07-08,16,Броварський,Бровари,2026-07-08T16:30:06+03:00,2026-07-08T17:48:56+03:00,1.3,16,17,122237,https://t.me/kievreal1/122237,Нв Бровари/ Трою
2026-07-08,17,Броварський,Бровари,2026-07-08T16:30:06+03:00,2026-07-08T17:48:56+03:00,1.3,16,17,122250,https://t.me/kievreal1/122250,Ще один бпла на Сувид / Бровари
2026-07-09,7,Вишгородський,Чорнобиль,2026-07-09T06:10:34+03:00,2026-07-09T07:32:04+03:00,1.4,6,7,122302,https://t.me/kievreal1/122302,БпЛА повз Чорнобиль БпЛА повз Славутич
2026-07-09,7,Вишгородський,Славутич,2026-07-09T06:10:34+03:00,2026-07-09T07:32:04+03:00,1.4,6,7,122302,https://t.me/kievreal1/122302,БпЛА повз Чорнобиль БпЛА повз Славутич
2026-07-12,15,Вишгородський,Вишгородський,2026-07-12T15:51:14+03:00,2026-07-12T16:07:54+03:00,0.3,15,16,122477,https://t.me/kievreal1/122477,🚨 КИЇВСЬКА ОБЛАСТЬ - ОГОЛОШЕНА ПОВІТРЯНА ТРИВОГА Загроза для Вишгородського району через БпЛА від Славутича на Чорнобильську зону.
2026-07-12,15,Вишгородський,Славутич,2026-07-12T15:51:14+03:00,2026-07-12T16:07:54+03:00,0.3,15,16,122477,https://t.me/kievreal1/122477,🚨 КИЇВСЬКА ОБЛАСТЬ - ОГОЛОШЕНА ПОВІТРЯНА ТРИВОГА Загроза для Вишгородського району через БпЛА від Славутича на Чорнобильську зону.
2026-07-12,15,Вишгородський,Чорнобиль,2026-07-12T15:51:14+03:00,2026-07-12T16:07:54+03:00,0.3,15,16,122477,https://t.me/kievreal1/122477,🚨 КИЇВСЬКА ОБЛАСТЬ - ОГОЛОШЕНА ПОВІТРЯНА ТРИВОГА Загроза для Вишгородського району через БпЛА від Славутича на Чорнобильську зону.
2026-07-14,5,Вишгородський,Чорнобиль,2026-07-14T04:49:24+03:00,2026-07-14T05:56:54+03:00,1.1,4,5,122540,https://t.me/kievreal1/122540,2х БпЛА курсом на Чорнобиль
2026-07-15,6,Вишгородський,Чорнобиль,2026-07-15T06:23:54+03:00,2026-07-15T07:21:34+03:00,1.0,6,7,122599,https://t.me/kievreal1/122599,БпЛА курсом на Чорнобиль
2026-07-15,17,Броварський,Броварський,2026-07-15T17:33:24+03:00,2026-07-15T18:05:24+03:00,0.5,17,18,122660,https://t.me/kievreal1/122660,🚨 КИЇВСЬКА ОБЛАСТЬ - ОГОЛОШЕНА ПОВІТРЯНА ТРИВОГА Броварський та Вишгородський райони — загроза через реактивний бпла з Чернігівщини.
2026-07-15,17,Вишгородський,Вишгородський,2026-07-15T17:33:24+03:00,2026-07-15T18:05:24+03:00,0.5,17,18,122660,https://t.me/kievreal1/122660,🚨 КИЇВСЬКА ОБЛАСТЬ - ОГОЛОШЕНА ПОВІТРЯНА ТРИВОГА Броварський та Вишгородський райони — загроза через реактивний бпла з Чернігівщини.
2026-07-15,18,Вишгородський,Славутич,2026-07-15T18:56:14+03:00,2026-07-15T20:56:14+03:00,2.0,18,20,122670,https://t.me/kievreal1/122670,🚨 КИЇВСЬКА ОБЛАСТЬ - ОГОЛОШЕНА ПОВІТРЯНА ТРИВОГА БпЛА біля Славутича
2026-07-15,19,Вишгородський,Вишгород,2026-07-15T18:56:14+03:00,2026-07-15T20:56:14+03:00,2.0,18,20,122672,https://t.me/kievreal1/122672,1 реактивний бпла підлітає до Вишгорода і ще 1 на Димер!
2026-07-15,19,Вишгородський,Димер,2026-07-15T18:56:14+03:00,2026-07-15T20:56:14+03:00,2.0,18,20,122672,https://t.me/kievreal1/122672,1 реактивний бпла підлітає до Вишгорода і ще 1 на Димер!
2026-07-15,19,Вишгородський,Вишгород,2026-07-15T18:56:14+03:00,2026-07-15T20:56:14+03:00,2.0,18,20,122674,https://t.me/kievreal1/122674,"Два бпла — реактивні. 1 підлітає до Києва від Вишгорода, другий на / через Гостомель"
2026-07-15,19,Бучанський,Гостомель,2026-07-15T18:56:14+03:00,2026-07-15T20:56:14+03:00,2.0,18,20,122674,https://t.me/kievreal1/122674,"Два бпла — реактивні. 1 підлітає до Києва від Вишгорода, другий на / через Гостомель"
2026-07-15,19,Вишгородський,Вишгород,2026-07-15T18:56:14+03:00,2026-07-15T20:56:14+03:00,2.0,18,20,122675,https://t.me/kievreal1/122675,"Два бпла — реактивні. 1 підлітає до Києва від Вишгорода, другий на / через Гостомель"
2026-07-15,19,Бучанський,Гостомель,2026-07-15T18:56:14+03:00,2026-07-15T20:56:14+03:00,2.0,18,20,122675,https://t.me/kievreal1/122675,"Два бпла — реактивні. 1 підлітає до Києва від Вишгорода, другий на / через Гостомель"
2026-07-15,20,Бориспільський,Бориспільський,2026-07-15T18:56:14+03:00,2026-07-15T20:56:14+03:00,2.0,18,20,122678,https://t.me/kievreal1/122678,Додатково дали тривогу в Бориспільському районі Наразі 3 реактивні бпла в бік Київщини.
2026-07-15,20,Вишгородський,Жукин,2026-07-15T18:56:14+03:00,2026-07-15T20:56:14+03:00,2.0,18,20,122679,https://t.me/kievreal1/122679,1 бпла в зоні та 1 зі сходу на Жукин і Страхолісся 👉
2026-07-15,20,Вишгородський,Страхолісся,2026-07-15T18:56:14+03:00,2026-07-15T20:56:14+03:00,2.0,18,20,122679,https://t.me/kievreal1/122679,1 бпла в зоні та 1 зі сходу на Жукин і Страхолісся 👉
2026-07-15,21,Вишгородський,Вишгородський,2026-07-15T21:25:24+03:00,2026-07-15T22:15:54+03:00,0.8,21,22,122688,https://t.me/kievreal1/122688,🚨 КИЇВСЬКА ОБЛАСТЬ - ОГОЛОШЕНА ПОВІТРЯНА ТРИВОГА Загроза для Вишгородського району через БпЛА в районі Славутича
2026-07-15,21,Вишгородський,Славутич,2026-07-15T21:25:24+03:00,2026-07-15T22:15:54+03:00,0.8,21,22,122688,https://t.me/kievreal1/122688,🚨 КИЇВСЬКА ОБЛАСТЬ - ОГОЛОШЕНА ПОВІТРЯНА ТРИВОГА Загроза для Вишгородського району через БпЛА в районі Славутича
2026-07-16,1,Вишгородський,Жукин,2026-07-16T00:46:14+03:00,2026-07-16T02:06:14+03:00,1.3,0,2,122699,https://t.me/kievreal1/122699,1 БпЛА на Жукин
2026-07-16,1,Бучанський,Вишневе,2026-07-16T00:46:14+03:00,2026-07-16T02:06:14+03:00,1.3,0,2,122703,https://t.me/kievreal1/122703,"Наднизько в районі Вишневого фіксація БпЛА Підтримати канал, буду вдячний Вам: https://base.monobank.ua/4jYdAKEbmcrmLL ➡️"
2026-07-16,18,Вишгородський,Вишгородський,2026-07-16T18:21:44+03:00,2026-07-16T19:21:44+03:00,1.0,18,19,122771,https://t.me/kievreal1/122771,Загроза для Вишгородського району через 2 реактивних бпла біля Славутича Про рух шахедів пишуть тут – t.me/tryvoga_kyiv 👉
2026-07-16,18,Вишгородський,Славутич,2026-07-16T18:21:44+03:00,2026-07-16T19:21:44+03:00,1.0,18,19,122771,https://t.me/kievreal1/122771,Загроза для Вишгородського району через 2 реактивних бпла біля Славутича Про рух шахедів пишуть тут – t.me/tryvoga_kyiv 👉
2026-07-16,18,Вишгородський,Вишгородський,2026-07-16T18:21:44+03:00,2026-07-16T19:21:44+03:00,1.0,18,19,122772,https://t.me/kievreal1/122772,Загроза для Вишгородського району через 2 реактивних бпла біля Славутича Про рух шахедів пишуть тут – t.me/tryvoga_kyiv 👉
2026-07-16,18,Вишгородський,Славутич,2026-07-16T18:21:44+03:00,2026-07-16T19:21:44+03:00,1.0,18,19,122772,https://t.me/kievreal1/122772,Загроза для Вишгородського району через 2 реактивних бпла біля Славутича Про рух шахедів пишуть тут – t.me/tryvoga_kyiv 👉
2026-07-17,15,Вишгородський,Славутич,2026-07-17T15:15:44+03:00,2026-07-17T15:44:24+03:00,0.5,15,15,122815,https://t.me/kievreal1/122815,🚨 КИЇВСЬКА ОБЛАСТЬ - ОГОЛОШЕНА ПОВІТРЯНА ТРИВОГА Реактивний БПЛА біля Славутича
2026-07-18,19,Вишгородський,Славутич,2026-07-18T19:16:44+03:00,2026-07-18T20:08:54+03:00,0.9,19,20,122886,https://t.me/kievreal1/122886,Реактивний БПЛА на Славутич
2026-07-19,1,Броварський,Бровари,2026-07-19T01:21:24+03:00,2026-07-19T03:13:54+03:00,1.9,1,3,122908,https://t.me/kievreal1/122908,2х Циркони повз Бровари на Київ
2026-07-19,9,Вишгородський,Вишгородський,2026-07-19T09:44:54+03:00,2026-07-19T10:16:54+03:00,0.5,9,10,123035,https://t.me/kievreal1/123035,🚨 КИЇВСЬКА ОБЛАСТЬ - ОГОЛОШЕНА ПОВІТРЯНА ТРИВОГА Загроза для Вишгородського району через БпЛА з Чернігівщини в сторону водосховища.
2026-07-19,9,Бучанський,Бучанський,2026-07-19T09:44:54+03:00,2026-07-19T10:16:54+03:00,0.5,9,10,123036,https://t.me/kievreal1/123036,Додатково дали тривогу в Бучанському та Броварському районах. БпЛА 2 і вони реактивні
2026-07-19,9,Броварський,Броварський,2026-07-19T09:44:54+03:00,2026-07-19T10:16:54+03:00,0.5,9,10,123036,https://t.me/kievreal1/123036,Додатково дали тривогу в Бучанському та Броварському районах. БпЛА 2 і вони реактивні
2026-07-19,9,Вишгородський,Лебедівка,2026-07-19T09:44:54+03:00,2026-07-19T10:16:54+03:00,0.5,9,10,123037,https://t.me/kievreal1/123037,1 БпЛА через Лебедівку курсом на Київ 1 БпЛА в районі Ровжів Інформація по області – t.me/tryvoga_kyiv
2026-07-19,9,Вишгородський,Ровжі,2026-07-19T09:44:54+03:00,2026-07-19T10:16:54+03:00,0.5,9,10,123037,https://t.me/kievreal1/123037,1 БпЛА через Лебедівку курсом на Київ 1 БпЛА в районі Ровжів Інформація по області – t.me/tryvoga_kyiv
2026-07-19,9,Вишгородський,Лебедівка,2026-07-19T09:44:54+03:00,2026-07-19T10:16:54+03:00,0.5,9,10,123039,https://t.me/kievreal1/123039,1 БпЛА через Лебедівку курсом на Київ 1 БпЛА в районі Ровжів Інформація по області – t.me/tryvoga_kyiv
2026-07-19,9,Вишгородський,Ровжі,2026-07-19T09:44:54+03:00,2026-07-19T10:16:54+03:00,0.5,9,10,123039,https://t.me/kievreal1/123039,1 БпЛА через Лебедівку курсом на Київ 1 БпЛА в районі Ровжів Інформація по області – t.me/tryvoga_kyiv
2026-07-19,9,Броварський,Бровари,2026-07-19T09:44:54+03:00,2026-07-19T10:16:54+03:00,0.5,9,10,123040,https://t.me/kievreal1/123040,"Бровари – уважно Про всяк випадок, радимо підписатись на наш резерв, якщо ворог здійснюватиме атаки в інфопросторі – t.me/kyiv"
2026-07-19,10,Бориспільський,Бориспіль,2026-07-19T09:44:54+03:00,2026-07-19T10:16:54+03:00,0.5,9,10,123042,https://t.me/kievreal1/123042,Один на Бориспіль !
2026-07-19,11,Вишгородський,Вишгородський,2026-07-19T11:14:04+03:00,2026-07-19T11:26:04+03:00,0.2,11,11,123051,https://t.me/kievreal1/123051,🚨 КИЇВСЬКА ОБЛАСТЬ - ОГОЛОШЕНА ПОВІТРЯНА ТРИВОГА У Вишгородському та Броварському районі оголосили тривогу через фіксацію 2 бпла з Чернігів…
2026-07-19,11,Броварський,Броварський,2026-07-19T11:14:04+03:00,2026-07-19T11:26:04+03:00,0.2,11,11,123051,https://t.me/kievreal1/123051,🚨 КИЇВСЬКА ОБЛАСТЬ - ОГОЛОШЕНА ПОВІТРЯНА ТРИВОГА У Вишгородському та Броварському районі оголосили тривогу через фіксацію 2 бпла з Чернігів…
2026-07-19,18,Бориспільський,Бориспільський,2026-07-19T18:59:34+03:00,2026-07-19T19:17:34+03:00,0.3,18,19,123073,https://t.me/kievreal1/123073,🚨 КИЇВСЬКА ОБЛАСТЬ - ОГОЛОШЕНА ПОВІТРЯНА ТРИВОГА Загроза для Бориспільського району через БпЛА в бік Драбова Черкащині. Слідкуємо
2026-07-20,17,Бориспільський,Бориспільський,2026-07-20T17:51:19+03:00,2026-07-20T19:14:24+03:00,1.4,17,19,123135,https://t.me/kievreal1/123135,🚨 КИЇВСЬКА ОБЛАСТЬ - ОГОЛОШЕНА ПОВІТРЯНА ТРИВОГА Загроза для Бориспільського та Броварського району через БпЛА від Згурівки на Березань/ Бо…
2026-07-20,17,Броварський,Броварський,2026-07-20T17:51:19+03:00,2026-07-20T19:14:24+03:00,1.4,17,19,123135,https://t.me/kievreal1/123135,🚨 КИЇВСЬКА ОБЛАСТЬ - ОГОЛОШЕНА ПОВІТРЯНА ТРИВОГА Загроза для Бориспільського та Броварського району через БпЛА від Згурівки на Березань/ Бо…
2026-07-20,17,Броварський,Згурівка,2026-07-20T17:51:19+03:00,2026-07-20T19:14:24+03:00,1.4,17,19,123135,https://t.me/kievreal1/123135,🚨 КИЇВСЬКА ОБЛАСТЬ - ОГОЛОШЕНА ПОВІТРЯНА ТРИВОГА Загроза для Бориспільського та Броварського району через БпЛА від Згурівки на Березань/ Бо…
2026-07-20,17,Бориспільський,Березань,2026-07-20T17:51:19+03:00,2026-07-20T19:14:24+03:00,1.4,17,19,123135,https://t.me/kievreal1/123135,🚨 КИЇВСЬКА ОБЛАСТЬ - ОГОЛОШЕНА ПОВІТРЯНА ТРИВОГА Загроза для Бориспільського та Броварського району через БпЛА від Згурівки на Березань/ Бо…
2026-07-20,17,Бориспільський,Бориспіль,2026-07-20T17:51:19+03:00,2026-07-20T19:14:24+03:00,1.4,17,19,123135,https://t.me/kievreal1/123135,🚨 КИЇВСЬКА ОБЛАСТЬ - ОГОЛОШЕНА ПОВІТРЯНА ТРИВОГА Загроза для Бориспільського та Броварського району через БпЛА від Згурівки на Березань/ Бо…
2026-07-20,17,Вишгородський,Вишгородський,2026-07-20T17:51:19+03:00,2026-07-20T19:14:24+03:00,1.4,17,19,123136,https://t.me/kievreal1/123136,+ загроза для Вишгородського району через ще 1 бпла в районі Славутича Більше інформації по тривозі в області тут – t.me/tryvoga_kyiv
2026-07-20,17,Вишгородський,Славутич,2026-07-20T17:51:19+03:00,2026-07-20T19:14:24+03:00,1.4,17,19,123136,https://t.me/kievreal1/123136,+ загроза для Вишгородського району через ще 1 бпла в районі Славутича Більше інформації по тривозі в області тут – t.me/tryvoga_kyiv
2026-07-20,18,Бориспільський,Переяслав,2026-07-20T17:51:19+03:00,2026-07-20T19:14:24+03:00,1.4,17,19,123137,https://t.me/kievreal1/123137,В бік Переяслава від Березані
2026-07-20,18,Бориспільський,Березань,2026-07-20T17:51:19+03:00,2026-07-20T19:14:24+03:00,1.4,17,19,123137,https://t.me/kievreal1/123137,В бік Переяслава від Березані
2026-07-20,18,Бориспільський,Переяслав,2026-07-20T17:51:19+03:00,2026-07-20T19:14:24+03:00,1.4,17,19,123140,https://t.me/kievreal1/123140,В бік Переяслава від Березані
2026-07-20,18,Бориспільський,Березань,2026-07-20T17:51:19+03:00,2026-07-20T19:14:24+03:00,1.4,17,19,123140,https://t.me/kievreal1/123140,В бік Переяслава від Березані
2026-07-21,18,Вишгородський,Вишгород,2026-07-21T18:33:14+03:00,2026-07-22T01:08:14+03:00,6.6,18,1,123178,https://t.me/kievreal1/123178,Реактивний БПЛА на Вишгород
2026-07-21,19,Бучанський,Ірпінь,2026-07-21T18:33:14+03:00,2026-07-22T01:08:14+03:00,6.6,18,1,123189,https://t.me/kievreal1/123189,БПЛА на Ірпінь
2026-07-21,20,Бучанський,Ірпінь,2026-07-21T18:33:14+03:00,2026-07-22T01:08:14+03:00,6.6,18,1,123195,https://t.me/kievreal1/123195,БПЛА на Ірпінь
2026-07-21,20,Вишгородський,Димер,2026-07-21T18:33:14+03:00,2026-07-22T01:08:14+03:00,6.6,18,1,123196,https://t.me/kievreal1/123196,Димер/ Гостомель бпла
2026-07-21,20,Бучанський,Гостомель,2026-07-21T18:33:14+03:00,2026-07-22T01:08:14+03:00,6.6,18,1,123196,https://t.me/kievreal1/123196,Димер/ Гостомель бпла
2026-07-21,23,Вишгородський,Вишгород,2026-07-21T18:33:14+03:00,2026-07-22T01:08:14+03:00,6.6,18,1,123205,https://t.me/kievreal1/123205,1 БпЛА на Вишгород
2026-07-22,2,Бориспільський,Переяслав,2026-07-22T02:07:14+03:00,2026-07-22T02:54:04+03:00,0.8,2,2,123209,https://t.me/kievreal1/123209,БПЛА на Переяслав
2026-07-22,7,Бучанський,Чайки,2026-07-22T04:01:54+03:00,2026-07-22T09:43:04+03:00,5.7,4,9,123217,https://t.me/kievreal1/123217,5 людей постраждали внаслідок російської атаки на Київщину . Серед них — троє дітей. Зранку росіяни поцілили у житловий будинок у селі Чайк…
2026-07-22,7,Бучанський,Бучанський,2026-07-22T04:01:54+03:00,2026-07-22T09:43:04+03:00,5.7,4,9,123217,https://t.me/kievreal1/123217,5 людей постраждали внаслідок російської атаки на Київщину . Серед них — троє дітей. Зранку росіяни поцілили у житловий будинок у селі Чайк…
2026-07-22,10,Вишгородський,Вишгород,2026-07-22T10:05:54+03:00,2026-07-22T10:47:54+03:00,0.7,10,10,123227,https://t.me/kievreal1/123227,БПЛА на Вишгород
2026-07-22,18,Броварський,Згурівка,2026-07-22T17:53:14+03:00,2026-07-22T21:58:54+03:00,4.1,17,21,123247,https://t.me/kievreal1/123247,Згурівка/Яготин
2026-07-22,18,Бориспільський,Яготин,2026-07-22T17:53:14+03:00,2026-07-22T21:58:54+03:00,4.1,17,21,123247,https://t.me/kievreal1/123247,Згурівка/Яготин
2026-07-22,19,Бориспільський,Бориспільський,2026-07-22T17:53:14+03:00,2026-07-22T21:58:54+03:00,4.1,17,21,123252,https://t.me/kievreal1/123252,У Києві біля метро «Бориспільська» стався вибух — Суспільне На місце прибули вибухотехніки. Вони вилучили розірвані частини боєприпасу. Пот…
2026-07-22,21,Бориспільський,Бориспіль,2026-07-22T17:53:14+03:00,2026-07-22T21:58:54+03:00,4.1,17,21,123255,https://t.me/kievreal1/123255,БПЛА на Бориспіль
2026-07-23,7,Бориспільський,Бориспіль,2026-07-23T07:35:14+03:00,2026-07-23T08:34:52+03:00,1.0,7,8,123263,https://t.me/kievreal1/123263,"Київщина : БпЛА курсом на Бориспіль Підтримати канал, буду вдячний Вам: https://base.monobank.ua/4jYdAKEbmcrmLL ➡️"
2026-07-23,11,Броварський,Згурівка,2026-07-23T11:36:54+03:00,2026-07-23T13:19:04+03:00,1.7,11,13,123272,https://t.me/kievreal1/123272,+ бпла від Чернігівської області на Згурівку/ Яготин
2026-07-23,11,Бориспільський,Яготин,2026-07-23T11:36:54+03:00,2026-07-23T13:19:04+03:00,1.7,11,13,123272,https://t.me/kievreal1/123272,+ бпла від Чернігівської області на Згурівку/ Яготин
2026-07-23,11,Броварський,Згурівка,2026-07-23T11:36:54+03:00,2026-07-23T13:19:04+03:00,1.7,11,13,123274,https://t.me/kievreal1/123274,+ бпла від Чернігівської області на Згурівку/ Яготин
2026-07-23,11,Бориспільський,Яготин,2026-07-23T11:36:54+03:00,2026-07-23T13:19:04+03:00,1.7,11,13,123274,https://t.me/kievreal1/123274,+ бпла від Чернігівської області на Згурівку/ Яготин
2026-07-23,12,Броварський,Згурівка,2026-07-23T11:36:54+03:00,2026-07-23T13:19:04+03:00,1.7,11,13,123279,https://t.me/kievreal1/123279,Зʼявився. Щасливе/ Згурівка Про рух бпла в області більше тут – t.me/tryvoga_kyiv
2026-07-23,17,Вишгородський,Вишгородський,2026-07-23T17:14:24+03:00,2026-07-23T18:22:34+03:00,1.1,17,18,123288,https://t.me/kievreal1/123288,🚨 КИЇВСЬКА ОБЛАСТЬ - ОГОЛОШЕНА ПОВІТРЯНА ТРИВОГА Загроза для Вишгородського району. Реактивний бпла на водосховище
2026-07-23,17,Вишгородський,Чорнобиль,2026-07-23T17:14:24+03:00,2026-07-23T18:22:34+03:00,1.1,17,18,123289,https://t.me/kievreal1/123289,"БпЛА вже в Чорнобильській зоні, тримає курс на Житомирщину Стежити за обстановкою в Житомирі можна тут - t.me/Zhytomyr"
2026-07-23,18,Білоцерківський,Білоцерківський,2026-07-23T18:55:54+03:00,2026-07-23T19:58:54+03:00,1.1,18,19,123297,https://t.me/kievreal1/123297,🚨 КИЇВСЬКА ОБЛАСТЬ - ОГОЛОШЕНА ПОВІТРЯНА ТРИВОГА Загроза для Білоцерківського району через БпЛА з Черкащини
2026-07-23,19,Вишгородський,Вишгородський,2026-07-23T18:55:54+03:00,2026-07-23T19:58:54+03:00,1.1,18,19,123298,https://t.me/kievreal1/123298,Додатково дали тривогу у Вишгородському районі через декілька БпЛА з Чернігівщини Стежити за обстановкою в Чернігові можна тут - t.me/Chern…
2026-07-23,19,Вишгородський,Вишгородський,2026-07-23T18:55:54+03:00,2026-07-23T19:58:54+03:00,1.1,18,19,123299,https://t.me/kievreal1/123299,Додатково дали тривогу у Вишгородському районі через декілька БпЛА з Чернігівщини Стежити за обстановкою в Чернігові можна тут - t.me/Chern…
2026-07-23,19,Вишгородський,Іванків,2026-07-23T18:55:54+03:00,2026-07-23T19:58:54+03:00,1.1,18,19,123300,https://t.me/kievreal1/123300,Іванків/ Красятичі уважно
2026-07-23,19,Вишгородський,Іванків,2026-07-23T18:55:54+03:00,2026-07-23T19:58:54+03:00,1.1,18,19,123301,https://t.me/kievreal1/123301,Іванків/ Красятичі уважно
2026-07-24,6,Бориспільський,Бориспільський,2026-07-24T06:12:04+03:00,2026-07-24T06:26:34+03:00,0.2,6,6,123316,https://t.me/kievreal1/123316,"2 реактивних БпЛА повз Черкащину у бік Київщини , Бориспільський р-н. 3 реактивні БпЛА з Брянщини на Чернігівщину , вектор Славутич. Підтри…"
2026-07-24,6,Вишгородський,Славутич,2026-07-24T06:12:04+03:00,2026-07-24T06:26:34+03:00,0.2,6,6,123316,https://t.me/kievreal1/123316,"2 реактивних БпЛА повз Черкащину у бік Київщини , Бориспільський р-н. 3 реактивні БпЛА з Брянщини на Чернігівщину , вектор Славутич. Підтри…"
2026-07-24,6,Вишгородський,Десна,2026-07-24T06:31:14+03:00,2026-07-24T07:01:44+03:00,0.5,6,7,123319,https://t.me/kievreal1/123319,БПЛА на Десну/Остер
2026-07-24,6,Броварський,Бровари,2026-07-24T06:31:14+03:00,2026-07-24T07:01:44+03:00,0.5,6,7,123320,https://t.me/kievreal1/123320,2 реактивні шахеди курсом на Бровари .
2026-07-24,6,Броварський,Бровари,2026-07-24T06:31:14+03:00,2026-07-24T07:01:44+03:00,0.5,6,7,123322,https://t.me/kievreal1/123322,БПЛА на Трою від Броварів
2026-07-24,8,Обухівський,Обухівський,2026-07-24T08:36:44+03:00,2026-07-24T08:52:14+03:00,0.3,8,8,123331,https://t.me/kievreal1/123331,🚨 КИЇВСЬКА ОБЛАСТЬ - ОГОЛОШЕНА ПОВІТРЯНА ТРИВОГА Загроза для Обухівського та Бориспільського районів через БпЛА з Черкащини в бік Переяслав…
2026-07-24,8,Бориспільський,Бориспільський,2026-07-24T08:36:44+03:00,2026-07-24T08:52:14+03:00,0.3,8,8,123331,https://t.me/kievreal1/123331,🚨 КИЇВСЬКА ОБЛАСТЬ - ОГОЛОШЕНА ПОВІТРЯНА ТРИВОГА Загроза для Обухівського та Бориспільського районів через БпЛА з Черкащини в бік Переяслав…
2026-07-24,8,Бориспільський,Переяслав,2026-07-24T08:36:44+03:00,2026-07-24T08:52:14+03:00,0.3,8,8,123331,https://t.me/kievreal1/123331,🚨 КИЇВСЬКА ОБЛАСТЬ - ОГОЛОШЕНА ПОВІТРЯНА ТРИВОГА Загроза для Обухівського та Бориспільського районів через БпЛА з Черкащини в бік Переяслав…
2026-07-24,8,Броварський,Калита,2026-07-24T08:53:04+03:00,2026-07-24T09:24:54+03:00,0.5,8,9,123333,https://t.me/kievreal1/123333,"🚨 КИЇВСЬКА ОБЛАСТЬ - ОГОЛОШЕНА ПОВІТРЯНА ТРИВОГА Калита, Мокрець, Заворичі, Семиполки – уважно, реактивний бпла"
2026-07-24,8,Броварський,Бровари,2026-07-24T08:53:04+03:00,2026-07-24T09:24:54+03:00,0.5,8,9,123334,https://t.me/kievreal1/123334,БпЛА тримає курс на Бровари ! Про рух цілей в області більше тут – t.me/tryvoga_kyiv
2026-07-24,8,Броварський,Велика Димерка,2026-07-24T08:53:04+03:00,2026-07-24T09:24:54+03:00,0.5,8,9,123336,https://t.me/kievreal1/123336,Велика Димерка – теж уважно! БпЛА реактивний
2026-07-24,9,Обухівський,Козин,2026-07-24T08:53:04+03:00,2026-07-24T09:24:54+03:00,0.5,8,9,123338,https://t.me/kievreal1/123338,На Козин/ Вишеньки!
2026-07-24,9,Обухівський,Васильків,2026-07-24T08:53:04+03:00,2026-07-24T09:24:54+03:00,0.5,8,9,123339,https://t.me/kievreal1/123339,На Васильків прямує!
2026-07-24,9,Обухівський,Обухів,2026-07-24T08:53:04+03:00,2026-07-24T09:24:54+03:00,0.5,8,9,123340,https://t.me/kievreal1/123340,На Обухів/ Погреби курсом Слідкувати за рухом тут – t.me/tryvoga_kyiv
2026-07-24,11,Бучанський,Ірпінь,2026-07-24T11:23:24+03:00,2026-07-24T12:07:04+03:00,0.7,11,12,123356,https://t.me/kievreal1/123356,Ірпінь уважно теж
2026-07-24,11,Бучанський,Стоянка,2026-07-24T11:23:24+03:00,2026-07-24T12:07:04+03:00,0.7,11,12,123360,https://t.me/kievreal1/123360,Стоянка!
2026-07-24,11,Вишгородський,Десна,2026-07-24T11:23:24+03:00,2026-07-24T12:07:04+03:00,0.7,11,12,123362,https://t.me/kievreal1/123362,Ще! Десна
2026-07-24,11,Бучанський,Ірпінь,2026-07-24T11:23:24+03:00,2026-07-24T12:07:04+03:00,0.7,11,12,123363,https://t.me/kievreal1/123363,Ірпінь / Киів
2026-07-24,11,Бучанський,Коцюбинське,2026-07-24T11:23:24+03:00,2026-07-24T12:07:04+03:00,0.7,11,12,123365,https://t.me/kievreal1/123365,Коцюбинське
2026-07-24,11,Бучанський,Коцюбинське,2026-07-24T11:23:24+03:00,2026-07-24T12:07:04+03:00,0.7,11,12,123366,https://t.me/kievreal1/123366,Коцюбинське
2026-07-24,11,Фастівський,Фастів,2026-07-24T11:23:24+03:00,2026-07-24T12:07:04+03:00,0.7,11,12,123367,https://t.me/kievreal1/123367,Фастів! Слідкуємо – t.me/tryvoga_kyiv
2026-07-24,11,Бориспільський,Березань,2026-07-24T11:23:24+03:00,2026-07-24T12:07:04+03:00,0.7,11,12,123370,https://t.me/kievreal1/123370,"Троєщина, Березань"
2026-07-24,11,Обухівський,Українка,2026-07-24T11:23:24+03:00,2026-07-24T12:07:04+03:00,0.7,11,12,123372,https://t.me/kievreal1/123372,Українка
2026-07-24,11,Обухівський,Васильків,2026-07-24T11:23:24+03:00,2026-07-24T12:07:04+03:00,0.7,11,12,123373,https://t.me/kievreal1/123373,Васильків!
2026-07-25,4,Броварський,Згурівка,2026-07-25T04:23:14+03:00,2026-07-25T09:20:14+03:00,5.0,4,9,123471,https://t.me/kievreal1/123471,БпЛА курсом на Згурівку
2026-07-25,7,Броварський,Велика Димерка,2026-07-25T04:23:14+03:00,2026-07-25T09:20:14+03:00,5.0,4,9,123473,https://t.me/kievreal1/123473,2 БПЛА реактивні повз Велику Димерку на Бровари
2026-07-25,7,Броварський,Бровари,2026-07-25T04:23:14+03:00,2026-07-25T09:20:14+03:00,5.0,4,9,123473,https://t.me/kievreal1/123473,2 БПЛА реактивні повз Велику Димерку на Бровари
2026-07-25,7,Вишгородський,Вишгород,2026-07-25T04:23:14+03:00,2026-07-25T09:20:14+03:00,5.0,4,9,123475,https://t.me/kievreal1/123475,Ударний БпЛА на околицях Києва в напрямку Вишгорода
2026-07-25,21,Вишгородський,Славутич,2026-07-25T21:11:34+03:00,2026-07-25T21:23:24+03:00,0.2,21,21,123513,https://t.me/kievreal1/123513,БПЛА з боку Славутича
2026-07-26,5,Бориспільський,Яготин,2026-07-26T05:30:34+03:00,2026-07-26T06:44:04+03:00,1.2,5,6,123544,https://t.me/kievreal1/123544,"Київщина : БпЛА на Яготин/Переяслав Підтримати канал, буду вдячний Вам: https://base.monobank.ua/4jYdAKEbmcrmLL ➡"
2026-07-26,5,Бориспільський,Переяслав,2026-07-26T05:30:34+03:00,2026-07-26T06:44:04+03:00,1.2,5,6,123544,https://t.me/kievreal1/123544,"Київщина : БпЛА на Яготин/Переяслав Підтримати канал, буду вдячний Вам: https://base.monobank.ua/4jYdAKEbmcrmLL ➡"
2026-07-26,10,Броварський,Бровари,2026-07-26T10:16:34+03:00,2026-07-26T11:34:44+03:00,1.3,10,11,123557,https://t.me/kievreal1/123557,Бровари
2026-07-27,11,Бучанський,Бучанський,2026-07-27T11:51:54+03:00,2026-07-27T12:07:24+03:00,0.3,11,12,123604,https://t.me/kievreal1/123604,😔 До 11 збільшилась кількість загиблих внаслідок удару по виставці в Бучанському районі Внаслідок тяжких поранень у лікарні помер 66-річний…
2026-07-27,20,Вишгородський,Вишгородський,2026-07-27T20:49:04+03:00,2026-07-27T23:29:34+03:00,2.7,20,23,123640,https://t.me/kievreal1/123640,🚨 КИЇВСЬКА ОБЛАСТЬ - ОГОЛОШЕНА ПОВІТРЯНА ТРИВОГА Загроза для Вишгородського району через БпЛА з Чернігівщини
2026-07-27,20,Вишгородський,Чорнобиль,2026-07-27T20:49:04+03:00,2026-07-27T23:29:34+03:00,2.7,20,23,123641,https://t.me/kievreal1/123641,В бік Чорнобильської зони 3 реактивні бпла
2026-07-27,21,Вишгородський,Чорнобиль,2026-07-27T20:49:04+03:00,2026-07-27T23:29:34+03:00,2.7,20,23,123642,https://t.me/kievreal1/123642,В бік Чорнобильської зони 3 реактивні бпла
2026-07-27,21,Вишгородський,Вишгородський,2026-07-27T20:49:04+03:00,2026-07-27T23:29:34+03:00,2.7,20,23,123648,https://t.me/kievreal1/123648,Тривога продовжується у Вишгородському та Бучанському районах
2026-07-27,21,Бучанський,Бучанський,2026-07-27T20:49:04+03:00,2026-07-27T23:29:34+03:00,2.7,20,23,123648,https://t.me/kievreal1/123648,Тривога продовжується у Вишгородському та Бучанському районах
2026-07-27,21,Вишгородський,Вишгородський,2026-07-27T20:49:04+03:00,2026-07-27T23:29:34+03:00,2.7,20,23,123649,https://t.me/kievreal1/123649,Тривога продовжується у Вишгородському та Бучанському районах
2026-07-27,21,Бучанський,Бучанський,2026-07-27T20:49:04+03:00,2026-07-27T23:29:34+03:00,2.7,20,23,123649,https://t.me/kievreal1/123649,Тривога продовжується у Вишгородському та Бучанському районах
2026-07-27,22,Вишгородський,Чорнобиль,2026-07-27T20:49:04+03:00,2026-07-27T23:29:34+03:00,2.7,20,23,123661,https://t.me/kievreal1/123661,На Чорнобиль знову бпла
2026-07-28,0,Обухівський,Обухів,2026-07-28T00:12:34+03:00,2026-07-28T01:20:35+03:00,1.1,0,1,123667,https://t.me/kievreal1/123667,Реактивний БпЛА на Обухів
2026-07-28,0,Обухівський,Обухів,2026-07-28T00:12:34+03:00,2026-07-28T01:20:35+03:00,1.1,0,1,123668,https://t.me/kievreal1/123668,"Київщина : 1 БпЛА на Обухів 1 БпЛА на Трипілля 1 БпЛА на Вишеньки 1 БпЛА на Київ Підтримати канал, буду вдячний Вам: https://base.monobank.…"
2026-07-30,1,Вишгородський,Вишгород,2026-07-30T01:08:24+03:00,2026-07-30T06:12:44+03:00,5.1,1,6,123757,https://t.me/kievreal1/123757,4 БПЛА на Вишгород
2026-07-30,1,Обухівський,Обухів,2026-07-30T01:08:24+03:00,2026-07-30T06:12:44+03:00,5.1,1,6,123761,https://t.me/kievreal1/123761,Обухів
2026-07-30,1,Білоцерківський,Біла Церква,2026-07-30T01:08:24+03:00,2026-07-30T06:12:44+03:00,5.1,1,6,123762,https://t.me/kievreal1/123762,Біла Церква
2026-07-30,2,Обухівський,Миронівка,2026-07-30T01:08:24+03:00,2026-07-30T06:12:44+03:00,5.1,1,6,123767,https://t.me/kievreal1/123767,2 БпЛА на Богуслав 3 БпЛА на Миронівку 1 БпЛА на Кагарлик
2026-07-30,2,Обухівський,Кагарлик,2026-07-30T01:08:24+03:00,2026-07-30T06:12:44+03:00,5.1,1,6,123767,https://t.me/kievreal1/123767,2 БпЛА на Богуслав 3 БпЛА на Миронівку 1 БпЛА на Кагарлик
2026-07-30,2,Білоцерківський,Рокитне,2026-07-30T01:08:24+03:00,2026-07-30T06:12:44+03:00,5.1,1,6,123768,https://t.me/kievreal1/123768,1 БпЛА на Рокитне 3 БпЛА на Миронівку 4 БпЛА на Таращу 2 БпЛА на Богуслав 1 БпЛА на Володарку
2026-07-30,2,Обухівський,Миронівка,2026-07-30T01:08:24+03:00,2026-07-30T06:12:44+03:00,5.1,1,6,123768,https://t.me/kievreal1/123768,1 БпЛА на Рокитне 3 БпЛА на Миронівку 4 БпЛА на Таращу 2 БпЛА на Богуслав 1 БпЛА на Володарку
2026-07-30,2,Білоцерківський,Тараща,2026-07-30T01:08:24+03:00,2026-07-30T06:12:44+03:00,5.1,1,6,123768,https://t.me/kievreal1/123768,1 БпЛА на Рокитне 3 БпЛА на Миронівку 4 БпЛА на Таращу 2 БпЛА на Богуслав 1 БпЛА на Володарку
2026-07-30,2,Білоцерківський,Володарка,2026-07-30T01:08:24+03:00,2026-07-30T06:12:44+03:00,5.1,1,6,123768,https://t.me/kievreal1/123768,1 БпЛА на Рокитне 3 БпЛА на Миронівку 4 БпЛА на Таращу 2 БпЛА на Богуслав 1 БпЛА на Володарку
2026-07-30,2,Білоцерківський,Тараща,2026-07-30T01:08:24+03:00,2026-07-30T06:12:44+03:00,5.1,1,6,123769,https://t.me/kievreal1/123769,1 БпЛА на Богуслав 2 БпЛА на Білу Церкву 7 БпЛА на Таращу 3 БпЛА на Ставище 1 БпЛА на Володарку
2026-07-30,2,Білоцерківський,Ставище,2026-07-30T01:08:24+03:00,2026-07-30T06:12:44+03:00,5.1,1,6,123769,https://t.me/kievreal1/123769,1 БпЛА на Богуслав 2 БпЛА на Білу Церкву 7 БпЛА на Таращу 3 БпЛА на Ставище 1 БпЛА на Володарку
2026-07-30,2,Білоцерківський,Володарка,2026-07-30T01:08:24+03:00,2026-07-30T06:12:44+03:00,5.1,1,6,123769,https://t.me/kievreal1/123769,1 БпЛА на Богуслав 2 БпЛА на Білу Церкву 7 БпЛА на Таращу 3 БпЛА на Ставище 1 БпЛА на Володарку
2026-07-30,2,Білоцерківський,Володарка,2026-07-30T01:08:24+03:00,2026-07-30T06:12:44+03:00,5.1,1,6,123770,https://t.me/kievreal1/123770,8 БпЛА на Володарку 5 БпЛА на Ставище
2026-07-30,2,Білоцерківський,Ставище,2026-07-30T01:08:24+03:00,2026-07-30T06:12:44+03:00,5.1,1,6,123770,https://t.me/kievreal1/123770,8 БпЛА на Володарку 5 БпЛА на Ставище
2026-07-30,2,Білоцерківський,Володарка,2026-07-30T01:08:24+03:00,2026-07-30T06:12:44+03:00,5.1,1,6,123772,https://t.me/kievreal1/123772,8 БпЛА на Володарку
2026-07-30,3,Білоцерківський,Володарка,2026-07-30T01:08:24+03:00,2026-07-30T06:12:44+03:00,5.1,1,6,123773,https://t.me/kievreal1/123773,3 БпЛА на Володарку 1 БпЛА на Білу Церкву
2026-07-30,3,Бориспільський,Бориспіль,2026-07-30T01:08:24+03:00,2026-07-30T06:12:44+03:00,5.1,1,6,123779,https://t.me/kievreal1/123779,Бориспіль
2026-07-30,3,Броварський,Бровари,2026-07-30T01:08:24+03:00,2026-07-30T06:12:44+03:00,5.1,1,6,123780,https://t.me/kievreal1/123780,Бровари
2026-07-30,3,Обухівський,Обухів,2026-07-30T01:08:24+03:00,2026-07-30T06:12:44+03:00,5.1,1,6,123781,https://t.me/kievreal1/123781,Обухів
2026-07-30,3,Броварський,Бровари,2026-07-30T01:08:24+03:00,2026-07-30T06:12:44+03:00,5.1,1,6,123782,https://t.me/kievreal1/123782,1 група КР на Бровари 1 група КР на Трипілля
2026-07-30,3,Білоцерківський,Біла Церква,2026-07-30T01:08:24+03:00,2026-07-30T06:12:44+03:00,5.1,1,6,123784,https://t.me/kievreal1/123784,Біла Церква
2026-07-31,6,Броварський,Згурівка,2026-07-31T06:16:54+03:00,2026-07-31T07:16:44+03:00,1.0,6,7,123831,https://t.me/kievreal1/123831,БПЛА на Згурівку
2026-07-31,6,Бориспільський,Березань,2026-07-31T06:16:54+03:00,2026-07-31T07:16:44+03:00,1.0,6,7,123832,https://t.me/kievreal1/123832,БпЛА курсом на Березань
2026-07-31,6,Броварський,Згурівка,2026-07-31T06:16:54+03:00,2026-07-31T07:16:44+03:00,1.0,6,7,123833,https://t.me/kievreal1/123833,БпЛА курсом на Згурівку
2026-07-31,6,Броварський,Велика Димерка,2026-07-31T06:16:54+03:00,2026-07-31T07:16:44+03:00,1.0,6,7,123834,https://t.me/kievreal1/123834,БпЛА курсом на Красятичі БпЛА курсом на Велику Димерку БпЛА курсом на Згурівку
2026-07-31,6,Броварський,Згурівка,2026-07-31T06:16:54+03:00,2026-07-31T07:16:44+03:00,1.0,6,7,123834,https://t.me/kievreal1/123834,БпЛА курсом на Красятичі БпЛА курсом на Велику Димерку БпЛА курсом на Згурівку
2026-07-31,6,Броварський,Згурівка,2026-07-31T06:16:54+03:00,2026-07-31T07:16:44+03:00,1.0,6,7,123835,https://t.me/kievreal1/123835,БпЛА курсом на Згурівку БпЛА курсом на Березань
2026-07-31,6,Бориспільський,Березань,2026-07-31T06:16:54+03:00,2026-07-31T07:16:44+03:00,1.0,6,7,123835,https://t.me/kievreal1/123835,БпЛА курсом на Згурівку БпЛА курсом на Березань
2026-07-31,6,Бучанський,Пісківка,2026-07-31T06:16:54+03:00,2026-07-31T07:16:44+03:00,1.0,6,7,123836,https://t.me/kievreal1/123836,БпЛА курсом на Пісківку з Житомирщини БпЛА курсом на Переяслав
2026-07-31,6,Бориспільський,Переяслав,2026-07-31T06:16:54+03:00,2026-07-31T07:16:44+03:00,1.0,6,7,123836,https://t.me/kievreal1/123836,БпЛА курсом на Пісківку з Житомирщини БпЛА курсом на Переяслав
2026-07-31,6,Бучанський,Бородянка,2026-07-31T06:16:54+03:00,2026-07-31T07:16:44+03:00,1.0,6,7,123837,https://t.me/kievreal1/123837,БпЛА курсом на Бородянку БпЛА курсом на Трипілля
2026-07-31,6,Вишгородський,Вишгород,2026-07-31T06:16:54+03:00,2026-07-31T07:16:44+03:00,1.0,6,7,123839,https://t.me/kievreal1/123839,"Київ : 1 БПЛА на Вишгород Підтримати канал, буду вдячний Вам: https://base.monobank.ua/4jYdAKEbmcrmLL ➡"
2026-07-31,7,Вишгородський,Жукин,2026-07-31T06:16:54+03:00,2026-07-31T07:16:44+03:00,1.0,6,7,123841,https://t.me/kievreal1/123841,БпЛА курсом на Жукин
2026-07-31,9,Вишгородський,Славутич,2026-07-31T08:59:14+03:00,2026-07-31T10:01:34+03:00,1.0,8,10,123849,https://t.me/kievreal1/123849,+реактивний бпла від Славутича на Згурівку
2026-07-31,9,Броварський,Згурівка,2026-07-31T08:59:14+03:00,2026-07-31T10:01:34+03:00,1.0,8,10,123849,https://t.me/kievreal1/123849,+реактивний бпла від Славутича на Згурівку
2026-07-31,9,Бориспільський,Березань,2026-07-31T08:59:14+03:00,2026-07-31T10:01:34+03:00,1.0,8,10,123850,https://t.me/kievreal1/123850,"Березань / Переяслав – уважно, до вас! Їх два За рухом по області стежити тут – t.me/tryvoga_kyiv"
2026-07-31,9,Бориспільський,Переяслав,2026-07-31T08:59:14+03:00,2026-07-31T10:01:34+03:00,1.0,8,10,123850,https://t.me/kievreal1/123850,"Березань / Переяслав – уважно, до вас! Їх два За рухом по області стежити тут – t.me/tryvoga_kyiv"
2026-07-31,9,Обухівський,Обухів,2026-07-31T08:59:14+03:00,2026-07-31T10:01:34+03:00,1.0,8,10,123851,https://t.me/kievreal1/123851,"Красятичі та Обухів/ Українка – увага, вашим курсом йдуть"
2026-07-31,9,Обухівський,Українка,2026-07-31T08:59:14+03:00,2026-07-31T10:01:34+03:00,1.0,8,10,123851,https://t.me/kievreal1/123851,"Красятичі та Обухів/ Українка – увага, вашим курсом йдуть"
2026-07-31,9,Обухівський,Козин,2026-07-31T08:59:14+03:00,2026-07-31T10:01:34+03:00,1.0,8,10,123852,https://t.me/kievreal1/123852,Конча-Заспа / Козин – у вашому напрямку!
2026-07-31,9,Бучанський,Бородянка,2026-07-31T08:59:14+03:00,2026-07-31T10:01:34+03:00,1.0,8,10,123855,https://t.me/kievreal1/123855,"Попередні бпла без фіксації, але на Бородянку є ще 2 реактивні, від Житомирщини. Тримають курс на Гостомель/ Бучу"
2026-07-31,9,Бучанський,Гостомель,2026-07-31T08:59:14+03:00,2026-07-31T10:01:34+03:00,1.0,8,10,123855,https://t.me/kievreal1/123855,"Попередні бпла без фіксації, але на Бородянку є ще 2 реактивні, від Житомирщини. Тримають курс на Гостомель/ Бучу"
2026-07-31,9,Вишгородський,Вишгород,2026-07-31T08:59:14+03:00,2026-07-31T10:01:34+03:00,1.0,8,10,123856,https://t.me/kievreal1/123856,На Вишгород від Мощуна!
2026-07-31,9,Вишгородський,Вишгород,2026-07-31T08:59:14+03:00,2026-07-31T10:01:34+03:00,1.0,8,10,123857,https://t.me/kievreal1/123857,На Вишгород від Мощуна!
2026-07-31,9,Вишгородський,Вишгород,2026-07-31T08:59:14+03:00,2026-07-31T10:01:34+03:00,1.0,8,10,123860,https://t.me/kievreal1/123860,Акустична фіксація в районі Вишгорода
2026-07-31,9,Бучанський,Пісківка,2026-07-31T08:59:14+03:00,2026-07-31T10:01:34+03:00,1.0,8,10,123861,https://t.me/kievreal1/123861,Від Житомирщини ще на Пісківку
2026-07-31,9,Білоцерківський,Білоцерківський,2026-07-31T08:59:14+03:00,2026-07-31T10:01:34+03:00,1.0,8,10,123863,https://t.me/kievreal1/123863,"Тривога продовжується тільки у Білоцерківському районі, по інших районах області — відбій"
2026-07-31,12,Броварський,Броварський,2026-07-31T12:03:14+03:00,2026-07-31T12:50:04+03:00,0.8,12,12,123879,https://t.me/kievreal1/123879,🚨 КИЇВСЬКА ОБЛАСТЬ - ОГОЛОШЕНА ПОВІТРЯНА ТРИВОГА Броварський та Бориспільський райони — загроза через БпЛА з Чернігівщини та Полтавщини
2026-07-31,12,Бориспільський,Бориспільський,2026-07-31T12:03:14+03:00,2026-07-31T12:50:04+03:00,0.8,12,12,123879,https://t.me/kievreal1/123879,🚨 КИЇВСЬКА ОБЛАСТЬ - ОГОЛОШЕНА ПОВІТРЯНА ТРИВОГА Броварський та Бориспільський райони — загроза через БпЛА з Чернігівщини та Полтавщини
2026-07-31,12,Броварський,Згурівка,2026-07-31T12:03:14+03:00,2026-07-31T12:50:04+03:00,0.8,12,12,123880,https://t.me/kievreal1/123880,Згурівка та Яготин — реактивні бпла вашим курсом
2026-07-31,12,Бориспільський,Яготин,2026-07-31T12:03:14+03:00,2026-07-31T12:50:04+03:00,0.8,12,12,123880,https://t.me/kievreal1/123880,Згурівка та Яготин — реактивні бпла вашим курсом
2026-07-31,12,Броварський,Бровари,2026-07-31T12:03:14+03:00,2026-07-31T12:50:04+03:00,0.8,12,12,123881,https://t.me/kievreal1/123881,На Бровари від Згурівки + від Славутича на водосховище Про рух шахедів пишуть тут – t.me/tryvoga_kyiv
2026-07-31,12,Броварський,Згурівка,2026-07-31T12:03:14+03:00,2026-07-31T12:50:04+03:00,0.8,12,12,123881,https://t.me/kievreal1/123881,На Бровари від Згурівки + від Славутича на водосховище Про рух шахедів пишуть тут – t.me/tryvoga_kyiv
2026-07-31,12,Вишгородський,Славутич,2026-07-31T12:03:14+03:00,2026-07-31T12:50:04+03:00,0.8,12,12,123881,https://t.me/kievreal1/123881,На Бровари від Згурівки + від Славутича на водосховище Про рух шахедів пишуть тут – t.me/tryvoga_kyiv
2026-07-31,12,Вишгородський,Жукин,2026-07-31T12:03:14+03:00,2026-07-31T12:50:04+03:00,0.8,12,12,123883,https://t.me/kievreal1/123883,БпЛА в районі Жукина
2026-07-31,12,Броварський,Бровари,2026-07-31T12:03:14+03:00,2026-07-31T12:50:04+03:00,0.8,12,12,123884,https://t.me/kievreal1/123884,1 на Бровари 1 на Вишгород 1 в ЧЗВ
2026-07-31,12,Вишгородський,Вишгород,2026-07-31T12:03:14+03:00,2026-07-31T12:50:04+03:00,0.8,12,12,123884,https://t.me/kievreal1/123884,1 на Бровари 1 на Вишгород 1 в ЧЗВ
2026-07-31,12,Вишгородський,Вишгород,2026-07-31T12:03:14+03:00,2026-07-31T12:50:04+03:00,0.8,12,12,123885,https://t.me/kievreal1/123885,Від Вишгороду в бік Троєщини бпла P.S про рух шахедів в онлайн-режимі пишуть тут – t.me/tryvoga_kyiv
2026-07-31,12,Вишгородський,Вишгород,2026-07-31T12:03:14+03:00,2026-07-31T12:50:04+03:00,0.8,12,12,123886,https://t.me/kievreal1/123886,На Димерку останній. Біля Вишгороду вже без фіксації
2026-07-31,19,Броварський,Згурівка,2026-07-31T19:46:04+03:00,2026-07-31T20:32:24+03:00,0.8,19,20,123918,https://t.me/kievreal1/123918,🚨 КИЇВСЬКА ОБЛАСТЬ - ОГОЛОШЕНА ПОВІТРЯНА ТРИВОГА БпЛА на Згурівку
2026-07-31,20,Броварський,Згурівка,2026-07-31T19:46:04+03:00,2026-07-31T20:32:24+03:00,0.8,19,20,123926,https://t.me/kievreal1/123926,2 нових реактивних бпла курсом на Згурівку
2026-07-31,20,Броварський,Згурівка,2026-07-31T19:46:04+03:00,2026-07-31T20:32:24+03:00,0.8,19,20,123927,https://t.me/kievreal1/123927,2 нових реактивних бпла курсом на Згурівку
2026-07-31,20,Броварський,Згурівка,2026-07-31T19:46:04+03:00,2026-07-31T20:32:24+03:00,0.8,19,20,123929,https://t.me/kievreal1/123929,2 нових реактивних бпла курсом на Згурівку
2026-07-31,20,Броварський,Бровари,2026-07-31T19:46:04+03:00,2026-07-31T20:32:24+03:00,0.8,19,20,123930,https://t.me/kievreal1/123930,Бровари ! До вас
2026-07-31,20,Броварський,Бровари,2026-07-31T19:46:04+03:00,2026-07-31T20:32:24+03:00,0.8,19,20,123931,https://t.me/kievreal1/123931,1 над Броварами Інший на Українку/ Трипілля
2026-07-31,20,Обухівський,Українка,2026-07-31T19:46:04+03:00,2026-07-31T20:32:24+03:00,0.8,19,20,123931,https://t.me/kievreal1/123931,1 над Броварами Інший на Українку/ Трипілля
2026-08-01,1,Вишгородський,Лебедівка,2026-08-01T01:09:14+03:00,2026-08-01T03:05:34+03:00,1.9,1,3,123946,https://t.me/kievreal1/123946,БпЛА курсом на Лебедівку
2026-08-01,1,Вишгородський,Чорнобиль,2026-08-01T01:09:14+03:00,2026-08-01T03:05:34+03:00,1.9,1,3,123947,https://t.me/kievreal1/123947,БпЛА курсом на Чорнобиль
2026-08-01,1,Фастівський,Фастів,2026-08-01T01:09:14+03:00,2026-08-01T03:05:34+03:00,1.9,1,3,123952,https://t.me/kievreal1/123952,Фастів обережно
2026-08-01,1,Бориспільський,Бориспіль,2026-08-01T01:09:14+03:00,2026-08-01T03:05:34+03:00,1.9,1,3,123957,https://t.me/kievreal1/123957,На Бориспіль
2026-08-01,1,Броварський,Бровари,2026-08-01T01:09:14+03:00,2026-08-01T03:05:34+03:00,1.9,1,3,123958,https://t.me/kievreal1/123958,Бровари теж обережно
2026-08-01,1,Бориспільський,Березань,2026-08-01T01:09:14+03:00,2026-08-01T03:05:34+03:00,1.9,1,3,123978,https://t.me/kievreal1/123978,БпЛА курсом на Березань
2026-08-01,2,Бориспільський,Бориспіль,2026-08-01T01:09:14+03:00,2026-08-01T03:05:34+03:00,1.9,1,3,123986,https://t.me/kievreal1/123986,Реактивний БПЛА над Борисполем
2026-08-01,2,Броварський,Бровари,2026-08-01T01:09:14+03:00,2026-08-01T03:05:34+03:00,1.9,1,3,123996,https://t.me/kievreal1/123996,Реактивний БПЛА на Бровари
2026-08-01,2,Вишгородський,Жукин,2026-08-01T01:09:14+03:00,2026-08-01T03:05:34+03:00,1.9,1,3,123999,https://t.me/kievreal1/123999,Реактивний БпЛА курсом на Жукин
2026-08-01,2,Броварський,Згурівка,2026-08-01T01:09:14+03:00,2026-08-01T03:05:34+03:00,1.9,1,3,124006,https://t.me/kievreal1/124006,Реактивний БпЛА курсом на Згурівку
2026-08-01,11,Вишгородський,Вишгородський,2026-08-01T11:03:24+03:00,2026-08-01T11:30:04+03:00,0.4,11,11,124088,https://t.me/kievreal1/124088,🚨 КИЇВСЬКА ОБЛАСТЬ - ОГОЛОШЕНА ПОВІТРЯНА ТРИВОГА Загроза для Вишгородського району через бпла на/через Славутич
2026-08-01,11,Вишгородський,Славутич,2026-08-01T11:03:24+03:00,2026-08-01T11:30:04+03:00,0.4,11,11,124088,https://t.me/kievreal1/124088,🚨 КИЇВСЬКА ОБЛАСТЬ - ОГОЛОШЕНА ПОВІТРЯНА ТРИВОГА Загроза для Вишгородського району через бпла на/через Славутич
2026-08-01,11,Броварський,Велика Димерка,2026-08-01T11:03:24+03:00,2026-08-01T11:30:04+03:00,0.4,11,11,124090,https://t.me/kievreal1/124090,"Велика Димерка, Семиполки — уважно по бпла"
2026-08-01,11,Броварський,Бровари,2026-08-01T11:03:24+03:00,2026-08-01T11:30:04+03:00,0.4,11,11,124092,https://t.me/kievreal1/124092,Реактивний бпла на Бровари ! Тому дали тривогу в Києві За рухом бпла в області стежити тут – t.me/tryvoga_kyiv
2026-08-01,11,Бориспільський,Бориспіль,2026-08-01T11:03:24+03:00,2026-08-01T11:30:04+03:00,0.4,11,11,124094,https://t.me/kievreal1/124094,"Бориспіль , Княжичі увага теж"
2026-08-01,11,Бориспільський,Бориспіль,2026-08-01T11:03:24+03:00,2026-08-01T11:30:04+03:00,0.4,11,11,124095,https://t.me/kievreal1/124095,"Бориспіль, Княжичі увага теж"
2026-08-01,11,Вишгородський,Славутич,2026-08-01T11:48:24+03:00,2026-08-01T13:34:54+03:00,1.8,11,13,124098,https://t.me/kievreal1/124098,🚨 КИЇВСЬКА ОБЛАСТЬ - ОГОЛОШЕНА ПОВІТРЯНА ТРИВОГА Знову реактивний бпла від Славутича
2026-08-01,12,Бучанський,Вишневе,2026-08-01T11:48:24+03:00,2026-08-01T13:34:54+03:00,1.8,11,13,124110,https://t.me/kievreal1/124110,"Пожежу на цивільному обʼєкті у Вишневому, що виникла після ворожої атаки, вже локалізували"
2026-08-01,12,Броварський,Бровари,2026-08-01T11:48:24+03:00,2026-08-01T13:34:54+03:00,1.8,11,13,124115,https://t.me/kievreal1/124115,"Сьогодні вранці ворожі дрони атакували складські приміщення у Броварах. На жаль, 1 людина загинула і ще 3 отримали поранення , – очільник К…"
2026-08-01,13,Вишгородський,Чорнобиль,2026-08-01T11:48:24+03:00,2026-08-01T13:34:54+03:00,1.8,11,13,124116,https://t.me/kievreal1/124116,БпЛА в Чорнобильській зоні у західному напрямку йде Про загрозу по області повідомляють тут — t.me/kyiv
2026-08-01,13,Броварський,Бровари,2026-08-01T11:48:24+03:00,2026-08-01T13:34:54+03:00,1.8,11,13,124117,https://t.me/kievreal1/124117,"Сьогодні вранці ворожі дрони атакували складські приміщення у Броварах. На жаль, 1 людина загинула і ще 3 отримали поранення, – очільник КО…"
2026-08-01,18,Бориспільський,Бориспільський,2026-08-01T18:24:44+03:00,2026-08-01T18:49:04+03:00,0.4,18,18,124130,https://t.me/kievreal1/124130,🚨 КИЇВСЬКА ОБЛАСТЬ - ОГОЛОШЕНА ПОВІТРЯНА ТРИВОГА Загроза для Бориспільського району через реактивний бпла в Черкаській області
2026-08-02,2,Вишгородський,Славутич,2026-08-02T02:57:24+03:00,2026-08-02T03:30:04+03:00,0.5,2,3,124148,https://t.me/kievreal1/124148,"2 БпЛА на Славутич Підтримати канал, буду вдячний Вам: https://base.monobank.ua/4jYdAKEbmcrmLL ➡"
2026-08-02,3,Броварський,Бровари,2026-08-02T02:57:24+03:00,2026-08-02T03:30:04+03:00,0.5,2,3,124149,https://t.me/kievreal1/124149,БПЛА на Бровари
2026-08-02,3,Бориспільський,Бориспіль,2026-08-02T02:57:24+03:00,2026-08-02T03:30:04+03:00,0.5,2,3,124152,https://t.me/kievreal1/124152,1 БПЛА на Бориспіль
2026-08-02,3,Броварський,Бровари,2026-08-02T02:57:24+03:00,2026-08-02T03:30:04+03:00,0.5,2,3,124153,https://t.me/kievreal1/124153,Бровари - вибухи
2026-08-02,5,Вишгородський,Славутич,2026-08-02T05:44:54+03:00,2026-08-02T06:10:44+03:00,0.4,5,6,124158,https://t.me/kievreal1/124158,Реактивний БпЛА повз Славутич курсом на південь
2026-08-02,6,Броварський,Бровари,2026-08-02T05:44:54+03:00,2026-08-02T06:10:44+03:00,0.4,5,6,124159,https://t.me/kievreal1/124159,Реактивний БпЛА на Бровари
2026-08-02,16,Броварський,Бровари,2026-08-02T16:13:34+03:00,2026-08-02T17:01:34+03:00,0.8,16,17,124181,https://t.me/kievreal1/124181,Ще є бпла на Бровари
2026-08-03,6,Вишгородський,Славутич,2026-08-03T06:27:34+03:00,2026-08-03T07:02:14+03:00,0.6,6,7,124194,https://t.me/kievreal1/124194,БПЛА повз Славутич на північ Київщини
2026-08-03,10,Вишгородський,Славутич,2026-08-03T10:05:14+03:00,2026-08-03T10:33:14+03:00,0.5,10,10,124200,https://t.me/kievreal1/124200,Бандероль на Славутич
2026-08-04,0,Вишгородський,Жукин,2026-08-04T00:33:04+03:00,2026-08-04T01:36:04+03:00,1.1,0,1,124228,https://t.me/kievreal1/124228,БпЛА курсом на Жукин з Чернігівщини
2026-08-04,1,Вишгородський,Іванків,2026-08-04T00:33:04+03:00,2026-08-04T01:36:04+03:00,1.1,0,1,124230,https://t.me/kievreal1/124230,БпЛА повз Іванків на Житомирщину
2026-08-04,4,Броварський,Згурівка,2026-08-04T04:43:54+03:00,2026-08-04T06:46:24+03:00,2.0,4,6,124236,https://t.me/kievreal1/124236,БПЛА на Згурівку
2026-08-04,4,Броварський,Згурівка,2026-08-04T04:43:54+03:00,2026-08-04T06:46:24+03:00,2.0,4,6,124238,https://t.me/kievreal1/124238,Ще БПЛА на Згурівку
2026-08-04,4,Броварський,Згурівка,2026-08-04T04:43:54+03:00,2026-08-04T06:46:24+03:00,2.0,4,6,124239,https://t.me/kievreal1/124239,Реактивний БпЛА курсом на Згурівку Реактивний БпЛА курсом на Жукин
2026-08-04,4,Вишгородський,Жукин,2026-08-04T04:43:54+03:00,2026-08-04T06:46:24+03:00,2.0,4,6,124239,https://t.me/kievreal1/124239,Реактивний БпЛА курсом на Згурівку Реактивний БпЛА курсом на Жукин
2026-08-04,4,Броварський,Згурівка,2026-08-04T04:43:54+03:00,2026-08-04T06:46:24+03:00,2.0,4,6,124242,https://t.me/kievreal1/124242,Реактивний БпЛА курсом на Згурівку Реактивний БпЛА курсом на Київ 3х Реактивні БпЛА курсом на Велику Димерку Реактивний БпЛА курсом на Бров…
2026-08-04,4,Броварський,Велика Димерка,2026-08-04T04:43:54+03:00,2026-08-04T06:46:24+03:00,2.0,4,6,124242,https://t.me/kievreal1/124242,Реактивний БпЛА курсом на Згурівку Реактивний БпЛА курсом на Київ 3х Реактивні БпЛА курсом на Велику Димерку Реактивний БпЛА курсом на Бров…
2026-08-04,4,Броварський,Бровари,2026-08-04T04:43:54+03:00,2026-08-04T06:46:24+03:00,2.0,4,6,124242,https://t.me/kievreal1/124242,Реактивний БпЛА курсом на Згурівку Реактивний БпЛА курсом на Київ 3х Реактивні БпЛА курсом на Велику Димерку Реактивний БпЛА курсом на Бров…
2026-08-04,4,Броварський,Бровари,2026-08-04T04:43:54+03:00,2026-08-04T06:46:24+03:00,2.0,4,6,124243,https://t.me/kievreal1/124243,5 на Бровари
2026-08-04,5,Броварський,Бровари,2026-08-04T04:43:54+03:00,2026-08-04T06:46:24+03:00,2.0,4,6,124244,https://t.me/kievreal1/124244,Вибухи у Броварах
2026-08-04,5,Броварський,Бровари,2026-08-04T04:43:54+03:00,2026-08-04T06:46:24+03:00,2.0,4,6,124245,https://t.me/kievreal1/124245,7х Реактивні БпЛА курсом на Бровари 3х Реактивні БпЛА курсом на Згурівку
2026-08-04,5,Броварський,Згурівка,2026-08-04T04:43:54+03:00,2026-08-04T06:46:24+03:00,2.0,4,6,124245,https://t.me/kievreal1/124245,7х Реактивні БпЛА курсом на Бровари 3х Реактивні БпЛА курсом на Згурівку
2026-08-04,5,Броварський,Калита,2026-08-04T04:43:54+03:00,2026-08-04T06:46:24+03:00,2.0,4,6,124247,https://t.me/kievreal1/124247,Реактивний БпЛА курсом на Калиту 2х Реактивні БпЛА курсом на Згурівку
2026-08-04,5,Броварський,Згурівка,2026-08-04T04:43:54+03:00,2026-08-04T06:46:24+03:00,2.0,4,6,124247,https://t.me/kievreal1/124247,Реактивний БпЛА курсом на Калиту 2х Реактивні БпЛА курсом на Згурівку
2026-08-04,5,Броварський,Бровари,2026-08-04T04:43:54+03:00,2026-08-04T06:46:24+03:00,2.0,4,6,124248,https://t.me/kievreal1/124248,Ще вибухи у Броварах
2026-08-04,5,Броварський,Бровари,2026-08-04T04:43:54+03:00,2026-08-04T06:46:24+03:00,2.0,4,6,124249,https://t.me/kievreal1/124249,4 БПЛА залишилось на Бровари
2026-08-04,5,Броварський,Велика Димерка,2026-08-04T04:43:54+03:00,2026-08-04T06:46:24+03:00,2.0,4,6,124252,https://t.me/kievreal1/124252,Реактивний БпЛА повз Велику Димерку курсом на Бровари
2026-08-04,5,Броварський,Бровари,2026-08-04T04:43:54+03:00,2026-08-04T06:46:24+03:00,2.0,4,6,124252,https://t.me/kievreal1/124252,Реактивний БпЛА повз Велику Димерку курсом на Бровари
2026-08-04,5,Броварський,Бровари,2026-08-04T04:43:54+03:00,2026-08-04T06:46:24+03:00,2.0,4,6,124253,https://t.me/kievreal1/124253,4 шахеда на Бровари .
2026-08-04,5,Броварський,Бровари,2026-08-04T04:43:54+03:00,2026-08-04T06:46:24+03:00,2.0,4,6,124254,https://t.me/kievreal1/124254,Реактивний БпЛА курсом на Бровари
2026-08-04,5,Броварський,Бровари,2026-08-04T04:43:54+03:00,2026-08-04T06:46:24+03:00,2.0,4,6,124255,https://t.me/kievreal1/124255,4 БПЛА на Бровари з Чернігівщини
2026-08-04,5,Вишгородський,Жукин,2026-08-04T04:43:54+03:00,2026-08-04T06:46:24+03:00,2.0,4,6,124256,https://t.me/kievreal1/124256,Реактивний БпЛА курсом на Жукин
2026-08-04,5,Вишгородський,Лебедівка,2026-08-04T04:43:54+03:00,2026-08-04T06:46:24+03:00,2.0,4,6,124257,https://t.me/kievreal1/124257,2х Реактивні БпЛА курсом на Лебедівку
2026-08-04,5,Вишгородський,Вишгород,2026-08-04T04:43:54+03:00,2026-08-04T06:46:24+03:00,2.0,4,6,124258,https://t.me/kievreal1/124258,БПЛА на Вишгород
2026-08-04,5,Бучанський,Гостомель,2026-08-04T04:43:54+03:00,2026-08-04T06:46:24+03:00,2.0,4,6,124259,https://t.me/kievreal1/124259,Реактивний БпЛА курсом на Погреби Реактивний БпЛА курсом на Гостомель
2026-08-04,5,Вишгородський,Вишгород,2026-08-04T04:43:54+03:00,2026-08-04T06:46:24+03:00,2.0,4,6,124260,https://t.me/kievreal1/124260,Реактивний БпЛА курсом на Вишгород Реактивний БпЛА курсом на Бровари
2026-08-04,5,Броварський,Бровари,2026-08-04T04:43:54+03:00,2026-08-04T06:46:24+03:00,2.0,4,6,124260,https://t.me/kievreal1/124260,Реактивний БпЛА курсом на Вишгород Реактивний БпЛА курсом на Бровари
2026-08-04,6,Вишгородський,Жукин,2026-08-04T04:43:54+03:00,2026-08-04T06:46:24+03:00,2.0,4,6,124261,https://t.me/kievreal1/124261,Реактивний БпЛА курсом на Жукин Реактивний БпЛА курсом на Велику Димерку
2026-08-04,6,Броварський,Велика Димерка,2026-08-04T04:43:54+03:00,2026-08-04T06:46:24+03:00,2.0,4,6,124261,https://t.me/kievreal1/124261,Реактивний БпЛА курсом на Жукин Реактивний БпЛА курсом на Велику Димерку
2026-08-04,6,Броварський,Велика Димерка,2026-08-04T04:43:54+03:00,2026-08-04T06:46:24+03:00,2.0,4,6,124262,https://t.me/kievreal1/124262,Реактивний БпЛА курсом на Велику Димерку Реактивний БпЛА курсом на Погреби
2026-08-04,6,Броварський,Бровари,2026-08-04T04:43:54+03:00,2026-08-04T06:46:24+03:00,2.0,4,6,124263,https://t.me/kievreal1/124263,Реактивний БпЛА курсом на Бровари
2026-08-04,6,Броварський,Калита,2026-08-04T04:43:54+03:00,2026-08-04T06:46:24+03:00,2.0,4,6,124264,https://t.me/kievreal1/124264,Реактивний БпЛА курсом на Калиту
2026-08-04,17,Броварський,Броварський,2026-08-04T17:49:34+03:00,2026-08-04T18:44:34+03:00,0.9,17,18,124306,https://t.me/kievreal1/124306,🚨 КИЇВСЬКА ОБЛАСТЬ - ОГОЛОШЕНА ПОВІТРЯНА ТРИВОГА Броварський та Бориспільський район — бпла з Черкащини та Полтавщини
2026-08-04,17,Бориспільський,Бориспільський,2026-08-04T17:49:34+03:00,2026-08-04T18:44:34+03:00,0.9,17,18,124306,https://t.me/kievreal1/124306,🚨 КИЇВСЬКА ОБЛАСТЬ - ОГОЛОШЕНА ПОВІТРЯНА ТРИВОГА Броварський та Бориспільський район — бпла з Черкащини та Полтавщини
2026-08-04,17,Бориспільський,Переяслав,2026-08-04T17:49:34+03:00,2026-08-04T18:44:34+03:00,0.9,17,18,124307,https://t.me/kievreal1/124307,Переяслав та Згурівка/ Яготин – уважно по бпла Про рух повітряних цілей в області більше тут – t.me/tryvoga_kyiv
2026-08-04,17,Броварський,Згурівка,2026-08-04T17:49:34+03:00,2026-08-04T18:44:34+03:00,0.9,17,18,124307,https://t.me/kievreal1/124307,Переяслав та Згурівка/ Яготин – уважно по бпла Про рух повітряних цілей в області більше тут – t.me/tryvoga_kyiv
2026-08-04,17,Бориспільський,Яготин,2026-08-04T17:49:34+03:00,2026-08-04T18:44:34+03:00,0.9,17,18,124307,https://t.me/kievreal1/124307,Переяслав та Згурівка/ Яготин – уважно по бпла Про рух повітряних цілей в області більше тут – t.me/tryvoga_kyiv
2026-08-04,17,Бориспільський,Переяслав,2026-08-04T17:49:34+03:00,2026-08-04T18:44:34+03:00,0.9,17,18,124308,https://t.me/kievreal1/124308,2 повз Переяслав на Березань 2 на Згурівку
2026-08-04,17,Бориспільський,Березань,2026-08-04T17:49:34+03:00,2026-08-04T18:44:34+03:00,0.9,17,18,124308,https://t.me/kievreal1/124308,2 повз Переяслав на Березань 2 на Згурівку
2026-08-04,17,Броварський,Згурівка,2026-08-04T17:49:34+03:00,2026-08-04T18:44:34+03:00,0.9,17,18,124308,https://t.me/kievreal1/124308,2 повз Переяслав на Березань 2 на Згурівку
2026-08-04,18,Броварський,Бровари,2026-08-04T17:49:34+03:00,2026-08-04T18:44:34+03:00,0.9,17,18,124309,https://t.me/kievreal1/124309,На Бровари від Березані/ Баришівки! По руху БпЛА в області пишуть тут – t.me/tryvoga_kyiv
2026-08-04,18,Бориспільський,Березань,2026-08-04T17:49:34+03:00,2026-08-04T18:44:34+03:00,0.9,17,18,124309,https://t.me/kievreal1/124309,На Бровари від Березані/ Баришівки! По руху БпЛА в області пишуть тут – t.me/tryvoga_kyiv
2026-08-04,18,Броварський,Баришівка,2026-08-04T17:49:34+03:00,2026-08-04T18:44:34+03:00,0.9,17,18,124309,https://t.me/kievreal1/124309,На Бровари від Березані/ Баришівки! По руху БпЛА в області пишуть тут – t.me/tryvoga_kyiv
2026-08-04,18,Броварський,Бровари,2026-08-04T17:49:34+03:00,2026-08-04T18:44:34+03:00,0.9,17,18,124310,https://t.me/kievreal1/124310,"Бровари , Бориспіль , Димерка та Згурівка – по бпла у вашому напрямку"
2026-08-04,18,Бориспільський,Бориспіль,2026-08-04T17:49:34+03:00,2026-08-04T18:44:34+03:00,0.9,17,18,124310,https://t.me/kievreal1/124310,"Бровари , Бориспіль , Димерка та Згурівка – по бпла у вашому напрямку"
2026-08-04,18,Броварський,Згурівка,2026-08-04T17:49:34+03:00,2026-08-04T18:44:34+03:00,0.9,17,18,124310,https://t.me/kievreal1/124310,"Бровари , Бориспіль , Димерка та Згурівка – по бпла у вашому напрямку"
2026-08-04,18,Броварський,Бровари,2026-08-04T17:49:34+03:00,2026-08-04T18:44:34+03:00,0.9,17,18,124312,https://t.me/kievreal1/124312,Перший через Красилівку на Бровари !
2026-08-04,18,Бориспільський,Березань,2026-08-04T17:49:34+03:00,2026-08-04T18:44:34+03:00,0.9,17,18,124314,https://t.me/kievreal1/124314,На Березань/ Баришівку від Згурівки
2026-08-04,18,Броварський,Баришівка,2026-08-04T17:49:34+03:00,2026-08-04T18:44:34+03:00,0.9,17,18,124314,https://t.me/kievreal1/124314,На Березань/ Баришівку від Згурівки
2026-08-04,18,Броварський,Згурівка,2026-08-04T17:49:34+03:00,2026-08-04T18:44:34+03:00,0.9,17,18,124314,https://t.me/kievreal1/124314,На Березань/ Баришівку від Згурівки
2026-08-04,18,Броварський,Броварський,2026-08-04T17:49:34+03:00,2026-08-04T18:44:34+03:00,0.9,17,18,124316,https://t.me/kievreal1/124316,"В області лишається один на Лукʼянівку (Броварський район)/ Бровари , однак на Чернігівщині ще 3-4 реактивних бпла"
2026-08-04,18,Броварський,Бровари,2026-08-04T17:49:34+03:00,2026-08-04T18:44:34+03:00,0.9,17,18,124316,https://t.me/kievreal1/124316,"В області лишається один на Лукʼянівку (Броварський район)/ Бровари , однак на Чернігівщині ще 3-4 реактивних бпла"
2026-08-04,18,Броварський,Бровари,2026-08-04T17:49:34+03:00,2026-08-04T18:44:34+03:00,0.9,17,18,124317,https://t.me/kievreal1/124317,Підлітає до Броварів
2026-08-04,18,Броварський,Бровари,2026-08-04T17:49:34+03:00,2026-08-04T18:44:34+03:00,0.9,17,18,124318,https://t.me/kievreal1/124318,Підлітає до Броварів
2026-08-04,18,Бориспільський,Переяслав,2026-08-04T17:49:34+03:00,2026-08-04T18:44:34+03:00,0.9,17,18,124320,https://t.me/kievreal1/124320,З півночі на Переяслав! Про рух шахедів пишуть тут – t.me/tryvoga_kyiv 👉
2026-08-04,18,Бориспільський,Бориспіль,2026-08-04T17:49:34+03:00,2026-08-04T18:44:34+03:00,0.9,17,18,124321,https://t.me/kievreal1/124321,"З Чернігівщини один в бік Борисполя, другий на Димерку наразі"
2026-08-04,18,Броварський,Бровари,2026-08-04T17:49:34+03:00,2026-08-04T18:44:34+03:00,0.9,17,18,124322,https://t.me/kievreal1/124322,2 на Бровари і ще з Черкащини в бік Миронівки!
2026-08-04,18,Обухівський,Миронівка,2026-08-04T17:49:34+03:00,2026-08-04T18:44:34+03:00,0.9,17,18,124322,https://t.me/kievreal1/124322,2 на Бровари і ще з Черкащини в бік Миронівки!
2026-08-04,18,Бориспільський,Переяслав,2026-08-04T17:49:34+03:00,2026-08-04T18:44:34+03:00,0.9,17,18,124324,https://t.me/kievreal1/124324,"Наразі в області локаційно чисто, але з Черкащини в бік Переяслава ще є"
2026-08-04,19,Броварський,Бровари,2026-08-04T19:15:54+03:00,2026-08-04T21:06:14+03:00,1.8,19,21,124335,https://t.me/kievreal1/124335,З Чернігівщини курсом на Бровари З Черкащини на Богуслав
2026-08-04,19,Обухівський,Обухів,2026-08-04T19:15:54+03:00,2026-08-04T21:06:14+03:00,1.8,19,21,124336,https://t.me/kievreal1/124336,Від Богуслава на Обухів/ Українку Інший на Димерку
2026-08-04,19,Обухівський,Українка,2026-08-04T19:15:54+03:00,2026-08-04T21:06:14+03:00,1.8,19,21,124336,https://t.me/kievreal1/124336,Від Богуслава на Обухів/ Українку Інший на Димерку
2026-08-04,19,Броварський,Бровари,2026-08-04T19:15:54+03:00,2026-08-04T21:06:14+03:00,1.8,19,21,124338,https://t.me/kievreal1/124338,Бровари – над містом!
2026-08-04,19,Броварський,Бровари,2026-08-04T19:15:54+03:00,2026-08-04T21:06:14+03:00,1.8,19,21,124339,https://t.me/kievreal1/124339,Бровари – над містом!
2026-08-04,19,Броварський,Бровари,2026-08-04T19:15:54+03:00,2026-08-04T21:06:14+03:00,1.8,19,21,124349,https://t.me/kievreal1/124349,БпЛА біля Димерки на Бровари !
2026-08-04,19,Броварський,Бровари,2026-08-04T19:15:54+03:00,2026-08-04T21:06:14+03:00,1.8,19,21,124350,https://t.me/kievreal1/124350,Другий від Десни теж на Бровари тримає курс
2026-08-04,20,Броварський,Бровари,2026-08-04T19:15:54+03:00,2026-08-04T21:06:14+03:00,1.8,19,21,124353,https://t.me/kievreal1/124353,Знову бпла на Бровари !
2026-08-04,20,Броварський,Бровари,2026-08-04T19:15:54+03:00,2026-08-04T21:06:14+03:00,1.8,19,21,124355,https://t.me/kievreal1/124355,Знову бпла на Бровари!
2026-08-04,20,Броварський,Бобровиця,2026-08-04T19:15:54+03:00,2026-08-04T21:06:14+03:00,1.8,19,21,124356,https://t.me/kievreal1/124356,"Біля Бобровиці ще БпЛА та + на Славутич з півночі. Пуску з МіГУ наразі не відмічалось, але будьте обережними до відбою"
2026-08-04,20,Вишгородський,Славутич,2026-08-04T19:15:54+03:00,2026-08-04T21:06:14+03:00,1.8,19,21,124356,https://t.me/kievreal1/124356,"Біля Бобровиці ще БпЛА та + на Славутич з півночі. Пуску з МіГУ наразі не відмічалось, але будьте обережними до відбою"
2026-08-04,20,Броварський,Бобровиця,2026-08-04T19:15:54+03:00,2026-08-04T21:06:14+03:00,1.8,19,21,124357,https://t.me/kievreal1/124357,Біля Бобровиці ще БпЛА
2026-08-04,20,Броварський,Броварський,2026-08-04T19:15:54+03:00,2026-08-04T21:06:14+03:00,1.8,19,21,124358,https://t.me/kievreal1/124358,ОВА: У Броварському районі через чергову атаку постраждала жінка. Також пошкоджено приватний будинок і складське приміщення
2026-08-04,20,Броварський,Бровари,2026-08-04T19:15:54+03:00,2026-08-04T21:06:14+03:00,1.8,19,21,124359,https://t.me/kievreal1/124359,"По МіГу відбій, по БпЛА на Димерку/ Бровари теж мінус, але від Славутича до Десни ще курсують нові"
2026-08-04,20,Вишгородський,Славутич,2026-08-04T19:15:54+03:00,2026-08-04T21:06:14+03:00,1.8,19,21,124359,https://t.me/kievreal1/124359,"По МіГу відбій, по БпЛА на Димерку/ Бровари теж мінус, але від Славутича до Десни ще курсують нові"
2026-08-04,20,Вишгородський,Славутич,2026-08-04T19:15:54+03:00,2026-08-04T21:06:14+03:00,1.8,19,21,124361,https://t.me/kievreal1/124361,від Славутича до Десни ще курсують нові
2026-08-04,20,Вишгородський,Жукин,2026-08-04T19:15:54+03:00,2026-08-04T21:06:14+03:00,1.8,19,21,124362,https://t.me/kievreal1/124362,Два БпЛА на Жукин
2026-08-05,0,Броварський,Бровари,2026-08-05T00:19:04+03:00,2026-08-05T01:46:04+03:00,1.4,0,1,124375,https://t.me/kievreal1/124375,"4 ракети на Київ через Бровари Підтримати канал, буду вдячний Вам: https://base.monobank.ua/4jYdAKEbmcrmLL ➡"
2026-08-05,0,Броварський,Бровари,2026-08-05T00:19:04+03:00,2026-08-05T01:46:04+03:00,1.4,0,1,124382,https://t.me/kievreal1/124382,Ще летять ракети через Бровари на столицю
2026-08-05,1,Вишгородський,Жукин,2026-08-05T00:19:04+03:00,2026-08-05T01:46:04+03:00,1.4,0,1,124394,https://t.me/kievreal1/124394,1 реактивний БпЛА на Жукин 1 реактивний БпЛА на Березань Про рух БпЛА пишуть тут – t.me/tryvoga_kyiv 👉
2026-08-05,1,Бориспільський,Березань,2026-08-05T00:19:04+03:00,2026-08-05T01:46:04+03:00,1.4,0,1,124394,https://t.me/kievreal1/124394,1 реактивний БпЛА на Жукин 1 реактивний БпЛА на Березань Про рух БпЛА пишуть тут – t.me/tryvoga_kyiv 👉
2026-08-05,1,Броварський,Бровари,2026-08-05T00:19:04+03:00,2026-08-05T01:46:04+03:00,1.4,0,1,124399,https://t.me/kievreal1/124399,7 реактивних БпЛА на Бровари 1 реактивний БпЛА на Бориспіль 1 реактивний БпЛА на Баришівку P.S про рух повітряних цілей тут – t.me/tryvoga_…
2026-08-05,1,Бориспільський,Бориспіль,2026-08-05T00:19:04+03:00,2026-08-05T01:46:04+03:00,1.4,0,1,124399,https://t.me/kievreal1/124399,7 реактивних БпЛА на Бровари 1 реактивний БпЛА на Бориспіль 1 реактивний БпЛА на Баришівку P.S про рух повітряних цілей тут – t.me/tryvoga_…
2026-08-05,1,Броварський,Баришівка,2026-08-05T00:19:04+03:00,2026-08-05T01:46:04+03:00,1.4,0,1,124399,https://t.me/kievreal1/124399,7 реактивних БпЛА на Бровари 1 реактивний БпЛА на Бориспіль 1 реактивний БпЛА на Баришівку P.S про рух повітряних цілей тут – t.me/tryvoga_…
2026-08-05,1,Броварський,Бровари,2026-08-05T00:19:04+03:00,2026-08-05T01:46:04+03:00,1.4,0,1,124401,https://t.me/kievreal1/124401,4 реактивних БпЛА на/через Бровари
2026-08-05,4,Броварський,Бровари,2026-08-05T04:37:34+03:00,2026-08-05T05:33:04+03:00,0.9,4,5,124428,https://t.me/kievreal1/124428,3 реактивних БпЛА на/через Димерка/ Бровари
2026-08-05,5,Броварський,Бровари,2026-08-05T04:37:34+03:00,2026-08-05T05:33:04+03:00,0.9,4,5,124430,https://t.me/kievreal1/124430,3 реактивних БпЛА на/через Димерка/Бровари
2026-08-05,8,Вишгородський,Вишгородський,2026-08-05T08:59:24+03:00,2026-08-05T09:16:34+03:00,0.3,8,9,124478,https://t.me/kievreal1/124478,🚨 КИЇВСЬКА ОБЛАСТЬ - ОГОЛОШЕНА ПОВІТРЯНА ТРИВОГА Загроза для Вишгородського району
2026-08-05,9,Броварський,Броварський,2026-08-05T08:59:24+03:00,2026-08-05T09:16:34+03:00,0.3,8,9,124479,https://t.me/kievreal1/124479,"🕯 8 людей загинули на залізничній платформі станції Квітнева у Броварському районі Київщини , – повідомив голова РДА Віталій Бігун За його …"
2026-08-05,16,Вишгородський,Вишгородський,2026-08-05T16:41:24+03:00,2026-08-05T17:03:34+03:00,0.4,16,17,124531,https://t.me/kievreal1/124531,🚨 КИЇВСЬКА ОБЛАСТЬ - ОГОЛОШЕНА ПОВІТРЯНА ТРИВОГА Вишгородський та Броварський райони – загроза через декілька бпла з Чернігівщини
2026-08-05,16,Броварський,Броварський,2026-08-05T16:41:24+03:00,2026-08-05T17:03:34+03:00,0.4,16,17,124531,https://t.me/kievreal1/124531,🚨 КИЇВСЬКА ОБЛАСТЬ - ОГОЛОШЕНА ПОВІТРЯНА ТРИВОГА Вишгородський та Броварський райони – загроза через декілька бпла з Чернігівщини
2026-08-06,12,Бучанський,Бучанський,2026-08-06T12:52:34+03:00,2026-08-06T13:25:24+03:00,0.5,12,13,124569,https://t.me/kievreal1/124569,"❗️ Триває ліквідація наслідків російської атаки, здійсненої в ніч на 5 серпня Наразі рятувальники продовжують приборкувати загоряння на об'…"
2026-08-06,12,Броварський,Броварський,2026-08-06T12:52:34+03:00,2026-08-06T13:25:24+03:00,0.5,12,13,124569,https://t.me/kievreal1/124569,"❗️ Триває ліквідація наслідків російської атаки, здійсненої в ніч на 5 серпня Наразі рятувальники продовжують приборкувати загоряння на об'…"
2026-08-08,0,Броварський,Бровари,2026-08-08T00:00:04+03:00,2026-08-08T01:43:04+03:00,1.7,0,1,124641,https://t.me/kievreal1/124641,"6 БПЛА на Бровари Підтримати канал, буду вдячний Вам: https://base.monobank.ua/4jYdAKEbmcrmLL ➡"
2026-08-08,0,Броварський,Велика Димерка,2026-08-08T00:00:04+03:00,2026-08-08T01:43:04+03:00,1.7,0,1,124642,https://t.me/kievreal1/124642,10х БпЛА курсом на Велику Димерку
2026-08-08,0,Броварський,Велика Димерка,2026-08-08T00:00:04+03:00,2026-08-08T01:43:04+03:00,1.7,0,1,124643,https://t.me/kievreal1/124643,7х БпЛА повз Велику Димерку курсом на Погреби 2х БпЛА курсом на Калиту
2026-08-08,0,Броварський,Калита,2026-08-08T00:00:04+03:00,2026-08-08T01:43:04+03:00,1.7,0,1,124643,https://t.me/kievreal1/124643,7х БпЛА повз Велику Димерку курсом на Погреби 2х БпЛА курсом на Калиту
2026-08-08,0,Вишгородський,Вишгород,2026-08-08T00:00:04+03:00,2026-08-08T01:43:04+03:00,1.7,0,1,124645,https://t.me/kievreal1/124645,7 БПЛА на Вишгород
2026-08-08,9,Вишгородський,Вишгородський,2026-08-08T09:06:14+03:00,2026-08-08T10:08:54+03:00,1.0,9,10,124699,https://t.me/kievreal1/124699,🚨 КИЇВСЬКА ОБЛАСТЬ - ОГОЛОШЕНА ПОВІТРЯНА ТРИВОГА Вишгородський та Броварський райони – 2 реактивні бпла з Чернігівщини.
2026-08-08,9,Броварський,Броварський,2026-08-08T09:06:14+03:00,2026-08-08T10:08:54+03:00,1.0,9,10,124699,https://t.me/kievreal1/124699,🚨 КИЇВСЬКА ОБЛАСТЬ - ОГОЛОШЕНА ПОВІТРЯНА ТРИВОГА Вишгородський та Броварський райони – 2 реактивні бпла з Чернігівщини.
2026-08-08,9,Броварський,Згурівка,2026-08-08T09:06:14+03:00,2026-08-08T10:08:54+03:00,1.0,9,10,124700,https://t.me/kievreal1/124700,1 бпла на море 1 бпла на Згурівку Про рух шахедів пишуть тут – t.me/tryvoga_kyiv 👉
2026-08-08,9,Броварський,Згурівка,2026-08-08T09:06:14+03:00,2026-08-08T10:08:54+03:00,1.0,9,10,124701,https://t.me/kievreal1/124701,Від Згурівки на Яготин
2026-08-08,9,Бориспільський,Яготин,2026-08-08T09:06:14+03:00,2026-08-08T10:08:54+03:00,1.0,9,10,124701,https://t.me/kievreal1/124701,Від Згурівки на Яготин
2026-08-08,9,Броварський,Броварський,2026-08-08T09:06:14+03:00,2026-08-08T10:08:54+03:00,1.0,9,10,124702,https://t.me/kievreal1/124702,"😣 Цієї ночі, близько 00:40, ворожа атака на Пухівку Броварського району забрала життя 3-річного хлопчика та його бабусі й дідуся Внаслідок …"
2026-08-08,9,Броварський,Згурівка,2026-08-08T09:06:14+03:00,2026-08-08T10:08:54+03:00,1.0,9,10,124706,https://t.me/kievreal1/124706,Від Згурівки на Яготин
2026-08-08,9,Бориспільський,Яготин,2026-08-08T09:06:14+03:00,2026-08-08T10:08:54+03:00,1.0,9,10,124706,https://t.me/kievreal1/124706,Від Згурівки на Яготин
2026-08-08,9,Бориспільський,Переяслав,2026-08-08T09:06:14+03:00,2026-08-08T10:08:54+03:00,1.0,9,10,124707,https://t.me/kievreal1/124707,Від Переяслава на Ржищів / Кагарлик
2026-08-08,9,Обухівський,Ржищів,2026-08-08T09:06:14+03:00,2026-08-08T10:08:54+03:00,1.0,9,10,124707,https://t.me/kievreal1/124707,Від Переяслава на Ржищів / Кагарлик
2026-08-08,9,Обухівський,Кагарлик,2026-08-08T09:06:14+03:00,2026-08-08T10:08:54+03:00,1.0,9,10,124707,https://t.me/kievreal1/124707,Від Переяслава на Ржищів / Кагарлик
2026-08-08,9,Фастівський,Фастів,2026-08-08T09:06:14+03:00,2026-08-08T10:08:54+03:00,1.0,9,10,124708,https://t.me/kievreal1/124708,Фастів/ Обухів – уважно по бпла Другий на Сошників
2026-08-08,9,Обухівський,Обухів,2026-08-08T09:06:14+03:00,2026-08-08T10:08:54+03:00,1.0,9,10,124708,https://t.me/kievreal1/124708,Фастів/ Обухів – уважно по бпла Другий на Сошників
2026-08-08,9,Обухівський,Васильків,2026-08-08T09:06:14+03:00,2026-08-08T10:08:54+03:00,1.0,9,10,124709,https://t.me/kievreal1/124709,На Васильків 2
2026-08-08,9,Обухівський,Обухів,2026-08-08T09:06:14+03:00,2026-08-08T10:08:54+03:00,1.0,9,10,124710,https://t.me/kievreal1/124710,На Обухів!
2026-08-08,9,Обухівський,Обухів,2026-08-08T09:06:14+03:00,2026-08-08T10:08:54+03:00,1.0,9,10,124711,https://t.me/kievreal1/124711,На Обухів!
2026-08-08,9,Бориспільський,Березань,2026-08-08T09:06:14+03:00,2026-08-08T10:08:54+03:00,1.0,9,10,124712,https://t.me/kievreal1/124712,З Чернігівщини ще на Березань
2026-08-08,9,Бориспільський,Переяслав,2026-08-08T09:06:14+03:00,2026-08-08T10:08:54+03:00,1.0,9,10,124716,https://t.me/kievreal1/124716,На Переяслав/ Мирне
2026-08-08,10,Броварський,Згурівка,2026-08-08T10:53:34+03:00,2026-08-08T10:56:14+03:00,0.0,10,10,124726,https://t.me/kievreal1/124726,🚨 КИЇВСЬКА ОБЛАСТЬ - ОГОЛОШЕНА ПОВІТРЯНА ТРИВОГА БпЛА з Чернігівської області в бік Згурівки
2026-08-08,11,Вишгородський,Вишгородський,2026-08-08T11:28:04+03:00,2026-08-08T14:09:54+03:00,2.7,11,14,124730,https://t.me/kievreal1/124730,"🚨 КИЇВСЬКА ОБЛАСТЬ - ОГОЛОШЕНА ПОВІТРЯНА ТРИВОГА Загроза для Вишгородського району через БпЛА на Славутич. Ймовірно, реактивний"
2026-08-08,11,Вишгородський,Славутич,2026-08-08T11:28:04+03:00,2026-08-08T14:09:54+03:00,2.7,11,14,124730,https://t.me/kievreal1/124730,"🚨 КИЇВСЬКА ОБЛАСТЬ - ОГОЛОШЕНА ПОВІТРЯНА ТРИВОГА Загроза для Вишгородського району через БпЛА на Славутич. Ймовірно, реактивний"
2026-08-08,11,Вишгородський,Жукин,2026-08-08T11:28:04+03:00,2026-08-08T14:09:54+03:00,2.7,11,14,124731,https://t.me/kievreal1/124731,БпЛА тримає курс на Жукин
2026-08-08,11,Вишгородський,Жукин,2026-08-08T11:28:04+03:00,2026-08-08T14:09:54+03:00,2.7,11,14,124732,https://t.me/kievreal1/124732,БпЛА тримає курс на Жукин
2026-08-08,11,Броварський,Залісся,2026-08-08T11:28:04+03:00,2026-08-08T14:09:54+03:00,2.7,11,14,124733,https://t.me/kievreal1/124733,На Залісся/ Бровари
2026-08-08,11,Броварський,Бровари,2026-08-08T11:28:04+03:00,2026-08-08T14:09:54+03:00,2.7,11,14,124733,https://t.me/kievreal1/124733,На Залісся/ Бровари
2026-08-08,12,Бориспільський,Яготин,2026-08-08T11:28:04+03:00,2026-08-08T14:09:54+03:00,2.7,11,14,124736,https://t.me/kievreal1/124736,1 на Яготин 1 на Трипілля/ Обухів
2026-08-08,12,Обухівський,Обухів,2026-08-08T11:28:04+03:00,2026-08-08T14:09:54+03:00,2.7,11,14,124736,https://t.me/kievreal1/124736,1 на Яготин 1 на Трипілля/ Обухів
2026-08-08,12,Обухівський,Васильків,2026-08-08T11:28:04+03:00,2026-08-08T14:09:54+03:00,2.7,11,14,124737,https://t.me/kievreal1/124737,На Васильків від Обухова
2026-08-08,12,Бориспільський,Яготин,2026-08-08T11:28:04+03:00,2026-08-08T14:09:54+03:00,2.7,11,14,124738,https://t.me/kievreal1/124738,Від Яготина на Переяслав
2026-08-08,12,Бориспільський,Переяслав,2026-08-08T11:28:04+03:00,2026-08-08T14:09:54+03:00,2.7,11,14,124738,https://t.me/kievreal1/124738,Від Яготина на Переяслав
2026-08-08,12,Обухівський,Кагарлик,2026-08-08T11:28:04+03:00,2026-08-08T14:09:54+03:00,2.7,11,14,124740,https://t.me/kievreal1/124740,1 на Кагарлик 1 на Фастів Із Чернігівщини на Березань
2026-08-08,12,Фастівський,Фастів,2026-08-08T11:28:04+03:00,2026-08-08T14:09:54+03:00,2.7,11,14,124740,https://t.me/kievreal1/124740,1 на Кагарлик 1 на Фастів Із Чернігівщини на Березань
2026-08-08,12,Бориспільський,Березань,2026-08-08T11:28:04+03:00,2026-08-08T14:09:54+03:00,2.7,11,14,124740,https://t.me/kievreal1/124740,1 на Кагарлик 1 на Фастів Із Чернігівщини на Березань
2026-08-08,12,Обухівський,Обухів,2026-08-08T11:28:04+03:00,2026-08-08T14:09:54+03:00,2.7,11,14,124741,https://t.me/kievreal1/124741,1 на Обухів 1 на Переяслав
2026-08-08,12,Бориспільський,Переяслав,2026-08-08T11:28:04+03:00,2026-08-08T14:09:54+03:00,2.7,11,14,124741,https://t.me/kievreal1/124741,1 на Обухів 1 на Переяслав
2026-08-08,12,Обухівський,Васильків,2026-08-08T11:28:04+03:00,2026-08-08T14:09:54+03:00,2.7,11,14,124742,https://t.me/kievreal1/124742,Від Обухова на Васильків продовжує рух
2026-08-08,12,Фастівський,Фастів,2026-08-08T11:28:04+03:00,2026-08-08T14:09:54+03:00,2.7,11,14,124743,https://t.me/kievreal1/124743,Від Василькова на Фастів І ще один на Українку/ Обухів/ Трипілля
2026-08-08,12,Обухівський,Українка,2026-08-08T11:28:04+03:00,2026-08-08T14:09:54+03:00,2.7,11,14,124743,https://t.me/kievreal1/124743,Від Василькова на Фастів І ще один на Українку/ Обухів/ Трипілля
2026-08-08,12,Обухівський,Обухів,2026-08-08T11:28:04+03:00,2026-08-08T14:09:54+03:00,2.7,11,14,124743,https://t.me/kievreal1/124743,Від Василькова на Фастів І ще один на Українку/ Обухів/ Трипілля
2026-08-08,12,Бориспільський,Березань,2026-08-08T11:28:04+03:00,2026-08-08T14:09:54+03:00,2.7,11,14,124744,https://t.me/kievreal1/124744,бпла біля Березані в бік Переяслава Слідкувати за напрямом тут – t.me/tryvoga_kyiv
2026-08-08,12,Бориспільський,Переяслав,2026-08-08T11:28:04+03:00,2026-08-08T14:09:54+03:00,2.7,11,14,124744,https://t.me/kievreal1/124744,бпла біля Березані в бік Переяслава Слідкувати за напрямом тут – t.me/tryvoga_kyiv
2026-08-08,12,Бориспільський,Березань,2026-08-08T11:28:04+03:00,2026-08-08T14:09:54+03:00,2.7,11,14,124745,https://t.me/kievreal1/124745,бпла біля Березані в бік Переяслава Слідкувати за напрямом тут – t.me/tryvoga_kyiv
2026-08-08,12,Бориспільський,Переяслав,2026-08-08T11:28:04+03:00,2026-08-08T14:09:54+03:00,2.7,11,14,124745,https://t.me/kievreal1/124745,бпла біля Березані в бік Переяслава Слідкувати за напрямом тут – t.me/tryvoga_kyiv
2026-08-08,12,Бориспільський,Переяслав,2026-08-08T11:28:04+03:00,2026-08-08T14:09:54+03:00,2.7,11,14,124746,https://t.me/kievreal1/124746,1 на Переяслав
2026-08-08,13,Бориспільський,Переяслав,2026-08-08T11:28:04+03:00,2026-08-08T14:09:54+03:00,2.7,11,14,124747,https://t.me/kievreal1/124747,Переяслав та Яготин – уважно! У ваш бік бпла
2026-08-08,13,Бориспільський,Яготин,2026-08-08T11:28:04+03:00,2026-08-08T14:09:54+03:00,2.7,11,14,124747,https://t.me/kievreal1/124747,Переяслав та Яготин – уважно! У ваш бік бпла
2026-08-08,13,Обухівський,Ржищів,2026-08-08T11:28:04+03:00,2026-08-08T14:09:54+03:00,2.7,11,14,124748,https://t.me/kievreal1/124748,1 на Ржищів 1 Хоцьки
2026-08-08,13,Обухівський,Обухів,2026-08-08T11:28:04+03:00,2026-08-08T14:09:54+03:00,2.7,11,14,124749,https://t.me/kievreal1/124749,На Обухів бпла
2026-08-08,13,Обухівський,Кагарлик,2026-08-08T11:28:04+03:00,2026-08-08T14:09:54+03:00,2.7,11,14,124750,https://t.me/kievreal1/124750,Кагарлик - до вас
2026-08-08,13,Обухівський,Кагарлик,2026-08-08T11:28:04+03:00,2026-08-08T14:09:54+03:00,2.7,11,14,124751,https://t.me/kievreal1/124751,Кагарлик - до вас
2026-08-08,13,Бориспільський,Переяслав,2026-08-08T11:28:04+03:00,2026-08-08T14:09:54+03:00,2.7,11,14,124753,https://t.me/kievreal1/124753,Один БпЛА вийшов на Житомирщину і ще 1 йде на Переяслав
2026-08-08,13,Обухівський,Васильків,2026-08-08T11:28:04+03:00,2026-08-08T14:09:54+03:00,2.7,11,14,124754,https://t.me/kievreal1/124754,На Васильків реактивний
2026-08-08,14,Броварський,Згурівка,2026-08-08T14:42:44+03:00,2026-08-08T19:20:14+03:00,4.6,14,19,124762,https://t.me/kievreal1/124762,В бік Згурівки через Бобровицю 2 БпЛА
2026-08-08,14,Броварський,Бобровиця,2026-08-08T14:42:44+03:00,2026-08-08T19:20:14+03:00,4.6,14,19,124762,https://t.me/kievreal1/124762,В бік Згурівки через Бобровицю 2 БпЛА
2026-08-08,14,Бориспільський,Переяслав,2026-08-08T14:42:44+03:00,2026-08-08T19:20:14+03:00,4.6,14,19,124763,https://t.me/kievreal1/124763,На Переяслав курсом Більше по руху бпла в області тут – t.me/tryvoga_kyiv
2026-08-08,15,Обухівський,Обухів,2026-08-08T14:42:44+03:00,2026-08-08T19:20:14+03:00,4.6,14,19,124765,https://t.me/kievreal1/124765,БпЛА на Обухів/ Трипілля
2026-08-08,15,Обухівський,Васильків,2026-08-08T14:42:44+03:00,2026-08-08T19:20:14+03:00,4.6,14,19,124766,https://t.me/kievreal1/124766,Наразі по бпла: 1 на Васильків 1 Обухів 1 Трипілля
2026-08-08,15,Обухівський,Обухів,2026-08-08T14:42:44+03:00,2026-08-08T19:20:14+03:00,4.6,14,19,124766,https://t.me/kievreal1/124766,Наразі по бпла: 1 на Васильків 1 Обухів 1 Трипілля
2026-08-08,15,Броварський,Баришівка,2026-08-08T14:42:44+03:00,2026-08-08T19:20:14+03:00,4.6,14,19,124767,https://t.me/kievreal1/124767,На Баришівку бпла
2026-08-08,15,Обухівський,Обухів,2026-08-08T14:42:44+03:00,2026-08-08T19:20:14+03:00,4.6,14,19,124770,https://t.me/kievreal1/124770,На Обухів від Трипілля
2026-08-08,15,Обухівський,Глеваха,2026-08-08T14:42:44+03:00,2026-08-08T19:20:14+03:00,4.6,14,19,124771,https://t.me/kievreal1/124771,На Глеваху бпла
2026-08-08,16,Бориспільський,Березань,2026-08-08T14:42:44+03:00,2026-08-08T19:20:14+03:00,4.6,14,19,124772,https://t.me/kievreal1/124772,"По області чисто, але з Чернігівщини ще бпла на Березань"
2026-08-08,16,Бориспільський,Переяслав,2026-08-08T14:42:44+03:00,2026-08-08T19:20:14+03:00,4.6,14,19,124773,https://t.me/kievreal1/124773,Новий БпЛА на Переяслав
2026-08-08,16,Бориспільський,Переяслав,2026-08-08T14:42:44+03:00,2026-08-08T19:20:14+03:00,4.6,14,19,124774,https://t.me/kievreal1/124774,Новий БпЛА на Переяслав
2026-08-08,16,Обухівський,Українка,2026-08-08T14:42:44+03:00,2026-08-08T19:20:14+03:00,4.6,14,19,124775,https://t.me/kievreal1/124775,БпЛА над Українкою
2026-08-08,16,Обухівський,Українка,2026-08-08T14:42:44+03:00,2026-08-08T19:20:14+03:00,4.6,14,19,124776,https://t.me/kievreal1/124776,БпЛА над Українкою
2026-08-08,17,Броварський,Баришівка,2026-08-08T14:42:44+03:00,2026-08-08T19:20:14+03:00,4.6,14,19,124778,https://t.me/kievreal1/124778,На Баришівку БпЛА з півночі Більше по руху бпла в області тут – t.me/tryvoga_kyiv
2026-08-08,17,Вишгородський,Вишгородський,2026-08-08T14:42:44+03:00,2026-08-08T19:20:14+03:00,4.6,14,19,124779,https://t.me/kievreal1/124779,По області тривога продовжується лише у Вишгородському районі. БпЛА на Іванків 📩 Стали свідком чогось незвичного чи важливого? Одразу надси…
2026-08-08,17,Вишгородський,Іванків,2026-08-08T14:42:44+03:00,2026-08-08T19:20:14+03:00,4.6,14,19,124779,https://t.me/kievreal1/124779,По області тривога продовжується лише у Вишгородському районі. БпЛА на Іванків 📩 Стали свідком чогось незвичного чи важливого? Одразу надси…
2026-08-08,17,Бучанський,Бучанський,2026-08-08T14:42:44+03:00,2026-08-08T19:20:14+03:00,4.6,14,19,124780,https://t.me/kievreal1/124780,Додатково тривога в Бучанському районі через БпЛА на Бородянку / Пісківку UPD на Житомирщину пішов
2026-08-08,17,Бучанський,Бородянка,2026-08-08T14:42:44+03:00,2026-08-08T19:20:14+03:00,4.6,14,19,124780,https://t.me/kievreal1/124780,Додатково тривога в Бучанському районі через БпЛА на Бородянку / Пісківку UPD на Житомирщину пішов
2026-08-08,17,Бучанський,Пісківка,2026-08-08T14:42:44+03:00,2026-08-08T19:20:14+03:00,4.6,14,19,124780,https://t.me/kievreal1/124780,Додатково тривога в Бучанському районі через БпЛА на Бородянку / Пісківку UPD на Житомирщину пішов
2026-08-08,18,Броварський,Баришівка,2026-08-08T14:42:44+03:00,2026-08-08T19:20:14+03:00,4.6,14,19,124782,https://t.me/kievreal1/124782,"БпЛА на Баришівку/ Березань З Чернігівської області заходять нові, більше інформації по руху бпла в області тут – t.me/tryvoga_kyiv"
2026-08-08,18,Бориспільський,Березань,2026-08-08T14:42:44+03:00,2026-08-08T19:20:14+03:00,4.6,14,19,124782,https://t.me/kievreal1/124782,"БпЛА на Баришівку/ Березань З Чернігівської області заходять нові, більше інформації по руху бпла в області тут – t.me/tryvoga_kyiv"
2026-08-08,18,Обухівський,Українка,2026-08-08T14:42:44+03:00,2026-08-08T19:20:14+03:00,4.6,14,19,124783,https://t.me/kievreal1/124783,Реактивний на Трипілля/ Українку
2026-08-08,18,Обухівський,Українка,2026-08-08T14:42:44+03:00,2026-08-08T19:20:14+03:00,4.6,14,19,124784,https://t.me/kievreal1/124784,Реактивний на Трипілля/ Українку
2026-08-08,18,Обухівський,Обухів,2026-08-08T14:42:44+03:00,2026-08-08T19:20:14+03:00,4.6,14,19,124785,https://t.me/kievreal1/124785,На Обухів тримають курс
2026-08-08,18,Обухівський,Васильків,2026-08-08T14:42:44+03:00,2026-08-08T19:20:14+03:00,4.6,14,19,124786,https://t.me/kievreal1/124786,На Васильків курсом
2026-08-08,18,Фастівський,Боярка,2026-08-08T14:42:44+03:00,2026-08-08T19:20:14+03:00,4.6,14,19,124787,https://t.me/kievreal1/124787,На Боярку від Глевахи
2026-08-08,18,Обухівський,Глеваха,2026-08-08T14:42:44+03:00,2026-08-08T19:20:14+03:00,4.6,14,19,124787,https://t.me/kievreal1/124787,На Боярку від Глевахи
2026-08-08,18,Фастівський,Боярка,2026-08-08T14:42:44+03:00,2026-08-08T19:20:14+03:00,4.6,14,19,124789,https://t.me/kievreal1/124789,На Боярку від Глевахи
2026-08-08,18,Обухівський,Глеваха,2026-08-08T14:42:44+03:00,2026-08-08T19:20:14+03:00,4.6,14,19,124789,https://t.me/kievreal1/124789,На Боярку від Глевахи
2026-08-08,18,Обухівський,Васильків,2026-08-08T14:42:44+03:00,2026-08-08T19:20:14+03:00,4.6,14,19,124791,https://t.me/kievreal1/124791,"Васильків, Боярка, Глеваха, Обухів - уважно по бпла, маневрують"
2026-08-08,18,Фастівський,Боярка,2026-08-08T14:42:44+03:00,2026-08-08T19:20:14+03:00,4.6,14,19,124791,https://t.me/kievreal1/124791,"Васильків, Боярка, Глеваха, Обухів - уважно по бпла, маневрують"
2026-08-08,18,Обухівський,Глеваха,2026-08-08T14:42:44+03:00,2026-08-08T19:20:14+03:00,4.6,14,19,124791,https://t.me/kievreal1/124791,"Васильків, Боярка, Глеваха, Обухів - уважно по бпла, маневрують"
2026-08-08,18,Обухівський,Обухів,2026-08-08T14:42:44+03:00,2026-08-08T19:20:14+03:00,4.6,14,19,124791,https://t.me/kievreal1/124791,"Васильків, Боярка, Глеваха, Обухів - уважно по бпла, маневрують"
2026-08-08,18,Обухівський,Обухів,2026-08-08T14:42:44+03:00,2026-08-08T19:20:14+03:00,4.6,14,19,124792,https://t.me/kievreal1/124792,Обухів - у вас 2
2026-08-08,18,Бучанський,Макарів,2026-08-08T14:42:44+03:00,2026-08-08T19:20:14+03:00,4.6,14,19,124793,https://t.me/kievreal1/124793,"Макарів, Фастів, Чабани - уважно"
2026-08-08,18,Фастівський,Фастів,2026-08-08T14:42:44+03:00,2026-08-08T19:20:14+03:00,4.6,14,19,124793,https://t.me/kievreal1/124793,"Макарів, Фастів, Чабани - уважно"
2026-08-08,18,Фастівський,Гатне,2026-08-08T14:42:44+03:00,2026-08-08T19:20:14+03:00,4.6,14,19,124795,https://t.me/kievreal1/124795,"На Гатне Крюківщина, Вишневе - теж обережно"
2026-08-08,18,Фастівський,Крюківщина,2026-08-08T14:42:44+03:00,2026-08-08T19:20:14+03:00,4.6,14,19,124795,https://t.me/kievreal1/124795,"На Гатне Крюківщина, Вишневе - теж обережно"
2026-08-08,18,Бучанський,Вишневе,2026-08-08T14:42:44+03:00,2026-08-08T19:20:14+03:00,4.6,14,19,124795,https://t.me/kievreal1/124795,"На Гатне Крюківщина, Вишневе - теж обережно"
2026-08-08,18,Бучанський,Борщагівка,2026-08-08T14:42:44+03:00,2026-08-08T19:20:14+03:00,4.6,14,19,124796,https://t.me/kievreal1/124796,Жуляни увага! Борщагівки/ Вишневе теж
2026-08-08,18,Бучанський,Вишневе,2026-08-08T14:42:44+03:00,2026-08-08T19:20:14+03:00,4.6,14,19,124796,https://t.me/kievreal1/124796,Жуляни увага! Борщагівки/ Вишневе теж
2026-08-08,18,Бучанський,Ірпінь,2026-08-08T14:42:44+03:00,2026-08-08T19:20:14+03:00,4.6,14,19,124798,https://t.me/kievreal1/124798,Ірпінь уважно теж
2026-08-08,18,Бучанський,Ірпінь,2026-08-08T14:42:44+03:00,2026-08-08T19:20:14+03:00,4.6,14,19,124800,https://t.me/kievreal1/124800,Ірпінь уважно теж
2026-08-08,18,Бориспільський,Бориспіль,2026-08-08T14:42:44+03:00,2026-08-08T19:20:14+03:00,4.6,14,19,124801,https://t.me/kievreal1/124801,З Чернігівщини на Бориспіль курсом
2026-08-08,18,Броварський,Бровари,2026-08-08T14:42:44+03:00,2026-08-08T19:20:14+03:00,4.6,14,19,124802,https://t.me/kievreal1/124802,🤯 У Броварах двоє дівчаток отримали важкі ураження струмом на залізничному вокзалі 13-річна дівчина намагалася вилізти на нерухомий потяг т…
2026-08-08,19,Вишгородський,Вишгородський,2026-08-08T19:59:54+03:00,2026-08-09T01:31:44+03:00,5.5,19,1,124825,https://t.me/kievreal1/124825,🚨 КИЇВСЬКА ОБЛАСТЬ - ОГОЛОШЕНА ПОВІТРЯНА ТРИВОГА Загроза для Вишгородського та Бучанського районів через БпЛА на Іванків
2026-08-08,19,Бучанський,Бучанський,2026-08-08T19:59:54+03:00,2026-08-09T01:31:44+03:00,5.5,19,1,124825,https://t.me/kievreal1/124825,🚨 КИЇВСЬКА ОБЛАСТЬ - ОГОЛОШЕНА ПОВІТРЯНА ТРИВОГА Загроза для Вишгородського та Бучанського районів через БпЛА на Іванків
2026-08-08,19,Вишгородський,Іванків,2026-08-08T19:59:54+03:00,2026-08-09T01:31:44+03:00,5.5,19,1,124825,https://t.me/kievreal1/124825,🚨 КИЇВСЬКА ОБЛАСТЬ - ОГОЛОШЕНА ПОВІТРЯНА ТРИВОГА Загроза для Вишгородського та Бучанського районів через БпЛА на Іванків
2026-08-08,21,Обухівський,Миронівка,2026-08-08T19:59:54+03:00,2026-08-09T01:31:44+03:00,5.5,19,1,124838,https://t.me/kievreal1/124838,БпЛА з Черкащини курсом на Миронівку
2026-08-08,21,Бориспільський,Яготин,2026-08-08T19:59:54+03:00,2026-08-09T01:31:44+03:00,5.5,19,1,124839,https://t.me/kievreal1/124839,Ще на Яготин від Чернігівської області
2026-08-08,22,Бориспільський,Бориспіль,2026-08-08T19:59:54+03:00,2026-08-09T01:31:44+03:00,5.5,19,1,124841,https://t.me/kievreal1/124841,БпЛА на Бориспіль
2026-08-08,22,Бориспільський,Бориспіль,2026-08-08T19:59:54+03:00,2026-08-09T01:31:44+03:00,5.5,19,1,124842,https://t.me/kievreal1/124842,БпЛА на Бориспіль
2026-08-08,22,Обухівський,Українка,2026-08-08T19:59:54+03:00,2026-08-09T01:31:44+03:00,5.5,19,1,124843,https://t.me/kievreal1/124843,На Українку
2026-08-08,22,Обухівський,Українка,2026-08-08T19:59:54+03:00,2026-08-09T01:31:44+03:00,5.5,19,1,124844,https://t.me/kievreal1/124844,На Українку
2026-08-08,22,Обухівський,Обухів,2026-08-08T19:59:54+03:00,2026-08-09T01:31:44+03:00,5.5,19,1,124845,https://t.me/kievreal1/124845,Обухів
2026-08-08,22,Бориспільський,Березань,2026-08-08T19:59:54+03:00,2026-08-09T01:31:44+03:00,5.5,19,1,124853,https://t.me/kievreal1/124853,На Березань 2 реактивних бпла
2026-08-08,22,Бориспільський,Березань,2026-08-08T19:59:54+03:00,2026-08-09T01:31:44+03:00,5.5,19,1,124854,https://t.me/kievreal1/124854,На Березань 2 реактивних бпла
2026-08-08,22,Обухівський,Козин,2026-08-08T19:59:54+03:00,2026-08-09T01:31:44+03:00,5.5,19,1,124855,https://t.me/kievreal1/124855,Козин обережно
2026-08-08,22,Обухівський,Козин,2026-08-08T19:59:54+03:00,2026-08-09T01:31:44+03:00,5.5,19,1,124857,https://t.me/kievreal1/124857,Козин обережно
2026-08-08,22,Бориспільський,Березань,2026-08-08T19:59:54+03:00,2026-08-09T01:31:44+03:00,5.5,19,1,124858,https://t.me/kievreal1/124858,На Березань ще один
2026-08-08,23,Обухівський,Глеваха,2026-08-08T19:59:54+03:00,2026-08-09T01:31:44+03:00,5.5,19,1,124861,https://t.me/kievreal1/124861,Ще БПЛА на Глеваху
2026-08-08,23,Бориспільський,Бориспіль,2026-08-08T19:59:54+03:00,2026-08-09T01:31:44+03:00,5.5,19,1,124862,https://t.me/kievreal1/124862,БПЛА на Бориспіль
2026-08-08,23,Бучанський,Вишневе,2026-08-08T19:59:54+03:00,2026-08-09T01:31:44+03:00,5.5,19,1,124867,https://t.me/kievreal1/124867,БПЛА на Вишневе БПЛА на Обухів
2026-08-08,23,Обухівський,Обухів,2026-08-08T19:59:54+03:00,2026-08-09T01:31:44+03:00,5.5,19,1,124867,https://t.me/kievreal1/124867,БПЛА на Вишневе БПЛА на Обухів
2026-08-08,23,Бориспільський,Переяслав,2026-08-08T19:59:54+03:00,2026-08-09T01:31:44+03:00,5.5,19,1,124870,https://t.me/kievreal1/124870,Реактивний БПЛА на Переяслав з півночі
2026-08-08,23,Бориспільський,Переяслав,2026-08-08T19:59:54+03:00,2026-08-09T01:31:44+03:00,5.5,19,1,124871,https://t.me/kievreal1/124871,Реактивний БПЛА від Переяслава на Обухів
2026-08-08,23,Обухівський,Обухів,2026-08-08T19:59:54+03:00,2026-08-09T01:31:44+03:00,5.5,19,1,124871,https://t.me/kievreal1/124871,Реактивний БПЛА від Переяслава на Обухів
2026-08-08,0,Броварський,Згурівка,2026-08-08T19:59:54+03:00,2026-08-09T01:31:44+03:00,5.5,19,1,124872,https://t.me/kievreal1/124872,БПЛА на Кожанку БПЛА на Згурівку
2026-08-08,0,Броварський,Баришівка,2026-08-08T19:59:54+03:00,2026-08-09T01:31:44+03:00,5.5,19,1,124873,https://t.me/kievreal1/124873,БПЛА на Баришівку
2026-08-09,5,Вишгородський,Іванків,2026-08-09T05:07:04+03:00,2026-08-09T07:23:04+03:00,2.3,5,7,124882,https://t.me/kievreal1/124882,2х БпЛА повз Красятичі на Житомирщину БпЛА курсом на Іванків
2026-08-09,5,Фастівський,Фастів,2026-08-09T05:07:04+03:00,2026-08-09T07:23:04+03:00,2.3,5,7,124883,https://t.me/kievreal1/124883,БПЛА на Фастів
2026-08-09,6,Вишгородський,Іванків,2026-08-09T05:07:04+03:00,2026-08-09T07:23:04+03:00,2.3,5,7,124884,https://t.me/kievreal1/124884,2х Реактивні БпЛА курсом на Іванків
2026-08-10,0,Бориспільський,Яготин,2026-08-10T00:55:34+03:00,2026-08-10T02:03:54+03:00,1.1,0,2,124919,https://t.me/kievreal1/124919,БПЛА на Яготин
2026-08-10,1,Бориспільський,Переяслав,2026-08-10T00:55:34+03:00,2026-08-10T02:03:54+03:00,1.1,0,2,124920,https://t.me/kievreal1/124920,БПЛА на Переяслав з Черкащини
2026-08-10,4,Вишгородський,Славутич,2026-08-10T04:38:54+03:00,2026-08-10T05:43:04+03:00,1.1,4,5,124928,https://t.me/kievreal1/124928,БПЛА біля Славутича
2026-08-12,6,Броварський,Бровари,2026-08-12T05:51:14+03:00,2026-08-12T07:53:14+03:00,2.0,5,7,125041,https://t.me/kievreal1/125041,Реактивний БпЛА курсом на Бровари 2х Реактивні БпЛА курсом на Жукин
2026-08-12,6,Вишгородський,Жукин,2026-08-12T05:51:14+03:00,2026-08-12T07:53:14+03:00,2.0,5,7,125041,https://t.me/kievreal1/125041,Реактивний БпЛА курсом на Бровари 2х Реактивні БпЛА курсом на Жукин
2026-08-12,6,Броварський,Бровари,2026-08-12T05:51:14+03:00,2026-08-12T07:53:14+03:00,2.0,5,7,125042,https://t.me/kievreal1/125042,"2 БПЛА біля Броварів, працює ППО"
2026-08-12,6,Броварський,Велика Димерка,2026-08-12T05:51:14+03:00,2026-08-12T07:53:14+03:00,2.0,5,7,125043,https://t.me/kievreal1/125043,Реактивний БпЛА курсом на Велику Димерку Реактивний БпЛА курсом на Страхолісся Реактивний БпЛА курсом на Сухолуччя
2026-08-12,6,Вишгородський,Страхолісся,2026-08-12T05:51:14+03:00,2026-08-12T07:53:14+03:00,2.0,5,7,125043,https://t.me/kievreal1/125043,Реактивний БпЛА курсом на Велику Димерку Реактивний БпЛА курсом на Страхолісся Реактивний БпЛА курсом на Сухолуччя
2026-08-12,6,Броварський,Бровари,2026-08-12T05:51:14+03:00,2026-08-12T07:53:14+03:00,2.0,5,7,125044,https://t.me/kievreal1/125044,Ще 2 БПЛА на Бровари
2026-08-12,6,Вишгородський,Славутич,2026-08-12T05:51:14+03:00,2026-08-12T07:53:14+03:00,2.0,5,7,125046,https://t.me/kievreal1/125046,2 БПЛА повз Славутич на Бровари
2026-08-12,6,Броварський,Бровари,2026-08-12T05:51:14+03:00,2026-08-12T07:53:14+03:00,2.0,5,7,125046,https://t.me/kievreal1/125046,2 БПЛА повз Славутич на Бровари
2026-08-12,7,Броварський,Бровари,2026-08-12T05:51:14+03:00,2026-08-12T07:53:14+03:00,2.0,5,7,125047,https://t.me/kievreal1/125047,Реактивний БпЛА курс на Бровари з півночі
2026-08-12,7,Броварський,Велика Димерка,2026-08-12T05:51:14+03:00,2026-08-12T07:53:14+03:00,2.0,5,7,125049,https://t.me/kievreal1/125049,БПЛА на Велику Димерку
2026-08-12,7,Броварський,Бровари,2026-08-12T05:51:14+03:00,2026-08-12T07:53:14+03:00,2.0,5,7,125050,https://t.me/kievreal1/125050,Бровари - вибухи
2026-08-12,7,Броварський,Бровари,2026-08-12T05:51:14+03:00,2026-08-12T07:53:14+03:00,2.0,5,7,125051,https://t.me/kievreal1/125051,Ще 2 реактивних на Бровари
2026-08-12,9,Вишгородський,Славутич,2026-08-12T09:28:44+03:00,2026-08-12T11:34:54+03:00,2.1,9,11,125061,https://t.me/kievreal1/125061,🚨 КИЇВСЬКА ОБЛАСТЬ - ОГОЛОШЕНА ПОВІТРЯНА ТРИВОГА Декілька БпЛА від Славутича у південному напрямку
2026-08-12,9,Вишгородський,Димер,2026-08-12T09:28:44+03:00,2026-08-12T11:34:54+03:00,2.1,9,11,125063,https://t.me/kievreal1/125063,Один в бік Димера через водосховище
2026-08-12,9,Броварський,Бровари,2026-08-12T09:28:44+03:00,2026-08-12T11:34:54+03:00,2.1,9,11,125064,https://t.me/kievreal1/125064,Бровари — до вас
2026-08-12,9,Броварський,Бровари,2026-08-12T09:28:44+03:00,2026-08-12T11:34:54+03:00,2.1,9,11,125065,https://t.me/kievreal1/125065,Бровари — до вас
2026-08-12,9,Броварський,Бровари,2026-08-12T09:28:44+03:00,2026-08-12T11:34:54+03:00,2.1,9,11,125066,https://t.me/kievreal1/125066,3 підлітають до Броварів 1 ще на Згурівку повз Бобровицю 2 через Черкащину на Переяслав Нові на водосховищі
2026-08-12,9,Броварський,Згурівка,2026-08-12T09:28:44+03:00,2026-08-12T11:34:54+03:00,2.1,9,11,125066,https://t.me/kievreal1/125066,3 підлітають до Броварів 1 ще на Згурівку повз Бобровицю 2 через Черкащину на Переяслав Нові на водосховищі
2026-08-12,9,Броварський,Бобровиця,2026-08-12T09:28:44+03:00,2026-08-12T11:34:54+03:00,2.1,9,11,125066,https://t.me/kievreal1/125066,3 підлітають до Броварів 1 ще на Згурівку повз Бобровицю 2 через Черкащину на Переяслав Нові на водосховищі
2026-08-12,9,Бориспільський,Переяслав,2026-08-12T09:28:44+03:00,2026-08-12T11:34:54+03:00,2.1,9,11,125066,https://t.me/kievreal1/125066,3 підлітають до Броварів 1 ще на Згурівку повз Бобровицю 2 через Черкащину на Переяслав Нові на водосховищі
2026-08-12,9,Бориспільський,Бориспіль,2026-08-12T09:28:44+03:00,2026-08-12T11:34:54+03:00,2.1,9,11,125067,https://t.me/kievreal1/125067,На Бориспіль один від Броварів
2026-08-12,9,Броварський,Бровари,2026-08-12T09:28:44+03:00,2026-08-12T11:34:54+03:00,2.1,9,11,125067,https://t.me/kievreal1/125067,На Бориспіль один від Броварів
2026-08-12,9,Бориспільський,Бориспіль,2026-08-12T09:28:44+03:00,2026-08-12T11:34:54+03:00,2.1,9,11,125069,https://t.me/kievreal1/125069,Від Требухова на Бориспіль курсом
2026-08-12,9,Броварський,Бровари,2026-08-12T09:28:44+03:00,2026-08-12T11:34:54+03:00,2.1,9,11,125070,https://t.me/kievreal1/125070,На Бровари ще!
2026-08-12,9,Броварський,Залісся,2026-08-12T09:28:44+03:00,2026-08-12T11:34:54+03:00,2.1,9,11,125071,https://t.me/kievreal1/125071,"Залісся, Димерка, ТЕЦ-6, Переяслав – уважно по бпла!"
2026-08-12,9,Бориспільський,Переяслав,2026-08-12T09:28:44+03:00,2026-08-12T11:34:54+03:00,2.1,9,11,125071,https://t.me/kievreal1/125071,"Залісся, Димерка, ТЕЦ-6, Переяслав – уважно по бпла!"
2026-08-12,9,Броварський,Бровари,2026-08-12T09:28:44+03:00,2026-08-12T11:34:54+03:00,2.1,9,11,125072,https://t.me/kievreal1/125072,1 на Троєщину! 1 на Бровари
2026-08-12,9,Броварський,Бровари,2026-08-12T09:28:44+03:00,2026-08-12T11:34:54+03:00,2.1,9,11,125074,https://t.me/kievreal1/125074,"Загалом наразі на Бровари / Київ до 5 БпЛА, але з Черкащини ще 2"
2026-08-12,9,Бориспільський,Березань,2026-08-12T09:28:44+03:00,2026-08-12T11:34:54+03:00,2.1,9,11,125078,https://t.me/kievreal1/125078,Березань – уважно!
2026-08-12,9,Броварський,Бровари,2026-08-12T09:28:44+03:00,2026-08-12T11:34:54+03:00,2.1,9,11,125079,https://t.me/kievreal1/125079,Бровари – 2 ще до вас! Лишайтесь в безпечних місцях до відбою Слідкувати за рухом шахедів в онлайн-режимі тут – t.me/tryvoga_kyiv
2026-08-12,10,Броварський,Бровари,2026-08-12T09:28:44+03:00,2026-08-12T11:34:54+03:00,2.1,9,11,125081,https://t.me/kievreal1/125081,"Бровари , Бориспіль , Українка – ще до вас!"
2026-08-12,10,Бориспільський,Бориспіль,2026-08-12T09:28:44+03:00,2026-08-12T11:34:54+03:00,2.1,9,11,125081,https://t.me/kievreal1/125081,"Бровари , Бориспіль , Українка – ще до вас!"
2026-08-12,10,Обухівський,Українка,2026-08-12T09:28:44+03:00,2026-08-12T11:34:54+03:00,2.1,9,11,125081,https://t.me/kievreal1/125081,"Бровари , Бориспіль , Українка – ще до вас!"
2026-08-12,10,Вишгородський,Вишгород,2026-08-12T09:28:44+03:00,2026-08-12T11:34:54+03:00,2.1,9,11,125083,https://t.me/kievreal1/125083,Вишгород – 1 до вас
2026-08-12,10,Бориспільський,Переяслав,2026-08-12T09:28:44+03:00,2026-08-12T11:34:54+03:00,2.1,9,11,125084,https://t.me/kievreal1/125084,3 на Переяслав
2026-08-12,10,Бучанський,Гостомель,2026-08-12T09:28:44+03:00,2026-08-12T11:34:54+03:00,2.1,9,11,125085,https://t.me/kievreal1/125085,В бік Гостомеля від Петрівців
2026-08-12,10,Вишгородський,Славутич,2026-08-12T09:28:44+03:00,2026-08-12T11:34:54+03:00,2.1,9,11,125086,https://t.me/kievreal1/125086,1 через Славутич ще йде 1 на Бородянку
2026-08-12,10,Бучанський,Бородянка,2026-08-12T09:28:44+03:00,2026-08-12T11:34:54+03:00,2.1,9,11,125086,https://t.me/kievreal1/125086,1 через Славутич ще йде 1 на Бородянку
2026-08-12,10,Бориспільський,Яготин,2026-08-12T09:28:44+03:00,2026-08-12T11:34:54+03:00,2.1,9,11,125087,https://t.me/kievreal1/125087,Ще на Яготин! З південного напрямку
2026-08-12,10,Фастівський,Боярка,2026-08-12T09:28:44+03:00,2026-08-12T11:34:54+03:00,2.1,9,11,125088,https://t.me/kievreal1/125088,По бпла на зараз: 1 на Боярку 1 через Славутич в бік Броварів/ Києва 1 курсом в сторону Борисполя /Березані
2026-08-12,10,Вишгородський,Славутич,2026-08-12T09:28:44+03:00,2026-08-12T11:34:54+03:00,2.1,9,11,125088,https://t.me/kievreal1/125088,По бпла на зараз: 1 на Боярку 1 через Славутич в бік Броварів/ Києва 1 курсом в сторону Борисполя /Березані
2026-08-12,10,Броварський,Бровари,2026-08-12T09:28:44+03:00,2026-08-12T11:34:54+03:00,2.1,9,11,125088,https://t.me/kievreal1/125088,По бпла на зараз: 1 на Боярку 1 через Славутич в бік Броварів/ Києва 1 курсом в сторону Борисполя /Березані
2026-08-12,10,Бориспільський,Бориспіль,2026-08-12T09:28:44+03:00,2026-08-12T11:34:54+03:00,2.1,9,11,125088,https://t.me/kievreal1/125088,По бпла на зараз: 1 на Боярку 1 через Славутич в бік Броварів/ Києва 1 курсом в сторону Борисполя /Березані
2026-08-12,10,Бориспільський,Березань,2026-08-12T09:28:44+03:00,2026-08-12T11:34:54+03:00,2.1,9,11,125088,https://t.me/kievreal1/125088,По бпла на зараз: 1 на Боярку 1 через Славутич в бік Броварів/ Києва 1 курсом в сторону Борисполя /Березані
2026-08-12,10,Бучанський,Вишневе,2026-08-12T09:28:44+03:00,2026-08-12T11:34:54+03:00,2.1,9,11,125089,https://t.me/kievreal1/125089,На Вишневе!
2026-08-12,10,Фастівський,Боярка,2026-08-12T09:28:44+03:00,2026-08-12T11:34:54+03:00,2.1,9,11,125090,https://t.me/kievreal1/125090,На Тарасівку від Боярки
2026-08-12,10,Броварський,Залісся,2026-08-12T09:28:44+03:00,2026-08-12T11:34:54+03:00,2.1,9,11,125091,https://t.me/kievreal1/125091,Залісся
2026-08-12,10,Броварський,Броварський,2026-08-12T09:28:44+03:00,2026-08-12T11:34:54+03:00,2.1,9,11,125092,https://t.me/kievreal1/125092,"У Броварському районі Київщини через атаку виникла пожежа на складах, – повідомила речниця ДСНС в області"
2026-08-12,10,Броварський,Бровари,2026-08-12T09:28:44+03:00,2026-08-12T11:34:54+03:00,2.1,9,11,125094,https://t.me/kievreal1/125094,На Бровари з Чернігівщини повертається
2026-08-12,10,Бориспільський,Березань,2026-08-12T09:28:44+03:00,2026-08-12T11:34:54+03:00,2.1,9,11,125095,https://t.me/kievreal1/125095,Біля Березані 1
2026-08-12,10,Броварський,Броварський,2026-08-12T09:28:44+03:00,2026-08-12T11:34:54+03:00,2.1,9,11,125098,https://t.me/kievreal1/125098,"У Броварському районі Київщини через атаку виникла пожежа на складах, – повідомила речниця ДСНС в області"
2026-08-12,11,Бориспільський,Березань,2026-08-12T09:28:44+03:00,2026-08-12T11:34:54+03:00,2.1,9,11,125099,https://t.me/kievreal1/125099,БпЛА на Березань від Яготина
2026-08-12,11,Бориспільський,Яготин,2026-08-12T09:28:44+03:00,2026-08-12T11:34:54+03:00,2.1,9,11,125099,https://t.me/kievreal1/125099,БпЛА на Березань від Яготина
2026-08-12,11,Бориспільський,Березань,2026-08-12T09:28:44+03:00,2026-08-12T11:34:54+03:00,2.1,9,11,125100,https://t.me/kievreal1/125100,БпЛА на Березань від Яготина
2026-08-12,11,Бориспільський,Яготин,2026-08-12T09:28:44+03:00,2026-08-12T11:34:54+03:00,2.1,9,11,125100,https://t.me/kievreal1/125100,БпЛА на Березань від Яготина
2026-08-12,12,Вишгородський,Вишгородський,2026-08-12T12:10:54+03:00,2026-08-12T14:33:24+03:00,2.4,12,14,125103,https://t.me/kievreal1/125103,🚨 КИЇВСЬКА ОБЛАСТЬ - ОГОЛОШЕНА ПОВІТРЯНА ТРИВОГА Загроза для Вишгородського району через 2 реактивних бпла повз Славутич
2026-08-12,12,Вишгородський,Славутич,2026-08-12T12:10:54+03:00,2026-08-12T14:33:24+03:00,2.4,12,14,125103,https://t.me/kievreal1/125103,🚨 КИЇВСЬКА ОБЛАСТЬ - ОГОЛОШЕНА ПОВІТРЯНА ТРИВОГА Загроза для Вишгородського району через 2 реактивних бпла повз Славутич
2026-08-12,12,Броварський,Бровари,2026-08-12T12:10:54+03:00,2026-08-12T14:33:24+03:00,2.4,12,14,125105,https://t.me/kievreal1/125105,Бровари – бпла у вашому напрямку. Реактивний
2026-08-12,12,Вишгородський,Славутич,2026-08-12T12:10:54+03:00,2026-08-12T14:33:24+03:00,2.4,12,14,125106,https://t.me/kievreal1/125106,"Попередній не фіксується, але на Славутич вже є нові"
2026-08-12,12,Бориспільський,Переяслав,2026-08-12T12:10:54+03:00,2026-08-12T14:33:24+03:00,2.4,12,14,125107,https://t.me/kievreal1/125107,З Черкащини ще 3 на Переяслав
2026-08-12,12,Бориспільський,Яготин,2026-08-12T12:10:54+03:00,2026-08-12T14:33:24+03:00,2.4,12,14,125109,https://t.me/kievreal1/125109,"1 на Троєщину, 1 на Яготин, 1 на Переяслав Стежити за траєкторією руху по області – t.me/tryvoga_kyiv"
2026-08-12,12,Бориспільський,Переяслав,2026-08-12T12:10:54+03:00,2026-08-12T14:33:24+03:00,2.4,12,14,125109,https://t.me/kievreal1/125109,"1 на Троєщину, 1 на Яготин, 1 на Переяслав Стежити за траєкторією руху по області – t.me/tryvoga_kyiv"
2026-08-12,12,Броварський,Бровари,2026-08-12T12:10:54+03:00,2026-08-12T14:33:24+03:00,2.4,12,14,125110,https://t.me/kievreal1/125110,"Бровари , ТЕЦ-6 обережно"
2026-08-12,13,Бориспільський,Березань,2026-08-12T12:10:54+03:00,2026-08-12T14:33:24+03:00,2.4,12,14,125113,https://t.me/kievreal1/125113,На Березняки 1 на Березань ще
2026-08-12,13,Вишгородський,Вишгород,2026-08-12T12:10:54+03:00,2026-08-12T14:33:24+03:00,2.4,12,14,125116,https://t.me/kievreal1/125116,"Вишгород, Пирогів, Позняки, Конча-Заспа - уважно по бпла"
2026-08-12,13,Фастівський,Гатне,2026-08-12T12:10:54+03:00,2026-08-12T14:33:24+03:00,2.4,12,14,125117,https://t.me/kievreal1/125117,"Оболонь, Гатне, Чабани"
2026-08-12,13,Бориспільський,Бориспіль,2026-08-12T12:10:54+03:00,2026-08-12T14:33:24+03:00,2.4,12,14,125118,https://t.me/kievreal1/125118,"Над Києвом 3 реактивні бпла і ще 3 йдуть в бік Борисполя, Броварів та 2 повз Славутич"
2026-08-12,13,Броварський,Бровари,2026-08-12T12:10:54+03:00,2026-08-12T14:33:24+03:00,2.4,12,14,125118,https://t.me/kievreal1/125118,"Над Києвом 3 реактивні бпла і ще 3 йдуть в бік Борисполя, Броварів та 2 повз Славутич"
2026-08-12,13,Вишгородський,Славутич,2026-08-12T12:10:54+03:00,2026-08-12T14:33:24+03:00,2.4,12,14,125118,https://t.me/kievreal1/125118,"Над Києвом 3 реактивні бпла і ще 3 йдуть в бік Борисполя, Броварів та 2 повз Славутич"
2026-08-12,13,Броварський,Бровари,2026-08-12T12:10:54+03:00,2026-08-12T14:33:24+03:00,2.4,12,14,125124,https://t.me/kievreal1/125124,Бровари - у вас!
2026-08-12,13,Бучанський,Вишневе,2026-08-12T12:10:54+03:00,2026-08-12T14:33:24+03:00,2.4,12,14,125132,https://t.me/kievreal1/125132,На Вишневе від Жулян
2026-08-12,13,Бучанський,Вишневе,2026-08-12T12:10:54+03:00,2026-08-12T14:33:24+03:00,2.4,12,14,125133,https://t.me/kievreal1/125133,На Вишневе від Жулян
2026-08-12,13,Бучанський,Борщагівка,2026-08-12T12:10:54+03:00,2026-08-12T14:33:24+03:00,2.4,12,14,125134,https://t.me/kievreal1/125134,Борщагівки! Траєкторія руху шахедів в онлайн-режимі – t.me/tryvoga_kyiv
2026-08-12,13,Бориспільський,Бориспіль,2026-08-12T12:10:54+03:00,2026-08-12T14:33:24+03:00,2.4,12,14,125135,https://t.me/kievreal1/125135,На Бориспіль
2026-08-12,13,Бучанський,Ірпінь,2026-08-12T12:10:54+03:00,2026-08-12T14:33:24+03:00,2.4,12,14,125137,https://t.me/kievreal1/125137,На Димерку та Ірпінь
2026-08-12,13,Броварський,Бровари,2026-08-12T12:10:54+03:00,2026-08-12T14:33:24+03:00,2.4,12,14,125138,https://t.me/kievreal1/125138,Від Димерки на Бровари
2026-08-12,13,Бучанський,Буча,2026-08-12T12:10:54+03:00,2026-08-12T14:33:24+03:00,2.4,12,14,125139,https://t.me/kievreal1/125139,Буча / Гостомель – теж уважно по бпла від Ірпеня
2026-08-12,13,Бучанський,Гостомель,2026-08-12T12:10:54+03:00,2026-08-12T14:33:24+03:00,2.4,12,14,125139,https://t.me/kievreal1/125139,Буча / Гостомель – теж уважно по бпла від Ірпеня
2026-08-12,13,Вишгородський,Димер,2026-08-12T12:10:54+03:00,2026-08-12T14:33:24+03:00,2.4,12,14,125140,https://t.me/kievreal1/125140,Димер та Лебедівка – уважно
2026-08-12,13,Вишгородський,Лебедівка,2026-08-12T12:10:54+03:00,2026-08-12T14:33:24+03:00,2.4,12,14,125140,https://t.me/kievreal1/125140,Димер та Лебедівка – уважно
2026-08-12,13,Броварський,Бровари,2026-08-12T12:10:54+03:00,2026-08-12T14:33:24+03:00,2.4,12,14,125141,https://t.me/kievreal1/125141,Над Броварами 1!
2026-08-12,13,Вишгородський,Вишгород,2026-08-12T12:10:54+03:00,2026-08-12T14:33:24+03:00,2.4,12,14,125142,https://t.me/kievreal1/125142,З півночі на Вишгород/ Петрівці
2026-08-12,13,Броварський,Бровари,2026-08-12T12:10:54+03:00,2026-08-12T14:33:24+03:00,2.4,12,14,125143,https://t.me/kievreal1/125143,Над Броварами 1!
2026-08-12,13,Вишгородський,Вишгород,2026-08-12T12:10:54+03:00,2026-08-12T14:33:24+03:00,2.4,12,14,125147,https://t.me/kievreal1/125147,На Вишгород 2 бпла
2026-08-12,13,Бучанський,Бородянка,2026-08-12T12:10:54+03:00,2026-08-12T14:33:24+03:00,2.4,12,14,125154,https://t.me/kievreal1/125154,"Бородянка, Димер"
2026-08-12,13,Вишгородський,Димер,2026-08-12T12:10:54+03:00,2026-08-12T14:33:24+03:00,2.4,12,14,125154,https://t.me/kievreal1/125154,"Бородянка, Димер"
2026-08-12,13,Бучанський,Макарів,2026-08-12T12:10:54+03:00,2026-08-12T14:33:24+03:00,2.4,12,14,125156,https://t.me/kievreal1/125156,"Макарів, Бориспіль – ви теж уважно"
2026-08-12,13,Бориспільський,Бориспіль,2026-08-12T12:10:54+03:00,2026-08-12T14:33:24+03:00,2.4,12,14,125156,https://t.me/kievreal1/125156,"Макарів, Бориспіль – ви теж уважно"
2026-08-12,13,Вишгородський,Димер,2026-08-12T12:10:54+03:00,2026-08-12T14:33:24+03:00,2.4,12,14,125157,https://t.me/kievreal1/125157,На Димер 1 Наливайківка 1
2026-08-12,13,Вишгородський,Славутич,2026-08-12T12:10:54+03:00,2026-08-12T14:33:24+03:00,2.4,12,14,125158,https://t.me/kievreal1/125158,"Наразі в нас лишаються 2, йдуть від Славутича"
2026-08-12,13,Вишгородський,Славутич,2026-08-12T12:10:54+03:00,2026-08-12T14:33:24+03:00,2.4,12,14,125162,https://t.me/kievreal1/125162,Ще від Славутича є
2026-08-12,14,Вишгородський,Ровжі,2026-08-12T12:10:54+03:00,2026-08-12T14:33:24+03:00,2.4,12,14,125165,https://t.me/kievreal1/125165,Один зʼявився від Ровжів в бік Лебедівки
2026-08-12,14,Вишгородський,Лебедівка,2026-08-12T12:10:54+03:00,2026-08-12T14:33:24+03:00,2.4,12,14,125165,https://t.me/kievreal1/125165,Один зʼявився від Ровжів в бік Лебедівки
2026-08-12,14,Вишгородський,Ровжі,2026-08-12T12:10:54+03:00,2026-08-12T14:33:24+03:00,2.4,12,14,125166,https://t.me/kievreal1/125166,Один зʼявився від Ровжів в бік Лебедівки
2026-08-12,14,Вишгородський,Лебедівка,2026-08-12T12:10:54+03:00,2026-08-12T14:33:24+03:00,2.4,12,14,125166,https://t.me/kievreal1/125166,Один зʼявився від Ровжів в бік Лебедівки
2026-08-12,14,Броварський,Бровари,2026-08-12T12:10:54+03:00,2026-08-12T14:33:24+03:00,2.4,12,14,125167,https://t.me/kievreal1/125167,"Бровари , Пухівка, Рожни – уважно"
2026-08-12,14,Вишгородський,Десна,2026-08-12T12:10:54+03:00,2026-08-12T14:33:24+03:00,2.4,12,14,125169,https://t.me/kievreal1/125169,На Десну розвернувся
2026-08-13,8,Вишгородський,Славутич,2026-08-13T08:02:44+03:00,2026-08-13T08:39:14+03:00,0.6,8,8,125211,https://t.me/kievreal1/125211,Від Славутича декілька реактивних БпЛА в бік водосховища
2026-08-13,18,Вишгородський,Вишгородський,2026-08-13T18:39:54+03:00,2026-08-13T19:48:54+03:00,1.1,18,19,125251,https://t.me/kievreal1/125251,🚨 КИЇВСЬКА ОБЛАСТЬ - ОГОЛОШЕНА ПОВІТРЯНА ТРИВОГА Вишгородський район — загроза через декілька БпЛА від Славутича на водосховище
2026-08-13,18,Вишгородський,Славутич,2026-08-13T18:39:54+03:00,2026-08-13T19:48:54+03:00,1.1,18,19,125251,https://t.me/kievreal1/125251,🚨 КИЇВСЬКА ОБЛАСТЬ - ОГОЛОШЕНА ПОВІТРЯНА ТРИВОГА Вишгородський район — загроза через декілька БпЛА від Славутича на водосховище
2026-08-13,21,Вишгородський,Димер,2026-08-13T21:59:24+03:00,2026-08-13T22:32:04+03:00,0.5,21,22,125256,https://t.me/kievreal1/125256,Два БпЛА на Димер/ Бородянку Слідкувати за рухом по області тут – t.me/tryvoga_kyiv
2026-08-13,21,Бучанський,Бородянка,2026-08-13T21:59:24+03:00,2026-08-13T22:32:04+03:00,0.5,21,22,125256,https://t.me/kievreal1/125256,Два БпЛА на Димер/ Бородянку Слідкувати за рухом по області тут – t.me/tryvoga_kyiv
2026-08-13,22,Бучанський,Макарів,2026-08-13T21:59:24+03:00,2026-08-13T22:32:04+03:00,0.5,21,22,125258,https://t.me/kievreal1/125258,Макарів — теж увага!
2026-08-13,22,Броварський,Броварський,2026-08-13T21:59:24+03:00,2026-08-13T22:32:04+03:00,0.5,21,22,125262,https://t.me/kievreal1/125262,На Броварський район курсом
2026-08-13,22,Бучанський,Макарів,2026-08-13T21:59:24+03:00,2026-08-13T22:32:04+03:00,0.5,21,22,125263,https://t.me/kievreal1/125263,На Макарів наразі. Йде курсом попередніх
2026-08-13,22,Бучанський,Борщагівка,2026-08-13T21:59:24+03:00,2026-08-13T22:32:04+03:00,0.5,21,22,125264,https://t.me/kievreal1/125264,🛁 Сьогодні з 23:00 до 6:00 14 серпня буде понижено тиск у водопровідних мережах з можливою відсутністю води на верхніх поверхах в наступних…
2026-08-14,4,Вишгородський,Чорнобиль,2026-08-14T03:57:04+03:00,2026-08-14T04:47:54+03:00,0.8,3,4,125267,https://t.me/kievreal1/125267,БпЛА повз Чорнобильську зону відчуження летить в бік Білорусі
2026-08-16,5,Вишгородський,Чорнобиль,2026-08-16T05:43:54+03:00,2026-08-16T11:40:24+03:00,5.9,5,11,125342,https://t.me/kievreal1/125342,Реактивний БпЛА курсом на Чорнобиль
2026-08-16,6,Вишгородський,Чорнобиль,2026-08-16T05:43:54+03:00,2026-08-16T11:40:24+03:00,5.9,5,11,125343,https://t.me/kievreal1/125343,2х Реактивні БпЛА курсом на Чорнобиль
2026-08-16,6,Обухівський,Ржищів,2026-08-16T05:43:54+03:00,2026-08-16T11:40:24+03:00,5.9,5,11,125344,https://t.me/kievreal1/125344,Реактивний БпЛА курсом на Ржищів 2х Реактивні БпЛА курсом на Чорнобиль
2026-08-16,6,Вишгородський,Чорнобиль,2026-08-16T05:43:54+03:00,2026-08-16T11:40:24+03:00,5.9,5,11,125344,https://t.me/kievreal1/125344,Реактивний БпЛА курсом на Ржищів 2х Реактивні БпЛА курсом на Чорнобиль
2026-08-16,6,Обухівський,Козин,2026-08-16T05:43:54+03:00,2026-08-16T11:40:24+03:00,5.9,5,11,125345,https://t.me/kievreal1/125345,Реактивний БпЛА курсом на Київ повз Козин Реактивний БпЛА курсом на Переяслав Реактивний БпЛА курсом на Чорнобиль Реактивний БпЛА курсом на…
2026-08-16,6,Бориспільський,Переяслав,2026-08-16T05:43:54+03:00,2026-08-16T11:40:24+03:00,5.9,5,11,125345,https://t.me/kievreal1/125345,Реактивний БпЛА курсом на Київ повз Козин Реактивний БпЛА курсом на Переяслав Реактивний БпЛА курсом на Чорнобиль Реактивний БпЛА курсом на…
2026-08-16,6,Вишгородський,Чорнобиль,2026-08-16T05:43:54+03:00,2026-08-16T11:40:24+03:00,5.9,5,11,125345,https://t.me/kievreal1/125345,Реактивний БпЛА курсом на Київ повз Козин Реактивний БпЛА курсом на Переяслав Реактивний БпЛА курсом на Чорнобиль Реактивний БпЛА курсом на…
2026-08-16,6,Вишгородський,Іванків,2026-08-16T05:43:54+03:00,2026-08-16T11:40:24+03:00,5.9,5,11,125345,https://t.me/kievreal1/125345,Реактивний БпЛА курсом на Київ повз Козин Реактивний БпЛА курсом на Переяслав Реактивний БпЛА курсом на Чорнобиль Реактивний БпЛА курсом на…
2026-08-16,6,Броварський,Бровари,2026-08-16T05:43:54+03:00,2026-08-16T11:40:24+03:00,5.9,5,11,125347,https://t.me/kievreal1/125347,2х Реактивні БпЛА курсом на Бровари Реактивний БпЛА курсом на Чорнобиль Реактивний БпЛА курсом на Гребінки
2026-08-16,6,Вишгородський,Чорнобиль,2026-08-16T05:43:54+03:00,2026-08-16T11:40:24+03:00,5.9,5,11,125347,https://t.me/kievreal1/125347,2х Реактивні БпЛА курсом на Бровари Реактивний БпЛА курсом на Чорнобиль Реактивний БпЛА курсом на Гребінки
2026-08-16,6,Броварський,Бровари,2026-08-16T05:43:54+03:00,2026-08-16T11:40:24+03:00,5.9,5,11,125348,https://t.me/kievreal1/125348,БПЛА на Бровари зі сходу
2026-08-16,6,Бучанський,Пісківка,2026-08-16T05:43:54+03:00,2026-08-16T11:40:24+03:00,5.9,5,11,125357,https://t.me/kievreal1/125357,Реактивний БпЛА курсом на Київ Реактивний БпЛА курсом на Пісківку
2026-08-16,6,Броварський,Бровари,2026-08-16T05:43:54+03:00,2026-08-16T11:40:24+03:00,5.9,5,11,125358,https://t.me/kievreal1/125358,Реактивний БпЛА курсом на Бровари
2026-08-16,6,Броварський,Бровари,2026-08-16T05:43:54+03:00,2026-08-16T11:40:24+03:00,5.9,5,11,125359,https://t.me/kievreal1/125359,Реактивний БпЛА курсом на Київ 4х Реактивні БпЛА курсом на Бровари
2026-08-16,6,Броварський,Бровари,2026-08-16T05:43:54+03:00,2026-08-16T11:40:24+03:00,5.9,5,11,125360,https://t.me/kievreal1/125360,5х Реактивні БпЛА курсом на Бровари
2026-08-16,7,Броварський,Бровари,2026-08-16T05:43:54+03:00,2026-08-16T11:40:24+03:00,5.9,5,11,125362,https://t.me/kievreal1/125362,3х Реактивні БпЛА курсом на Бровари Реактивний БпЛА курсом на Велику Димерку
2026-08-16,7,Броварський,Велика Димерка,2026-08-16T05:43:54+03:00,2026-08-16T11:40:24+03:00,5.9,5,11,125362,https://t.me/kievreal1/125362,3х Реактивні БпЛА курсом на Бровари Реактивний БпЛА курсом на Велику Димерку
2026-08-16,7,Броварський,Бровари,2026-08-16T05:43:54+03:00,2026-08-16T11:40:24+03:00,5.9,5,11,125365,https://t.me/kievreal1/125365,Реактивний БпЛА курсом на Бровари Реактивний БпЛА курсом на Бориспіль Реактивний БпЛА курсом на Жукин Реактивний БпЛА курсом на Велику Диме…
2026-08-16,7,Бориспільський,Бориспіль,2026-08-16T05:43:54+03:00,2026-08-16T11:40:24+03:00,5.9,5,11,125365,https://t.me/kievreal1/125365,Реактивний БпЛА курсом на Бровари Реактивний БпЛА курсом на Бориспіль Реактивний БпЛА курсом на Жукин Реактивний БпЛА курсом на Велику Диме…
2026-08-16,7,Вишгородський,Жукин,2026-08-16T05:43:54+03:00,2026-08-16T11:40:24+03:00,5.9,5,11,125365,https://t.me/kievreal1/125365,Реактивний БпЛА курсом на Бровари Реактивний БпЛА курсом на Бориспіль Реактивний БпЛА курсом на Жукин Реактивний БпЛА курсом на Велику Диме…
2026-08-16,7,Броварський,Велика Димерка,2026-08-16T05:43:54+03:00,2026-08-16T11:40:24+03:00,5.9,5,11,125365,https://t.me/kievreal1/125365,Реактивний БпЛА курсом на Бровари Реактивний БпЛА курсом на Бориспіль Реактивний БпЛА курсом на Жукин Реактивний БпЛА курсом на Велику Диме…
2026-08-16,7,Вишгородський,Чорнобиль,2026-08-16T05:43:54+03:00,2026-08-16T11:40:24+03:00,5.9,5,11,125367,https://t.me/kievreal1/125367,Реактивний БпЛА курсом на Чорнобиль
2026-08-16,7,Вишгородський,Іванків,2026-08-16T05:43:54+03:00,2026-08-16T11:40:24+03:00,5.9,5,11,125368,https://t.me/kievreal1/125368,Реактивний БпЛА курсом на Іванків
2026-08-16,7,Вишгородський,Димер,2026-08-16T05:43:54+03:00,2026-08-16T11:40:24+03:00,5.9,5,11,125369,https://t.me/kievreal1/125369,БПЛА на Димер
2026-08-16,7,Бориспільський,Яготин,2026-08-16T05:43:54+03:00,2026-08-16T11:40:24+03:00,5.9,5,11,125370,https://t.me/kievreal1/125370,2 БПЛА з Черкащини на Яготин/Згурівку
2026-08-16,7,Броварський,Згурівка,2026-08-16T05:43:54+03:00,2026-08-16T11:40:24+03:00,5.9,5,11,125370,https://t.me/kievreal1/125370,2 БПЛА з Черкащини на Яготин/Згурівку
2026-08-16,8,Броварський,Броварський,2026-08-16T05:43:54+03:00,2026-08-16T11:40:24+03:00,5.9,5,11,125383,https://t.me/kievreal1/125383,"Сьогодні вранці через ворожий удар БпЛА у Броварському районі постраждали троє людей, серед яких дитина , – повідомив очільник КОВА Жінку з…"
2026-08-16,8,Вишгородський,Чорнобиль,2026-08-16T05:43:54+03:00,2026-08-16T11:40:24+03:00,5.9,5,11,125384,https://t.me/kievreal1/125384,1 бпла в Чорнобильській зоні і від Черкащини ще є
2026-08-16,8,Бучанський,Бородянка,2026-08-16T05:43:54+03:00,2026-08-16T11:40:24+03:00,5.9,5,11,125385,https://t.me/kievreal1/125385,На Бородянку
2026-08-16,8,Броварський,Згурівка,2026-08-16T05:43:54+03:00,2026-08-16T11:40:24+03:00,5.9,5,11,125386,https://t.me/kievreal1/125386,"Другий в районі Згурівки, на Любомирівку"
2026-08-16,9,Броварський,Бровари,2026-08-16T05:43:54+03:00,2026-08-16T11:40:24+03:00,5.9,5,11,125389,https://t.me/kievreal1/125389,До 8 БпЛА з Чернігівської області в сторону Броварів
2026-08-16,9,Броварський,Бровари,2026-08-16T05:43:54+03:00,2026-08-16T11:40:24+03:00,5.9,5,11,125391,https://t.me/kievreal1/125391,До 8 БпЛА з Чернігівської області в сторону Броварів
2026-08-16,9,Броварський,Бровари,2026-08-16T05:43:54+03:00,2026-08-16T11:40:24+03:00,5.9,5,11,125394,https://t.me/kievreal1/125394,3 в районі Броварів
2026-08-16,9,Вишгородський,Страхолісся,2026-08-16T05:43:54+03:00,2026-08-16T11:40:24+03:00,5.9,5,11,125395,https://t.me/kievreal1/125395,"Страхолісся, Боденьки — обережно по бпла"
2026-08-16,9,Вишгородський,Боденьки,2026-08-16T05:43:54+03:00,2026-08-16T11:40:24+03:00,5.9,5,11,125395,https://t.me/kievreal1/125395,"Страхолісся, Боденьки — обережно по бпла"
2026-08-16,11,Броварський,Бровари,2026-08-16T05:43:54+03:00,2026-08-16T11:40:24+03:00,5.9,5,11,125410,https://t.me/kievreal1/125410,"Бровари – до вас БпЛА, йде через Заворичі"
2026-08-16,11,Броварський,Бровари,2026-08-16T05:43:54+03:00,2026-08-16T11:40:24+03:00,5.9,5,11,125411,https://t.me/kievreal1/125411,"Бровари – до вас БпЛА, йде через Заворичі"
2026-08-16,11,Обухівський,Миронівка,2026-08-16T05:43:54+03:00,2026-08-16T11:40:24+03:00,5.9,5,11,125412,https://t.me/kievreal1/125412,З Черкаської області бпла на Миронівку
2026-08-16,11,Обухівський,Глеваха,2026-08-16T05:43:54+03:00,2026-08-16T11:40:24+03:00,5.9,5,11,125415,https://t.me/kievreal1/125415,Глеваха/ Васильків - увага
2026-08-16,11,Обухівський,Васильків,2026-08-16T05:43:54+03:00,2026-08-16T11:40:24+03:00,5.9,5,11,125415,https://t.me/kievreal1/125415,Глеваха/ Васильків - увага
2026-08-17,14,Вишгородський,Вишгородський,2026-08-17T14:31:54+03:00,2026-08-17T15:06:04+03:00,0.6,14,15,125488,https://t.me/kievreal1/125488,🚨 КИЇВСЬКА ОБЛАСТЬ - ОГОЛОШЕНА ПОВІТРЯНА ТРИВОГА Вишгородський район – загроза БпЛА з Чернігівщини
2026-08-17,14,Обухівський,Васильків,2026-08-17T14:31:54+03:00,2026-08-17T15:06:04+03:00,0.6,14,15,125489,https://t.me/kievreal1/125489,"Ще кадри з місця моторошної аварії за участі двох BMW на Великій Васильківській біля Палацу Україна За даними від поліції, два автомобілі з…"
2026-08-18,1,Броварський,Бровари,2026-08-18T01:03:54+03:00,2026-08-18T01:19:34+03:00,0.3,1,1,125510,https://t.me/kievreal1/125510,Реактивний БПЛА на Бровари
2026-08-18,3,Броварський,Велика Димерка,2026-08-18T03:16:54+03:00,2026-08-18T03:51:04+03:00,0.6,3,3,125521,https://t.me/kievreal1/125521,БпЛА на Велику Димерку
2026-08-18,3,Броварський,Бровари,2026-08-18T03:16:54+03:00,2026-08-18T03:51:04+03:00,0.6,3,3,125522,https://t.me/kievreal1/125522,Реактивний БпЛА курсом на Зазимʼя Реактивний БпЛА курсом на Бровари
2026-08-18,5,Вишгородський,Славутич,2026-08-18T04:53:34+03:00,2026-08-18T05:12:04+03:00,0.3,4,5,125526,https://t.me/kievreal1/125526,3 реактивні БпЛА на Славутич
2026-08-18,5,Броварський,Бровари,2026-08-18T04:53:34+03:00,2026-08-18T05:12:04+03:00,0.3,4,5,125527,https://t.me/kievreal1/125527,"БПЛА на Бровари Підтримати канал, буду вдячний Вам: https://base.monobank.ua/4jYdAKEbmcrmLL ➡"
2026-08-18,6,Броварський,Бровари,2026-08-18T05:50:24+03:00,2026-08-18T09:46:34+03:00,3.9,5,9,125532,https://t.me/kievreal1/125532,БПЛА курсом на Бровари / Київ
2026-08-18,6,Броварський,Бровари,2026-08-18T05:50:24+03:00,2026-08-18T09:46:34+03:00,3.9,5,9,125533,https://t.me/kievreal1/125533,3 реактивні шахеди підлітають до Броварів.
2026-08-18,6,Броварський,Бровари,2026-08-18T05:50:24+03:00,2026-08-18T09:46:34+03:00,3.9,5,9,125534,https://t.me/kievreal1/125534,4 реактивні шахеди які летять курсом на Бровари
2026-08-18,6,Броварський,Бровари,2026-08-18T05:50:24+03:00,2026-08-18T09:46:34+03:00,3.9,5,9,125537,https://t.me/kievreal1/125537,2 реактивних біля Броварів
2026-08-18,7,Вишгородський,Десна,2026-08-18T05:50:24+03:00,2026-08-18T09:46:34+03:00,3.9,5,9,125540,https://t.me/kievreal1/125540,3 реактивних БПЛА повз Десну на Бровари Точна траєкторія руху - https://t.me/+8npgfltbb1wzMTUy
2026-08-18,7,Броварський,Бровари,2026-08-18T05:50:24+03:00,2026-08-18T09:46:34+03:00,3.9,5,9,125540,https://t.me/kievreal1/125540,3 реактивних БПЛА повз Десну на Бровари Точна траєкторія руху - https://t.me/+8npgfltbb1wzMTUy
2026-08-18,7,Обухівський,Васильків,2026-08-18T05:50:24+03:00,2026-08-18T09:46:34+03:00,3.9,5,9,125541,https://t.me/kievreal1/125541,1 на Васильків /Фастів Інші зникають в Броварському районі
2026-08-18,7,Фастівський,Фастів,2026-08-18T05:50:24+03:00,2026-08-18T09:46:34+03:00,3.9,5,9,125541,https://t.me/kievreal1/125541,1 на Васильків /Фастів Інші зникають в Броварському районі
2026-08-18,7,Броварський,Броварський,2026-08-18T05:50:24+03:00,2026-08-18T09:46:34+03:00,3.9,5,9,125541,https://t.me/kievreal1/125541,1 на Васильків /Фастів Інші зникають в Броварському районі
2026-08-18,7,Броварський,Бровари,2026-08-18T05:50:24+03:00,2026-08-18T09:46:34+03:00,3.9,5,9,125542,https://t.me/kievreal1/125542,Пожежа в Броварах внаслідок атаки
2026-08-18,7,Броварський,Броварський,2026-08-18T05:50:24+03:00,2026-08-18T09:46:34+03:00,3.9,5,9,125544,https://t.me/kievreal1/125544,"Станом на 7:30 у Броварському районі пошкоджено офісну будівлю, складські приміщення та приватний будинок. Інформації щодо постраждалих не …"
2026-08-18,7,Броварський,Бровари,2026-08-18T05:50:24+03:00,2026-08-18T09:46:34+03:00,3.9,5,9,125545,https://t.me/kievreal1/125545,Ще реактивні БПЛА на Бровари
2026-08-18,8,Броварський,Бровари,2026-08-18T05:50:24+03:00,2026-08-18T09:46:34+03:00,3.9,5,9,125548,https://t.me/kievreal1/125548,Ще реактивні БПЛА на Бровари
2026-08-18,8,Фастівський,Фастів,2026-08-18T05:50:24+03:00,2026-08-18T09:46:34+03:00,3.9,5,9,125551,https://t.me/kievreal1/125551,Через тривалу підвищену загрозу для Київщини Укрзалізниця змінила рух приміських поїздів регіону Сьогодні на напрямку Фастів – Київ у компа…
2026-08-18,8,Броварський,Бровари,2026-08-18T05:50:24+03:00,2026-08-18T09:46:34+03:00,3.9,5,9,125553,https://t.me/kievreal1/125553,Бровари БПЛА
2026-08-18,9,Броварський,Бровари,2026-08-18T05:50:24+03:00,2026-08-18T09:46:34+03:00,3.9,5,9,125557,https://t.me/kievreal1/125557,Нові на Бровари
2026-08-18,12,Вишгородський,Димер,2026-08-18T12:15:14+03:00,2026-08-19T16:09:44+03:00,27.9,12,16,125570,https://t.me/kievreal1/125570,Димер
2026-08-18,13,Бориспільський,Яготин,2026-08-18T12:15:14+03:00,2026-08-19T16:09:44+03:00,27.9,12,16,125575,https://t.me/kievreal1/125575,Яготин БПЛА
2026-08-18,13,Броварський,Броварський,2026-08-18T12:15:14+03:00,2026-08-19T16:09:44+03:00,27.9,12,16,125576,https://t.me/kievreal1/125576,Знову близько 10 БПЛА в бік Броварського району
2026-08-18,14,Броварський,Баришівка,2026-08-18T12:15:14+03:00,2026-08-19T16:09:44+03:00,27.9,12,16,125578,https://t.me/kievreal1/125578,Баришівка
2026-08-18,15,Обухівський,Кагарлик,2026-08-18T12:15:14+03:00,2026-08-19T16:09:44+03:00,27.9,12,16,125580,https://t.me/kievreal1/125580,Бпла на Кагарлик
2026-08-18,15,Обухівський,Васильків,2026-08-18T12:15:14+03:00,2026-08-19T16:09:44+03:00,27.9,12,16,125581,https://t.me/kievreal1/125581,Васильків
2026-08-18,15,Броварський,Броварський,2026-08-18T12:15:14+03:00,2026-08-19T16:09:44+03:00,27.9,12,16,125582,https://t.me/kievreal1/125582,"Рятувальники продовжують ліквідовують наслідки російської атаки у Броварському районі Наразі на 4 осередках пожежі ліквідовано, тривають ро…"
2026-08-18,17,Броварський,Бровари,2026-08-18T12:15:14+03:00,2026-08-19T16:09:44+03:00,27.9,12,16,125597,https://t.me/kievreal1/125597,Реактиви на Бровари
2026-08-18,17,Бориспільський,Бориспіль,2026-08-18T12:15:14+03:00,2026-08-19T16:09:44+03:00,27.9,12,16,125598,https://t.me/kievreal1/125598,Бориспіль
2026-08-18,18,Броварський,Бровари,2026-08-18T12:15:14+03:00,2026-08-19T16:09:44+03:00,27.9,12,16,125602,https://t.me/kievreal1/125602,БПЛА на Бровари
2026-08-18,18,Вишгородський,Вишгород,2026-08-18T12:15:14+03:00,2026-08-19T16:09:44+03:00,27.9,12,16,125604,https://t.me/kievreal1/125604,Вишгород
2026-08-18,19,Броварський,Бровари,2026-08-18T12:15:14+03:00,2026-08-19T16:09:44+03:00,27.9,12,16,125612,https://t.me/kievreal1/125612,Нові БПЛА на Бровари
2026-08-18,20,Обухівський,Українка,2026-08-18T12:15:14+03:00,2026-08-19T16:09:44+03:00,27.9,12,16,125613,https://t.me/kievreal1/125613,Українка
2026-08-18,20,Обухівський,Васильків,2026-08-18T12:15:14+03:00,2026-08-19T16:09:44+03:00,27.9,12,16,125615,https://t.me/kievreal1/125615,Васильків
2026-08-18,15,Бучанський,Гостомель,2026-08-18T12:15:14+03:00,2026-08-19T16:09:44+03:00,27.9,12,16,125658,https://t.me/kievreal1/125658,Гостомель /Вишневе
2026-08-18,15,Бучанський,Вишневе,2026-08-18T12:15:14+03:00,2026-08-19T16:09:44+03:00,27.9,12,16,125658,https://t.me/kievreal1/125658,Гостомель /Вишневе
2026-08-19,22,Обухівський,Українка,2026-08-19T19:00:54+03:00,2026-08-19T22:13:04+03:00,3.2,19,22,125675,https://t.me/kievreal1/125675,"#нампишуть На бульварі Лесі Українки поліція забрала курʼєра glovo, а велосипед просто залишили посеред вулиці. 🖼 побачили якусь подію та з…"
2026-08-19,0,Бориспільський,Бориспіль,2026-08-19T23:51:14+03:00,2026-08-20T13:31:54+03:00,13.7,23,13,125691,https://t.me/kievreal1/125691,Циркон на Київ Циркон повз Бориспіль на Київ
2026-08-19,0,Броварський,Бровари,2026-08-19T23:51:14+03:00,2026-08-20T13:31:54+03:00,13.7,23,13,125695,https://t.me/kievreal1/125695,"Ціль на/через Бровари вектор Київ Підтримати канал, буду вдячний Вам: https://base.monobank.ua/4jYdAKEbmcrmLL ➡️"
2026-08-19,1,Обухівський,Миронівка,2026-08-19T23:51:14+03:00,2026-08-20T13:31:54+03:00,13.7,23,13,125715,https://t.me/kievreal1/125715,Група КР на Богуслав Група КР на Миронівку
2026-08-19,1,Обухівський,Обухів,2026-08-19T23:51:14+03:00,2026-08-20T13:31:54+03:00,13.7,23,13,125716,https://t.me/kievreal1/125716,Група КР на Обухів Група КР на Кагарлик Радар по Києву - https://t.me/+3dUPJ_FTx-A3MDhi
2026-08-19,1,Обухівський,Кагарлик,2026-08-19T23:51:14+03:00,2026-08-20T13:31:54+03:00,13.7,23,13,125716,https://t.me/kievreal1/125716,Група КР на Обухів Група КР на Кагарлик Радар по Києву - https://t.me/+3dUPJ_FTx-A3MDhi
2026-08-19,2,Броварський,Броварський,2026-08-19T23:51:14+03:00,2026-08-20T13:31:54+03:00,13.7,23,13,125724,https://t.me/kievreal1/125724,"❗️ На жаль, у Броварському районі внаслідок ворожої атаки загинув чоловік, — Ткаченко Щирі співчуття рідним і близьким загиблого. Ще один ч…"
2026-08-19,2,Броварський,Бровари,2026-08-19T23:51:14+03:00,2026-08-20T13:31:54+03:00,13.7,23,13,125727,https://t.me/kievreal1/125727,1 реактивний БпЛА на Бровари upd: без фіксації
2026-08-19,4,Бориспільський,Бориспіль,2026-08-19T23:51:14+03:00,2026-08-20T13:31:54+03:00,13.7,23,13,125739,https://t.me/kievreal1/125739,1 Реактивний БпЛА на Бориспіль 2 Реактивні БпЛА на Бровари
2026-08-19,4,Броварський,Бровари,2026-08-19T23:51:14+03:00,2026-08-20T13:31:54+03:00,13.7,23,13,125739,https://t.me/kievreal1/125739,1 Реактивний БпЛА на Бориспіль 2 Реактивні БпЛА на Бровари
2026-08-19,4,Білоцерківський,Тараща,2026-08-19T23:51:14+03:00,2026-08-20T13:31:54+03:00,13.7,23,13,125740,https://t.me/kievreal1/125740,Київщина : Група КР на Таращу Радар по Києву - https://t.me/+3dUPJ_FTx-A3MDhi
2026-08-19,4,Білоцерківський,Тараща,2026-08-19T23:51:14+03:00,2026-08-20T13:31:54+03:00,13.7,23,13,125741,https://t.me/kievreal1/125741,1 Реактивний БпЛА на Таращу 1 Реактивний БпЛА на Рокитне 3 Реактивні БпЛА на Бровари 1 Реактивний БпЛА на Жукин 1 Реактивний БпЛА на Страхо…
2026-08-19,4,Білоцерківський,Рокитне,2026-08-19T23:51:14+03:00,2026-08-20T13:31:54+03:00,13.7,23,13,125741,https://t.me/kievreal1/125741,1 Реактивний БпЛА на Таращу 1 Реактивний БпЛА на Рокитне 3 Реактивні БпЛА на Бровари 1 Реактивний БпЛА на Жукин 1 Реактивний БпЛА на Страхо…
2026-08-19,4,Броварський,Бровари,2026-08-19T23:51:14+03:00,2026-08-20T13:31:54+03:00,13.7,23,13,125741,https://t.me/kievreal1/125741,1 Реактивний БпЛА на Таращу 1 Реактивний БпЛА на Рокитне 3 Реактивні БпЛА на Бровари 1 Реактивний БпЛА на Жукин 1 Реактивний БпЛА на Страхо…
2026-08-19,4,Вишгородський,Жукин,2026-08-19T23:51:14+03:00,2026-08-20T13:31:54+03:00,13.7,23,13,125741,https://t.me/kievreal1/125741,1 Реактивний БпЛА на Таращу 1 Реактивний БпЛА на Рокитне 3 Реактивні БпЛА на Бровари 1 Реактивний БпЛА на Жукин 1 Реактивний БпЛА на Страхо…
2026-08-19,4,Вишгородський,Страхолісся,2026-08-19T23:51:14+03:00,2026-08-20T13:31:54+03:00,13.7,23,13,125741,https://t.me/kievreal1/125741,1 Реактивний БпЛА на Таращу 1 Реактивний БпЛА на Рокитне 3 Реактивні БпЛА на Бровари 1 Реактивний БпЛА на Жукин 1 Реактивний БпЛА на Страхо…
2026-08-19,4,Білоцерківський,Тараща,2026-08-19T23:51:14+03:00,2026-08-20T13:31:54+03:00,13.7,23,13,125742,https://t.me/kievreal1/125742,Київщина: Група КР на Таращу Радар по Києву - https://t.me/+3dUPJ_FTx-A3MDhi
2026-08-19,4,Обухівський,Кагарлик,2026-08-19T23:51:14+03:00,2026-08-20T13:31:54+03:00,13.7,23,13,125743,https://t.me/kievreal1/125743,"Київщина : Група КР повз Кагарлик на Обухів Підтримати канал, буду вдячний Вам: https://base.monobank.ua/4jYdAKEbmcrmLL ➡"
2026-08-19,4,Обухівський,Обухів,2026-08-19T23:51:14+03:00,2026-08-20T13:31:54+03:00,13.7,23,13,125743,https://t.me/kievreal1/125743,"Київщина : Група КР повз Кагарлик на Обухів Підтримати канал, буду вдячний Вам: https://base.monobank.ua/4jYdAKEbmcrmLL ➡"
2026-08-19,4,Обухівський,Васильків,2026-08-19T23:51:14+03:00,2026-08-20T13:31:54+03:00,13.7,23,13,125745,https://t.me/kievreal1/125745,1 Реактивний БпЛА на Васильків 1 Реактивний БпЛА на Велику Димерку 1 Реактивний БпЛА на Перемогу 1 Реактивний БпЛА на Калиту 1 Реактивний Б…
2026-08-19,4,Броварський,Велика Димерка,2026-08-19T23:51:14+03:00,2026-08-20T13:31:54+03:00,13.7,23,13,125745,https://t.me/kievreal1/125745,1 Реактивний БпЛА на Васильків 1 Реактивний БпЛА на Велику Димерку 1 Реактивний БпЛА на Перемогу 1 Реактивний БпЛА на Калиту 1 Реактивний Б…
2026-08-19,4,Броварський,Калита,2026-08-19T23:51:14+03:00,2026-08-20T13:31:54+03:00,13.7,23,13,125745,https://t.me/kievreal1/125745,1 Реактивний БпЛА на Васильків 1 Реактивний БпЛА на Велику Димерку 1 Реактивний БпЛА на Перемогу 1 Реактивний БпЛА на Калиту 1 Реактивний Б…
2026-08-19,4,Вишгородський,Жукин,2026-08-19T23:51:14+03:00,2026-08-20T13:31:54+03:00,13.7,23,13,125745,https://t.me/kievreal1/125745,1 Реактивний БпЛА на Васильків 1 Реактивний БпЛА на Велику Димерку 1 Реактивний БпЛА на Перемогу 1 Реактивний БпЛА на Калиту 1 Реактивний Б…
2026-08-19,5,Вишгородський,Димер,2026-08-19T23:51:14+03:00,2026-08-20T13:31:54+03:00,13.7,23,13,125746,https://t.me/kievreal1/125746,1 Реактивний БпЛА на Димер 1 Реактивний БпЛА на Жукин 2 Реактивні БпЛА на Перемогу
2026-08-19,5,Вишгородський,Жукин,2026-08-19T23:51:14+03:00,2026-08-20T13:31:54+03:00,13.7,23,13,125746,https://t.me/kievreal1/125746,1 Реактивний БпЛА на Димер 1 Реактивний БпЛА на Жукин 2 Реактивні БпЛА на Перемогу
2026-08-19,5,Броварський,Баришівка,2026-08-19T23:51:14+03:00,2026-08-20T13:31:54+03:00,13.7,23,13,125747,https://t.me/kievreal1/125747,1 Реактивний БпЛА на Перемогу 1 Реактивний БпЛА на Баришівку
2026-08-19,5,Бориспільський,Бориспіль,2026-08-19T23:51:14+03:00,2026-08-20T13:31:54+03:00,13.7,23,13,125750,https://t.me/kievreal1/125750,Група КР на Бориспіль 2х Групи КР на Бровари 2х Групи КР на Переяслав
2026-08-19,5,Броварський,Бровари,2026-08-19T23:51:14+03:00,2026-08-20T13:31:54+03:00,13.7,23,13,125750,https://t.me/kievreal1/125750,Група КР на Бориспіль 2х Групи КР на Бровари 2х Групи КР на Переяслав
2026-08-19,5,Бориспільський,Переяслав,2026-08-19T23:51:14+03:00,2026-08-20T13:31:54+03:00,13.7,23,13,125750,https://t.me/kievreal1/125750,Група КР на Бориспіль 2х Групи КР на Бровари 2х Групи КР на Переяслав
2026-08-19,5,Броварський,Бровари,2026-08-19T23:51:14+03:00,2026-08-20T13:31:54+03:00,13.7,23,13,125751,https://t.me/kievreal1/125751,Група КР на Бровари 2х Групи КР на Бориспіль Група КР на Березань Група КР на Баришівку Група КР на Переяслав
2026-08-19,5,Бориспільський,Бориспіль,2026-08-19T23:51:14+03:00,2026-08-20T13:31:54+03:00,13.7,23,13,125751,https://t.me/kievreal1/125751,Група КР на Бровари 2х Групи КР на Бориспіль Група КР на Березань Група КР на Баришівку Група КР на Переяслав
2026-08-19,5,Бориспільський,Березань,2026-08-19T23:51:14+03:00,2026-08-20T13:31:54+03:00,13.7,23,13,125751,https://t.me/kievreal1/125751,Група КР на Бровари 2х Групи КР на Бориспіль Група КР на Березань Група КР на Баришівку Група КР на Переяслав
2026-08-19,5,Броварський,Баришівка,2026-08-19T23:51:14+03:00,2026-08-20T13:31:54+03:00,13.7,23,13,125751,https://t.me/kievreal1/125751,Група КР на Бровари 2х Групи КР на Бориспіль Група КР на Березань Група КР на Баришівку Група КР на Переяслав
2026-08-19,5,Бориспільський,Переяслав,2026-08-19T23:51:14+03:00,2026-08-20T13:31:54+03:00,13.7,23,13,125751,https://t.me/kievreal1/125751,Група КР на Бровари 2х Групи КР на Бориспіль Група КР на Березань Група КР на Баришівку Група КР на Переяслав
2026-08-19,5,Бориспільський,Бориспіль,2026-08-19T23:51:14+03:00,2026-08-20T13:31:54+03:00,13.7,23,13,125752,https://t.me/kievreal1/125752,2х Групи КР на Бориспіль Група КР на Київ 2х Групи КР на Вишеньки
2026-08-19,5,Бориспільський,Бориспіль,2026-08-19T23:51:14+03:00,2026-08-20T13:31:54+03:00,13.7,23,13,125753,https://t.me/kievreal1/125753,2х Групи КР на Бориспіль Група КР на Переяслав
2026-08-19,5,Бориспільський,Переяслав,2026-08-19T23:51:14+03:00,2026-08-20T13:31:54+03:00,13.7,23,13,125753,https://t.me/kievreal1/125753,2х Групи КР на Бориспіль Група КР на Переяслав
2026-08-19,5,Бориспільський,Переяслав,2026-08-19T23:51:14+03:00,2026-08-20T13:31:54+03:00,13.7,23,13,125754,https://t.me/kievreal1/125754,2х Групи КР на Київ Група КР на Переяслав Радар по Києву - https://t.me/+3dUPJ_FTx-A3MDhi
2026-08-19,5,Вишгородський,Жукин,2026-08-19T23:51:14+03:00,2026-08-20T13:31:54+03:00,13.7,23,13,125755,https://t.me/kievreal1/125755,1 Реактивний БпЛА на Жукин
2026-08-19,5,Броварський,Бровари,2026-08-19T23:51:14+03:00,2026-08-20T13:31:54+03:00,13.7,23,13,125756,https://t.me/kievreal1/125756,Група КР на Бровари
2026-08-19,5,Бориспільський,Бориспіль,2026-08-19T23:51:14+03:00,2026-08-20T13:31:54+03:00,13.7,23,13,125758,https://t.me/kievreal1/125758,🤬 У Борисполі сильна пожежа на місці влучання Наслідки публікуємо в РЕЗЕРВІ через ЦЕНЗУРУ - t.me/rezerv_kyiv
2026-08-19,5,Бориспільський,Переяслав,2026-08-19T23:51:14+03:00,2026-08-20T13:31:54+03:00,13.7,23,13,125759,https://t.me/kievreal1/125759,Група КР на Переяслав upd: без фіксації
2026-08-19,6,Вишгородський,Вишгород,2026-08-19T23:51:14+03:00,2026-08-20T13:31:54+03:00,13.7,23,13,125760,https://t.me/kievreal1/125760,1 реактивний БпЛА на Вишгород
2026-08-19,6,Вишгородський,Вишгород,2026-08-19T23:51:14+03:00,2026-08-20T13:31:54+03:00,13.7,23,13,125761,https://t.me/kievreal1/125761,1 реактивний БпЛА на Вишгород
2026-08-19,6,Вишгородський,Вишгород,2026-08-19T23:51:14+03:00,2026-08-20T13:31:54+03:00,13.7,23,13,125764,https://t.me/kievreal1/125764,Вилетів на Вишгород
2026-08-19,6,Броварський,Бровари,2026-08-19T23:51:14+03:00,2026-08-20T13:31:54+03:00,13.7,23,13,125765,https://t.me/kievreal1/125765,1 реактивний БпЛА на Бровари 1 реактивний БпЛА на Чорнобиль 1 реактивний БпЛА на Миронівку
2026-08-19,6,Вишгородський,Чорнобиль,2026-08-19T23:51:14+03:00,2026-08-20T13:31:54+03:00,13.7,23,13,125765,https://t.me/kievreal1/125765,1 реактивний БпЛА на Бровари 1 реактивний БпЛА на Чорнобиль 1 реактивний БпЛА на Миронівку
2026-08-19,6,Обухівський,Миронівка,2026-08-19T23:51:14+03:00,2026-08-20T13:31:54+03:00,13.7,23,13,125765,https://t.me/kievreal1/125765,1 реактивний БпЛА на Бровари 1 реактивний БпЛА на Чорнобиль 1 реактивний БпЛА на Миронівку
2026-08-19,6,Бучанський,Стоянка,2026-08-19T23:51:14+03:00,2026-08-20T13:31:54+03:00,13.7,23,13,125767,https://t.me/kievreal1/125767,Реактивний БпЛА на Стоянку Реактивний БпЛА на Малу Олександрівку
2026-08-19,6,Броварський,Бровари,2026-08-19T23:51:14+03:00,2026-08-20T13:31:54+03:00,13.7,23,13,125768,https://t.me/kievreal1/125768,1 реактивний БпЛА на Бровари 1 реактивний БпЛА на Немішаєве
2026-08-19,6,Бучанський,Немішаєве,2026-08-19T23:51:14+03:00,2026-08-20T13:31:54+03:00,13.7,23,13,125768,https://t.me/kievreal1/125768,1 реактивний БпЛА на Бровари 1 реактивний БпЛА на Немішаєве
2026-08-19,7,Бориспільський,Переяслав,2026-08-19T23:51:14+03:00,2026-08-20T13:31:54+03:00,13.7,23,13,125769,https://t.me/kievreal1/125769,1 реактивний БпЛА на Переяслав 1 реактивний БпЛА на Кагарлик
2026-08-19,7,Обухівський,Кагарлик,2026-08-19T23:51:14+03:00,2026-08-20T13:31:54+03:00,13.7,23,13,125769,https://t.me/kievreal1/125769,1 реактивний БпЛА на Переяслав 1 реактивний БпЛА на Кагарлик
2026-08-19,7,Броварський,Бровари,2026-08-19T23:51:14+03:00,2026-08-20T13:31:54+03:00,13.7,23,13,125770,https://t.me/kievreal1/125770,3 реактивні БпЛА на Бровари
2026-08-19,7,Броварський,Бровари,2026-08-19T23:51:14+03:00,2026-08-20T13:31:54+03:00,13.7,23,13,125777,https://t.me/kievreal1/125777,1 реактивний БпЛА на Київ 2 реактивні БпЛА на Бровари
2026-08-19,7,Бориспільський,Бориспіль,2026-08-19T23:51:14+03:00,2026-08-20T13:31:54+03:00,13.7,23,13,125778,https://t.me/kievreal1/125778,1 реактивний БпЛА на Бориспіль 2 реактивні БпЛА на Бровари 2 реактивні БпЛА на Ржищів
2026-08-19,7,Броварський,Бровари,2026-08-19T23:51:14+03:00,2026-08-20T13:31:54+03:00,13.7,23,13,125778,https://t.me/kievreal1/125778,1 реактивний БпЛА на Бориспіль 2 реактивні БпЛА на Бровари 2 реактивні БпЛА на Ржищів
2026-08-19,7,Обухівський,Ржищів,2026-08-19T23:51:14+03:00,2026-08-20T13:31:54+03:00,13.7,23,13,125778,https://t.me/kievreal1/125778,1 реактивний БпЛА на Бориспіль 2 реактивні БпЛА на Бровари 2 реактивні БпЛА на Ржищів
2026-08-19,7,Броварський,Велика Димерка,2026-08-19T23:51:14+03:00,2026-08-20T13:31:54+03:00,13.7,23,13,125779,https://t.me/kievreal1/125779,1 реактивний БпЛА на Княжичі 2 реактивні БпЛА повз Велику Димерку на Бориспіль 2 реактивні БпЛА на Ржищів
2026-08-19,7,Бориспільський,Бориспіль,2026-08-19T23:51:14+03:00,2026-08-20T13:31:54+03:00,13.7,23,13,125779,https://t.me/kievreal1/125779,1 реактивний БпЛА на Княжичі 2 реактивні БпЛА повз Велику Димерку на Бориспіль 2 реактивні БпЛА на Ржищів
2026-08-19,7,Обухівський,Ржищів,2026-08-19T23:51:14+03:00,2026-08-20T13:31:54+03:00,13.7,23,13,125779,https://t.me/kievreal1/125779,1 реактивний БпЛА на Княжичі 2 реактивні БпЛА повз Велику Димерку на Бориспіль 2 реактивні БпЛА на Ржищів
2026-08-19,7,Броварський,Бровари,2026-08-19T23:51:14+03:00,2026-08-20T13:31:54+03:00,13.7,23,13,125780,https://t.me/kievreal1/125780,1 реактивний БпЛА на Бровари
2026-08-19,8,Бориспільський,Бориспільський,2026-08-19T23:51:14+03:00,2026-08-20T13:31:54+03:00,13.7,23,13,125792,https://t.me/kievreal1/125792,В Київській області через атаку вночі відомо про 1 загиблого та 7 травмованих У Бориспільському районі постраждали 6 жителів. У Броварськом…
2026-08-19,8,Броварський,Броварський,2026-08-19T23:51:14+03:00,2026-08-20T13:31:54+03:00,13.7,23,13,125792,https://t.me/kievreal1/125792,В Київській області через атаку вночі відомо про 1 загиблого та 7 травмованих У Бориспільському районі постраждали 6 жителів. У Броварськом…
2026-08-19,9,Бориспільський,Бориспіль,2026-08-19T23:51:14+03:00,2026-08-20T13:31:54+03:00,13.7,23,13,125799,https://t.me/kievreal1/125799,Бориспіль / Бровари – реактивний бпла
2026-08-19,9,Броварський,Бровари,2026-08-19T23:51:14+03:00,2026-08-20T13:31:54+03:00,13.7,23,13,125799,https://t.me/kievreal1/125799,Бориспіль / Бровари – реактивний бпла
2026-08-19,9,Вишгородський,Іванків,2026-08-19T23:51:14+03:00,2026-08-20T13:31:54+03:00,13.7,23,13,125801,https://t.me/kievreal1/125801,На Іванків! Слідкувати за траєкторією онлайн – t.me/tryvoga_kyiv
2026-08-19,9,Вишгородський,Вишгород,2026-08-19T23:51:14+03:00,2026-08-20T13:31:54+03:00,13.7,23,13,125804,https://t.me/kievreal1/125804,Реактивний бпла на Вишгород по морю
2026-08-19,9,Броварський,Бровари,2026-08-19T23:51:14+03:00,2026-08-20T13:31:54+03:00,13.7,23,13,125805,https://t.me/kievreal1/125805,Бровари / Димерка
2026-08-19,9,Бориспільський,Бориспіль,2026-08-19T23:51:14+03:00,2026-08-20T13:31:54+03:00,13.7,23,13,125806,https://t.me/kievreal1/125806,Княжичі/ Бориспіль – вашим курсом
2026-08-19,9,Бориспільський,Бориспіль,2026-08-19T23:51:14+03:00,2026-08-20T13:31:54+03:00,13.7,23,13,125807,https://t.me/kievreal1/125807,"Вночі у Борисполі ворог завдав удару по продуктових складах та обʼєктах «Червоного хреста» , – повідомив премʼєр-міністр Нічна атака на Киї…"
2026-08-19,10,Вишгородський,Лебедівка,2026-08-19T23:51:14+03:00,2026-08-20T13:31:54+03:00,13.7,23,13,125823,https://t.me/kievreal1/125823,Реактивний бпла на Лебедівку
2026-08-19,10,Вишгородський,Лебедівка,2026-08-19T23:51:14+03:00,2026-08-20T13:31:54+03:00,13.7,23,13,125824,https://t.me/kievreal1/125824,Реактивний бпла на Лебедівку
2026-08-19,10,Бориспільський,Бориспіль,2026-08-19T23:51:14+03:00,2026-08-20T13:31:54+03:00,13.7,23,13,125830,https://t.me/kievreal1/125830,Бориспіль! У ваш бік P.S про рух шахедів в онлайн-режимі пишуть тут – t.me/tryvoga_kyiv
2026-08-19,10,Вишгородський,Славутич,2026-08-19T23:51:14+03:00,2026-08-20T13:31:54+03:00,13.7,23,13,125831,https://t.me/kievreal1/125831,В районі Славутича ще один
2026-08-19,11,Бориспільський,Яготин,2026-08-19T23:51:14+03:00,2026-08-20T13:31:54+03:00,13.7,23,13,125842,https://t.me/kievreal1/125842,В бік Яготину бпла
2026-08-19,11,Бориспільський,Бориспіль,2026-08-19T23:51:14+03:00,2026-08-20T13:31:54+03:00,13.7,23,13,125849,https://t.me/kievreal1/125849,На Бориспіль бпла
2026-08-19,11,Бориспільський,Бориспіль,2026-08-19T23:51:14+03:00,2026-08-20T13:31:54+03:00,13.7,23,13,125850,https://t.me/kievreal1/125850,На Бориспіль бпла
2026-08-19,11,Броварський,Бровари,2026-08-19T23:51:14+03:00,2026-08-20T13:31:54+03:00,13.7,23,13,125851,https://t.me/kievreal1/125851,На Бровари йде!
2026-08-19,12,Броварський,Бровари,2026-08-19T23:51:14+03:00,2026-08-20T13:31:54+03:00,13.7,23,13,125858,https://t.me/kievreal1/125858,Бровари / Ровжі – уважно по бпла
2026-08-19,12,Вишгородський,Ровжі,2026-08-19T23:51:14+03:00,2026-08-20T13:31:54+03:00,13.7,23,13,125858,https://t.me/kievreal1/125858,Бровари / Ровжі – уважно по бпла
2026-08-19,12,Бориспільський,Бориспіль,2026-08-19T23:51:14+03:00,2026-08-20T13:31:54+03:00,13.7,23,13,125861,https://t.me/kievreal1/125861,Бориспіль теж увага
2026-08-19,12,Вишгородський,Вишгород,2026-08-19T23:51:14+03:00,2026-08-20T13:31:54+03:00,13.7,23,13,125863,https://t.me/kievreal1/125863,Бандероль вздовж водосховища у бік Вишгорода
2026-08-19,12,Вишгородський,Вишгород,2026-08-19T23:51:14+03:00,2026-08-20T13:31:54+03:00,13.7,23,13,125864,https://t.me/kievreal1/125864,Бандероль вздовж водосховища у бік Вишгорода
2026-08-19,12,Вишгородський,Лебедівка,2026-08-19T23:51:14+03:00,2026-08-20T13:31:54+03:00,13.7,23,13,125866,https://t.me/kievreal1/125866,Повз Лебедівку на Київ
2026-08-19,12,Броварський,Бровари,2026-08-19T23:51:14+03:00,2026-08-20T13:31:54+03:00,13.7,23,13,125867,https://t.me/kievreal1/125867,Бровари
2026-08-20,15,Вишгородський,Славутич,2026-08-20T15:06:44+03:00,2026-08-20T15:33:24+03:00,0.4,15,15,125897,https://t.me/kievreal1/125897,🚨 КИЇВСЬКА ОБЛАСТЬ - ОГОЛОШЕНА ПОВІТРЯНА ТРИВОГА Три БпЛА від Славутича
2026-08-20,15,Вишгородський,Вишгород,2026-08-20T15:06:44+03:00,2026-08-20T15:33:24+03:00,0.4,15,15,125899,https://t.me/kievreal1/125899,На Вишгород/ Хотянівку
2026-08-20,15,Вишгородський,Хотянівка,2026-08-20T15:06:44+03:00,2026-08-20T15:33:24+03:00,0.4,15,15,125899,https://t.me/kievreal1/125899,На Вишгород/ Хотянівку
2026-08-20,15,Броварський,Бровари,2026-08-20T15:06:44+03:00,2026-08-20T15:33:24+03:00,0.4,15,15,125900,https://t.me/kievreal1/125900,Погреби/ Бровари – обережно! У ваш бік
2026-08-20,15,Вишгородський,Хотянівка,2026-08-20T15:06:44+03:00,2026-08-20T15:33:24+03:00,0.4,15,15,125903,https://t.me/kievreal1/125903,"Осещина, Хотянівка, Погреби - ще два вашим курсом Перший вже без фіксації."
2026-08-20,16,Вишгородський,Славутич,2026-08-20T16:51:04+03:00,2026-08-20T20:32:24+03:00,3.7,16,20,125913,https://t.me/kievreal1/125913,🚨 КИЇВСЬКА ОБЛАСТЬ - ОГОЛОШЕНА ПОВІТРЯНА ТРИВОГА Біля Славутича 2 БпЛА
2026-08-20,17,Броварський,Бобровиця,2026-08-20T16:51:04+03:00,2026-08-20T20:32:24+03:00,3.7,16,20,125915,https://t.me/kievreal1/125915,БпЛА через Бобровицю на Бровари
2026-08-20,17,Броварський,Бровари,2026-08-20T16:51:04+03:00,2026-08-20T20:32:24+03:00,3.7,16,20,125915,https://t.me/kievreal1/125915,БпЛА через Бобровицю на Бровари
2026-08-20,17,Вишгородський,Славутич,2026-08-20T16:51:04+03:00,2026-08-20T20:32:24+03:00,3.7,16,20,125916,https://t.me/kievreal1/125916,Від Славутича в сторону Вишгорода
2026-08-20,17,Вишгородський,Вишгород,2026-08-20T16:51:04+03:00,2026-08-20T20:32:24+03:00,3.7,16,20,125916,https://t.me/kievreal1/125916,Від Славутича в сторону Вишгорода
2026-08-20,17,Вишгородський,Славутич,2026-08-20T16:51:04+03:00,2026-08-20T20:32:24+03:00,3.7,16,20,125918,https://t.me/kievreal1/125918,Від Славутича в сторону Вишгорода
2026-08-20,17,Вишгородський,Вишгород,2026-08-20T16:51:04+03:00,2026-08-20T20:32:24+03:00,3.7,16,20,125918,https://t.me/kievreal1/125918,Від Славутича в сторону Вишгорода
2026-08-20,17,Бориспільський,Бориспіль,2026-08-20T16:51:04+03:00,2026-08-20T20:32:24+03:00,3.7,16,20,125919,https://t.me/kievreal1/125919,"Бориспіль , Осещина - теж обережно"
2026-08-20,17,Вишгородський,Хотянівка,2026-08-20T16:51:04+03:00,2026-08-20T20:32:24+03:00,3.7,16,20,125921,https://t.me/kievreal1/125921,Другий на Хотянівку
2026-08-20,17,Вишгородський,Хотянівка,2026-08-20T16:51:04+03:00,2026-08-20T20:32:24+03:00,3.7,16,20,125922,https://t.me/kievreal1/125922,Другий на Хотянівку
2026-08-20,17,Фастівський,Крюківщина,2026-08-20T16:51:04+03:00,2026-08-20T20:32:24+03:00,3.7,16,20,125925,https://t.me/kievreal1/125925,"Крюківщина, Вишневе - увага теж"
2026-08-20,17,Бучанський,Вишневе,2026-08-20T16:51:04+03:00,2026-08-20T20:32:24+03:00,3.7,16,20,125925,https://t.me/kievreal1/125925,"Крюківщина, Вишневе - увага теж"
2026-08-20,17,Фастівський,Гатне,2026-08-20T16:51:04+03:00,2026-08-20T20:32:24+03:00,3.7,16,20,125927,https://t.me/kievreal1/125927,Чабани/ Гатне - в укриттях
2026-08-20,17,Фастівський,Гатне,2026-08-20T16:51:04+03:00,2026-08-20T20:32:24+03:00,3.7,16,20,125930,https://t.me/kievreal1/125930,Чабани/ Гатне - в укриттях
2026-08-20,17,Бучанський,Вишневе,2026-08-20T16:51:04+03:00,2026-08-20T20:32:24+03:00,3.7,16,20,125937,https://t.me/kievreal1/125937,Вишневе знову
2026-08-20,17,Бучанський,Борщагівка,2026-08-20T16:51:04+03:00,2026-08-20T20:32:24+03:00,3.7,16,20,125938,https://t.me/kievreal1/125938,Борщагівка уважно
2026-08-20,18,Вишгородський,Вишгородський,2026-08-20T16:51:04+03:00,2026-08-20T20:32:24+03:00,3.7,16,20,125961,https://t.me/kievreal1/125961,Тривога продовжується тільки у Вишгородському районі Київщини . Загроза через БпЛА на/ через Славутич
2026-08-20,18,Вишгородський,Славутич,2026-08-20T16:51:04+03:00,2026-08-20T20:32:24+03:00,3.7,16,20,125961,https://t.me/kievreal1/125961,Тривога продовжується тільки у Вишгородському районі Київщини . Загроза через БпЛА на/ через Славутич
2026-08-20,19,Вишгородський,Вишгородський,2026-08-20T16:51:04+03:00,2026-08-20T20:32:24+03:00,3.7,16,20,125963,https://t.me/kievreal1/125963,Тривога продовжується тільки у Вишгородському районі Київщини. Загроза через БпЛА на/ через Славутич
2026-08-20,19,Вишгородський,Славутич,2026-08-20T16:51:04+03:00,2026-08-20T20:32:24+03:00,3.7,16,20,125963,https://t.me/kievreal1/125963,Тривога продовжується тільки у Вишгородському районі Київщини. Загроза через БпЛА на/ через Славутич
2026-08-20,19,Вишгородський,Чорнобиль,2026-08-20T16:51:04+03:00,2026-08-20T20:32:24+03:00,3.7,16,20,125964,https://t.me/kievreal1/125964,БпЛА в Чорнобильську зону зайшов
2026-08-20,19,Вишгородський,Вишгородський,2026-08-20T16:51:04+03:00,2026-08-20T20:32:24+03:00,3.7,16,20,125974,https://t.me/kievreal1/125974,Тривога продовжується тільки у Вишгородському районі Київщини. Загроза через БпЛА на/ через Славутич
2026-08-20,19,Вишгородський,Славутич,2026-08-20T16:51:04+03:00,2026-08-20T20:32:24+03:00,3.7,16,20,125974,https://t.me/kievreal1/125974,Тривога продовжується тільки у Вишгородському районі Київщини. Загроза через БпЛА на/ через Славутич
2026-08-20,19,Бориспільський,Бориспіль,2026-08-20T16:51:04+03:00,2026-08-20T20:32:24+03:00,3.7,16,20,125975,https://t.me/kievreal1/125975,На Бориспіль курсом
2026-08-20,19,Бориспільський,Бориспіль,2026-08-20T16:51:04+03:00,2026-08-20T20:32:24+03:00,3.7,16,20,125977,https://t.me/kievreal1/125977,На Бориспіль курсом
2026-08-20,19,Обухівський,Українка,2026-08-20T16:51:04+03:00,2026-08-20T20:32:24+03:00,3.7,16,20,125978,https://t.me/kievreal1/125978,Українка/ Обухів – вашим курсом
2026-08-20,19,Обухівський,Обухів,2026-08-20T16:51:04+03:00,2026-08-20T20:32:24+03:00,3.7,16,20,125978,https://t.me/kievreal1/125978,Українка/ Обухів – вашим курсом
2026-08-20,19,Вишгородський,Димер,2026-08-20T16:51:04+03:00,2026-08-20T20:32:24+03:00,3.7,16,20,125979,https://t.me/kievreal1/125979,БпЛА в бік Димера по морю
2026-08-20,19,Вишгородський,Димер,2026-08-20T16:51:04+03:00,2026-08-20T20:32:24+03:00,3.7,16,20,125980,https://t.me/kievreal1/125980,БпЛА в бік Димера по морю
2026-08-20,19,Вишгородський,Лебедівка,2026-08-20T16:51:04+03:00,2026-08-20T20:32:24+03:00,3.7,16,20,125982,https://t.me/kievreal1/125982,Лебедівка уважно
2026-08-20,19,Вишгородський,Вишгород,2026-08-20T16:51:04+03:00,2026-08-20T20:32:24+03:00,3.7,16,20,125984,https://t.me/kievreal1/125984,В сторону Вишгороду курсує! Троєщина — також уважно!
2026-08-20,19,Броварський,Згурівка,2026-08-20T16:51:04+03:00,2026-08-20T20:32:24+03:00,3.7,16,20,125993,https://t.me/kievreal1/125993,Цей без фіксації Але на Згурівку ще
2026-08-20,19,Броварський,Згурівка,2026-08-20T16:51:04+03:00,2026-08-20T20:32:24+03:00,3.7,16,20,125995,https://t.me/kievreal1/125995,Цей без фіксації Але на Згурівку ще
2026-08-20,20,Вишгородський,Вишгород,2026-08-20T16:51:04+03:00,2026-08-20T20:32:24+03:00,3.7,16,20,125997,https://t.me/kievreal1/125997,"БпЛА в бік Вишгороду! Тим часом стало відомо, що в Голосіївському районі знову спалахнула пожежа через падіння уламків БпЛА на територію не…"
2026-08-20,20,Вишгородський,Вишгород,2026-08-20T16:51:04+03:00,2026-08-20T20:32:24+03:00,3.7,16,20,126000,https://t.me/kievreal1/126000,"БпЛА в бік Вишгороду! Тим часом стало відомо, що в Голосіївському районі знову спалахнула пожежа через падіння уламків БпЛА на територію не…"
2026-08-20,21,Вишгородський,Славутич,2026-08-20T21:32:44+03:00,2026-08-20T21:49:34+03:00,0.3,21,21,126016,https://t.me/kievreal1/126016,🚨 КИЇВСЬКА ОБЛАСТЬ - ОГОЛОШЕНА ПОВІТРЯНА ТРИВОГА БпЛА на/ через Славутич
2026-08-20,21,Вишгородський,Лебедівка,2026-08-20T21:32:44+03:00,2026-08-20T21:49:34+03:00,0.3,21,21,126023,https://t.me/kievreal1/126023,БпЛА на Лебедівку
2026-08-20,21,Вишгородський,Лебедівка,2026-08-20T21:32:44+03:00,2026-08-20T21:49:34+03:00,0.3,21,21,126024,https://t.me/kievreal1/126024,БпЛА на Лебедівку
2026-08-20,21,Вишгородський,Вишгород,2026-08-20T21:32:44+03:00,2026-08-20T21:49:34+03:00,0.3,21,21,126025,https://t.me/kievreal1/126025,Вишгород/ Оболонь
2026-08-21,14,Броварський,Броварський,2026-08-21T14:59:04+03:00,2026-08-21T15:43:24+03:00,0.7,14,15,126040,https://t.me/kievreal1/126040,🚨 КИЇВСЬКА ОБЛАСТЬ - ОГОЛОШЕНА ПОВІТРЯНА ТРИВОГА Броварський та Вишгородський райони — загроза через бпла на/через Славутич
2026-08-21,14,Вишгородський,Вишгородський,2026-08-21T14:59:04+03:00,2026-08-21T15:43:24+03:00,0.7,14,15,126040,https://t.me/kievreal1/126040,🚨 КИЇВСЬКА ОБЛАСТЬ - ОГОЛОШЕНА ПОВІТРЯНА ТРИВОГА Броварський та Вишгородський райони — загроза через бпла на/через Славутич
2026-08-21,14,Вишгородський,Славутич,2026-08-21T14:59:04+03:00,2026-08-21T15:43:24+03:00,0.7,14,15,126040,https://t.me/kievreal1/126040,🚨 КИЇВСЬКА ОБЛАСТЬ - ОГОЛОШЕНА ПОВІТРЯНА ТРИВОГА Броварський та Вишгородський райони — загроза через бпла на/через Славутич
2026-08-22,1,Броварський,Згурівка,2026-08-22T00:47:04+03:00,2026-08-22T02:05:04+03:00,1.3,0,2,126070,https://t.me/kievreal1/126070,Бандероль на Згурівку
2026-08-22,1,Броварський,Бровари,2026-08-22T00:47:04+03:00,2026-08-22T02:05:04+03:00,1.3,0,2,126071,https://t.me/kievreal1/126071,2 бандеролі на Бровари
2026-08-22,1,Броварський,Бровари,2026-08-22T00:47:04+03:00,2026-08-22T02:05:04+03:00,1.3,0,2,126072,https://t.me/kievreal1/126072,3 Бандеролі курсом на Бровари
2026-08-22,1,Броварський,Бровари,2026-08-22T00:47:04+03:00,2026-08-22T02:05:04+03:00,1.3,0,2,126073,https://t.me/kievreal1/126073,"Перша КР ""Бандероль"" вже над Броварами."
2026-08-22,1,Броварський,Бровари,2026-08-22T00:47:04+03:00,2026-08-22T02:05:04+03:00,1.3,0,2,126075,https://t.me/kievreal1/126075,Ще 2 Бандеролі на Бровари
2026-08-22,1,Броварський,Бровари,2026-08-22T00:47:04+03:00,2026-08-22T02:05:04+03:00,1.3,0,2,126076,https://t.me/kievreal1/126076,Вибухи у Броварах
2026-08-22,2,Броварський,Бровари,2026-08-22T02:50:44+03:00,2026-08-22T03:10:14+03:00,0.3,2,3,126083,https://t.me/kievreal1/126083,Бандероль на Бровари
2026-08-22,2,Броварський,Бровари,2026-08-22T02:50:44+03:00,2026-08-22T03:10:14+03:00,0.3,2,3,126084,https://t.me/kievreal1/126084,Бандероль курсом на Бровари
2026-08-22,2,Броварський,Бровари,2026-08-22T02:50:44+03:00,2026-08-22T03:10:14+03:00,0.3,2,3,126086,https://t.me/kievreal1/126086,Бандероль над Броварами
2026-08-22,4,Броварський,Бровари,2026-08-22T03:38:04+03:00,2026-08-22T05:03:44+03:00,1.4,3,5,126092,https://t.me/kievreal1/126092,Бандероль курсом на Бровари
2026-08-22,4,Бучанський,Пісківка,2026-08-22T03:38:04+03:00,2026-08-22T05:03:44+03:00,1.4,3,5,126093,https://t.me/kievreal1/126093,Бандероль курсом на Пісківку
2026-08-22,11,Броварський,Бровари,2026-08-22T11:00:54+03:00,2026-08-22T11:37:04+03:00,0.6,11,11,126123,https://t.me/kievreal1/126123,БПЛА на Бровари
2026-08-23,20,Броварський,Бровари,2026-08-23T20:43:24+03:00,2026-08-24T21:38:44+03:00,24.9,20,21,126198,https://t.me/kievreal1/126198,Бровари
2026-08-23,20,Вишгородський,Вишгород,2026-08-23T20:43:24+03:00,2026-08-24T21:38:44+03:00,24.9,20,21,126200,https://t.me/kievreal1/126200,Вишгород
2026-08-23,21,Фастівський,Боярка,2026-08-23T20:43:24+03:00,2026-08-24T21:38:44+03:00,24.9,20,21,126203,https://t.me/kievreal1/126203,Боярка
2026-08-23,20,Обухівський,Васильків,2026-08-23T20:43:24+03:00,2026-08-24T21:38:44+03:00,24.9,20,21,126241,https://t.me/kievreal1/126241,"Від завтра, 25 серпня, і до 8 вересня частково буде перекрито рух вулицею Великою Васильківською та бульваром Тараса Шевченка 👉"
2026-08-24,23,Обухівський,Українка,2026-08-24T23:46:04+03:00,2026-08-25T00:43:24+03:00,1.0,23,0,126264,https://t.me/kievreal1/126264,2 Бандеролі на Українку
2026-08-24,0,Обухівський,Українка,2026-08-24T23:46:04+03:00,2026-08-25T00:43:24+03:00,1.0,23,0,126266,https://t.me/kievreal1/126266,2 Бандеролі на Українку
2026-08-24,0,Вишгородський,Ровжі,2026-08-24T23:46:04+03:00,2026-08-25T00:43:24+03:00,1.0,23,0,126268,https://t.me/kievreal1/126268,1 реактивний БпЛА на Ровжі
2026-08-24,0,Вишгородський,Ровжі,2026-08-24T23:46:04+03:00,2026-08-25T00:43:24+03:00,1.0,23,0,126269,https://t.me/kievreal1/126269,1 реактивний БпЛА на Ровжі
2026-08-25,11,Броварський,Броварський,2026-08-25T11:13:14+03:00,2026-08-25T12:23:00+03:00,1.2,11,12,126301,https://t.me/kievreal1/126301,🚨 КИЇВСЬКА ОБЛАСТЬ - ОГОЛОШЕНА ПОВІТРЯНА ТРИВОГА Броварський та Бориспільський райони – загроза через Бандеролі на Чернігівщині UPD 12:23 ✅…
2026-08-25,11,Бориспільський,Бориспільський,2026-08-25T11:13:14+03:00,2026-08-25T12:23:00+03:00,1.2,11,12,126301,https://t.me/kievreal1/126301,🚨 КИЇВСЬКА ОБЛАСТЬ - ОГОЛОШЕНА ПОВІТРЯНА ТРИВОГА Броварський та Бориспільський райони – загроза через Бандеролі на Чернігівщині UPD 12:23 ✅…
2026-08-25,12,Обухівський,Обухівський,2026-08-25T12:47:54+03:00,2026-08-25T13:13:14+03:00,0.4,12,13,126305,https://t.me/kievreal1/126305,"🚨 КИЇВСЬКА ОБЛАСТЬ - ОГОЛОШЕНА ПОВІТРЯНА ТРИВОГА Обухівський, Броварський та Бориспільський райони – на Полтавщині декілька реактивних бпла"
2026-08-25,12,Броварський,Броварський,2026-08-25T12:47:54+03:00,2026-08-25T13:13:14+03:00,0.4,12,13,126305,https://t.me/kievreal1/126305,"🚨 КИЇВСЬКА ОБЛАСТЬ - ОГОЛОШЕНА ПОВІТРЯНА ТРИВОГА Обухівський, Броварський та Бориспільський райони – на Полтавщині декілька реактивних бпла"
2026-08-25,12,Бориспільський,Бориспільський,2026-08-25T12:47:54+03:00,2026-08-25T13:13:14+03:00,0.4,12,13,126305,https://t.me/kievreal1/126305,"🚨 КИЇВСЬКА ОБЛАСТЬ - ОГОЛОШЕНА ПОВІТРЯНА ТРИВОГА Обухівський, Броварський та Бориспільський райони – на Полтавщині декілька реактивних бпла"
2026-08-25,20,Вишгородський,Вишгородський,2026-08-25T20:01:24+03:00,2026-08-25T20:40:24+03:00,0.7,20,20,126342,https://t.me/kievreal1/126342,🚨 КИЇВСЬКА ОБЛАСТЬ - ОГОЛОШЕНА ПОВІТРЯНА ТРИВОГА Вишгородський район – загроза через реактивний БпЛА на Славутич
2026-08-25,20,Вишгородський,Славутич,2026-08-25T20:01:24+03:00,2026-08-25T20:40:24+03:00,0.7,20,20,126342,https://t.me/kievreal1/126342,🚨 КИЇВСЬКА ОБЛАСТЬ - ОГОЛОШЕНА ПОВІТРЯНА ТРИВОГА Вишгородський район – загроза через реактивний БпЛА на Славутич
2026-08-25,20,Броварський,Бобровиця,2026-08-25T20:01:24+03:00,2026-08-25T20:40:24+03:00,0.7,20,20,126343,https://t.me/kievreal1/126343,"Перший бпла без фіксації вже та ще один курсує в бік Бобровиці, стежимо"
2026-08-26,20,Бориспільський,Яготин,2026-08-26T20:40:54+03:00,2026-08-27T02:04:04+03:00,5.4,20,2,126417,https://t.me/kievreal1/126417,Яготин уважно
2026-08-26,23,Обухівський,Обухів,2026-08-26T20:40:54+03:00,2026-08-27T02:04:04+03:00,5.4,20,2,126428,https://t.me/kievreal1/126428,Реактивний БПЛА на Обухів
2026-08-26,23,Обухівський,Миронівка,2026-08-26T20:40:54+03:00,2026-08-27T02:04:04+03:00,5.4,20,2,126430,https://t.me/kievreal1/126430,1 реактивний БпЛА на Миронівку 1 реактивний БпЛА на Ставище
2026-08-26,23,Білоцерківський,Ставище,2026-08-26T20:40:54+03:00,2026-08-27T02:04:04+03:00,5.4,20,2,126430,https://t.me/kievreal1/126430,1 реактивний БпЛА на Миронівку 1 реактивний БпЛА на Ставище
2026-08-26,1,Обухівський,Миронівка,2026-08-26T20:40:54+03:00,2026-08-27T02:04:04+03:00,5.4,20,2,126431,https://t.me/kievreal1/126431,БПЛА на Миронівку
2026-08-26,1,Фастівський,Фастів,2026-08-26T20:40:54+03:00,2026-08-27T02:04:04+03:00,5.4,20,2,126432,https://t.me/kievreal1/126432,На Фастів
2026-08-26,1,Обухівський,Обухів,2026-08-26T20:40:54+03:00,2026-08-27T02:04:04+03:00,5.4,20,2,126433,https://t.me/kievreal1/126433,Обухів уважно
2026-08-26,1,Обухівський,Васильків,2026-08-26T20:40:54+03:00,2026-08-27T02:04:04+03:00,5.4,20,2,126434,https://t.me/kievreal1/126434,1 на Васильків
2026-08-26,1,Бориспільський,Бориспіль,2026-08-26T20:40:54+03:00,2026-08-27T02:04:04+03:00,5.4,20,2,126437,https://t.me/kievreal1/126437,БПЛА на Бориспіль
2026-08-26,1,Бориспільський,Бориспіль,2026-08-26T20:40:54+03:00,2026-08-27T02:04:04+03:00,5.4,20,2,126439,https://t.me/kievreal1/126439,БПЛА на Бориспіль
2026-08-26,1,Броварський,Бровари,2026-08-26T20:40:54+03:00,2026-08-27T02:04:04+03:00,5.4,20,2,126440,https://t.me/kievreal1/126440,На Бровари
2026-08-26,1,Бориспільський,Бориспіль,2026-08-26T20:40:54+03:00,2026-08-27T02:04:04+03:00,5.4,20,2,126441,https://t.me/kievreal1/126441,Бориспіль
2026-08-27,2,Броварський,Бровари,2026-08-27T02:24:54+03:00,2026-08-27T07:20:24+03:00,4.9,2,7,126449,https://t.me/kievreal1/126449,БПЛА на Бровари
2026-08-27,2,Вишгородський,Димер,2026-08-27T02:24:54+03:00,2026-08-27T07:20:24+03:00,4.9,2,7,126450,https://t.me/kievreal1/126450,1 реактивний БпЛА на Димер 2 реактивні БпЛА на Велику Димерку
2026-08-27,2,Броварський,Велика Димерка,2026-08-27T02:24:54+03:00,2026-08-27T07:20:24+03:00,4.9,2,7,126450,https://t.me/kievreal1/126450,1 реактивний БпЛА на Димер 2 реактивні БпЛА на Велику Димерку
2026-08-27,2,Броварський,Бровари,2026-08-27T02:24:54+03:00,2026-08-27T07:20:24+03:00,4.9,2,7,126451,https://t.me/kievreal1/126451,БПЛА на Бровари
2026-08-27,2,Вишгородський,Жукин,2026-08-27T02:24:54+03:00,2026-08-27T07:20:24+03:00,4.9,2,7,126452,https://t.me/kievreal1/126452,1 реактивний БпЛА на Жукин 1 реактивний БпЛА на Велику Димерку
2026-08-27,2,Броварський,Велика Димерка,2026-08-27T02:24:54+03:00,2026-08-27T07:20:24+03:00,4.9,2,7,126452,https://t.me/kievreal1/126452,1 реактивний БпЛА на Жукин 1 реактивний БпЛА на Велику Димерку
2026-08-27,2,Броварський,Бровари,2026-08-27T02:24:54+03:00,2026-08-27T07:20:24+03:00,4.9,2,7,126454,https://t.me/kievreal1/126454,Бровари
2026-08-27,3,Вишгородський,Димер,2026-08-27T02:24:54+03:00,2026-08-27T07:20:24+03:00,4.9,2,7,126466,https://t.me/kievreal1/126466,БПЛА на Димер
2026-08-27,3,Вишгородський,Димер,2026-08-27T02:24:54+03:00,2026-08-27T07:20:24+03:00,4.9,2,7,126467,https://t.me/kievreal1/126467,1 реактивний БпЛА на Димер 1 реактивний БпЛА на Згурівку
2026-08-27,3,Броварський,Згурівка,2026-08-27T02:24:54+03:00,2026-08-27T07:20:24+03:00,4.9,2,7,126467,https://t.me/kievreal1/126467,1 реактивний БпЛА на Димер 1 реактивний БпЛА на Згурівку
2026-08-27,4,Броварський,Бровари,2026-08-27T02:24:54+03:00,2026-08-27T07:20:24+03:00,4.9,2,7,126481,https://t.me/kievreal1/126481,БПЛА на Бровари
2026-08-27,4,Вишгородський,Вишгород,2026-08-27T02:24:54+03:00,2026-08-27T07:20:24+03:00,4.9,2,7,126482,https://t.me/kievreal1/126482,Вишгород
2026-08-27,4,Вишгородський,Вишгород,2026-08-27T02:24:54+03:00,2026-08-27T07:20:24+03:00,4.9,2,7,126483,https://t.me/kievreal1/126483,Вишгород
2026-08-27,4,Вишгородський,Жукин,2026-08-27T02:24:54+03:00,2026-08-27T07:20:24+03:00,4.9,2,7,126484,https://t.me/kievreal1/126484,1 реактивний БпЛА на Жукин 1 реактивний БпЛА на Погреби
2026-08-27,4,Броварський,Бровари,2026-08-27T02:24:54+03:00,2026-08-27T07:20:24+03:00,4.9,2,7,126486,https://t.me/kievreal1/126486,Бровари
2026-08-27,4,Броварський,Залісся,2026-08-27T02:24:54+03:00,2026-08-27T07:20:24+03:00,4.9,2,7,126488,https://t.me/kievreal1/126488,2 на Залісся
2026-08-27,4,Броварський,Бровари,2026-08-27T02:24:54+03:00,2026-08-27T07:20:24+03:00,4.9,2,7,126490,https://t.me/kievreal1/126490,1 на Бровари
2026-08-27,4,Броварський,Бровари,2026-08-27T02:24:54+03:00,2026-08-27T07:20:24+03:00,4.9,2,7,126491,https://t.me/kievreal1/126491,1 реактивний БпЛА на Бровари 2 реактивні БпЛА на Перемогу 1 реактивний БпЛА на Чорнобиль 1 реактивний БпЛА на Калиту
2026-08-27,4,Вишгородський,Чорнобиль,2026-08-27T02:24:54+03:00,2026-08-27T07:20:24+03:00,4.9,2,7,126491,https://t.me/kievreal1/126491,1 реактивний БпЛА на Бровари 2 реактивні БпЛА на Перемогу 1 реактивний БпЛА на Чорнобиль 1 реактивний БпЛА на Калиту
2026-08-27,4,Броварський,Калита,2026-08-27T02:24:54+03:00,2026-08-27T07:20:24+03:00,4.9,2,7,126491,https://t.me/kievreal1/126491,1 реактивний БпЛА на Бровари 2 реактивні БпЛА на Перемогу 1 реактивний БпЛА на Чорнобиль 1 реактивний БпЛА на Калиту
2026-08-27,4,Броварський,Бровари,2026-08-27T02:24:54+03:00,2026-08-27T07:20:24+03:00,4.9,2,7,126493,https://t.me/kievreal1/126493,БПЛА на Бровари
2026-08-27,5,Бориспільський,Бориспіль,2026-08-27T02:24:54+03:00,2026-08-27T07:20:24+03:00,4.9,2,7,126494,https://t.me/kievreal1/126494,1 на Бориспіль
2026-08-27,5,Броварський,Згурівка,2026-08-27T02:24:54+03:00,2026-08-27T07:20:24+03:00,4.9,2,7,126496,https://t.me/kievreal1/126496,2 реактивні БпЛА на Згурівку 1 реактивний БпЛА на Бровари 1 реактивний БпЛА на Жукин
2026-08-27,5,Броварський,Бровари,2026-08-27T02:24:54+03:00,2026-08-27T07:20:24+03:00,4.9,2,7,126496,https://t.me/kievreal1/126496,2 реактивні БпЛА на Згурівку 1 реактивний БпЛА на Бровари 1 реактивний БпЛА на Жукин
2026-08-27,5,Вишгородський,Жукин,2026-08-27T02:24:54+03:00,2026-08-27T07:20:24+03:00,4.9,2,7,126496,https://t.me/kievreal1/126496,2 реактивні БпЛА на Згурівку 1 реактивний БпЛА на Бровари 1 реактивний БпЛА на Жукин
2026-08-27,6,Обухівський,Васильків,2026-08-27T02:24:54+03:00,2026-08-27T07:20:24+03:00,4.9,2,7,126498,https://t.me/kievreal1/126498,1 на Васильків
2026-08-27,6,Бориспільський,Бориспіль,2026-08-27T02:24:54+03:00,2026-08-27T07:20:24+03:00,4.9,2,7,126500,https://t.me/kievreal1/126500,Бориспіль
2026-08-27,7,Броварський,Велика Димерка,2026-08-27T02:24:54+03:00,2026-08-27T07:20:24+03:00,4.9,2,7,126501,https://t.me/kievreal1/126501,1 реактивний БпЛА на Велику Димерку
2026-08-27,8,Бориспільський,Бориспіль,2026-08-27T08:00:14+03:00,2026-08-27T13:51:34+03:00,5.9,8,13,126509,https://t.me/kievreal1/126509,Реактивний на Бориспіль / Бровари
2026-08-27,8,Броварський,Бровари,2026-08-27T08:00:14+03:00,2026-08-27T13:51:34+03:00,5.9,8,13,126509,https://t.me/kievreal1/126509,Реактивний на Бориспіль / Бровари
2026-08-27,8,Бориспільський,Яготин,2026-08-27T08:00:14+03:00,2026-08-27T13:51:34+03:00,5.9,8,13,126511,https://t.me/kievreal1/126511,БПЛА на Яготин/Згурівку
2026-08-27,8,Броварський,Згурівка,2026-08-27T08:00:14+03:00,2026-08-27T13:51:34+03:00,5.9,8,13,126511,https://t.me/kievreal1/126511,БПЛА на Яготин/Згурівку
2026-08-27,8,Обухівський,Обухів,2026-08-27T08:00:14+03:00,2026-08-27T13:51:34+03:00,5.9,8,13,126512,https://t.me/kievreal1/126512,Обухів
2026-08-27,8,Бориспільський,Бориспільський,2026-08-27T08:00:14+03:00,2026-08-27T13:51:34+03:00,5.9,8,13,126518,https://t.me/kievreal1/126518,"У Бориспільському районі внаслідок атаки виникла пожежа складських приміщень. Наразі триває її ліквідація, на місці задіяні всі необхідні с…"
2026-08-27,8,Фастівський,Фастівський,2026-08-27T08:00:14+03:00,2026-08-27T13:51:34+03:00,5.9,8,13,126518,https://t.me/kievreal1/126518,"У Бориспільському районі внаслідок атаки виникла пожежа складських приміщень. Наразі триває її ліквідація, на місці задіяні всі необхідні с…"
2026-08-27,8,Броварський,Броварський,2026-08-27T08:00:14+03:00,2026-08-27T13:51:34+03:00,5.9,8,13,126518,https://t.me/kievreal1/126518,"У Бориспільському районі внаслідок атаки виникла пожежа складських приміщень. Наразі триває її ліквідація, на місці задіяні всі необхідні с…"
2026-08-27,8,Вишгородський,Вишгородський,2026-08-27T08:00:14+03:00,2026-08-27T13:51:34+03:00,5.9,8,13,126518,https://t.me/kievreal1/126518,"У Бориспільському районі внаслідок атаки виникла пожежа складських приміщень. Наразі триває її ліквідація, на місці задіяні всі необхідні с…"
2026-08-27,9,Бориспільський,Бориспіль,2026-08-27T08:00:14+03:00,2026-08-27T13:51:34+03:00,5.9,8,13,126519,https://t.me/kievreal1/126519,Ще на Бориспіль /Васильків
2026-08-27,9,Обухівський,Васильків,2026-08-27T08:00:14+03:00,2026-08-27T13:51:34+03:00,5.9,8,13,126519,https://t.me/kievreal1/126519,Ще на Бориспіль /Васильків
2026-08-27,9,Бориспільський,Бориспільський,2026-08-27T08:00:14+03:00,2026-08-27T13:51:34+03:00,5.9,8,13,126520,https://t.me/kievreal1/126520,"Бориспільська траса в бік Києва стоїть 🖼 побачили якусь подію та зняли на камеру? Надсилайте нам , ми покажемо це на каналі — @novosti_kiev…"
2026-08-27,9,Вишгородський,Вишгород,2026-08-27T08:00:14+03:00,2026-08-27T13:51:34+03:00,5.9,8,13,126523,https://t.me/kievreal1/126523,Вишгород/ Київ
2026-08-27,9,Бориспільський,Бориспільський,2026-08-27T08:00:14+03:00,2026-08-27T13:51:34+03:00,5.9,8,13,126524,https://t.me/kievreal1/126524,Внаслідок ворожої атаки на Київщину травмовано двох жителів Бориспільського району. 15-річній дівчині та 73-річній жінці медичну допомогу н…
2026-08-27,10,Броварський,Бровари,2026-08-27T08:00:14+03:00,2026-08-27T13:51:34+03:00,5.9,8,13,126533,https://t.me/kievreal1/126533,Бровари
2026-08-27,10,Броварський,Бровари,2026-08-27T08:00:14+03:00,2026-08-27T13:51:34+03:00,5.9,8,13,126537,https://t.me/kievreal1/126537,Бровари
2026-08-27,10,Броварський,Бровари,2026-08-27T08:00:14+03:00,2026-08-27T13:51:34+03:00,5.9,8,13,126542,https://t.me/kievreal1/126542,Бровари
2026-08-27,10,Бучанський,Гостомель,2026-08-27T08:00:14+03:00,2026-08-27T13:51:34+03:00,5.9,8,13,126549,https://t.me/kievreal1/126549,Гостомель
2026-08-27,11,Броварський,Бровари,2026-08-27T08:00:14+03:00,2026-08-27T13:51:34+03:00,5.9,8,13,126558,https://t.me/kievreal1/126558,БПЛА на Бровари
2026-08-27,11,Бориспільський,Бориспіль,2026-08-27T08:00:14+03:00,2026-08-27T13:51:34+03:00,5.9,8,13,126561,https://t.me/kievreal1/126561,"Погіршилася якість повітря у шести населених пунктах Київщини , – КОВА Через пожежі після ворожої атаки забруднення повітря зафіксували у Б…"
2026-08-27,11,Броварський,Бровари,2026-08-27T08:00:14+03:00,2026-08-27T13:51:34+03:00,5.9,8,13,126561,https://t.me/kievreal1/126561,"Погіршилася якість повітря у шести населених пунктах Київщини , – КОВА Через пожежі після ворожої атаки забруднення повітря зафіксували у Б…"
2026-08-27,11,Вишгородський,Вишгород,2026-08-27T08:00:14+03:00,2026-08-27T13:51:34+03:00,5.9,8,13,126563,https://t.me/kievreal1/126563,Вишгород
2026-08-27,12,Бучанський,Ірпінь,2026-08-27T08:00:14+03:00,2026-08-27T13:51:34+03:00,5.9,8,13,126565,https://t.me/kievreal1/126565,Ірпінь
2026-08-27,12,Фастівський,Боярка,2026-08-27T08:00:14+03:00,2026-08-27T13:51:34+03:00,5.9,8,13,126567,https://t.me/kievreal1/126567,Боярка
2026-08-27,12,Обухівський,Васильків,2026-08-27T08:00:14+03:00,2026-08-27T13:51:34+03:00,5.9,8,13,126568,https://t.me/kievreal1/126568,Васильків
2026-08-27,12,Броварський,Бровари,2026-08-27T08:00:14+03:00,2026-08-27T13:51:34+03:00,5.9,8,13,126577,https://t.me/kievreal1/126577,Бровари / Бориспіль
2026-08-27,12,Бориспільський,Бориспіль,2026-08-27T08:00:14+03:00,2026-08-27T13:51:34+03:00,5.9,8,13,126577,https://t.me/kievreal1/126577,Бровари / Бориспіль
2026-08-27,13,Бориспільський,Бориспільський,2026-08-27T08:00:14+03:00,2026-08-27T13:51:34+03:00,5.9,8,13,126582,https://t.me/kievreal1/126582,На Київщині триває ліквідація наслідків чергової російської атаки У Бориспільському районі рятувальники працюють на 9 локаціях. Серед них —…
2026-08-27,14,Вишгородський,Славутич,2026-08-27T14:28:24+03:00,2026-08-28T00:41:54+03:00,10.2,14,0,126599,https://t.me/kievreal1/126599,БПЛА на Славутич
2026-08-27,14,Бориспільський,Бориспіль,2026-08-27T14:28:24+03:00,2026-08-28T00:41:54+03:00,10.2,14,0,126606,https://t.me/kievreal1/126606,Бориспіль
2026-08-27,15,Обухівський,Українка,2026-08-27T14:28:24+03:00,2026-08-28T00:41:54+03:00,10.2,14,0,126607,https://t.me/kievreal1/126607,Українка
2026-08-27,15,Обухівський,Васильків,2026-08-27T14:28:24+03:00,2026-08-28T00:41:54+03:00,10.2,14,0,126608,https://t.me/kievreal1/126608,Васильків
2026-08-27,16,Броварський,Бровари,2026-08-27T14:28:24+03:00,2026-08-28T00:41:54+03:00,10.2,14,0,126618,https://t.me/kievreal1/126618,Бровари БПЛА
2026-08-27,17,Броварський,Бровари,2026-08-27T14:28:24+03:00,2026-08-28T00:41:54+03:00,10.2,14,0,126621,https://t.me/kievreal1/126621,Реактив на Бровари
2026-08-27,17,Бориспільський,Бориспіль,2026-08-27T14:28:24+03:00,2026-08-28T00:41:54+03:00,10.2,14,0,126625,https://t.me/kievreal1/126625,Бориспіль
2026-08-27,17,Броварський,Бровари,2026-08-27T14:28:24+03:00,2026-08-28T00:41:54+03:00,10.2,14,0,126628,https://t.me/kievreal1/126628,Реактив на Бровари
2026-08-27,19,Броварський,Бровари,2026-08-27T14:28:24+03:00,2026-08-28T00:41:54+03:00,10.2,14,0,126641,https://t.me/kievreal1/126641,Бровари
2026-08-27,19,Броварський,Бровари,2026-08-27T14:28:24+03:00,2026-08-28T00:41:54+03:00,10.2,14,0,126651,https://t.me/kievreal1/126651,Бровари
2026-08-27,19,Вишгородський,Вишгород,2026-08-27T14:28:24+03:00,2026-08-28T00:41:54+03:00,10.2,14,0,126656,https://t.me/kievreal1/126656,Вишгород
2026-08-27,20,Броварський,Бровари,2026-08-27T14:28:24+03:00,2026-08-28T00:41:54+03:00,10.2,14,0,126661,https://t.me/kievreal1/126661,Ще є на Бровари
2026-08-27,20,Бориспільський,Бориспіль,2026-08-27T14:28:24+03:00,2026-08-28T00:41:54+03:00,10.2,14,0,126663,https://t.me/kievreal1/126663,Бориспіль
2026-08-27,20,Бучанський,Вишневе,2026-08-27T14:28:24+03:00,2026-08-28T00:41:54+03:00,10.2,14,0,126666,https://t.me/kievreal1/126666,Вишневе
2026-08-27,21,Броварський,Броварський,2026-08-27T14:28:24+03:00,2026-08-28T00:41:54+03:00,10.2,14,0,126671,https://t.me/kievreal1/126671,В Броварському районі знов загроза БПЛА
2026-08-27,21,Броварський,Бровари,2026-08-27T14:28:24+03:00,2026-08-28T00:41:54+03:00,10.2,14,0,126676,https://t.me/kievreal1/126676,Ще є на Бровари
2026-08-27,21,Бучанський,Чайки,2026-08-27T14:28:24+03:00,2026-08-28T00:41:54+03:00,10.2,14,0,126679,https://t.me/kievreal1/126679,Чайки
2026-08-27,23,Вишгородський,Вишгородський,2026-08-27T14:28:24+03:00,2026-08-28T00:41:54+03:00,10.2,14,0,126694,https://t.me/kievreal1/126694,"1 реактивний БпЛА перелітає з Чернігівщини , Вишгородський р-н"
2026-08-27,23,Броварський,Бровари,2026-08-27T14:28:24+03:00,2026-08-28T00:41:54+03:00,10.2,14,0,126695,https://t.me/kievreal1/126695,БПЛА на Бровари з півночі
2026-08-27,23,Вишгородський,Вишгород,2026-08-27T14:28:24+03:00,2026-08-28T00:41:54+03:00,10.2,14,0,126697,https://t.me/kievreal1/126697,Тривога через БПЛА на Вишгород/ Бровари Траєкторія БПЛА в реальному часі - https://t.me/+8npgfltbb1wzMTUy
2026-08-27,23,Броварський,Бровари,2026-08-27T14:28:24+03:00,2026-08-28T00:41:54+03:00,10.2,14,0,126697,https://t.me/kievreal1/126697,Тривога через БПЛА на Вишгород/ Бровари Траєкторія БПЛА в реальному часі - https://t.me/+8npgfltbb1wzMTUy
2026-08-27,0,Бучанський,Вишневе,2026-08-27T14:28:24+03:00,2026-08-28T00:41:54+03:00,10.2,14,0,126702,https://t.me/kievreal1/126702,Вишневе
2026-08-27,0,Бучанський,Софіївська Борщагівка,2026-08-27T14:28:24+03:00,2026-08-28T00:41:54+03:00,10.2,14,0,126705,https://t.me/kievreal1/126705,Реактивний БпЛА курсом на Софіївську Борщагівку
2026-08-27,0,Броварський,Бровари,2026-08-27T14:28:24+03:00,2026-08-28T00:41:54+03:00,10.2,14,0,126712,https://t.me/kievreal1/126712,Реактивний БпЛА курсом на Бровари Реактивний БпЛА курсом на Боярку
2026-08-27,0,Фастівський,Боярка,2026-08-27T14:28:24+03:00,2026-08-28T00:41:54+03:00,10.2,14,0,126712,https://t.me/kievreal1/126712,Реактивний БпЛА курсом на Бровари Реактивний БпЛА курсом на Боярку
2026-08-27,0,Обухівський,Глеваха,2026-08-27T14:28:24+03:00,2026-08-28T00:41:54+03:00,10.2,14,0,126713,https://t.me/kievreal1/126713,БПЛА на Глеваху / Калинівку
2026-08-27,0,Фастівський,Калинівка,2026-08-27T14:28:24+03:00,2026-08-28T00:41:54+03:00,10.2,14,0,126713,https://t.me/kievreal1/126713,БПЛА на Глеваху / Калинівку
2026-08-27,0,Фастівський,Фастів,2026-08-27T14:28:24+03:00,2026-08-28T00:41:54+03:00,10.2,14,0,126714,https://t.me/kievreal1/126714,БПЛА на Фастів
2026-08-27,0,Броварський,Калита,2026-08-27T14:28:24+03:00,2026-08-28T00:41:54+03:00,10.2,14,0,126716,https://t.me/kievreal1/126716,"Київщина : БПЛА на Калиту/ Бровари / Київ ; БПЛА Фастів/Білу Церкву Підтримати канал, буду вдячний Вам: https://base.monobank.ua/4jYdAKEbmc…"
2026-08-27,0,Броварський,Бровари,2026-08-27T14:28:24+03:00,2026-08-28T00:41:54+03:00,10.2,14,0,126716,https://t.me/kievreal1/126716,"Київщина : БПЛА на Калиту/ Бровари / Київ ; БПЛА Фастів/Білу Церкву Підтримати канал, буду вдячний Вам: https://base.monobank.ua/4jYdAKEbmc…"
2026-08-27,0,Фастівський,Фастів,2026-08-27T14:28:24+03:00,2026-08-28T00:41:54+03:00,10.2,14,0,126716,https://t.me/kievreal1/126716,"Київщина : БПЛА на Калиту/ Бровари / Київ ; БПЛА Фастів/Білу Церкву Підтримати канал, буду вдячний Вам: https://base.monobank.ua/4jYdAKEbmc…"
2026-08-28,2,Вишгородський,Славутич,2026-08-28T02:10:04+03:00,2026-08-28T02:39:34+03:00,0.5,2,2,126722,https://t.me/kievreal1/126722,Реактивний на / повз Славутич
2026-08-28,2,Броварський,Бровари,2026-08-28T02:10:04+03:00,2026-08-28T02:39:34+03:00,0.5,2,2,126723,https://t.me/kievreal1/126723,Реактивний шахед на Київ / Бровари
2026-08-28,2,Броварський,Бровари,2026-08-28T02:10:04+03:00,2026-08-28T02:39:34+03:00,0.5,2,2,126725,https://t.me/kievreal1/126725,БПЛА на Бровари
2026-08-28,2,Бориспільський,Бориспіль,2026-08-28T02:10:04+03:00,2026-08-28T02:39:34+03:00,0.5,2,2,126726,https://t.me/kievreal1/126726,БПЛА на аеропорт Борисполя
2026-08-28,3,Броварський,Бровари,2026-08-28T03:20:44+03:00,2026-08-28T04:00:24+03:00,0.7,3,4,126730,https://t.me/kievreal1/126730,БПЛА на Бровари
2026-08-28,3,Броварський,Бровари,2026-08-28T03:20:44+03:00,2026-08-28T04:00:24+03:00,0.7,3,4,126732,https://t.me/kievreal1/126732,Реактивний БпЛА курсом на Бровари Реактивний БпЛА курсом на Згурівку
2026-08-28,3,Броварський,Згурівка,2026-08-28T03:20:44+03:00,2026-08-28T04:00:24+03:00,0.7,3,4,126732,https://t.me/kievreal1/126732,Реактивний БпЛА курсом на Бровари Реактивний БпЛА курсом на Згурівку
2026-08-28,3,Бучанський,Софіївська Борщагівка,2026-08-28T03:20:44+03:00,2026-08-28T04:00:24+03:00,0.7,3,4,126736,https://t.me/kievreal1/126736,Реактивний БпЛА курсом на Софіївську Борщагівку
2026-08-28,3,Фастівський,Боярка,2026-08-28T03:20:44+03:00,2026-08-28T04:00:24+03:00,0.7,3,4,126737,https://t.me/kievreal1/126737,БПЛА на Боярку
2026-08-28,3,Вишгородський,Вишгород,2026-08-28T03:20:44+03:00,2026-08-28T04:00:24+03:00,0.7,3,4,126741,https://t.me/kievreal1/126741,Реактивний БпЛА курсом на Вишгород
2026-08-28,3,Бучанський,Святопетрівське,2026-08-28T03:20:44+03:00,2026-08-28T04:00:24+03:00,0.7,3,4,126744,https://t.me/kievreal1/126744,Реактивний БпЛА курсом на Святопетрівське
2026-08-28,5,Вишгородський,Жукин,2026-08-28T04:43:04+03:00,2026-08-28T07:19:14+03:00,2.6,4,7,126750,https://t.me/kievreal1/126750,Реактивний БпЛА курсом на Жукин
2026-08-28,5,Броварський,Калита,2026-08-28T04:43:04+03:00,2026-08-28T07:19:14+03:00,2.6,4,7,126752,https://t.me/kievreal1/126752,Реактивний БпЛА курсом на Калиту
2026-08-28,5,Вишгородський,Димер,2026-08-28T04:43:04+03:00,2026-08-28T07:19:14+03:00,2.6,4,7,126755,https://t.me/kievreal1/126755,Реактивний БпЛА курсом на Димер
2026-08-28,5,Вишгородський,Жукин,2026-08-28T04:43:04+03:00,2026-08-28T07:19:14+03:00,2.6,4,7,126756,https://t.me/kievreal1/126756,Реактивний БпЛА курсом на Жукин
2026-08-28,5,Вишгородський,Вишгород,2026-08-28T04:43:04+03:00,2026-08-28T07:19:14+03:00,2.6,4,7,126757,https://t.me/kievreal1/126757,БПЛА на Вишгород
2026-08-28,5,Бучанський,Святопетрівське,2026-08-28T04:43:04+03:00,2026-08-28T07:19:14+03:00,2.6,4,7,126761,https://t.me/kievreal1/126761,Реактивний БпЛА курсом на Святопетрівське 2х Реактивні БпЛА курсом на Жукин
2026-08-28,5,Вишгородський,Жукин,2026-08-28T04:43:04+03:00,2026-08-28T07:19:14+03:00,2.6,4,7,126761,https://t.me/kievreal1/126761,Реактивний БпЛА курсом на Святопетрівське 2х Реактивні БпЛА курсом на Жукин
2026-08-28,5,Бучанський,Вишневе,2026-08-28T04:43:04+03:00,2026-08-28T07:19:14+03:00,2.6,4,7,126764,https://t.me/kievreal1/126764,Вишневе-Боярка
2026-08-28,5,Фастівський,Боярка,2026-08-28T04:43:04+03:00,2026-08-28T07:19:14+03:00,2.6,4,7,126764,https://t.me/kievreal1/126764,Вишневе-Боярка
2026-08-28,6,Фастівський,Боярка,2026-08-28T04:43:04+03:00,2026-08-28T07:19:14+03:00,2.6,4,7,126765,https://t.me/kievreal1/126765,2х Реактивні БпЛА курсом на Боярку
2026-08-28,6,Обухівський,Обухів,2026-08-28T04:43:04+03:00,2026-08-28T07:19:14+03:00,2.6,4,7,126767,https://t.me/kievreal1/126767,Реактивний БпЛА курсом на Обухів
2026-08-28,6,Обухівський,Васильків,2026-08-28T04:43:04+03:00,2026-08-28T07:19:14+03:00,2.6,4,7,126768,https://t.me/kievreal1/126768,Реактивний БпЛА курсом на Васильків
2026-08-28,6,Обухівський,Васильків,2026-08-28T04:43:04+03:00,2026-08-28T07:19:14+03:00,2.6,4,7,126769,https://t.me/kievreal1/126769,1 БпЛА на Васильків/Глеваху
2026-08-28,6,Обухівський,Глеваха,2026-08-28T04:43:04+03:00,2026-08-28T07:19:14+03:00,2.6,4,7,126769,https://t.me/kievreal1/126769,1 БпЛА на Васильків/Глеваху
2026-08-28,6,Обухівський,Васильків,2026-08-28T04:43:04+03:00,2026-08-28T07:19:14+03:00,2.6,4,7,126771,https://t.me/kievreal1/126771,Реактивний БпЛА курсом на Васильків
2026-08-28,6,Фастівський,Боярка,2026-08-28T04:43:04+03:00,2026-08-28T07:19:14+03:00,2.6,4,7,126774,https://t.me/kievreal1/126774,Реактивний БпЛА курсом на Боярку
2026-08-28,6,Вишгородський,Жукин,2026-08-28T04:43:04+03:00,2026-08-28T07:19:14+03:00,2.6,4,7,126775,https://t.me/kievreal1/126775,Реактивний БпЛА курсом на Жукин
2026-08-28,6,Броварський,Бровари,2026-08-28T04:43:04+03:00,2026-08-28T07:19:14+03:00,2.6,4,7,126777,https://t.me/kievreal1/126777,БПЛА з півночі на Бровари
2026-08-28,6,Вишгородський,Славутич,2026-08-28T04:43:04+03:00,2026-08-28T07:19:14+03:00,2.6,4,7,126779,https://t.me/kievreal1/126779,2 реактивні на Славутич
2026-08-28,6,Вишгородський,Вишгород,2026-08-28T04:43:04+03:00,2026-08-28T07:19:14+03:00,2.6,4,7,126780,https://t.me/kievreal1/126780,1 БпЛА на Вишгород/ Бровари / Київ
2026-08-28,6,Броварський,Бровари,2026-08-28T04:43:04+03:00,2026-08-28T07:19:14+03:00,2.6,4,7,126780,https://t.me/kievreal1/126780,1 БпЛА на Вишгород/ Бровари / Київ
2026-08-28,6,Вишгородський,Вишгород,2026-08-28T04:43:04+03:00,2026-08-28T07:19:14+03:00,2.6,4,7,126781,https://t.me/kievreal1/126781,1 БПЛА по водосховищу на Вишгород/ Бровари
2026-08-28,6,Броварський,Бровари,2026-08-28T04:43:04+03:00,2026-08-28T07:19:14+03:00,2.6,4,7,126781,https://t.me/kievreal1/126781,1 БПЛА по водосховищу на Вишгород/ Бровари
2026-08-28,6,Обухівський,Васильків,2026-08-28T04:43:04+03:00,2026-08-28T07:19:14+03:00,2.6,4,7,126783,https://t.me/kievreal1/126783,Реактивний БпЛА курсом на Васильків
2026-08-28,7,Бучанський,Бородянка,2026-08-28T04:43:04+03:00,2026-08-28T07:19:14+03:00,2.6,4,7,126784,https://t.me/kievreal1/126784,Реактивний БпЛА курсом на Бородянку
2026-08-28,7,Бучанський,Ворзель,2026-08-28T04:43:04+03:00,2026-08-28T07:19:14+03:00,2.6,4,7,126785,https://t.me/kievreal1/126785,Реактивний БпЛА курсом на Ворзель
2026-08-28,7,Бучанський,Стоянка,2026-08-28T04:43:04+03:00,2026-08-28T07:19:14+03:00,2.6,4,7,126786,https://t.me/kievreal1/126786,Реактивний БпЛА курсом на Стоянку
2026-08-28,7,Бучанський,Святопетрівське,2026-08-28T04:43:04+03:00,2026-08-28T07:19:14+03:00,2.6,4,7,126787,https://t.me/kievreal1/126787,Реактивний БпЛА курсом на Святопетрівське
2026-08-28,8,Вишгородський,Славутич,2026-08-28T07:50:34+03:00,2026-08-28T09:37:14+03:00,1.8,7,9,126798,https://t.me/kievreal1/126798,"Погреби, Новосілки – вашим курсом і ще біля Славутича нові P.S про рух шахедів в онлайн-режимі пишуть тут – t.me/tryvoga_kyiv"
2026-08-28,8,Бучанський,Борщагівка,2026-08-28T07:50:34+03:00,2026-08-28T09:37:14+03:00,1.8,7,9,126802,https://t.me/kievreal1/126802,"Борщагівки – у ваш бік, другий на Нивки"
2026-08-28,8,Бучанський,Вишневе,2026-08-28T07:50:34+03:00,2026-08-28T09:37:14+03:00,1.8,7,9,126803,https://t.me/kievreal1/126803,"Перший на Вишневе курсом, другий – Святошин"
2026-08-28,8,Бучанський,Святопетрівське,2026-08-28T07:50:34+03:00,2026-08-28T09:37:14+03:00,1.8,7,9,126804,https://t.me/kievreal1/126804,Святопетрівське також обережно
2026-08-28,8,Бучанський,Вишневе,2026-08-28T07:50:34+03:00,2026-08-28T09:37:14+03:00,1.8,7,9,126805,https://t.me/kievreal1/126805,"Кадри з місця атаки у Вишневому, де локалізовано пожежу, але вщент згоріло більше 15 автомобілів"
2026-08-28,8,Вишгородський,Лебедівка,2026-08-28T07:50:34+03:00,2026-08-28T09:37:14+03:00,1.8,7,9,126810,https://t.me/kievreal1/126810,В бік Лебедівки бпла
2026-08-28,8,Фастівський,Крюківщина,2026-08-28T07:50:34+03:00,2026-08-28T09:37:14+03:00,1.8,7,9,126814,https://t.me/kievreal1/126814,Крюківщина/ Святопетрівське/ Вишневе
2026-08-28,8,Бучанський,Святопетрівське,2026-08-28T07:50:34+03:00,2026-08-28T09:37:14+03:00,1.8,7,9,126814,https://t.me/kievreal1/126814,Крюківщина/ Святопетрівське/ Вишневе
2026-08-28,8,Бучанський,Вишневе,2026-08-28T07:50:34+03:00,2026-08-28T09:37:14+03:00,1.8,7,9,126814,https://t.me/kievreal1/126814,Крюківщина/ Святопетрівське/ Вишневе
2026-08-28,8,Бучанський,Бучанський,2026-08-28T07:50:34+03:00,2026-08-28T09:37:14+03:00,1.8,7,9,126817,https://t.me/kievreal1/126817,😣 Всю ніч та ранок рятувальники на Київщині ліквідовують наслідки ворожої атаки У Бучанському районі вогнеборці працюють на кількох локація…
2026-08-28,8,Фастівський,Фастівський,2026-08-28T07:50:34+03:00,2026-08-28T09:37:14+03:00,1.8,7,9,126823,https://t.me/kievreal1/126823,"ОВА: Наразі в області пошкоджено 14 складських приміщень, 16 приватних домоволодінь, 3 багатоквартирні будинки, 16 транспортних засобів Руй…"
2026-08-28,8,Бориспільський,Бориспільський,2026-08-28T07:50:34+03:00,2026-08-28T09:37:14+03:00,1.8,7,9,126823,https://t.me/kievreal1/126823,"ОВА: Наразі в області пошкоджено 14 складських приміщень, 16 приватних домоволодінь, 3 багатоквартирні будинки, 16 транспортних засобів Руй…"
2026-08-28,8,Вишгородський,Вишгородський,2026-08-28T07:50:34+03:00,2026-08-28T09:37:14+03:00,1.8,7,9,126823,https://t.me/kievreal1/126823,"ОВА: Наразі в області пошкоджено 14 складських приміщень, 16 приватних домоволодінь, 3 багатоквартирні будинки, 16 транспортних засобів Руй…"
2026-08-28,8,Броварський,Броварський,2026-08-28T07:50:34+03:00,2026-08-28T09:37:14+03:00,1.8,7,9,126823,https://t.me/kievreal1/126823,"ОВА: Наразі в області пошкоджено 14 складських приміщень, 16 приватних домоволодінь, 3 багатоквартирні будинки, 16 транспортних засобів Руй…"
2026-08-28,8,Бучанський,Бучанський,2026-08-28T07:50:34+03:00,2026-08-28T09:37:14+03:00,1.8,7,9,126823,https://t.me/kievreal1/126823,"ОВА: Наразі в області пошкоджено 14 складських приміщень, 16 приватних домоволодінь, 3 багатоквартирні будинки, 16 транспортних засобів Руй…"
2026-08-28,9,Бучанський,Бородянка,2026-08-28T07:50:34+03:00,2026-08-28T09:37:14+03:00,1.8,7,9,126824,https://t.me/kievreal1/126824,БпЛА в бік Бородянки від Димера БпЛА на Іванків
2026-08-28,9,Вишгородський,Димер,2026-08-28T07:50:34+03:00,2026-08-28T09:37:14+03:00,1.8,7,9,126824,https://t.me/kievreal1/126824,БпЛА в бік Бородянки від Димера БпЛА на Іванків
2026-08-28,9,Вишгородський,Іванків,2026-08-28T07:50:34+03:00,2026-08-28T09:37:14+03:00,1.8,7,9,126824,https://t.me/kievreal1/126824,БпЛА в бік Бородянки від Димера БпЛА на Іванків
2026-08-28,9,Обухівський,Кагарлик,2026-08-28T07:50:34+03:00,2026-08-28T09:37:14+03:00,1.8,7,9,126825,https://t.me/kievreal1/126825,БпЛА на Богуслав/ Кагарлик! З південного напрямку
2026-08-28,9,Бучанський,Гостомель,2026-08-28T07:50:34+03:00,2026-08-28T09:37:14+03:00,1.8,7,9,126827,https://t.me/kievreal1/126827,"Гостомель – увага, вашим курсом! Ще бпла на Обухів та Страхолісся."
2026-08-28,9,Обухівський,Обухів,2026-08-28T07:50:34+03:00,2026-08-28T09:37:14+03:00,1.8,7,9,126827,https://t.me/kievreal1/126827,"Гостомель – увага, вашим курсом! Ще бпла на Обухів та Страхолісся."
2026-08-28,9,Вишгородський,Страхолісся,2026-08-28T07:50:34+03:00,2026-08-28T09:37:14+03:00,1.8,7,9,126827,https://t.me/kievreal1/126827,"Гостомель – увага, вашим курсом! Ще бпла на Обухів та Страхолісся."
2026-08-28,9,Бучанський,Стоянка,2026-08-28T07:50:34+03:00,2026-08-28T09:37:14+03:00,1.8,7,9,126829,https://t.me/kievreal1/126829,Стоянка – вашим курсом
2026-08-28,9,Обухівський,Васильків,2026-08-28T07:50:34+03:00,2026-08-28T09:37:14+03:00,1.8,7,9,126830,https://t.me/kievreal1/126830,Васильків! До вас
2026-08-28,9,Вишгородський,Вишгород,2026-08-28T07:50:34+03:00,2026-08-28T09:37:14+03:00,1.8,7,9,126831,https://t.me/kievreal1/126831,1 на Оболонь через Вишгород
2026-08-28,9,Бучанський,Вишневе,2026-08-28T07:50:34+03:00,2026-08-28T09:37:14+03:00,1.8,7,9,126836,https://t.me/kievreal1/126836,Далі на Вишневе
2026-08-28,9,Бучанський,Чайки,2026-08-28T07:50:34+03:00,2026-08-28T09:37:14+03:00,1.8,7,9,126837,https://t.me/kievreal1/126837,На Чайки 1
2026-08-28,9,Вишгородський,Славутич,2026-08-28T09:46:54+03:00,2026-08-28T12:14:54+03:00,2.5,9,12,126842,https://t.me/kievreal1/126842,🚨 КИЇВСЬКА ОБЛАСТЬ - ОГОЛОШЕНА ПОВІТРЯНА ТРИВОГА Три бпла на/ через Славутич
2026-08-28,9,Бучанський,Вишневе,2026-08-28T09:46:54+03:00,2026-08-28T12:14:54+03:00,2.5,9,12,126843,https://t.me/kievreal1/126843,В мережі публікують кадри із Вишневого
2026-08-28,9,Вишгородський,Славутич,2026-08-28T09:46:54+03:00,2026-08-28T12:14:54+03:00,2.5,9,12,126844,https://t.me/kievreal1/126844,Три бпла на/ через Славутич
2026-08-28,9,Вишгородський,Димер,2026-08-28T09:46:54+03:00,2026-08-28T12:14:54+03:00,2.5,9,12,126845,https://t.me/kievreal1/126845,З півночі на Димер
2026-08-28,9,Вишгородський,Іванків,2026-08-28T09:46:54+03:00,2026-08-28T12:14:54+03:00,2.5,9,12,126846,https://t.me/kievreal1/126846,"Іванків - увага, у ваш бік"
2026-08-28,10,Бучанський,Бородянка,2026-08-28T09:46:54+03:00,2026-08-28T12:14:54+03:00,2.5,9,12,126847,https://t.me/kievreal1/126847,Бородянка/ Бабинці - обережно!
2026-08-28,10,Бучанський,Гостомель,2026-08-28T09:46:54+03:00,2026-08-28T12:14:54+03:00,2.5,9,12,126848,https://t.me/kievreal1/126848,На Гостомель
2026-08-28,10,Бучанський,Ірпінь,2026-08-28T09:46:54+03:00,2026-08-28T12:14:54+03:00,2.5,9,12,126850,https://t.me/kievreal1/126850,"Ірпінь , Буча , Демидів"
2026-08-28,10,Бучанський,Буча,2026-08-28T09:46:54+03:00,2026-08-28T12:14:54+03:00,2.5,9,12,126850,https://t.me/kievreal1/126850,"Ірпінь , Буча , Демидів"
2026-08-28,10,Бучанський,Чайки,2026-08-28T09:46:54+03:00,2026-08-28T12:14:54+03:00,2.5,9,12,126851,https://t.me/kievreal1/126851,На Чайки 1
2026-08-28,10,Бучанський,Вишневе,2026-08-28T09:46:54+03:00,2026-08-28T12:14:54+03:00,2.5,9,12,126852,https://t.me/kievreal1/126852,Вишневе/ Святопетрівське
2026-08-28,10,Бучанський,Святопетрівське,2026-08-28T09:46:54+03:00,2026-08-28T12:14:54+03:00,2.5,9,12,126852,https://t.me/kievreal1/126852,Вишневе/ Святопетрівське
2026-08-28,10,Фастівський,Крюківщина,2026-08-28T09:46:54+03:00,2026-08-28T12:14:54+03:00,2.5,9,12,126853,https://t.me/kievreal1/126853,Крюківщина також обережно
2026-08-28,10,Обухівський,Васильків,2026-08-28T09:46:54+03:00,2026-08-28T12:14:54+03:00,2.5,9,12,126855,https://t.me/kievreal1/126855,Васильків/ Глеваха та Козин – вашим курсом
2026-08-28,10,Обухівський,Глеваха,2026-08-28T09:46:54+03:00,2026-08-28T12:14:54+03:00,2.5,9,12,126855,https://t.me/kievreal1/126855,Васильків/ Глеваха та Козин – вашим курсом
2026-08-28,10,Обухівський,Козин,2026-08-28T09:46:54+03:00,2026-08-28T12:14:54+03:00,2.5,9,12,126855,https://t.me/kievreal1/126855,Васильків/ Глеваха та Козин – вашим курсом
2026-08-28,10,Бучанський,Бучанський,2026-08-28T09:46:54+03:00,2026-08-28T12:14:54+03:00,2.5,9,12,126858,https://t.me/kievreal1/126858,"Через ранкову атаку у Бучанському районі, на жаль, загинула людина, – повідомив очільник КОВА Ще один чоловік отримав множинні осколкові по…"
2026-08-28,10,Фастівський,Фастівський,2026-08-28T09:46:54+03:00,2026-08-28T12:14:54+03:00,2.5,9,12,126858,https://t.me/kievreal1/126858,"Через ранкову атаку у Бучанському районі, на жаль, загинула людина, – повідомив очільник КОВА Ще один чоловік отримав множинні осколкові по…"
2026-08-28,10,Фастівський,Фастів,2026-08-28T09:46:54+03:00,2026-08-28T12:14:54+03:00,2.5,9,12,126860,https://t.me/kievreal1/126860,"Фастів, Ставки, Вільне — уважно по бпла"
2026-08-28,10,Бучанський,Макарів,2026-08-28T09:46:54+03:00,2026-08-28T12:14:54+03:00,2.5,9,12,126861,https://t.me/kievreal1/126861,Макарів – один вашим курсом
2026-08-28,10,Бучанський,Бучанський,2026-08-28T09:46:54+03:00,2026-08-28T12:14:54+03:00,2.5,9,12,126863,https://t.me/kievreal1/126863,"Наслідки атак росії по Київщині У Бучанському районі пошкоджено дві багатоповерхівки, два приватних будинки, складські приміщення та 15 авт…"
2026-08-28,10,Бориспільський,Бориспіль,2026-08-28T09:46:54+03:00,2026-08-28T12:14:54+03:00,2.5,9,12,126863,https://t.me/kievreal1/126863,"Наслідки атак росії по Київщині У Бучанському районі пошкоджено дві багатоповерхівки, два приватних будинки, складські приміщення та 15 авт…"
2026-08-28,10,Броварський,Броварський,2026-08-28T09:46:54+03:00,2026-08-28T12:14:54+03:00,2.5,9,12,126863,https://t.me/kievreal1/126863,"Наслідки атак росії по Київщині У Бучанському районі пошкоджено дві багатоповерхівки, два приватних будинки, складські приміщення та 15 авт…"
2026-08-28,10,Фастівський,Фастівський,2026-08-28T09:46:54+03:00,2026-08-28T12:14:54+03:00,2.5,9,12,126863,https://t.me/kievreal1/126863,"Наслідки атак росії по Київщині У Бучанському районі пошкоджено дві багатоповерхівки, два приватних будинки, складські приміщення та 15 авт…"
2026-08-28,10,Вишгородський,Іванків,2026-08-28T09:46:54+03:00,2026-08-28T12:14:54+03:00,2.5,9,12,126866,https://t.me/kievreal1/126866,На Іванків/ Катюжанку 2 реактивних бпла
2026-08-28,10,Вишгородський,Димер,2026-08-28T09:46:54+03:00,2026-08-28T12:14:54+03:00,2.5,9,12,126867,https://t.me/kievreal1/126867,"Від Катюжанки на Димер, другий в бік Рихти"
2026-08-28,10,Бучанський,Гостомель,2026-08-28T09:46:54+03:00,2026-08-28T12:14:54+03:00,2.5,9,12,126868,https://t.me/kievreal1/126868,Від Раківки на Гостомель / Бучу
2026-08-28,10,Бучанський,Гостомель,2026-08-28T09:46:54+03:00,2026-08-28T12:14:54+03:00,2.5,9,12,126869,https://t.me/kievreal1/126869,Від Раківки на Гостомель/ Бучу
2026-08-28,10,Бучанський,Чайки,2026-08-28T09:46:54+03:00,2026-08-28T12:14:54+03:00,2.5,9,12,126872,https://t.me/kievreal1/126872,БпЛА на Чайки! Слідкуємо в онлайн-режимі – t.me/tryvoga_kyiv
2026-08-28,10,Бучанський,Святопетрівське,2026-08-28T09:46:54+03:00,2026-08-28T12:14:54+03:00,2.5,9,12,126874,https://t.me/kievreal1/126874,Святопетрівське - до вас
2026-08-28,10,Бучанський,Святопетрівське,2026-08-28T09:46:54+03:00,2026-08-28T12:14:54+03:00,2.5,9,12,126875,https://t.me/kievreal1/126875,Святопетрівське - до вас
2026-08-28,10,Фастівський,Гатне,2026-08-28T09:46:54+03:00,2026-08-28T12:14:54+03:00,2.5,9,12,126876,https://t.me/kievreal1/126876,"Теремки, Новосілки, Гатне Другий на Стоянку."
2026-08-28,10,Бучанський,Стоянка,2026-08-28T09:46:54+03:00,2026-08-28T12:14:54+03:00,2.5,9,12,126876,https://t.me/kievreal1/126876,"Теремки, Новосілки, Гатне Другий на Стоянку."
2026-08-28,11,Обухівський,Васильків,2026-08-28T09:46:54+03:00,2026-08-28T12:14:54+03:00,2.5,9,12,126881,https://t.me/kievreal1/126881,Васильків/ Українка - обидва у вашому напрямку
2026-08-28,11,Обухівський,Українка,2026-08-28T09:46:54+03:00,2026-08-28T12:14:54+03:00,2.5,9,12,126881,https://t.me/kievreal1/126881,Васильків/ Українка - обидва у вашому напрямку
2026-08-28,11,Бучанський,Ірпінь,2026-08-28T09:46:54+03:00,2026-08-28T12:14:54+03:00,2.5,9,12,126883,https://t.me/kievreal1/126883,БпЛА на Ірпінь
2026-08-28,11,Бучанський,Ірпінь,2026-08-28T09:46:54+03:00,2026-08-28T12:14:54+03:00,2.5,9,12,126884,https://t.me/kievreal1/126884,БпЛА на Ірпінь
2026-08-28,11,Фастівський,Боярка,2026-08-28T09:46:54+03:00,2026-08-28T12:14:54+03:00,2.5,9,12,126885,https://t.me/kievreal1/126885,"На Шевченкове, Боярку, Білогородку P.S про рух шахедів в онлайн-режимі пишуть тут – t.me/tryvoga_kyiv"
2026-08-28,11,Бучанський,Вишневе,2026-08-28T09:46:54+03:00,2026-08-28T12:14:54+03:00,2.5,9,12,126886,https://t.me/kievreal1/126886,😣 Кадри зняті неподалік Вишневого
2026-08-28,11,Бучанський,Бородянка,2026-08-28T09:46:54+03:00,2026-08-28T12:14:54+03:00,2.5,9,12,126887,https://t.me/kievreal1/126887,"1 бпла в області, тримає курс на Бородянку"
2026-08-28,11,Бучанський,Бородянка,2026-08-28T09:46:54+03:00,2026-08-28T12:14:54+03:00,2.5,9,12,126888,https://t.me/kievreal1/126888,"1 бпла в області, тримає курс на Бородянку"
2026-08-28,11,Бучанський,Ірпінь,2026-08-28T09:46:54+03:00,2026-08-28T12:14:54+03:00,2.5,9,12,126889,https://t.me/kievreal1/126889,На Ірпінь
2026-08-28,11,Броварський,Згурівка,2026-08-28T09:46:54+03:00,2026-08-28T12:14:54+03:00,2.5,9,12,126895,https://t.me/kievreal1/126895,Від Чернігівщини бпла на Згурівку
2026-08-28,11,Броварський,Згурівка,2026-08-28T09:46:54+03:00,2026-08-28T12:14:54+03:00,2.5,9,12,126897,https://t.me/kievreal1/126897,Від Чернігівщини бпла на Згурівку
2026-08-28,12,Бучанський,Вишневе,2026-08-28T09:46:54+03:00,2026-08-28T12:14:54+03:00,2.5,9,12,126898,https://t.me/kievreal1/126898,"На камеру відеоспостереження потрапив момент удару по парковці у Вишневому, на якій в цей момент була жінка 🤫 маєте свої кадри – надсилайте…"
2026-08-28,12,Вишгородський,Славутич,2026-08-28T12:41:04+03:00,2026-08-28T13:06:14+03:00,0.4,12,13,126902,https://t.me/kievreal1/126902,🚨 КИЇВСЬКА ОБЛАСТЬ - ОГОЛОШЕНА ПОВІТРЯНА ТРИВОГА Знову бпла від Славутича
2026-08-28,14,Вишгородський,Славутич,2026-08-28T14:08:14+03:00,2026-08-28T14:47:34+03:00,0.7,14,14,126923,https://t.me/kievreal1/126923,БпЛА від Славутича на водосховище
2026-08-28,14,Вишгородський,Лебедівка,2026-08-28T14:08:14+03:00,2026-08-28T14:47:34+03:00,0.7,14,14,126924,https://t.me/kievreal1/126924,2 на Лебедівку
2026-08-28,14,Вишгородський,Десна,2026-08-28T14:08:14+03:00,2026-08-28T14:47:34+03:00,0.7,14,14,126926,https://t.me/kievreal1/126926,1 на Десну 1 на Боденьки
2026-08-28,14,Вишгородський,Боденьки,2026-08-28T14:08:14+03:00,2026-08-28T14:47:34+03:00,0.7,14,14,126926,https://t.me/kievreal1/126926,1 на Десну 1 на Боденьки
2026-08-28,14,Вишгородський,Десна,2026-08-28T14:08:14+03:00,2026-08-28T14:47:34+03:00,0.7,14,14,126927,https://t.me/kievreal1/126927,1 на Десну 1 на Боденьки
2026-08-28,14,Вишгородський,Боденьки,2026-08-28T14:08:14+03:00,2026-08-28T14:47:34+03:00,0.7,14,14,126927,https://t.me/kievreal1/126927,1 на Десну 1 на Боденьки
2026-08-28,14,Вишгородський,Лебедівка,2026-08-28T14:08:14+03:00,2026-08-28T14:47:34+03:00,0.7,14,14,126928,https://t.me/kievreal1/126928,На Лебедівку бпла
2026-08-28,14,Броварський,Бровари,2026-08-28T14:08:14+03:00,2026-08-28T14:47:34+03:00,0.7,14,14,126929,https://t.me/kievreal1/126929,БпЛА на Бровари
2026-08-28,16,Броварський,Броварський,2026-08-28T16:35:14+03:00,2026-08-28T19:10:04+03:00,2.6,16,19,126939,https://t.me/kievreal1/126939,"🚨 КИЇВСЬКА ОБЛАСТЬ - ОГОЛОШЕНА ПОВІТРЯНА ТРИВОГА Броварський, Бориспільський та Вишгородський райони — загроза бпла"
2026-08-28,16,Бориспільський,Бориспільський,2026-08-28T16:35:14+03:00,2026-08-28T19:10:04+03:00,2.6,16,19,126939,https://t.me/kievreal1/126939,"🚨 КИЇВСЬКА ОБЛАСТЬ - ОГОЛОШЕНА ПОВІТРЯНА ТРИВОГА Броварський, Бориспільський та Вишгородський райони — загроза бпла"
2026-08-28,16,Вишгородський,Вишгородський,2026-08-28T16:35:14+03:00,2026-08-28T19:10:04+03:00,2.6,16,19,126939,https://t.me/kievreal1/126939,"🚨 КИЇВСЬКА ОБЛАСТЬ - ОГОЛОШЕНА ПОВІТРЯНА ТРИВОГА Броварський, Бориспільський та Вишгородський райони — загроза бпла"
2026-08-28,16,Вишгородський,Страхолісся,2026-08-28T16:35:14+03:00,2026-08-28T19:10:04+03:00,2.6,16,19,126940,https://t.me/kievreal1/126940,БпЛА курсом на Страхолісся
2026-08-28,16,Вишгородський,Лебедівка,2026-08-28T16:35:14+03:00,2026-08-28T19:10:04+03:00,2.6,16,19,126942,https://t.me/kievreal1/126942,По 2 на Лебедівку і Сорокошичі
2026-08-28,16,Вишгородський,Вишгород,2026-08-28T16:35:14+03:00,2026-08-28T19:10:04+03:00,2.6,16,19,126943,https://t.me/kievreal1/126943,Вишгород – до вас
2026-08-28,16,Вишгородський,Хотянівка,2026-08-28T16:35:14+03:00,2026-08-28T19:10:04+03:00,2.6,16,19,126945,https://t.me/kievreal1/126945,Хотянівка - увага
2026-08-28,16,Фастівський,Крюківщина,2026-08-28T16:35:14+03:00,2026-08-28T19:10:04+03:00,2.6,16,19,126949,https://t.me/kievreal1/126949,Крюківщина
2026-08-28,16,Фастівський,Крюківщина,2026-08-28T16:35:14+03:00,2026-08-28T19:10:04+03:00,2.6,16,19,126950,https://t.me/kievreal1/126950,Крюківщина
2026-08-28,16,Бучанський,Софіївська Борщагівка,2026-08-28T16:35:14+03:00,2026-08-28T19:10:04+03:00,2.6,16,19,126951,https://t.me/kievreal1/126951,Софіївська Борщагівка
2026-08-28,16,Бучанський,Вишневе,2026-08-28T16:35:14+03:00,2026-08-28T19:10:04+03:00,2.6,16,19,126959,https://t.me/kievreal1/126959,Жуляни / Вишневе/ Крюківщина
2026-08-28,16,Фастівський,Крюківщина,2026-08-28T16:35:14+03:00,2026-08-28T19:10:04+03:00,2.6,16,19,126959,https://t.me/kievreal1/126959,Жуляни / Вишневе/ Крюківщина
2026-08-28,16,Бучанський,Святопетрівське,2026-08-28T16:35:14+03:00,2026-08-28T19:10:04+03:00,2.6,16,19,126960,https://t.me/kievreal1/126960,Святопетрівське! У ваш бік
2026-08-28,16,Бучанський,Чайки,2026-08-28T16:35:14+03:00,2026-08-28T19:10:04+03:00,2.6,16,19,126961,https://t.me/kievreal1/126961,Чайки – обережно!
2026-08-28,17,Фастівський,Боярка,2026-08-28T16:35:14+03:00,2026-08-28T19:10:04+03:00,2.6,16,19,126966,https://t.me/kievreal1/126966,Боярка/ Вишневе знову
2026-08-28,17,Бучанський,Вишневе,2026-08-28T16:35:14+03:00,2026-08-28T19:10:04+03:00,2.6,16,19,126966,https://t.me/kievreal1/126966,Боярка/ Вишневе знову
2026-08-28,17,Вишгородський,Страхолісся,2026-08-28T16:35:14+03:00,2026-08-28T19:10:04+03:00,2.6,16,19,126967,https://t.me/kievreal1/126967,Ще один йде на Страхолісся
2026-08-28,17,Фастівський,Боярка,2026-08-28T16:35:14+03:00,2026-08-28T19:10:04+03:00,2.6,16,19,126968,https://t.me/kievreal1/126968,Боярка/ Вишневе знову
2026-08-28,17,Бучанський,Вишневе,2026-08-28T16:35:14+03:00,2026-08-28T19:10:04+03:00,2.6,16,19,126968,https://t.me/kievreal1/126968,Боярка/ Вишневе знову
2026-08-28,17,Обухівський,Глеваха,2026-08-28T16:35:14+03:00,2026-08-28T19:10:04+03:00,2.6,16,19,126969,https://t.me/kievreal1/126969,"Глеваха, Васильків — уважно по бпла"
2026-08-28,17,Обухівський,Васильків,2026-08-28T16:35:14+03:00,2026-08-28T19:10:04+03:00,2.6,16,19,126969,https://t.me/kievreal1/126969,"Глеваха, Васильків — уважно по бпла"
2026-08-28,17,Фастівський,Боярка,2026-08-28T16:35:14+03:00,2026-08-28T19:10:04+03:00,2.6,16,19,126970,https://t.me/kievreal1/126970,Боярка/ Вишневе – до вас
2026-08-28,17,Бучанський,Вишневе,2026-08-28T16:35:14+03:00,2026-08-28T19:10:04+03:00,2.6,16,19,126970,https://t.me/kievreal1/126970,Боярка/ Вишневе – до вас
2026-08-28,17,Бориспільський,Переяслав,2026-08-28T16:35:14+03:00,2026-08-28T19:10:04+03:00,2.6,16,19,126975,https://t.me/kievreal1/126975,Переяслав та Бориспіль — уважно по бпла
2026-08-28,17,Бориспільський,Бориспіль,2026-08-28T16:35:14+03:00,2026-08-28T19:10:04+03:00,2.6,16,19,126975,https://t.me/kievreal1/126975,Переяслав та Бориспіль — уважно по бпла
2026-08-28,17,Бориспільський,Яготин,2026-08-28T16:35:14+03:00,2026-08-28T19:10:04+03:00,2.6,16,19,126976,https://t.me/kievreal1/126976,Яготин теж увага
2026-08-28,17,Броварський,Бровари,2026-08-28T16:35:14+03:00,2026-08-28T19:10:04+03:00,2.6,16,19,126977,https://t.me/kievreal1/126977,Бровари – до вас!
2026-08-28,17,Вишгородський,Лебедівка,2026-08-28T16:35:14+03:00,2026-08-28T19:10:04+03:00,2.6,16,19,126979,https://t.me/kievreal1/126979,Від водосховища на Лебедівку/ Димер
2026-08-28,17,Вишгородський,Димер,2026-08-28T16:35:14+03:00,2026-08-28T19:10:04+03:00,2.6,16,19,126979,https://t.me/kievreal1/126979,Від водосховища на Лебедівку/ Димер
2026-08-28,17,Броварський,Бровари,2026-08-28T16:35:14+03:00,2026-08-28T19:10:04+03:00,2.6,16,19,126980,https://t.me/kievreal1/126980,Бровари – заходить
2026-08-28,17,Вишгородський,Вишгород,2026-08-28T16:35:14+03:00,2026-08-28T19:10:04+03:00,2.6,16,19,126981,https://t.me/kievreal1/126981,"Вишгород – до вас 2, уважно Бориспіль – у ваш бік з півночі"
2026-08-28,17,Бориспільський,Бориспіль,2026-08-28T16:35:14+03:00,2026-08-28T19:10:04+03:00,2.6,16,19,126981,https://t.me/kievreal1/126981,"Вишгород – до вас 2, уважно Бориспіль – у ваш бік з півночі"
2026-08-28,17,Вишгородський,Лютіж,2026-08-28T16:35:14+03:00,2026-08-28T19:10:04+03:00,2.6,16,19,126986,https://t.me/kievreal1/126986,Лютіж до вас ще
2026-08-28,17,Обухівський,Васильків,2026-08-28T16:35:14+03:00,2026-08-28T19:10:04+03:00,2.6,16,19,126987,https://t.me/kievreal1/126987,Васильків шахед до вас
2026-08-28,17,Вишгородський,Вишгород,2026-08-28T16:35:14+03:00,2026-08-28T19:10:04+03:00,2.6,16,19,126988,https://t.me/kievreal1/126988,На Вишгород від Лебедівки
2026-08-28,17,Вишгородський,Лебедівка,2026-08-28T16:35:14+03:00,2026-08-28T19:10:04+03:00,2.6,16,19,126988,https://t.me/kievreal1/126988,На Вишгород від Лебедівки
2026-08-28,17,Обухівський,Васильків,2026-08-28T16:35:14+03:00,2026-08-28T19:10:04+03:00,2.6,16,19,126995,https://t.me/kievreal1/126995,Від Чабанів на Васильків Другий на Нивки
2026-08-28,17,Бучанський,Борщагівка,2026-08-28T16:35:14+03:00,2026-08-28T19:10:04+03:00,2.6,16,19,126996,https://t.me/kievreal1/126996,Другий на Борщагівки
2026-08-28,17,Бучанський,Борщагівка,2026-08-28T16:35:14+03:00,2026-08-28T19:10:04+03:00,2.6,16,19,126997,https://t.me/kievreal1/126997,Другий на Борщагівки
2026-08-28,17,Бучанський,Вишневе,2026-08-28T16:35:14+03:00,2026-08-28T19:10:04+03:00,2.6,16,19,126998,https://t.me/kievreal1/126998,Курсом на Вишневе
2026-08-28,17,Фастівський,Гатне,2026-08-28T16:35:14+03:00,2026-08-28T19:10:04+03:00,2.6,16,19,126999,https://t.me/kievreal1/126999,Гатне
2026-08-28,17,Бучанський,Ірпінь,2026-08-28T16:35:14+03:00,2026-08-28T19:10:04+03:00,2.6,16,19,127000,https://t.me/kievreal1/127000,"Ірпінь , Коцюбинське уважно"
2026-08-28,17,Бучанський,Коцюбинське,2026-08-28T16:35:14+03:00,2026-08-28T19:10:04+03:00,2.6,16,19,127000,https://t.me/kievreal1/127000,"Ірпінь , Коцюбинське уважно"
2026-08-28,17,Бучанський,Вишневе,2026-08-28T16:35:14+03:00,2026-08-28T19:10:04+03:00,2.6,16,19,127001,https://t.me/kievreal1/127001,"Вишневе, Борщагівки - знову до вас"
2026-08-28,17,Бучанський,Борщагівка,2026-08-28T16:35:14+03:00,2026-08-28T19:10:04+03:00,2.6,16,19,127001,https://t.me/kievreal1/127001,"Вишневе, Борщагівки - знову до вас"
2026-08-28,17,Обухівський,Українка,2026-08-28T16:35:14+03:00,2026-08-28T19:10:04+03:00,2.6,16,19,127002,https://t.me/kievreal1/127002,Над Українкою 1
2026-08-28,17,Вишгородський,Славутич,2026-08-28T16:35:14+03:00,2026-08-28T19:10:04+03:00,2.6,16,19,127005,https://t.me/kievreal1/127005,І від Славутича ще на водосховище 👉
2026-08-28,17,Обухівський,Васильків,2026-08-28T16:35:14+03:00,2026-08-28T19:10:04+03:00,2.6,16,19,127006,https://t.me/kievreal1/127006,3 на Васильків/ Глеваху
2026-08-28,17,Обухівський,Глеваха,2026-08-28T16:35:14+03:00,2026-08-28T19:10:04+03:00,2.6,16,19,127006,https://t.me/kievreal1/127006,3 на Васильків/ Глеваху
2026-08-28,17,Обухівський,Васильків,2026-08-28T16:35:14+03:00,2026-08-28T19:10:04+03:00,2.6,16,19,127007,https://t.me/kievreal1/127007,3 на Васильків/ Глеваху
2026-08-28,17,Обухівський,Глеваха,2026-08-28T16:35:14+03:00,2026-08-28T19:10:04+03:00,2.6,16,19,127007,https://t.me/kievreal1/127007,3 на Васильків/ Глеваху
2026-08-28,18,Фастівський,Боярка,2026-08-28T16:35:14+03:00,2026-08-28T19:10:04+03:00,2.6,16,19,127012,https://t.me/kievreal1/127012,На Боярку
2026-08-28,18,Фастівський,Боярка,2026-08-28T16:35:14+03:00,2026-08-28T19:10:04+03:00,2.6,16,19,127013,https://t.me/kievreal1/127013,На Боярку
2026-08-28,18,Обухівський,Васильків,2026-08-28T16:35:14+03:00,2026-08-28T19:10:04+03:00,2.6,16,19,127014,https://t.me/kievreal1/127014,Васильків/ Глеваха
2026-08-28,18,Обухівський,Глеваха,2026-08-28T16:35:14+03:00,2026-08-28T19:10:04+03:00,2.6,16,19,127014,https://t.me/kievreal1/127014,Васильків/ Глеваха
2026-08-28,18,Бориспільський,Бориспіль,2026-08-28T16:35:14+03:00,2026-08-28T19:10:04+03:00,2.6,16,19,127015,https://t.me/kievreal1/127015,На Бориспіль бпла від Переяслава
2026-08-28,18,Бориспільський,Переяслав,2026-08-28T16:35:14+03:00,2026-08-28T19:10:04+03:00,2.6,16,19,127015,https://t.me/kievreal1/127015,На Бориспіль бпла від Переяслава
2026-08-28,18,Вишгородський,Славутич,2026-08-28T16:35:14+03:00,2026-08-28T19:10:04+03:00,2.6,16,19,127016,https://t.me/kievreal1/127016,"Тут без фіксації, але від Славутича ще на Десну"
2026-08-28,18,Вишгородський,Десна,2026-08-28T16:35:14+03:00,2026-08-28T19:10:04+03:00,2.6,16,19,127016,https://t.me/kievreal1/127016,"Тут без фіксації, але від Славутича ще на Десну"
2026-08-28,18,Бориспільський,Бориспіль,2026-08-28T16:35:14+03:00,2026-08-28T19:10:04+03:00,2.6,16,19,127017,https://t.me/kievreal1/127017,На Бориспіль бпла від Переяслава
2026-08-28,18,Бориспільський,Переяслав,2026-08-28T16:35:14+03:00,2026-08-28T19:10:04+03:00,2.6,16,19,127017,https://t.me/kievreal1/127017,На Бориспіль бпла від Переяслава
2026-08-28,18,Броварський,Бровари,2026-08-28T16:35:14+03:00,2026-08-28T19:10:04+03:00,2.6,16,19,127019,https://t.me/kievreal1/127019,Далі Бровари
2026-08-28,18,Вишгородський,Вишгород,2026-08-28T16:35:14+03:00,2026-08-28T19:10:04+03:00,2.6,16,19,127020,https://t.me/kievreal1/127020,"Петрівці, Вишгород також обережно по бпла"
2026-08-28,18,Бучанський,Борщагівка,2026-08-28T16:35:14+03:00,2026-08-28T19:10:04+03:00,2.6,16,19,127025,https://t.me/kievreal1/127025,"Святошин, Борщагівки"
2026-08-28,18,Бучанський,Чайки,2026-08-28T16:35:14+03:00,2026-08-28T19:10:04+03:00,2.6,16,19,127027,https://t.me/kievreal1/127027,Чайки тепер
2026-08-28,18,Бориспільський,Переяслав,2026-08-28T16:35:14+03:00,2026-08-28T19:10:04+03:00,2.6,16,19,127028,https://t.me/kievreal1/127028,1 на Переяслав і ще 1 вийшов на Чернігівщину
2026-08-28,18,Бориспільський,Переяслав,2026-08-28T16:35:14+03:00,2026-08-28T19:10:04+03:00,2.6,16,19,127030,https://t.me/kievreal1/127030,1 на Переяслав і ще 1 вийшов на Чернігівщину
2026-08-28,18,Бучанський,Вишневе,2026-08-28T16:35:14+03:00,2026-08-28T19:10:04+03:00,2.6,16,19,127032,https://t.me/kievreal1/127032,На Вишневе від Боярки!
2026-08-28,18,Фастівський,Боярка,2026-08-28T16:35:14+03:00,2026-08-28T19:10:04+03:00,2.6,16,19,127032,https://t.me/kievreal1/127032,На Вишневе від Боярки!
2026-08-28,18,Бучанський,Борщагівка,2026-08-28T16:35:14+03:00,2026-08-28T19:10:04+03:00,2.6,16,19,127033,https://t.me/kievreal1/127033,Борщагівки далі
2026-08-28,18,Вишгородський,Чорнобиль,2026-08-28T16:35:14+03:00,2026-08-28T19:10:04+03:00,2.6,16,19,127035,https://t.me/kievreal1/127035,1 в Чорнобильській зоні Боярка - у вас бпла теж UPD 18:41 біля Боярки без фіксації
2026-08-28,18,Фастівський,Боярка,2026-08-28T16:35:14+03:00,2026-08-28T19:10:04+03:00,2.6,16,19,127035,https://t.me/kievreal1/127035,1 в Чорнобильській зоні Боярка - у вас бпла теж UPD 18:41 біля Боярки без фіксації
2026-08-28,18,Бориспільський,Переяслав,2026-08-28T16:35:14+03:00,2026-08-28T19:10:04+03:00,2.6,16,19,127036,https://t.me/kievreal1/127036,Ще один на Переяслав
2026-08-28,18,Бориспільський,Бориспіль,2026-08-28T16:35:14+03:00,2026-08-28T19:10:04+03:00,2.6,16,19,127037,https://t.me/kievreal1/127037,Бориспіль - у ваш бік 1 Про рухом бпла по області більше тут – t.me/tryvoga_kyiv
2026-08-28,18,Вишгородський,Вишгород,2026-08-28T16:35:14+03:00,2026-08-28T19:10:04+03:00,2.6,16,19,127038,https://t.me/kievreal1/127038,1 на Вишгород і далі Оболонь А попередній в бік Броварів від Борисполя
2026-08-28,18,Броварський,Бровари,2026-08-28T16:35:14+03:00,2026-08-28T19:10:04+03:00,2.6,16,19,127038,https://t.me/kievreal1/127038,1 на Вишгород і далі Оболонь А попередній в бік Броварів від Борисполя
2026-08-28,18,Бориспільський,Бориспіль,2026-08-28T16:35:14+03:00,2026-08-28T19:10:04+03:00,2.6,16,19,127038,https://t.me/kievreal1/127038,1 на Вишгород і далі Оболонь А попередній в бік Броварів від Борисполя
2026-08-28,18,Вишгородський,Вишгород,2026-08-28T16:35:14+03:00,2026-08-28T19:10:04+03:00,2.6,16,19,127039,https://t.me/kievreal1/127039,1 на Вишгород і далі Оболонь
2026-08-28,18,Фастівський,Гатне,2026-08-28T16:35:14+03:00,2026-08-28T19:10:04+03:00,2.6,16,19,127043,https://t.me/kievreal1/127043,Гатне
2026-08-28,18,Броварський,Бровари,2026-08-28T16:35:14+03:00,2026-08-28T19:10:04+03:00,2.6,16,19,127045,https://t.me/kievreal1/127045,Новий на Бровари / Димерку
2026-08-28,18,Броварський,Бровари,2026-08-28T16:35:14+03:00,2026-08-28T19:10:04+03:00,2.6,16,19,127046,https://t.me/kievreal1/127046,Новий на Бровари/ Димерку
2026-08-28,19,Вишгородський,Славутич,2026-08-28T16:35:14+03:00,2026-08-28T19:10:04+03:00,2.6,16,19,127047,https://t.me/kievreal1/127047,"На Славутич ще новий Крім цього, в області 1 лишається - на Плоске."
2026-08-28,19,Броварський,Бровари,2026-08-28T16:35:14+03:00,2026-08-28T19:10:04+03:00,2.6,16,19,127048,https://t.me/kievreal1/127048,Бровари / Димерка - увага по бпла!
2026-08-28,19,Броварський,Броварський,2026-08-28T19:32:04+03:00,2026-08-28T21:11:04+03:00,1.6,19,21,127054,https://t.me/kievreal1/127054,🚨 КИЇВСЬКА ОБЛАСТЬ - ТРИВОГА Броварський та Бориспільський райони — знову загроза бпла. 4 з Чернігівщини рухаються і 2 з Черкащини
2026-08-28,19,Бориспільський,Бориспільський,2026-08-28T19:32:04+03:00,2026-08-28T21:11:04+03:00,1.6,19,21,127054,https://t.me/kievreal1/127054,🚨 КИЇВСЬКА ОБЛАСТЬ - ТРИВОГА Броварський та Бориспільський райони — знову загроза бпла. 4 з Чернігівщини рухаються і 2 з Черкащини
2026-08-28,19,Вишгородський,Вишгород,2026-08-28T19:32:04+03:00,2026-08-28T21:11:04+03:00,1.6,19,21,127057,https://t.me/kievreal1/127057,На Вишгород/ Хотянівку
2026-08-28,19,Вишгородський,Хотянівка,2026-08-28T19:32:04+03:00,2026-08-28T21:11:04+03:00,1.6,19,21,127057,https://t.me/kievreal1/127057,На Вишгород/ Хотянівку
2026-08-28,19,Вишгородський,Славутич,2026-08-28T19:32:04+03:00,2026-08-28T21:11:04+03:00,1.6,19,21,127059,https://t.me/kievreal1/127059,На Троєщину йде! І від Славутича ще є
2026-08-28,19,Броварський,Калита,2026-08-28T19:32:04+03:00,2026-08-28T21:11:04+03:00,1.6,19,21,127061,https://t.me/kievreal1/127061,1 бпла на Калиту 1 на Димер
2026-08-28,19,Вишгородський,Димер,2026-08-28T19:32:04+03:00,2026-08-28T21:11:04+03:00,1.6,19,21,127061,https://t.me/kievreal1/127061,1 бпла на Калиту 1 на Димер
2026-08-28,20,Вишгородський,Славутич,2026-08-28T19:32:04+03:00,2026-08-28T21:11:04+03:00,1.6,19,21,127062,https://t.me/kievreal1/127062,Від Славутича 3 на водосховище вилітають
2026-08-28,20,Вишгородський,Вишгород,2026-08-28T19:32:04+03:00,2026-08-28T21:11:04+03:00,1.6,19,21,127063,https://t.me/kievreal1/127063,Від моря на Вишгород
2026-08-28,20,Броварський,Бровари,2026-08-28T19:32:04+03:00,2026-08-28T21:11:04+03:00,1.6,19,21,127064,https://t.me/kievreal1/127064,Бровари - ви теж увага
2026-08-28,20,Вишгородський,Вишгород,2026-08-28T19:32:04+03:00,2026-08-28T21:11:04+03:00,1.6,19,21,127065,https://t.me/kievreal1/127065,Від моря на Вишгород
2026-08-28,20,Броварський,Бровари,2026-08-28T19:32:04+03:00,2026-08-28T21:11:04+03:00,1.6,19,21,127068,https://t.me/kievreal1/127068,Бровари - ви теж увага
2026-08-28,20,Бучанський,Ірпінь,2026-08-28T19:32:04+03:00,2026-08-28T21:11:04+03:00,1.6,19,21,127070,https://t.me/kievreal1/127070,На Ірпінь є Слідкувати за рухом – t.me/tryvoga_kyiv
2026-08-28,20,Бучанський,Бородянка,2026-08-28T19:32:04+03:00,2026-08-28T21:11:04+03:00,1.6,19,21,127071,https://t.me/kievreal1/127071,1 на Бородянку 1 на Димерку 1 на Мишоловку 1 на Білогородку
2026-08-28,20,Обухівський,Глеваха,2026-08-28T19:32:04+03:00,2026-08-28T21:11:04+03:00,1.6,19,21,127073,https://t.me/kievreal1/127073,Глеваха/ Боярка – вашим курсом
2026-08-28,20,Фастівський,Боярка,2026-08-28T19:32:04+03:00,2026-08-28T21:11:04+03:00,1.6,19,21,127073,https://t.me/kievreal1/127073,Глеваха/ Боярка – вашим курсом
2026-08-28,20,Обухівський,Глеваха,2026-08-28T19:32:04+03:00,2026-08-28T21:11:04+03:00,1.6,19,21,127074,https://t.me/kievreal1/127074,Глеваха/ Боярка – вашим курсом
2026-08-28,20,Фастівський,Боярка,2026-08-28T19:32:04+03:00,2026-08-28T21:11:04+03:00,1.6,19,21,127074,https://t.me/kievreal1/127074,Глеваха/ Боярка – вашим курсом
2026-08-28,20,Обухівський,Глеваха,2026-08-28T19:32:04+03:00,2026-08-28T21:11:04+03:00,1.6,19,21,127075,https://t.me/kievreal1/127075,По бпла на Глеваху і Димерку
2026-08-28,20,Броварський,Бровари,2026-08-28T19:32:04+03:00,2026-08-28T21:11:04+03:00,1.6,19,21,127076,https://t.me/kievreal1/127076,Троєщина – до вас від Броварів
2026-08-28,20,Бучанський,Коцюбинське,2026-08-28T19:32:04+03:00,2026-08-28T21:11:04+03:00,1.6,19,21,127078,https://t.me/kievreal1/127078,Коцюбинське – до вас
2026-08-28,20,Бучанський,Гостомель,2026-08-28T19:32:04+03:00,2026-08-28T21:11:04+03:00,1.6,19,21,127079,https://t.me/kievreal1/127079,На Гостомель
2026-08-28,20,Обухівський,Глеваха,2026-08-28T19:32:04+03:00,2026-08-28T21:11:04+03:00,1.6,19,21,127080,https://t.me/kievreal1/127080,Ще в бік Глевахи/ Боярки
2026-08-28,20,Фастівський,Боярка,2026-08-28T19:32:04+03:00,2026-08-28T21:11:04+03:00,1.6,19,21,127080,https://t.me/kievreal1/127080,Ще в бік Глевахи/ Боярки
2026-08-28,20,Вишгородський,Страхолісся,2026-08-28T19:32:04+03:00,2026-08-28T21:11:04+03:00,1.6,19,21,127084,https://t.me/kievreal1/127084,1 на Страхолісся 1 на Вишгород
2026-08-28,20,Вишгородський,Вишгород,2026-08-28T19:32:04+03:00,2026-08-28T21:11:04+03:00,1.6,19,21,127084,https://t.me/kievreal1/127084,1 на Страхолісся 1 на Вишгород
2026-08-28,20,Фастівський,Боярка,2026-08-28T19:32:04+03:00,2026-08-28T21:11:04+03:00,1.6,19,21,127091,https://t.me/kievreal1/127091,Боярка увага
2026-08-28,20,Обухівський,Глеваха,2026-08-28T19:32:04+03:00,2026-08-28T21:11:04+03:00,1.6,19,21,127092,https://t.me/kievreal1/127092,Глеваха Васильків
2026-08-28,20,Обухівський,Васильків,2026-08-28T19:32:04+03:00,2026-08-28T21:11:04+03:00,1.6,19,21,127092,https://t.me/kievreal1/127092,Глеваха Васильків
2026-08-28,20,Бучанський,Вишневе,2026-08-28T19:32:04+03:00,2026-08-28T21:11:04+03:00,1.6,19,21,127095,https://t.me/kievreal1/127095,На Вишневе
2026-08-28,20,Бучанський,Стоянка,2026-08-28T19:32:04+03:00,2026-08-28T21:11:04+03:00,1.6,19,21,127099,https://t.me/kievreal1/127099,Стоянка - бпла
2026-08-28,20,Бучанський,Коцюбинське,2026-08-28T19:32:04+03:00,2026-08-28T21:11:04+03:00,1.6,19,21,127100,https://t.me/kievreal1/127100,На Коцюбинське
2026-08-28,20,Бориспільський,Бориспільський,2026-08-28T19:32:04+03:00,2026-08-28T21:11:04+03:00,1.6,19,21,127101,https://t.me/kievreal1/127101,"КОВА: у Бориспільському районі поранено ще одну людину. Чоловік отримав осколкове поранення Ворожа атака триває. Під ударом — склади, прива…"
2026-08-28,20,Бориспільський,Переяслав,2026-08-28T19:32:04+03:00,2026-08-28T21:11:04+03:00,1.6,19,21,127102,https://t.me/kievreal1/127102,З Черкащини ще бпла на Переяслав
2026-08-28,21,Броварський,Баришівка,2026-08-28T19:32:04+03:00,2026-08-28T21:11:04+03:00,1.6,19,21,127103,https://t.me/kievreal1/127103,На Баришівку бпла
2026-08-28,21,Броварський,Баришівка,2026-08-28T19:32:04+03:00,2026-08-28T21:11:04+03:00,1.6,19,21,127104,https://t.me/kievreal1/127104,На Баришівку бпла
2026-08-28,21,Вишгородський,Славутич,2026-08-28T21:24:14+03:00,2026-08-28T21:31:14+03:00,0.1,21,21,127111,https://t.me/kievreal1/127111,БпЛА від Славутича на Десну
2026-08-28,21,Вишгородський,Десна,2026-08-28T21:24:14+03:00,2026-08-28T21:31:14+03:00,0.1,21,21,127111,https://t.me/kievreal1/127111,БпЛА від Славутича на Десну
2026-08-28,22,Бориспільський,Яготин,2026-08-28T22:10:14+03:00,2026-08-28T23:29:04+03:00,1.3,22,23,127124,https://t.me/kievreal1/127124,🚨 КИЇВСЬКА ОБЛАСТЬ - ОГОЛОШЕНА ПОВІТРЯНА ТРИВОГА З Черкащини БпЛА на Яготин/ Переяслав
2026-08-28,22,Бориспільський,Переяслав,2026-08-28T22:10:14+03:00,2026-08-28T23:29:04+03:00,1.3,22,23,127124,https://t.me/kievreal1/127124,🚨 КИЇВСЬКА ОБЛАСТЬ - ОГОЛОШЕНА ПОВІТРЯНА ТРИВОГА З Черкащини БпЛА на Яготин/ Переяслав
2026-08-28,22,Бориспільський,Бориспіль,2026-08-28T22:10:14+03:00,2026-08-28T23:29:04+03:00,1.3,22,23,127125,https://t.me/kievreal1/127125,На Бориспіль бпла
2026-08-28,22,Бориспільський,Березань,2026-08-28T22:10:14+03:00,2026-08-28T23:29:04+03:00,1.3,22,23,127126,https://t.me/kievreal1/127126,Ще бпла на Березань та Баришівку
2026-08-28,22,Броварський,Баришівка,2026-08-28T22:10:14+03:00,2026-08-28T23:29:04+03:00,1.3,22,23,127126,https://t.me/kievreal1/127126,Ще бпла на Березань та Баришівку
2026-08-28,22,Броварський,Бровари,2026-08-28T22:10:14+03:00,2026-08-28T23:29:04+03:00,1.3,22,23,127127,https://t.me/kievreal1/127127,На Бровари / Димерку
2026-08-28,22,Вишгородський,Вишгород,2026-08-28T22:10:14+03:00,2026-08-28T23:29:04+03:00,1.3,22,23,127130,https://t.me/kievreal1/127130,"Вишгород, Троєщина – до вас бпла"
2026-08-28,22,Броварський,Бровари,2026-08-28T22:10:14+03:00,2026-08-28T23:29:04+03:00,1.3,22,23,127132,https://t.me/kievreal1/127132,Бровари – теж увага
2026-08-28,22,Бучанський,Вишневе,2026-08-28T22:10:14+03:00,2026-08-28T23:29:04+03:00,1.3,22,23,127133,https://t.me/kievreal1/127133,Вишневе/ Гатне!
2026-08-28,22,Фастівський,Гатне,2026-08-28T22:10:14+03:00,2026-08-28T23:29:04+03:00,1.3,22,23,127133,https://t.me/kievreal1/127133,Вишневе/ Гатне!
2026-08-28,22,Фастівський,Боярка,2026-08-28T22:10:14+03:00,2026-08-28T23:29:04+03:00,1.3,22,23,127134,https://t.me/kievreal1/127134,Боярка
2026-08-28,22,Обухівський,Васильків,2026-08-28T22:10:14+03:00,2026-08-28T23:29:04+03:00,1.3,22,23,127137,https://t.me/kievreal1/127137,БпЛА на Васильків від Глевахи
2026-08-28,22,Обухівський,Глеваха,2026-08-28T22:10:14+03:00,2026-08-28T23:29:04+03:00,1.3,22,23,127137,https://t.me/kievreal1/127137,БпЛА на Васильків від Глевахи
2026-08-28,22,Обухівський,Васильків,2026-08-28T22:10:14+03:00,2026-08-28T23:29:04+03:00,1.3,22,23,127138,https://t.me/kievreal1/127138,БпЛА на Васильків від Глевахи
2026-08-28,22,Обухівський,Глеваха,2026-08-28T22:10:14+03:00,2026-08-28T23:29:04+03:00,1.3,22,23,127138,https://t.me/kievreal1/127138,БпЛА на Васильків від Глевахи
2026-08-28,22,Вишгородський,Вишгород,2026-08-28T22:10:14+03:00,2026-08-28T23:29:04+03:00,1.3,22,23,127139,https://t.me/kievreal1/127139,1 на Вишгород по морю
2026-08-28,22,Вишгородський,Вишгород,2026-08-28T22:10:14+03:00,2026-08-28T23:29:04+03:00,1.3,22,23,127141,https://t.me/kievreal1/127141,1 на Вишгород по морю
2026-08-28,22,Бучанський,Борщагівка,2026-08-28T22:10:14+03:00,2026-08-28T23:29:04+03:00,1.3,22,23,127144,https://t.me/kievreal1/127144,Далі Борщагівки/ Вишневе
2026-08-28,22,Бучанський,Вишневе,2026-08-28T22:10:14+03:00,2026-08-28T23:29:04+03:00,1.3,22,23,127144,https://t.me/kievreal1/127144,Далі Борщагівки/ Вишневе
2026-08-28,22,Обухівський,Васильків,2026-08-28T22:10:14+03:00,2026-08-28T23:29:04+03:00,1.3,22,23,127145,https://t.me/kievreal1/127145,Васильків увага
2026-08-28,22,Вишгородський,Славутич,2026-08-28T22:10:14+03:00,2026-08-28T23:29:04+03:00,1.3,22,23,127148,https://t.me/kievreal1/127148,Від Славутича на водосховище
2026-08-28,23,Броварський,Бровари,2026-08-28T22:10:14+03:00,2026-08-28T23:29:04+03:00,1.3,22,23,127149,https://t.me/kievreal1/127149,Реактивний БПЛА на Бровари
2026-08-28,23,Бучанський,Вишневе,2026-08-28T22:10:14+03:00,2026-08-28T23:29:04+03:00,1.3,22,23,127152,https://t.me/kievreal1/127152,"На жаль, вже зараз можна констатувати факт, що жахлива трагедія у Вишневому не стала уроком , - прем'єр Корецький На пʼятому році повномасш…"
2026-08-29,0,Вишгородський,Вишгород,2026-08-29T00:19:34+03:00,2026-08-29T01:01:34+03:00,0.7,0,1,127160,https://t.me/kievreal1/127160,"БПЛА на Київ , Вишгород Підтримати канал, буду вдячний Вам: https://base.monobank.ua/4jYdAKEbmcrmLL ➡"
2026-08-29,0,Бучанський,Софіївська Борщагівка,2026-08-29T00:19:34+03:00,2026-08-29T01:01:34+03:00,0.7,0,1,127164,https://t.me/kievreal1/127164,Реактивний БпЛА курсом на Софіївську Борщагівку
2026-08-29,3,Вишгородський,Славутич,2026-08-29T03:30:04+03:00,2026-08-29T11:54:14+03:00,8.4,3,11,127180,https://t.me/kievreal1/127180,2 реактивні БПЛА на Славутич
2026-08-29,3,Бориспільський,Переяслав,2026-08-29T03:30:04+03:00,2026-08-29T11:54:14+03:00,8.4,3,11,127181,https://t.me/kievreal1/127181,4х реактива вектором повз Золотоношу на Переяслав.
2026-08-29,3,Вишгородський,Жукин,2026-08-29T03:30:04+03:00,2026-08-29T11:54:14+03:00,8.4,3,11,127182,https://t.me/kievreal1/127182,2х Реактивні БпЛА курсом на Жукин
2026-08-29,3,Бучанський,Коцюбинське,2026-08-29T03:30:04+03:00,2026-08-29T11:54:14+03:00,8.4,3,11,127187,https://t.me/kievreal1/127187,Реактивний БпЛА курсом на Коцюбинське
2026-08-29,3,Бучанський,Стоянка,2026-08-29T03:30:04+03:00,2026-08-29T11:54:14+03:00,8.4,3,11,127188,https://t.me/kievreal1/127188,Київ : Реактивний БпЛА курсом на Стоянку
2026-08-29,3,Вишгородський,Жукин,2026-08-29T03:30:04+03:00,2026-08-29T11:54:14+03:00,8.4,3,11,127191,https://t.me/kievreal1/127191,Реактивний БпЛА курсом на Жукин 2х Реактивні БпЛА курсом на Бориспіль Реактивний БпЛА курсом на Переяслав
2026-08-29,3,Бориспільський,Бориспіль,2026-08-29T03:30:04+03:00,2026-08-29T11:54:14+03:00,8.4,3,11,127191,https://t.me/kievreal1/127191,Реактивний БпЛА курсом на Жукин 2х Реактивні БпЛА курсом на Бориспіль Реактивний БпЛА курсом на Переяслав
2026-08-29,3,Бориспільський,Переяслав,2026-08-29T03:30:04+03:00,2026-08-29T11:54:14+03:00,8.4,3,11,127191,https://t.me/kievreal1/127191,Реактивний БпЛА курсом на Жукин 2х Реактивні БпЛА курсом на Бориспіль Реактивний БпЛА курсом на Переяслав
2026-08-29,3,Вишгородський,Димер,2026-08-29T03:30:04+03:00,2026-08-29T11:54:14+03:00,8.4,3,11,127192,https://t.me/kievreal1/127192,Реактивний БпЛА курсом на Димер Реактивний БпЛА курсом на Українку Реактивний БпЛА курсом на Велику Димерку
2026-08-29,3,Обухівський,Українка,2026-08-29T03:30:04+03:00,2026-08-29T11:54:14+03:00,8.4,3,11,127192,https://t.me/kievreal1/127192,Реактивний БпЛА курсом на Димер Реактивний БпЛА курсом на Українку Реактивний БпЛА курсом на Велику Димерку
2026-08-29,3,Броварський,Велика Димерка,2026-08-29T03:30:04+03:00,2026-08-29T11:54:14+03:00,8.4,3,11,127192,https://t.me/kievreal1/127192,Реактивний БпЛА курсом на Димер Реактивний БпЛА курсом на Українку Реактивний БпЛА курсом на Велику Димерку
2026-08-29,3,Броварський,Бровари,2026-08-29T03:30:04+03:00,2026-08-29T11:54:14+03:00,8.4,3,11,127193,https://t.me/kievreal1/127193,Реактивний БпЛА курсом на Бровари Реактивний БпЛА курсом на Українку Реактивний БпЛА курсом на Вишгород
2026-08-29,3,Обухівський,Українка,2026-08-29T03:30:04+03:00,2026-08-29T11:54:14+03:00,8.4,3,11,127193,https://t.me/kievreal1/127193,Реактивний БпЛА курсом на Бровари Реактивний БпЛА курсом на Українку Реактивний БпЛА курсом на Вишгород
2026-08-29,3,Вишгородський,Вишгород,2026-08-29T03:30:04+03:00,2026-08-29T11:54:14+03:00,8.4,3,11,127193,https://t.me/kievreal1/127193,Реактивний БпЛА курсом на Бровари Реактивний БпЛА курсом на Українку Реактивний БпЛА курсом на Вишгород
2026-08-29,4,Бориспільський,Бориспіль,2026-08-29T03:30:04+03:00,2026-08-29T11:54:14+03:00,8.4,3,11,127194,https://t.me/kievreal1/127194,Реактивний БпЛА курсом на Бориспіль Реактивний БпЛА курсом на Перемогу
2026-08-29,4,Броварський,Бровари,2026-08-29T03:30:04+03:00,2026-08-29T11:54:14+03:00,8.4,3,11,127195,https://t.me/kievreal1/127195,Реактивний БпЛА курсом на Бровари Реактивний БпЛА курсом на Калиту
2026-08-29,4,Броварський,Калита,2026-08-29T03:30:04+03:00,2026-08-29T11:54:14+03:00,8.4,3,11,127195,https://t.me/kievreal1/127195,Реактивний БпЛА курсом на Бровари Реактивний БпЛА курсом на Калиту
2026-08-29,4,Вишгородський,Вишгород,2026-08-29T03:30:04+03:00,2026-08-29T11:54:14+03:00,8.4,3,11,127199,https://t.me/kievreal1/127199,Реактивний БпЛА курсом на Вишгород Реактивний БпЛА курсом на Жукин
2026-08-29,4,Вишгородський,Жукин,2026-08-29T03:30:04+03:00,2026-08-29T11:54:14+03:00,8.4,3,11,127199,https://t.me/kievreal1/127199,Реактивний БпЛА курсом на Вишгород Реактивний БпЛА курсом на Жукин
2026-08-29,4,Броварський,Броварський,2026-08-29T03:30:04+03:00,2026-08-29T11:54:14+03:00,8.4,3,11,127200,https://t.me/kievreal1/127200,2 реактивних з Черкащини на Броварський район
2026-08-29,4,Броварський,Згурівка,2026-08-29T03:30:04+03:00,2026-08-29T11:54:14+03:00,8.4,3,11,127201,https://t.me/kievreal1/127201,Реактивний БпЛА курсом на Згурівку
2026-08-29,4,Броварський,Згурівка,2026-08-29T03:30:04+03:00,2026-08-29T11:54:14+03:00,8.4,3,11,127203,https://t.me/kievreal1/127203,Реактивний БпЛА курсом на Згурівку Реактивний БпЛА курсом на Яготин Реактивний БпЛА курсом на Іванків
2026-08-29,4,Бориспільський,Яготин,2026-08-29T03:30:04+03:00,2026-08-29T11:54:14+03:00,8.4,3,11,127203,https://t.me/kievreal1/127203,Реактивний БпЛА курсом на Згурівку Реактивний БпЛА курсом на Яготин Реактивний БпЛА курсом на Іванків
2026-08-29,4,Вишгородський,Іванків,2026-08-29T03:30:04+03:00,2026-08-29T11:54:14+03:00,8.4,3,11,127203,https://t.me/kievreal1/127203,Реактивний БпЛА курсом на Згурівку Реактивний БпЛА курсом на Яготин Реактивний БпЛА курсом на Іванків
2026-08-29,4,Вишгородський,Вишгород,2026-08-29T03:30:04+03:00,2026-08-29T11:54:14+03:00,8.4,3,11,127204,https://t.me/kievreal1/127204,"3 реактивні шахеди на Київ , Вишгород"
2026-08-29,4,Вишгородський,Димер,2026-08-29T03:30:04+03:00,2026-08-29T11:54:14+03:00,8.4,3,11,127205,https://t.me/kievreal1/127205,Реактивний БпЛА курсом на Димер 2х Реактивні БпЛА курсом на Велику Димерку Реактивний БпЛА курсом на Згурівку
2026-08-29,4,Броварський,Велика Димерка,2026-08-29T03:30:04+03:00,2026-08-29T11:54:14+03:00,8.4,3,11,127205,https://t.me/kievreal1/127205,Реактивний БпЛА курсом на Димер 2х Реактивні БпЛА курсом на Велику Димерку Реактивний БпЛА курсом на Згурівку
2026-08-29,4,Броварський,Згурівка,2026-08-29T03:30:04+03:00,2026-08-29T11:54:14+03:00,8.4,3,11,127205,https://t.me/kievreal1/127205,Реактивний БпЛА курсом на Димер 2х Реактивні БпЛА курсом на Велику Димерку Реактивний БпЛА курсом на Згурівку
2026-08-29,4,Вишгородський,Вишгород,2026-08-29T03:30:04+03:00,2026-08-29T11:54:14+03:00,8.4,3,11,127206,https://t.me/kievreal1/127206,"1 БПЛА на Вишгород, 2 на Бровари"
2026-08-29,4,Броварський,Бровари,2026-08-29T03:30:04+03:00,2026-08-29T11:54:14+03:00,8.4,3,11,127206,https://t.me/kievreal1/127206,"1 БПЛА на Вишгород, 2 на Бровари"
2026-08-29,4,Вишгородський,Димер,2026-08-29T03:30:04+03:00,2026-08-29T11:54:14+03:00,8.4,3,11,127208,https://t.me/kievreal1/127208,Реактивний БпЛА курсом на Димер 3х Реактивні БпЛА курсом на Київ
2026-08-29,4,Бучанський,Вишневе,2026-08-29T03:30:04+03:00,2026-08-29T11:54:14+03:00,8.4,3,11,127209,https://t.me/kievreal1/127209,3х Реактивні БпЛА курсом на Вишневе
2026-08-29,5,Бучанський,Софіївська Борщагівка,2026-08-29T03:30:04+03:00,2026-08-29T11:54:14+03:00,8.4,3,11,127213,https://t.me/kievreal1/127213,Софіївська Борщагівка
2026-08-29,5,Обухівський,Васильків,2026-08-29T03:30:04+03:00,2026-08-29T11:54:14+03:00,8.4,3,11,127217,https://t.me/kievreal1/127217,2х Реактивні БпЛА курсом на Київ Реактивний БпЛА курсом на Васильків
2026-08-29,5,Вишгородський,Вишгород,2026-08-29T03:30:04+03:00,2026-08-29T11:54:14+03:00,8.4,3,11,127218,https://t.me/kievreal1/127218,БПЛА на Вишгород
2026-08-29,5,Обухівський,Васильків,2026-08-29T03:30:04+03:00,2026-08-29T11:54:14+03:00,8.4,3,11,127220,https://t.me/kievreal1/127220,БПЛА на Васильків
2026-08-29,5,Фастівський,Боярка,2026-08-29T03:30:04+03:00,2026-08-29T11:54:14+03:00,8.4,3,11,127221,https://t.me/kievreal1/127221,3х Реактивні БпЛА курсом на Боярку
2026-08-29,5,Обухівський,Козин,2026-08-29T03:30:04+03:00,2026-08-29T11:54:14+03:00,8.4,3,11,127223,https://t.me/kievreal1/127223,Реактивний БпЛА курсом на Козин Реактивний БпЛА курсом на Феофанію Реактивний БпЛА курсом на Академмістечко
2026-08-29,5,Фастівський,Боярка,2026-08-29T03:30:04+03:00,2026-08-29T11:54:14+03:00,8.4,3,11,127224,https://t.me/kievreal1/127224,2х Реактивні БпЛА курсом на Боярку Реактивний БпЛА курсом на Вишеньки
2026-08-29,5,Фастівський,Боярка,2026-08-29T03:30:04+03:00,2026-08-29T11:54:14+03:00,8.4,3,11,127225,https://t.me/kievreal1/127225,Реактивний БпЛА курсом на Боярку Реактивний БпЛА курсом на Бортничі
2026-08-29,5,Броварський,Бровари,2026-08-29T03:30:04+03:00,2026-08-29T11:54:14+03:00,8.4,3,11,127227,https://t.me/kievreal1/127227,Реактивний БпЛА курсом на Бровари Реактивний БпЛА курсом на Васильків
2026-08-29,5,Обухівський,Васильків,2026-08-29T03:30:04+03:00,2026-08-29T11:54:14+03:00,8.4,3,11,127227,https://t.me/kievreal1/127227,Реактивний БпЛА курсом на Бровари Реактивний БпЛА курсом на Васильків
2026-08-29,5,Вишгородський,Вишгород,2026-08-29T03:30:04+03:00,2026-08-29T11:54:14+03:00,8.4,3,11,127228,https://t.me/kievreal1/127228,"Реактивний шахед з Троєщини на Оболонь, Вишгород"
2026-08-29,5,Бучанський,Святопетрівське,2026-08-29T03:30:04+03:00,2026-08-29T11:54:14+03:00,8.4,3,11,127230,https://t.me/kievreal1/127230,Реактивний БпЛА курсом на Святопетрівське
2026-08-29,5,Бучанський,Софіївська Борщагівка,2026-08-29T03:30:04+03:00,2026-08-29T11:54:14+03:00,8.4,3,11,127232,https://t.me/kievreal1/127232,Реактивний БпЛА курсом на Софіївську Борщагівку
2026-08-29,5,Бориспільський,Березань,2026-08-29T03:30:04+03:00,2026-08-29T11:54:14+03:00,8.4,3,11,127235,https://t.me/kievreal1/127235,3х Реактивні БпЛА курсом на Березань
2026-08-29,5,Бориспільський,Бориспіль,2026-08-29T03:30:04+03:00,2026-08-29T11:54:14+03:00,8.4,3,11,127236,https://t.me/kievreal1/127236,2х Реактивні БпЛА курсом на Бориспіль Реактивний БпЛА курсом на Вишгород Реактивний БпЛА курсом на Київ БпЛА курсом на Тетіїв
2026-08-29,5,Вишгородський,Вишгород,2026-08-29T03:30:04+03:00,2026-08-29T11:54:14+03:00,8.4,3,11,127236,https://t.me/kievreal1/127236,2х Реактивні БпЛА курсом на Бориспіль Реактивний БпЛА курсом на Вишгород Реактивний БпЛА курсом на Київ БпЛА курсом на Тетіїв
2026-08-29,5,Білоцерківський,Тетіїв,2026-08-29T03:30:04+03:00,2026-08-29T11:54:14+03:00,8.4,3,11,127236,https://t.me/kievreal1/127236,2х Реактивні БпЛА курсом на Бориспіль Реактивний БпЛА курсом на Вишгород Реактивний БпЛА курсом на Київ БпЛА курсом на Тетіїв
2026-08-29,5,Броварський,Бровари,2026-08-29T03:30:04+03:00,2026-08-29T11:54:14+03:00,8.4,3,11,127238,https://t.me/kievreal1/127238,Реактивний БпЛА курсом на Бровари 2х Реактивні БпЛА курсом на Київ Реактивний БпЛА курсом на Баришівку БпЛА курсом на Ставище
2026-08-29,5,Броварський,Баришівка,2026-08-29T03:30:04+03:00,2026-08-29T11:54:14+03:00,8.4,3,11,127238,https://t.me/kievreal1/127238,Реактивний БпЛА курсом на Бровари 2х Реактивні БпЛА курсом на Київ Реактивний БпЛА курсом на Баришівку БпЛА курсом на Ставище
2026-08-29,5,Білоцерківський,Ставище,2026-08-29T03:30:04+03:00,2026-08-29T11:54:14+03:00,8.4,3,11,127238,https://t.me/kievreal1/127238,Реактивний БпЛА курсом на Бровари 2х Реактивні БпЛА курсом на Київ Реактивний БпЛА курсом на Баришівку БпЛА курсом на Ставище
2026-08-29,5,Бучанський,Вишневе,2026-08-29T03:30:04+03:00,2026-08-29T11:54:14+03:00,8.4,3,11,127240,https://t.me/kievreal1/127240,БПЛА на Вишневе
2026-08-29,5,Броварський,Велика Димерка,2026-08-29T03:30:04+03:00,2026-08-29T11:54:14+03:00,8.4,3,11,127241,https://t.me/kievreal1/127241,2х Реактивні БпЛА курсом на Велику Димерку Реактивний БпЛА курсом на Київ Реактивний БпЛА курсом на Вишневе
2026-08-29,5,Бучанський,Вишневе,2026-08-29T03:30:04+03:00,2026-08-29T11:54:14+03:00,8.4,3,11,127241,https://t.me/kievreal1/127241,2х Реактивні БпЛА курсом на Велику Димерку Реактивний БпЛА курсом на Київ Реактивний БпЛА курсом на Вишневе
2026-08-29,5,Вишгородський,Димер,2026-08-29T03:30:04+03:00,2026-08-29T11:54:14+03:00,8.4,3,11,127242,https://t.me/kievreal1/127242,БПЛА на Димер
2026-08-29,6,Вишгородський,Жукин,2026-08-29T03:30:04+03:00,2026-08-29T11:54:14+03:00,8.4,3,11,127244,https://t.me/kievreal1/127244,3х Реактивні БпЛА курсом на Жукин Реактивний БпЛА курсом на Київ
2026-08-29,6,Вишгородський,Вишгород,2026-08-29T03:30:04+03:00,2026-08-29T11:54:14+03:00,8.4,3,11,127246,https://t.me/kievreal1/127246,3 БпЛА на Вишгород
2026-08-29,6,Бучанський,Борщагівка,2026-08-29T03:30:04+03:00,2026-08-29T11:54:14+03:00,8.4,3,11,127248,https://t.me/kievreal1/127248,Реактивний БпЛА курсом на Борщагівку
2026-08-29,6,Бучанський,Чайки,2026-08-29T03:30:04+03:00,2026-08-29T11:54:14+03:00,8.4,3,11,127249,https://t.me/kievreal1/127249,Реактивний БпЛА курсом на Чайки
2026-08-29,6,Вишгородський,Димер,2026-08-29T03:30:04+03:00,2026-08-29T11:54:14+03:00,8.4,3,11,127251,https://t.me/kievreal1/127251,Реактивний БпЛА курсом на Димер Реактивний БпЛА курсом на Гостомель
2026-08-29,6,Бучанський,Гостомель,2026-08-29T03:30:04+03:00,2026-08-29T11:54:14+03:00,8.4,3,11,127251,https://t.me/kievreal1/127251,Реактивний БпЛА курсом на Димер Реактивний БпЛА курсом на Гостомель
2026-08-29,6,Бучанський,Святопетрівське,2026-08-29T03:30:04+03:00,2026-08-29T11:54:14+03:00,8.4,3,11,127252,https://t.me/kievreal1/127252,Реактивний БпЛА курсом на Святопетрівське
2026-08-29,6,Бучанський,Святопетрівське,2026-08-29T03:30:04+03:00,2026-08-29T11:54:14+03:00,8.4,3,11,127253,https://t.me/kievreal1/127253,Реактивний БпЛА курсом на Святопетрівське
2026-08-29,6,Вишгородський,Чорнобиль,2026-08-29T03:30:04+03:00,2026-08-29T11:54:14+03:00,8.4,3,11,127254,https://t.me/kievreal1/127254,Реактивний БпЛА курсом на Чорнобиль
2026-08-29,6,Вишгородський,Іванків,2026-08-29T03:30:04+03:00,2026-08-29T11:54:14+03:00,8.4,3,11,127256,https://t.me/kievreal1/127256,Реактивний БпЛА курсом на Іванків Реактивний БпЛА курсом на Димер Реактивний БпЛА курсом на Залісся
2026-08-29,6,Вишгородський,Димер,2026-08-29T03:30:04+03:00,2026-08-29T11:54:14+03:00,8.4,3,11,127256,https://t.me/kievreal1/127256,Реактивний БпЛА курсом на Іванків Реактивний БпЛА курсом на Димер Реактивний БпЛА курсом на Залісся
2026-08-29,6,Броварський,Залісся,2026-08-29T03:30:04+03:00,2026-08-29T11:54:14+03:00,8.4,3,11,127256,https://t.me/kievreal1/127256,Реактивний БпЛА курсом на Іванків Реактивний БпЛА курсом на Димер Реактивний БпЛА курсом на Залісся
2026-08-29,6,Броварський,Бровари,2026-08-29T03:30:04+03:00,2026-08-29T11:54:14+03:00,8.4,3,11,127258,https://t.me/kievreal1/127258,Реактивний БпЛА курсом на Бровари Реактивний БпЛА курсом на Вишгород
2026-08-29,6,Вишгородський,Вишгород,2026-08-29T03:30:04+03:00,2026-08-29T11:54:14+03:00,8.4,3,11,127258,https://t.me/kievreal1/127258,Реактивний БпЛА курсом на Бровари Реактивний БпЛА курсом на Вишгород
2026-08-29,6,Бучанський,Коцюбинське,2026-08-29T03:30:04+03:00,2026-08-29T11:54:14+03:00,8.4,3,11,127259,https://t.me/kievreal1/127259,Реактивний БпЛА курсом на Коцюбинське Реактивний БпЛА курсом на Лебедівку
2026-08-29,6,Вишгородський,Лебедівка,2026-08-29T03:30:04+03:00,2026-08-29T11:54:14+03:00,8.4,3,11,127259,https://t.me/kievreal1/127259,Реактивний БпЛА курсом на Коцюбинське Реактивний БпЛА курсом на Лебедівку
2026-08-29,6,Бучанський,Петропавлівська Борщагівка,2026-08-29T03:30:04+03:00,2026-08-29T11:54:14+03:00,8.4,3,11,127269,https://t.me/kievreal1/127269,Київ : Реактивний БпЛА курсом на Петропавлівську Борщагівку
2026-08-29,6,Броварський,Згурівка,2026-08-29T03:30:04+03:00,2026-08-29T11:54:14+03:00,8.4,3,11,127271,https://t.me/kievreal1/127271,3х Реактивні БпЛА курсом на Згурівку
2026-08-29,7,Бориспільський,Березань,2026-08-29T03:30:04+03:00,2026-08-29T11:54:14+03:00,8.4,3,11,127275,https://t.me/kievreal1/127275,Реактивний БпЛА курсом на Трипілля 2х Реактивні БпЛА курсом на Березань
2026-08-29,7,Обухівський,Українка,2026-08-29T03:30:04+03:00,2026-08-29T11:54:14+03:00,8.4,3,11,127276,https://t.me/kievreal1/127276,Реактивний БпЛА курсом на Українку Реактивний БпЛА курсом на Переяслав Реактивний БпЛА курсом на Бровари
2026-08-29,7,Бориспільський,Переяслав,2026-08-29T03:30:04+03:00,2026-08-29T11:54:14+03:00,8.4,3,11,127276,https://t.me/kievreal1/127276,Реактивний БпЛА курсом на Українку Реактивний БпЛА курсом на Переяслав Реактивний БпЛА курсом на Бровари
2026-08-29,7,Броварський,Бровари,2026-08-29T03:30:04+03:00,2026-08-29T11:54:14+03:00,8.4,3,11,127276,https://t.me/kievreal1/127276,Реактивний БпЛА курсом на Українку Реактивний БпЛА курсом на Переяслав Реактивний БпЛА курсом на Бровари
2026-08-29,7,Обухівський,Васильків,2026-08-29T03:30:04+03:00,2026-08-29T11:54:14+03:00,8.4,3,11,127277,https://t.me/kievreal1/127277,Реактивний БпЛА курсом на Васильків Реактивний БпЛА курсом на Українку Реактивний БпЛА курсом на Баришівку
2026-08-29,7,Обухівський,Українка,2026-08-29T03:30:04+03:00,2026-08-29T11:54:14+03:00,8.4,3,11,127277,https://t.me/kievreal1/127277,Реактивний БпЛА курсом на Васильків Реактивний БпЛА курсом на Українку Реактивний БпЛА курсом на Баришівку
2026-08-29,7,Броварський,Баришівка,2026-08-29T03:30:04+03:00,2026-08-29T11:54:14+03:00,8.4,3,11,127277,https://t.me/kievreal1/127277,Реактивний БпЛА курсом на Васильків Реактивний БпЛА курсом на Українку Реактивний БпЛА курсом на Баришівку
2026-08-29,7,Броварський,Калита,2026-08-29T03:30:04+03:00,2026-08-29T11:54:14+03:00,8.4,3,11,127278,https://t.me/kievreal1/127278,Реактивний БпЛА курсом на Київ Реактивний БпЛА курсом на Калиту Реактивний БпЛА курсом на Борову
2026-08-29,7,Обухівський,Васильків,2026-08-29T03:30:04+03:00,2026-08-29T11:54:14+03:00,8.4,3,11,127280,https://t.me/kievreal1/127280,Реактивний БпЛА курсом на Бортничі Реактивний БпЛА курсом на Васильків
2026-08-29,7,Вишгородський,Вишгород,2026-08-29T03:30:04+03:00,2026-08-29T11:54:14+03:00,8.4,3,11,127282,https://t.me/kievreal1/127282,Реактивний БпЛА курсом на Вишгород
2026-08-29,7,Вишгородський,Лебедівка,2026-08-29T03:30:04+03:00,2026-08-29T11:54:14+03:00,8.4,3,11,127283,https://t.me/kievreal1/127283,Реактивний БпЛА курсом на водосховище Реактивний БпЛА курсом на Лебедівку
2026-08-29,7,Вишгородський,Вишгород,2026-08-29T03:30:04+03:00,2026-08-29T11:54:14+03:00,8.4,3,11,127284,https://t.me/kievreal1/127284,БПЛА на Вишгород
2026-08-29,7,Фастівський,Боярка,2026-08-29T03:30:04+03:00,2026-08-29T11:54:14+03:00,8.4,3,11,127286,https://t.me/kievreal1/127286,БПЛА на Боярку
2026-08-29,7,Обухівський,Васильків,2026-08-29T03:30:04+03:00,2026-08-29T11:54:14+03:00,8.4,3,11,127287,https://t.me/kievreal1/127287,Реактивний БпЛА курсом на Васильків
2026-08-29,7,Вишгородський,Вишгород,2026-08-29T03:30:04+03:00,2026-08-29T11:54:14+03:00,8.4,3,11,127288,https://t.me/kievreal1/127288,По БпЛА біля Вишгорода та Василькова
2026-08-29,8,Бучанський,Святопетрівське,2026-08-29T03:30:04+03:00,2026-08-29T11:54:14+03:00,8.4,3,11,127292,https://t.me/kievreal1/127292,На Святопетрівське
2026-08-29,8,Фастівський,Гатне,2026-08-29T03:30:04+03:00,2026-08-29T11:54:14+03:00,8.4,3,11,127293,https://t.me/kievreal1/127293,Чабани/ Гатне
2026-08-29,8,Бучанський,Борщагівка,2026-08-29T03:30:04+03:00,2026-08-29T11:54:14+03:00,8.4,3,11,127296,https://t.me/kievreal1/127296,Борщагівка
2026-08-29,8,Бучанський,Вишневе,2026-08-29T03:30:04+03:00,2026-08-29T11:54:14+03:00,8.4,3,11,127297,https://t.me/kievreal1/127297,Вишневе далі
2026-08-29,8,Обухівський,Кагарлик,2026-08-29T03:30:04+03:00,2026-08-29T11:54:14+03:00,8.4,3,11,127302,https://t.me/kievreal1/127302,1 бпла біля Кагарлика 3 на Черкащині на Згурівку 4 на Чернігівщині на Славутич
2026-08-29,8,Броварський,Згурівка,2026-08-29T03:30:04+03:00,2026-08-29T11:54:14+03:00,8.4,3,11,127302,https://t.me/kievreal1/127302,1 бпла біля Кагарлика 3 на Черкащині на Згурівку 4 на Чернігівщині на Славутич
2026-08-29,8,Вишгородський,Славутич,2026-08-29T03:30:04+03:00,2026-08-29T11:54:14+03:00,8.4,3,11,127302,https://t.me/kievreal1/127302,1 бпла біля Кагарлика 3 на Черкащині на Згурівку 4 на Чернігівщині на Славутич
2026-08-29,8,Вишгородський,Вишгород,2026-08-29T03:30:04+03:00,2026-08-29T11:54:14+03:00,8.4,3,11,127303,https://t.me/kievreal1/127303,1 на Вишгород 3 на Лебедівку
2026-08-29,8,Вишгородський,Лебедівка,2026-08-29T03:30:04+03:00,2026-08-29T11:54:14+03:00,8.4,3,11,127303,https://t.me/kievreal1/127303,1 на Вишгород 3 на Лебедівку
2026-08-29,8,Броварський,Бровари,2026-08-29T03:30:04+03:00,2026-08-29T11:54:14+03:00,8.4,3,11,127306,https://t.me/kievreal1/127306,Позняки І ще 1 на Бровари
2026-08-29,8,Бучанський,Софіївська Борщагівка,2026-08-29T03:30:04+03:00,2026-08-29T11:54:14+03:00,8.4,3,11,127307,https://t.me/kievreal1/127307,1 Березняки 1 на Софіївську Борщагівку 1 Бровари
2026-08-29,8,Броварський,Бровари,2026-08-29T03:30:04+03:00,2026-08-29T11:54:14+03:00,8.4,3,11,127307,https://t.me/kievreal1/127307,1 Березняки 1 на Софіївську Борщагівку 1 Бровари
2026-08-29,8,Бучанський,Вишневе,2026-08-29T03:30:04+03:00,2026-08-29T11:54:14+03:00,8.4,3,11,127308,https://t.me/kievreal1/127308,Вишневе увага
2026-08-29,8,Вишгородський,Вишгород,2026-08-29T03:30:04+03:00,2026-08-29T11:54:14+03:00,8.4,3,11,127313,https://t.me/kievreal1/127313,Ще на Вишгород від водосховища
2026-08-29,9,Бориспільський,Бориспіль,2026-08-29T03:30:04+03:00,2026-08-29T11:54:14+03:00,8.4,3,11,127316,https://t.me/kievreal1/127316,"Березняки, ДВРЗ, Бориспіль . Дарниця — у ваш бік бпла"
2026-08-29,9,Вишгородський,Димер,2026-08-29T03:30:04+03:00,2026-08-29T11:54:14+03:00,8.4,3,11,127317,https://t.me/kievreal1/127317,Димер увага
2026-08-29,9,Обухівський,Васильків,2026-08-29T03:30:04+03:00,2026-08-29T11:54:14+03:00,8.4,3,11,127323,https://t.me/kievreal1/127323,На Васильків 1
2026-08-29,9,Обухівський,Васильків,2026-08-29T03:30:04+03:00,2026-08-29T11:54:14+03:00,8.4,3,11,127324,https://t.me/kievreal1/127324,На Васильків 1
2026-08-29,9,Вишгородський,Вишгород,2026-08-29T03:30:04+03:00,2026-08-29T11:54:14+03:00,8.4,3,11,127325,https://t.me/kievreal1/127325,На Вишгород від водосховища
2026-08-29,9,Вишгородський,Вишгород,2026-08-29T03:30:04+03:00,2026-08-29T11:54:14+03:00,8.4,3,11,127326,https://t.me/kievreal1/127326,На Вишгород від водосховища
2026-08-29,9,Броварський,Бровари,2026-08-29T03:30:04+03:00,2026-08-29T11:54:14+03:00,8.4,3,11,127328,https://t.me/kievreal1/127328,1 на Димерку / Бровари 1 на Славутич 1 на Черкащині в наш бік
2026-08-29,9,Вишгородський,Славутич,2026-08-29T03:30:04+03:00,2026-08-29T11:54:14+03:00,8.4,3,11,127328,https://t.me/kievreal1/127328,1 на Димерку / Бровари 1 на Славутич 1 на Черкащині в наш бік
2026-08-29,9,Бориспільський,Березань,2026-08-29T03:30:04+03:00,2026-08-29T11:54:14+03:00,8.4,3,11,127332,https://t.me/kievreal1/127332,2 бпла на Березань
2026-08-29,9,Бучанський,Бучанський,2026-08-29T03:30:04+03:00,2026-08-29T11:54:14+03:00,8.4,3,11,127333,https://t.me/kievreal1/127333,"Є інформація, що вранці на півдні Бучанського району було влучання по складу з шинами, в результаті чого спалахнула масштабна пожежа"
2026-08-29,9,Броварський,Бровари,2026-08-29T03:30:04+03:00,2026-08-29T11:54:14+03:00,8.4,3,11,127334,https://t.me/kievreal1/127334,2 на Бровари 1 на Українку
2026-08-29,9,Обухівський,Українка,2026-08-29T03:30:04+03:00,2026-08-29T11:54:14+03:00,8.4,3,11,127334,https://t.me/kievreal1/127334,2 на Бровари 1 на Українку
2026-08-29,9,Бориспільський,Березань,2026-08-29T03:30:04+03:00,2026-08-29T11:54:14+03:00,8.4,3,11,127335,https://t.me/kievreal1/127335,Березань/ Пристроми знову до вас є
2026-08-29,10,Обухівський,Козин,2026-08-29T03:30:04+03:00,2026-08-29T11:54:14+03:00,8.4,3,11,127337,https://t.me/kievreal1/127337,БпЛА на Козин
2026-08-29,10,Бориспільський,Бориспіль,2026-08-29T03:30:04+03:00,2026-08-29T11:54:14+03:00,8.4,3,11,127339,https://t.me/kievreal1/127339,Бориспіль
2026-08-29,10,Обухівський,Українка,2026-08-29T03:30:04+03:00,2026-08-29T11:54:14+03:00,8.4,3,11,127341,https://t.me/kievreal1/127341,1 БпЛА біля Ржищева на Українку 3 на Десну
2026-08-29,10,Вишгородський,Десна,2026-08-29T03:30:04+03:00,2026-08-29T11:54:14+03:00,8.4,3,11,127341,https://t.me/kievreal1/127341,1 БпЛА біля Ржищева на Українку 3 на Десну
2026-08-29,10,Обухівський,Обухів,2026-08-29T03:30:04+03:00,2026-08-29T11:54:14+03:00,8.4,3,11,127342,https://t.me/kievreal1/127342,Обухів увага теж
2026-08-29,10,Вишгородський,Лебедівка,2026-08-29T03:30:04+03:00,2026-08-29T11:54:14+03:00,8.4,3,11,127343,https://t.me/kievreal1/127343,Бпла на Лебедівку
2026-08-29,10,Вишгородський,Страхолісся,2026-08-29T03:30:04+03:00,2026-08-29T11:54:14+03:00,8.4,3,11,127344,https://t.me/kievreal1/127344,2 рухаються з півночі на Троєщину 1 на Страхолісся
2026-08-29,10,Вишгородський,Вишгород,2026-08-29T03:30:04+03:00,2026-08-29T11:54:14+03:00,8.4,3,11,127345,https://t.me/kievreal1/127345,Вишгород – 1 вашим курсом
2026-08-29,10,Вишгородський,Вишгород,2026-08-29T03:30:04+03:00,2026-08-29T11:54:14+03:00,8.4,3,11,127346,https://t.me/kievreal1/127346,Вишгород – 1 вашим курсом
2026-08-29,10,Броварський,Бровари,2026-08-29T03:30:04+03:00,2026-08-29T11:54:14+03:00,8.4,3,11,127348,https://t.me/kievreal1/127348,1 на Бровари від Димерки Попередній на Нивки 3 на Переяслав з Черкащини
2026-08-29,10,Бориспільський,Переяслав,2026-08-29T03:30:04+03:00,2026-08-29T11:54:14+03:00,8.4,3,11,127348,https://t.me/kievreal1/127348,1 на Бровари від Димерки Попередній на Нивки 3 на Переяслав з Черкащини
2026-08-29,10,Фастівський,Боярка,2026-08-29T03:30:04+03:00,2026-08-29T11:54:14+03:00,8.4,3,11,127349,https://t.me/kievreal1/127349,Повз Петропавлівку на Боярку
2026-08-29,10,Бучанський,Вишневе,2026-08-29T03:30:04+03:00,2026-08-29T11:54:14+03:00,8.4,3,11,127350,https://t.me/kievreal1/127350,Вишневе! Увага теж
2026-08-29,10,Обухівський,Глеваха,2026-08-29T03:30:04+03:00,2026-08-29T11:54:14+03:00,8.4,3,11,127351,https://t.me/kievreal1/127351,Глеваха - обережно
2026-08-29,10,Вишгородський,Вишгород,2026-08-29T03:30:04+03:00,2026-08-29T11:54:14+03:00,8.4,3,11,127352,https://t.me/kievreal1/127352,1 на Виноградар від Вишгороду
2026-08-29,10,Обухівський,Миронівка,2026-08-29T03:30:04+03:00,2026-08-29T11:54:14+03:00,8.4,3,11,127353,https://t.me/kievreal1/127353,Ще з Черкаської області на Миронівку
2026-08-29,10,Вишгородський,Вишгород,2026-08-29T03:30:04+03:00,2026-08-29T11:54:14+03:00,8.4,3,11,127354,https://t.me/kievreal1/127354,1 на Виноградар від Вишгороду
2026-08-29,10,Обухівський,Миронівка,2026-08-29T03:30:04+03:00,2026-08-29T11:54:14+03:00,8.4,3,11,127362,https://t.me/kievreal1/127362,"Миронівка, Вишгород, Троєщина - зараз обережно"
2026-08-29,10,Вишгородський,Вишгород,2026-08-29T03:30:04+03:00,2026-08-29T11:54:14+03:00,8.4,3,11,127362,https://t.me/kievreal1/127362,"Миронівка, Вишгород, Троєщина - зараз обережно"
2026-08-29,10,Обухівський,Миронівка,2026-08-29T03:30:04+03:00,2026-08-29T11:54:14+03:00,8.4,3,11,127363,https://t.me/kievreal1/127363,Від Миронівки на Кагарлик
2026-08-29,10,Обухівський,Кагарлик,2026-08-29T03:30:04+03:00,2026-08-29T11:54:14+03:00,8.4,3,11,127363,https://t.me/kievreal1/127363,Від Миронівки на Кагарлик
2026-08-29,10,Обухівський,Обухів,2026-08-29T03:30:04+03:00,2026-08-29T11:54:14+03:00,8.4,3,11,127366,https://t.me/kievreal1/127366,1 в області - на Обухів
2026-08-29,10,Фастівський,Боярка,2026-08-29T03:30:04+03:00,2026-08-29T11:54:14+03:00,8.4,3,11,127368,https://t.me/kievreal1/127368,На Боярку виліз
2026-08-29,10,Обухівський,Обухів,2026-08-29T03:30:04+03:00,2026-08-29T11:54:14+03:00,8.4,3,11,127369,https://t.me/kievreal1/127369,1 в області - на Обухів
2026-08-29,10,Бучанський,Вишневе,2026-08-29T03:30:04+03:00,2026-08-29T11:54:14+03:00,8.4,3,11,127370,https://t.me/kievreal1/127370,1 з півдня на Вишневе 1 на Бориспіль ще
2026-08-29,10,Бориспільський,Бориспіль,2026-08-29T03:30:04+03:00,2026-08-29T11:54:14+03:00,8.4,3,11,127370,https://t.me/kievreal1/127370,1 з півдня на Вишневе 1 на Бориспіль ще
2026-08-29,11,Бучанський,Коцюбинське,2026-08-29T03:30:04+03:00,2026-08-29T11:54:14+03:00,8.4,3,11,127376,https://t.me/kievreal1/127376,Коцюбинське
2026-08-29,11,Бучанський,Коцюбинське,2026-08-29T03:30:04+03:00,2026-08-29T11:54:14+03:00,8.4,3,11,127378,https://t.me/kievreal1/127378,Коцюбинське
2026-08-29,11,Бориспільський,Бориспіль,2026-08-29T03:30:04+03:00,2026-08-29T11:54:14+03:00,8.4,3,11,127379,https://t.me/kievreal1/127379,На Бориспіль 1
2026-08-29,11,Бориспільський,Переяслав,2026-08-29T03:30:04+03:00,2026-08-29T11:54:14+03:00,8.4,3,11,127380,https://t.me/kievreal1/127380,Ще 2 на Переяслав від Черкаської області
2026-08-29,11,Бориспільський,Бориспіль,2026-08-29T03:30:04+03:00,2026-08-29T11:54:14+03:00,8.4,3,11,127381,https://t.me/kievreal1/127381,На Бориспіль 1
2026-08-29,11,Бориспільський,Гнідин,2026-08-29T03:30:04+03:00,2026-08-29T11:54:14+03:00,8.4,3,11,127382,https://t.me/kievreal1/127382,Цей на Гнідин
2026-08-29,11,Вишгородський,Вишгород,2026-08-29T03:30:04+03:00,2026-08-29T11:54:14+03:00,8.4,3,11,127385,https://t.me/kievreal1/127385,Вишгород знову
2026-08-29,11,Обухівський,Українка,2026-08-29T03:30:04+03:00,2026-08-29T11:54:14+03:00,8.4,3,11,127388,https://t.me/kievreal1/127388,1 на Українку 1 на Гостомель 1 Березань
2026-08-29,11,Бучанський,Гостомель,2026-08-29T03:30:04+03:00,2026-08-29T11:54:14+03:00,8.4,3,11,127388,https://t.me/kievreal1/127388,1 на Українку 1 на Гостомель 1 Березань
2026-08-29,11,Бориспільський,Березань,2026-08-29T03:30:04+03:00,2026-08-29T11:54:14+03:00,8.4,3,11,127388,https://t.me/kievreal1/127388,1 на Українку 1 на Гостомель 1 Березань
2026-08-29,11,Броварський,Бровари,2026-08-29T03:30:04+03:00,2026-08-29T11:54:14+03:00,8.4,3,11,127393,https://t.me/kievreal1/127393,"Бровари , Хотянівка, Оболонь - уважно по бпла"
2026-08-29,11,Вишгородський,Хотянівка,2026-08-29T03:30:04+03:00,2026-08-29T11:54:14+03:00,8.4,3,11,127393,https://t.me/kievreal1/127393,"Бровари , Хотянівка, Оболонь - уважно по бпла"
2026-08-29,11,Бучанський,Бучанський,2026-08-29T03:30:04+03:00,2026-08-29T11:54:14+03:00,8.4,3,11,127397,https://t.me/kievreal1/127397,"🕯️ Наразі відомо про 27 загиблих через вчорашній удар по Бучанському району. Ця цифра ще може бути не остаточною , – повідомив очільник КОВА"
2026-08-29,11,Бучанський,Бучанський,2026-08-29T03:30:04+03:00,2026-08-29T11:54:14+03:00,8.4,3,11,127398,https://t.me/kievreal1/127398,"🕯️ Наразі відомо про 27 загиблих через вчорашній удар по Бучанському району. Ця цифра ще може бути не остаточною, – повідомив очільник КОВА"
2026-08-29,11,Вишгородський,Лебедівка,2026-08-29T03:30:04+03:00,2026-08-29T11:54:14+03:00,8.4,3,11,127403,https://t.me/kievreal1/127403,1 на Теремки 2 на Димерку 1 Лебедівка
2026-08-29,11,Броварський,Бровари,2026-08-29T03:30:04+03:00,2026-08-29T11:54:14+03:00,8.4,3,11,127405,https://t.me/kievreal1/127405,"Троєщина, Бровари"
2026-08-29,11,Бучанський,Вишневе,2026-08-29T03:30:04+03:00,2026-08-29T11:54:14+03:00,8.4,3,11,127406,https://t.me/kievreal1/127406,"Труханів, Вишневе"
2026-08-29,11,Вишгородський,Вишгород,2026-08-29T03:30:04+03:00,2026-08-29T11:54:14+03:00,8.4,3,11,127412,https://t.me/kievreal1/127412,Вишгород / Оболонь/ Труханів
2026-08-29,12,Вишгородський,Славутич,2026-08-29T12:45:34+03:00,2026-08-29T13:08:04+03:00,0.4,12,13,127438,https://t.me/kievreal1/127438,🚨 КИЇВСЬКА ОБЛАСТЬ - ОГОЛОШЕНА ПОВІТРЯНА ТРИВОГА БпЛА від Славутича
2026-08-29,12,Вишгородський,Вишгород,2026-08-29T12:45:34+03:00,2026-08-29T13:08:04+03:00,0.4,12,13,127440,https://t.me/kievreal1/127440,На Вишгород бпла Про рух шахедів по області пишуть тут – t.me/tryvoga_kyiv
2026-08-29,12,Вишгородський,Хотянівка,2026-08-29T12:45:34+03:00,2026-08-29T13:08:04+03:00,0.4,12,13,127442,https://t.me/kievreal1/127442,БпЛА на Хотянівку
2026-08-29,12,Бучанський,Святопетрівське,2026-08-29T12:45:34+03:00,2026-08-29T13:08:04+03:00,0.4,12,13,127445,https://t.me/kievreal1/127445,Святошин/ Святопетрівське/ Вишневе по курсу Стежити за траєкторією - t.me/kyiv_radar
2026-08-29,12,Бучанський,Вишневе,2026-08-29T12:45:34+03:00,2026-08-29T13:08:04+03:00,0.4,12,13,127445,https://t.me/kievreal1/127445,Святошин/ Святопетрівське/ Вишневе по курсу Стежити за траєкторією - t.me/kyiv_radar
2026-08-29,13,Броварський,Бровари,2026-08-29T12:45:34+03:00,2026-08-29T13:08:04+03:00,0.4,12,13,127450,https://t.me/kievreal1/127450,Бпла на Бровари / Димерку
2026-08-29,15,Броварський,Броварський,2026-08-29T15:19:34+03:00,2026-08-29T16:02:04+03:00,0.7,15,16,127474,https://t.me/kievreal1/127474,"🚨 КИЇВСЬКА ОБЛАСТЬ - ОГОЛОШЕНА ПОВІТРЯНА ТРИВОГА Броварський, Бориспільський райони - загроза через 2 БпЛА з Черкащини"
2026-08-29,15,Бориспільський,Бориспільський,2026-08-29T15:19:34+03:00,2026-08-29T16:02:04+03:00,0.7,15,16,127474,https://t.me/kievreal1/127474,"🚨 КИЇВСЬКА ОБЛАСТЬ - ОГОЛОШЕНА ПОВІТРЯНА ТРИВОГА Броварський, Бориспільський райони - загроза через 2 БпЛА з Черкащини"
2026-08-29,15,Броварський,Згурівка,2026-08-29T15:19:34+03:00,2026-08-29T16:02:04+03:00,0.7,15,16,127475,https://t.me/kievreal1/127475,1 на Згурівку
2026-08-29,15,Вишгородський,Славутич,2026-08-29T15:19:34+03:00,2026-08-29T16:02:04+03:00,0.7,15,16,127477,https://t.me/kievreal1/127477,Нові 2 від Славутича йдуть
2026-08-29,15,Вишгородський,Лебедівка,2026-08-29T15:19:34+03:00,2026-08-29T16:02:04+03:00,0.7,15,16,127479,https://t.me/kievreal1/127479,БпЛА йдуть на Лебедівку
2026-08-29,17,Вишгородський,Славутич,2026-08-29T17:21:24+03:00,2026-08-29T19:43:44+03:00,2.4,17,19,127492,https://t.me/kievreal1/127492,🚨 КИЇВСЬКА ОБЛАСТЬ - ОГОЛОШЕНА ПОВІТРЯНА ТРИВОГА 2 бпла на/через Славутич і ще декілька в бік Київщини від Полтавщини
2026-08-29,17,Вишгородський,Лебедівка,2026-08-29T17:21:24+03:00,2026-08-29T19:43:44+03:00,2.4,17,19,127493,https://t.me/kievreal1/127493,БпЛА на Лебедівку
2026-08-29,17,Вишгородський,Вишгород,2026-08-29T17:21:24+03:00,2026-08-29T19:43:44+03:00,2.4,17,19,127495,https://t.me/kievreal1/127495,На Вишгород рухаються 2 бпла
2026-08-29,17,Вишгородський,Хотянівка,2026-08-29T17:21:24+03:00,2026-08-29T19:43:44+03:00,2.4,17,19,127496,https://t.me/kievreal1/127496,Осещина/ Хотянівка - вашим курсом
2026-08-29,18,Бучанський,Бучанський,2026-08-29T17:21:24+03:00,2026-08-29T19:43:44+03:00,2.4,17,19,127504,https://t.me/kievreal1/127504,"Дитина серед числа загиблих у Бучанському районі, ще 19 людей травмовано, серед яких двоє дітей, двоє поліцейських та працівники ДСНС Загал…"
2026-08-29,18,Вишгородський,Лебедівка,2026-08-29T17:21:24+03:00,2026-08-29T19:43:44+03:00,2.4,17,19,127511,https://t.me/kievreal1/127511,БпЛА на Лебедівку і далі Вишгород
2026-08-29,18,Вишгородський,Вишгород,2026-08-29T17:21:24+03:00,2026-08-29T19:43:44+03:00,2.4,17,19,127511,https://t.me/kievreal1/127511,БпЛА на Лебедівку і далі Вишгород
2026-08-29,18,Броварський,Бровари,2026-08-29T17:21:24+03:00,2026-08-29T19:43:44+03:00,2.4,17,19,127513,https://t.me/kievreal1/127513,Бровари увага! Онлайн-мапа руху БпЛА ⬅️
2026-08-29,18,Вишгородський,Вишгород,2026-08-29T17:21:24+03:00,2026-08-29T19:43:44+03:00,2.4,17,19,127520,https://t.me/kievreal1/127520,Вишгород!
2026-08-29,18,Броварський,Бровари,2026-08-29T17:21:24+03:00,2026-08-29T19:43:44+03:00,2.4,17,19,127525,https://t.me/kievreal1/127525,Інший на Бровари Попередній мінус
2026-08-29,18,Бориспільський,Бориспіль,2026-08-29T17:21:24+03:00,2026-08-29T19:43:44+03:00,2.4,17,19,127526,https://t.me/kievreal1/127526,Бориспіль !
2026-08-29,19,Вишгородський,Вишгород,2026-08-29T17:21:24+03:00,2026-08-29T19:43:44+03:00,2.4,17,19,127531,https://t.me/kievreal1/127531,БпЛА на Вишгород та Жукин
2026-08-29,19,Вишгородський,Жукин,2026-08-29T17:21:24+03:00,2026-08-29T19:43:44+03:00,2.4,17,19,127531,https://t.me/kievreal1/127531,БпЛА на Вишгород та Жукин
2026-08-29,19,Вишгородський,Жукин,2026-08-29T17:21:24+03:00,2026-08-29T19:43:44+03:00,2.4,17,19,127532,https://t.me/kievreal1/127532,"На Димерку від Жукина, той, що на Вишгород йшов – мінус"
2026-08-29,19,Вишгородський,Вишгород,2026-08-29T17:21:24+03:00,2026-08-29T19:43:44+03:00,2.4,17,19,127532,https://t.me/kievreal1/127532,"На Димерку від Жукина, той, що на Вишгород йшов – мінус"
2026-08-29,19,Вишгородський,Вишгород,2026-08-29T17:21:24+03:00,2026-08-29T19:43:44+03:00,2.4,17,19,127533,https://t.me/kievreal1/127533,Цей також на Вишгород прямує
2026-08-29,19,Вишгородський,Вишгород,2026-08-29T17:21:24+03:00,2026-08-29T19:43:44+03:00,2.4,17,19,127535,https://t.me/kievreal1/127535,Цей також на Вишгород прямує
2026-08-29,20,Вишгородський,Славутич,2026-08-29T20:10:14+03:00,2026-08-29T20:27:04+03:00,0.3,20,20,127544,https://t.me/kievreal1/127544,🚨 КИЇВСЬКА ОБЛАСТЬ - ОГОЛОШЕНА ПОВІТРЯНА ТРИВОГА Знову бпла від Славутича
2026-08-29,20,Броварський,Броварський,2026-08-29T20:46:14+03:00,2026-08-30T00:42:24+03:00,3.9,20,0,127547,https://t.me/kievreal1/127547,🚨 КИЇВСЬКА ОБЛАСТЬ - ОГОЛОШЕНА ПОВІТРЯНА ТРИВОГА Броварський та Бориспільський райони — загроза бпла
2026-08-29,20,Бориспільський,Бориспільський,2026-08-29T20:46:14+03:00,2026-08-30T00:42:24+03:00,3.9,20,0,127547,https://t.me/kievreal1/127547,🚨 КИЇВСЬКА ОБЛАСТЬ - ОГОЛОШЕНА ПОВІТРЯНА ТРИВОГА Броварський та Бориспільський райони — загроза бпла
2026-08-29,21,Вишгородський,Славутич,2026-08-29T20:46:14+03:00,2026-08-30T00:42:24+03:00,3.9,20,0,127550,https://t.me/kievreal1/127550,Ще 2 бпла на Славутич і ще 2 нові з брянська
2026-08-29,21,Вишгородський,Вишгород,2026-08-29T20:46:14+03:00,2026-08-30T00:42:24+03:00,3.9,20,0,127560,https://t.me/kievreal1/127560,На Вишгород 1
2026-08-29,21,Вишгородський,Славутич,2026-08-29T20:46:14+03:00,2026-08-30T00:42:24+03:00,3.9,20,0,127561,https://t.me/kievreal1/127561,4 на Славутич ще
2026-08-29,21,Вишгородський,Лебедівка,2026-08-29T20:46:14+03:00,2026-08-30T00:42:24+03:00,3.9,20,0,127563,https://t.me/kievreal1/127563,Лебедівка - увага по бпла
2026-08-29,21,Вишгородський,Вишгород,2026-08-29T20:46:14+03:00,2026-08-30T00:42:24+03:00,3.9,20,0,127564,https://t.me/kievreal1/127564,"Троєщина, Вишгород увага"
2026-08-29,21,Білоцерківський,Тетіїв,2026-08-29T20:46:14+03:00,2026-08-30T00:42:24+03:00,3.9,20,0,127567,https://t.me/kievreal1/127567,Ще на Тетіїв
2026-08-29,21,Бучанський,Вишневе,2026-08-29T20:46:14+03:00,2026-08-30T00:42:24+03:00,3.9,20,0,127572,https://t.me/kievreal1/127572,Вишневе/ Борщагівка увага
2026-08-29,21,Бучанський,Борщагівка,2026-08-29T20:46:14+03:00,2026-08-30T00:42:24+03:00,3.9,20,0,127572,https://t.me/kievreal1/127572,Вишневе/ Борщагівка увага
2026-08-29,21,Бучанський,Коцюбинське,2026-08-29T20:46:14+03:00,2026-08-30T00:42:24+03:00,3.9,20,0,127573,https://t.me/kievreal1/127573,Далі Коцюбинське
2026-08-29,21,Вишгородський,Вишгород,2026-08-29T20:46:14+03:00,2026-08-30T00:42:24+03:00,3.9,20,0,127575,https://t.me/kievreal1/127575,Вишгород/ ГЕС — обережно! + в зону нові бпла
2026-08-29,21,Вишгородський,Хотянівка,2026-08-29T20:46:14+03:00,2026-08-30T00:42:24+03:00,3.9,20,0,127576,https://t.me/kievreal1/127576,Хотянівка/ Осещина – в ваш бік
2026-08-29,21,Вишгородський,Вишгород,2026-08-29T20:46:14+03:00,2026-08-30T00:42:24+03:00,3.9,20,0,127579,https://t.me/kievreal1/127579,На Вишгород 4 І по 1 на Сквиру та Пісківку
2026-08-29,21,Білоцерківський,Сквира,2026-08-29T20:46:14+03:00,2026-08-30T00:42:24+03:00,3.9,20,0,127579,https://t.me/kievreal1/127579,На Вишгород 4 І по 1 на Сквиру та Пісківку
2026-08-29,21,Бучанський,Пісківка,2026-08-29T20:46:14+03:00,2026-08-30T00:42:24+03:00,3.9,20,0,127579,https://t.me/kievreal1/127579,На Вишгород 4 І по 1 на Сквиру та Пісківку
2026-08-29,21,Вишгородський,Лебедівка,2026-08-29T20:46:14+03:00,2026-08-30T00:42:24+03:00,3.9,20,0,127580,https://t.me/kievreal1/127580,"По 1 на Троєщину, Лебедівку та Димер"
2026-08-29,21,Вишгородський,Димер,2026-08-29T20:46:14+03:00,2026-08-30T00:42:24+03:00,3.9,20,0,127580,https://t.me/kievreal1/127580,"По 1 на Троєщину, Лебедівку та Димер"
2026-08-29,21,Бучанський,Бородянка,2026-08-29T20:46:14+03:00,2026-08-30T00:42:24+03:00,3.9,20,0,127581,https://t.me/kievreal1/127581,Бородянка - у ваш бік
2026-08-29,22,Бучанський,Ірпінь,2026-08-29T20:46:14+03:00,2026-08-30T00:42:24+03:00,3.9,20,0,127584,https://t.me/kievreal1/127584,Ірпінь / Стоянка - увага!
2026-08-29,22,Бучанський,Стоянка,2026-08-29T20:46:14+03:00,2026-08-30T00:42:24+03:00,3.9,20,0,127584,https://t.me/kievreal1/127584,Ірпінь / Стоянка - увага!
2026-08-29,22,Бучанський,Ірпінь,2026-08-29T20:46:14+03:00,2026-08-30T00:42:24+03:00,3.9,20,0,127585,https://t.me/kievreal1/127585,Ірпінь/ Стоянка - увага!
2026-08-29,22,Бучанський,Стоянка,2026-08-29T20:46:14+03:00,2026-08-30T00:42:24+03:00,3.9,20,0,127585,https://t.me/kievreal1/127585,Ірпінь/ Стоянка - увага!
2026-08-29,22,Фастівський,Боярка,2026-08-29T20:46:14+03:00,2026-08-30T00:42:24+03:00,3.9,20,0,127590,https://t.me/kievreal1/127590,По бпла увага Боярка/ Борщагівки
2026-08-29,22,Бучанський,Борщагівка,2026-08-29T20:46:14+03:00,2026-08-30T00:42:24+03:00,3.9,20,0,127590,https://t.me/kievreal1/127590,По бпла увага Боярка/ Борщагівки
2026-08-29,22,Бучанський,Стоянка,2026-08-29T20:46:14+03:00,2026-08-30T00:42:24+03:00,3.9,20,0,127595,https://t.me/kievreal1/127595,На Стоянку бпла
2026-08-29,22,Вишгородський,Славутич,2026-08-29T20:46:14+03:00,2026-08-30T00:42:24+03:00,3.9,20,0,127598,https://t.me/kievreal1/127598,Йде на Совки + в області 3 на Славутич і 1 на Пісківку
2026-08-29,22,Бучанський,Пісківка,2026-08-29T20:46:14+03:00,2026-08-30T00:42:24+03:00,3.9,20,0,127598,https://t.me/kievreal1/127598,Йде на Совки + в області 3 на Славутич і 1 на Пісківку
2026-08-29,22,Фастівський,Боярка,2026-08-29T20:46:14+03:00,2026-08-30T00:42:24+03:00,3.9,20,0,127600,https://t.me/kievreal1/127600,Боярка - увага
2026-08-29,22,Бучанський,Стоянка,2026-08-29T20:46:14+03:00,2026-08-30T00:42:24+03:00,3.9,20,0,127603,https://t.me/kievreal1/127603,На Бучу/ Стоянку йде
2026-08-29,22,Бучанський,Борщагівка,2026-08-29T20:46:14+03:00,2026-08-30T00:42:24+03:00,3.9,20,0,127604,https://t.me/kievreal1/127604,"Борщагівки, Святошино"
2026-08-29,22,Бучанський,Ірпінь,2026-08-29T20:46:14+03:00,2026-08-30T00:42:24+03:00,3.9,20,0,127611,https://t.me/kievreal1/127611,БпЛА на Ірпінь від Бородянки Ще 3 від Славутича йдуть
2026-08-29,22,Бучанський,Бородянка,2026-08-29T20:46:14+03:00,2026-08-30T00:42:24+03:00,3.9,20,0,127611,https://t.me/kievreal1/127611,БпЛА на Ірпінь від Бородянки Ще 3 від Славутича йдуть
2026-08-29,22,Вишгородський,Славутич,2026-08-29T20:46:14+03:00,2026-08-30T00:42:24+03:00,3.9,20,0,127611,https://t.me/kievreal1/127611,БпЛА на Ірпінь від Бородянки Ще 3 від Славутича йдуть
2026-08-29,22,Вишгородський,Лебедівка,2026-08-29T20:46:14+03:00,2026-08-30T00:42:24+03:00,3.9,20,0,127613,https://t.me/kievreal1/127613,2 бпла на Лебедівку Гостомель/ Ірпінь - ви теж увага 👉
2026-08-29,22,Бучанський,Гостомель,2026-08-29T20:46:14+03:00,2026-08-30T00:42:24+03:00,3.9,20,0,127613,https://t.me/kievreal1/127613,2 бпла на Лебедівку Гостомель/ Ірпінь - ви теж увага 👉
2026-08-29,22,Бучанський,Ірпінь,2026-08-29T20:46:14+03:00,2026-08-30T00:42:24+03:00,3.9,20,0,127613,https://t.me/kievreal1/127613,2 бпла на Лебедівку Гостомель/ Ірпінь - ви теж увага 👉
2026-08-29,22,Бориспільський,Переяслав,2026-08-29T20:46:14+03:00,2026-08-30T00:42:24+03:00,3.9,20,0,127614,https://t.me/kievreal1/127614,З Черкащини на Переяслав ще
2026-08-29,22,Вишгородський,Вишгород,2026-08-29T20:46:14+03:00,2026-08-30T00:42:24+03:00,3.9,20,0,127623,https://t.me/kievreal1/127623,На Вишгород від Пущі
2026-08-29,22,Бучанський,Борщагівка,2026-08-29T20:46:14+03:00,2026-08-30T00:42:24+03:00,3.9,20,0,127625,https://t.me/kievreal1/127625,"Відрадний увага! Борщагівки, Вишневе теж"
2026-08-29,22,Бучанський,Вишневе,2026-08-29T20:46:14+03:00,2026-08-30T00:42:24+03:00,3.9,20,0,127625,https://t.me/kievreal1/127625,"Відрадний увага! Борщагівки, Вишневе теж"
2026-08-29,22,Вишгородський,Хотянівка,2026-08-29T20:46:14+03:00,2026-08-30T00:42:24+03:00,3.9,20,0,127627,https://t.me/kievreal1/127627,"Хотянівка, Пуща, Погреби увага теж P.S про рух шахедів в онлайн-режимі пишуть тут – t.me/tryvoga_kyiv"
2026-08-29,22,Бучанський,Бучанський,2026-08-29T20:46:14+03:00,2026-08-30T00:42:24+03:00,3.9,20,0,127634,https://t.me/kievreal1/127634,"Піротехніки досі на місці влучання у Бучанському районі, основне їх завдання — обстеження дорожнього полотна та прилеглої до села території…"
2026-08-29,23,Броварський,Згурівка,2026-08-29T20:46:14+03:00,2026-08-30T00:42:24+03:00,3.9,20,0,127647,https://t.me/kievreal1/127647,Реактивний БпЛА курсом на Згурівку
2026-08-29,23,Броварський,Бровари,2026-08-29T20:46:14+03:00,2026-08-30T00:42:24+03:00,3.9,20,0,127658,https://t.me/kievreal1/127658,Реактивний БПЛА на Бровари / Бориспіль
2026-08-29,23,Бориспільський,Бориспіль,2026-08-29T20:46:14+03:00,2026-08-30T00:42:24+03:00,3.9,20,0,127658,https://t.me/kievreal1/127658,Реактивний БПЛА на Бровари / Бориспіль
2026-08-29,23,Броварський,Бровари,2026-08-29T20:46:14+03:00,2026-08-30T00:42:24+03:00,3.9,20,0,127660,https://t.me/kievreal1/127660,1 БпЛА на Бровари / Київ 1 БпЛА на Переяслав/ Бориспіль
2026-08-29,23,Бориспільський,Переяслав,2026-08-29T20:46:14+03:00,2026-08-30T00:42:24+03:00,3.9,20,0,127660,https://t.me/kievreal1/127660,1 БпЛА на Бровари / Київ 1 БпЛА на Переяслав/ Бориспіль
2026-08-29,23,Бориспільський,Бориспіль,2026-08-29T20:46:14+03:00,2026-08-30T00:42:24+03:00,3.9,20,0,127660,https://t.me/kievreal1/127660,1 БпЛА на Бровари / Київ 1 БпЛА на Переяслав/ Бориспіль
2026-08-29,23,Обухівський,Ржищів,2026-08-29T20:46:14+03:00,2026-08-30T00:42:24+03:00,3.9,20,0,127661,https://t.me/kievreal1/127661,Реактивний БпЛА курсом на Київ БпЛА курсом на Ржищів
2026-08-29,0,Вишгородський,Вишгород,2026-08-29T20:46:14+03:00,2026-08-30T00:42:24+03:00,3.9,20,0,127669,https://t.me/kievreal1/127669,Реактивний БпЛА курсом на Вишгород
2026-08-29,0,Вишгородський,Чорнобиль,2026-08-29T20:46:14+03:00,2026-08-30T00:42:24+03:00,3.9,20,0,127675,https://t.me/kievreal1/127675,2х Реактивні БпЛА курсом на Чорнобиль Реактивний БпЛА курсом на Переяслав
2026-08-29,0,Бориспільський,Переяслав,2026-08-29T20:46:14+03:00,2026-08-30T00:42:24+03:00,3.9,20,0,127675,https://t.me/kievreal1/127675,2х Реактивні БпЛА курсом на Чорнобиль Реактивний БпЛА курсом на Переяслав
2026-08-29,0,Вишгородський,Димер,2026-08-29T20:46:14+03:00,2026-08-30T00:42:24+03:00,3.9,20,0,127676,https://t.me/kievreal1/127676,БПЛА на Димер БПЛА на Яготин від Драбова
2026-08-29,0,Бориспільський,Яготин,2026-08-29T20:46:14+03:00,2026-08-30T00:42:24+03:00,3.9,20,0,127676,https://t.me/kievreal1/127676,БПЛА на Димер БПЛА на Яготин від Драбова
2026-08-30,3,Броварський,Згурівка,2026-08-30T03:19:34+03:00,2026-08-30T05:34:14+03:00,2.2,3,5,127688,https://t.me/kievreal1/127688,2 БпЛА зі сторони Згурівки і 1 від Переяслава
2026-08-30,3,Бориспільський,Переяслав,2026-08-30T03:19:34+03:00,2026-08-30T05:34:14+03:00,2.2,3,5,127688,https://t.me/kievreal1/127688,2 БпЛА зі сторони Згурівки і 1 від Переяслава
2026-08-30,3,Бориспільський,Переяслав,2026-08-30T03:19:34+03:00,2026-08-30T05:34:14+03:00,2.2,3,5,127689,https://t.me/kievreal1/127689,2 реактивних БПЛА на Переяслав
2026-08-30,3,Броварський,Згурівка,2026-08-30T03:19:34+03:00,2026-08-30T05:34:14+03:00,2.2,3,5,127690,https://t.me/kievreal1/127690,2x БпЛА на Згурівку 1x БпЛА на Переяслав
2026-08-30,3,Бориспільський,Переяслав,2026-08-30T03:19:34+03:00,2026-08-30T05:34:14+03:00,2.2,3,5,127690,https://t.me/kievreal1/127690,2x БпЛА на Згурівку 1x БпЛА на Переяслав
2026-08-30,4,Бучанський,Вишневе,2026-08-30T03:19:34+03:00,2026-08-30T05:34:14+03:00,2.2,3,5,127694,https://t.me/kievreal1/127694,Вишневе/Борщагівки
2026-08-30,4,Бучанський,Борщагівка,2026-08-30T03:19:34+03:00,2026-08-30T05:34:14+03:00,2.2,3,5,127694,https://t.me/kievreal1/127694,Вишневе/Борщагівки
2026-08-30,4,Бучанський,Ірпінь,2026-08-30T03:19:34+03:00,2026-08-30T05:34:14+03:00,2.2,3,5,127695,https://t.me/kievreal1/127695,Ірпінь / Гостомель
2026-08-30,4,Бучанський,Гостомель,2026-08-30T03:19:34+03:00,2026-08-30T05:34:14+03:00,2.2,3,5,127695,https://t.me/kievreal1/127695,Ірпінь / Гостомель
2026-08-30,5,Вишгородський,Вишгород,2026-08-30T03:19:34+03:00,2026-08-30T05:34:14+03:00,2.2,3,5,127696,https://t.me/kievreal1/127696,БПЛА на Вишгород
2026-08-30,5,Білоцерківський,Тетіїв,2026-08-30T03:19:34+03:00,2026-08-30T05:34:14+03:00,2.2,3,5,127700,https://t.me/kievreal1/127700,1 реактивний БПЛА від Тетіїва на Білоцерківський район
2026-08-30,5,Білоцерківський,Білоцерківський,2026-08-30T03:19:34+03:00,2026-08-30T05:34:14+03:00,2.2,3,5,127700,https://t.me/kievreal1/127700,1 реактивний БПЛА від Тетіїва на Білоцерківський район
2026-08-30,8,Вишгородський,Вишгород,2026-08-30T08:22:14+03:00,2026-08-31T04:14:14+03:00,19.9,8,4,127723,https://t.me/kievreal1/127723,Вишгород
2026-08-30,11,Вишгородський,Вишгород,2026-08-30T08:22:14+03:00,2026-08-31T04:14:14+03:00,19.9,8,4,127739,https://t.me/kievreal1/127739,Реактив на Вишгород
2026-08-30,11,Бучанський,Буча,2026-08-30T08:22:14+03:00,2026-08-31T04:14:14+03:00,19.9,8,4,127740,https://t.me/kievreal1/127740,Буча / Ірпінь
2026-08-30,11,Бучанський,Ірпінь,2026-08-30T08:22:14+03:00,2026-08-31T04:14:14+03:00,19.9,8,4,127740,https://t.me/kievreal1/127740,Буча / Ірпінь
2026-08-30,11,Бучанський,Борщагівка,2026-08-30T08:22:14+03:00,2026-08-31T04:14:14+03:00,19.9,8,4,127744,https://t.me/kievreal1/127744,Борщагівки
2026-08-30,11,Обухівський,Глеваха,2026-08-30T08:22:14+03:00,2026-08-31T04:14:14+03:00,19.9,8,4,127745,https://t.me/kievreal1/127745,Глеваха
2026-08-30,11,Броварський,Бровари,2026-08-30T08:22:14+03:00,2026-08-31T04:14:14+03:00,19.9,8,4,127749,https://t.me/kievreal1/127749,Бровари /Велика Димерка
2026-08-30,11,Броварський,Велика Димерка,2026-08-30T08:22:14+03:00,2026-08-31T04:14:14+03:00,19.9,8,4,127749,https://t.me/kievreal1/127749,Бровари /Велика Димерка
2026-08-30,12,Броварський,Бровари,2026-08-30T08:22:14+03:00,2026-08-31T04:14:14+03:00,19.9,8,4,127751,https://t.me/kievreal1/127751,Бровари
2026-08-30,12,Бориспільський,Яготин,2026-08-30T08:22:14+03:00,2026-08-31T04:14:14+03:00,19.9,8,4,127752,https://t.me/kievreal1/127752,Яготин
2026-08-30,12,Обухівський,Обухів,2026-08-30T08:22:14+03:00,2026-08-31T04:14:14+03:00,19.9,8,4,127754,https://t.me/kievreal1/127754,Обухів
2026-08-30,12,Обухівський,Українка,2026-08-30T08:22:14+03:00,2026-08-31T04:14:14+03:00,19.9,8,4,127755,https://t.me/kievreal1/127755,Українка
2026-08-30,12,Обухівський,Васильків,2026-08-30T08:22:14+03:00,2026-08-31T04:14:14+03:00,19.9,8,4,127756,https://t.me/kievreal1/127756,Васильків
2026-08-30,12,Бучанський,Ірпінь,2026-08-30T08:22:14+03:00,2026-08-31T04:14:14+03:00,19.9,8,4,127760,https://t.me/kievreal1/127760,Ірпінь
2026-08-30,12,Обухівський,Глеваха,2026-08-30T08:22:14+03:00,2026-08-31T04:14:14+03:00,19.9,8,4,127762,https://t.me/kievreal1/127762,Глеваха
2026-08-30,12,Бориспільський,Бориспіль,2026-08-30T08:22:14+03:00,2026-08-31T04:14:14+03:00,19.9,8,4,127768,https://t.me/kievreal1/127768,Бориспіль
2026-08-30,12,Обухівський,Обухів,2026-08-30T08:22:14+03:00,2026-08-31T04:14:14+03:00,19.9,8,4,127769,https://t.me/kievreal1/127769,Обухів
2026-08-30,13,Бучанський,Чайки,2026-08-30T08:22:14+03:00,2026-08-31T04:14:14+03:00,19.9,8,4,127772,https://t.me/kievreal1/127772,Чайки
2026-08-30,13,Фастівський,Боярка,2026-08-30T08:22:14+03:00,2026-08-31T04:14:14+03:00,19.9,8,4,127773,https://t.me/kievreal1/127773,Боярка
2026-08-30,13,Бориспільський,Бориспіль,2026-08-30T08:22:14+03:00,2026-08-31T04:14:14+03:00,19.9,8,4,127776,https://t.me/kievreal1/127776,Бориспіль /Васильків
2026-08-30,13,Обухівський,Васильків,2026-08-30T08:22:14+03:00,2026-08-31T04:14:14+03:00,19.9,8,4,127776,https://t.me/kievreal1/127776,Бориспіль /Васильків
2026-08-30,13,Обухівський,Козин,2026-08-30T08:22:14+03:00,2026-08-31T04:14:14+03:00,19.9,8,4,127780,https://t.me/kievreal1/127780,Козин
2026-08-30,13,Вишгородський,Вишгород,2026-08-30T08:22:14+03:00,2026-08-31T04:14:14+03:00,19.9,8,4,127786,https://t.me/kievreal1/127786,Вишгород
2026-08-30,14,Обухівський,Васильків,2026-08-30T08:22:14+03:00,2026-08-31T04:14:14+03:00,19.9,8,4,127795,https://t.me/kievreal1/127795,Васильків
2026-08-30,14,Бориспільський,Бориспіль,2026-08-30T08:22:14+03:00,2026-08-31T04:14:14+03:00,19.9,8,4,127799,https://t.me/kievreal1/127799,"Внаслідок атаки пошкоджено склад Auchan у Борисполі , – Інтерфакс-Україна"
2026-08-30,15,Вишгородський,Вишгород,2026-08-30T08:22:14+03:00,2026-08-31T04:14:14+03:00,19.9,8,4,127801,https://t.me/kievreal1/127801,Вишгород
2026-08-30,15,Обухівський,Глеваха,2026-08-30T08:22:14+03:00,2026-08-31T04:14:14+03:00,19.9,8,4,127807,https://t.me/kievreal1/127807,Глеваха
2026-08-30,15,Бучанський,Борщагівка,2026-08-30T08:22:14+03:00,2026-08-31T04:14:14+03:00,19.9,8,4,127808,https://t.me/kievreal1/127808,Борщагівки
2026-08-30,15,Фастівський,Боярка,2026-08-30T08:22:14+03:00,2026-08-31T04:14:14+03:00,19.9,8,4,127810,https://t.me/kievreal1/127810,Боярка
2026-08-30,15,Бучанський,Буча,2026-08-30T08:22:14+03:00,2026-08-31T04:14:14+03:00,19.9,8,4,127811,https://t.me/kievreal1/127811,Буча
2026-08-30,15,Бучанський,Ворзель,2026-08-30T08:22:14+03:00,2026-08-31T04:14:14+03:00,19.9,8,4,127812,https://t.me/kievreal1/127812,Ворзель
2026-08-30,16,Бориспільський,Бориспіль,2026-08-30T08:22:14+03:00,2026-08-31T04:14:14+03:00,19.9,8,4,127819,https://t.me/kievreal1/127819,Бориспіль
2026-08-30,16,Обухівський,Обухів,2026-08-30T08:22:14+03:00,2026-08-31T04:14:14+03:00,19.9,8,4,127820,https://t.me/kievreal1/127820,Обухів
2026-08-30,16,Вишгородський,Вишгород,2026-08-30T08:22:14+03:00,2026-08-31T04:14:14+03:00,19.9,8,4,127822,https://t.me/kievreal1/127822,Вишгород/Васильків
2026-08-30,16,Обухівський,Васильків,2026-08-30T08:22:14+03:00,2026-08-31T04:14:14+03:00,19.9,8,4,127822,https://t.me/kievreal1/127822,Вишгород/Васильків
2026-08-30,16,Бучанський,Борщагівка,2026-08-30T08:22:14+03:00,2026-08-31T04:14:14+03:00,19.9,8,4,127828,https://t.me/kievreal1/127828,Борщагівки
2026-08-30,16,Вишгородський,Вишгород,2026-08-30T08:22:14+03:00,2026-08-31T04:14:14+03:00,19.9,8,4,127830,https://t.me/kievreal1/127830,Вишгород
2026-08-30,16,Обухівський,Глеваха,2026-08-30T08:22:14+03:00,2026-08-31T04:14:14+03:00,19.9,8,4,127831,https://t.me/kievreal1/127831,Глеваха
2026-08-30,16,Білоцерківський,Біла Церква,2026-08-30T08:22:14+03:00,2026-08-31T04:14:14+03:00,19.9,8,4,127832,https://t.me/kievreal1/127832,Біла Церква
2026-08-30,17,Вишгородський,Вишгород,2026-08-30T08:22:14+03:00,2026-08-31T04:14:14+03:00,19.9,8,4,127843,https://t.me/kievreal1/127843,Вишгород БПЛА
2026-08-30,18,Бучанський,Ірпінь,2026-08-30T08:22:14+03:00,2026-08-31T04:14:14+03:00,19.9,8,4,127844,https://t.me/kievreal1/127844,Ірпінь
2026-08-30,18,Обухівський,Обухів,2026-08-30T08:22:14+03:00,2026-08-31T04:14:14+03:00,19.9,8,4,127846,https://t.me/kievreal1/127846,Обухів
2026-08-30,18,Обухівський,Васильків,2026-08-30T08:22:14+03:00,2026-08-31T04:14:14+03:00,19.9,8,4,127848,https://t.me/kievreal1/127848,Васильків
2026-08-30,18,Обухівський,Українка,2026-08-30T08:22:14+03:00,2026-08-31T04:14:14+03:00,19.9,8,4,127849,https://t.me/kievreal1/127849,Українка
2026-08-30,18,Бучанський,Вишневе,2026-08-30T08:22:14+03:00,2026-08-31T04:14:14+03:00,19.9,8,4,127851,https://t.me/kievreal1/127851,Вишневе
2026-08-30,19,Вишгородський,Вишгород,2026-08-30T08:22:14+03:00,2026-08-31T04:14:14+03:00,19.9,8,4,127855,https://t.me/kievreal1/127855,Вишгород
2026-08-30,19,Бориспільський,Переяслав,2026-08-30T08:22:14+03:00,2026-08-31T04:14:14+03:00,19.9,8,4,127861,https://t.me/kievreal1/127861,Нові БПЛА біля Переяслава
2026-08-30,20,Бучанський,Ірпінь,2026-08-30T08:22:14+03:00,2026-08-31T04:14:14+03:00,19.9,8,4,127867,https://t.me/kievreal1/127867,Ірпінь / Буча /Вишгород
2026-08-30,20,Бучанський,Буча,2026-08-30T08:22:14+03:00,2026-08-31T04:14:14+03:00,19.9,8,4,127867,https://t.me/kievreal1/127867,Ірпінь / Буча /Вишгород
2026-08-30,20,Вишгородський,Вишгород,2026-08-30T08:22:14+03:00,2026-08-31T04:14:14+03:00,19.9,8,4,127867,https://t.me/kievreal1/127867,Ірпінь / Буча /Вишгород
2026-08-30,20,Фастівський,Боярка,2026-08-30T08:22:14+03:00,2026-08-31T04:14:14+03:00,19.9,8,4,127868,https://t.me/kievreal1/127868,"Далі Боярка, Глеваха, Васильків"
2026-08-30,20,Обухівський,Глеваха,2026-08-30T08:22:14+03:00,2026-08-31T04:14:14+03:00,19.9,8,4,127868,https://t.me/kievreal1/127868,"Далі Боярка, Глеваха, Васильків"
2026-08-30,20,Обухівський,Васильків,2026-08-30T08:22:14+03:00,2026-08-31T04:14:14+03:00,19.9,8,4,127868,https://t.me/kievreal1/127868,"Далі Боярка, Глеваха, Васильків"
2026-08-30,20,Фастівський,Фастів,2026-08-30T08:22:14+03:00,2026-08-31T04:14:14+03:00,19.9,8,4,127869,https://t.me/kievreal1/127869,Фастів
2026-08-30,21,Броварський,Бровари,2026-08-30T08:22:14+03:00,2026-08-31T04:14:14+03:00,19.9,8,4,127876,https://t.me/kievreal1/127876,Бровари
2026-08-30,21,Вишгородський,Вишгород,2026-08-30T08:22:14+03:00,2026-08-31T04:14:14+03:00,19.9,8,4,127877,https://t.me/kievreal1/127877,Вишгород
2026-08-30,21,Обухівський,Козин,2026-08-30T08:22:14+03:00,2026-08-31T04:14:14+03:00,19.9,8,4,127880,https://t.me/kievreal1/127880,Козин
2026-08-30,21,Бучанський,Бородянка,2026-08-30T08:22:14+03:00,2026-08-31T04:14:14+03:00,19.9,8,4,127882,https://t.me/kievreal1/127882,Бородянка
2026-08-30,22,Бучанський,Коцюбинське,2026-08-30T08:22:14+03:00,2026-08-31T04:14:14+03:00,19.9,8,4,127884,https://t.me/kievreal1/127884,Коцюбинське
2026-08-30,23,Бориспільський,Переяслав,2026-08-30T08:22:14+03:00,2026-08-31T04:14:14+03:00,19.9,8,4,127896,https://t.me/kievreal1/127896,2 реактивні БпЛА на Красятичі 2 реактивні БпЛА на Переяслав з Черкащини Частина БПЛА летить на Житомирщину
2026-08-30,23,Бориспільський,Яготин,2026-08-30T08:22:14+03:00,2026-08-31T04:14:14+03:00,19.9,8,4,127897,https://t.me/kievreal1/127897,1 реактивний БпЛА на Яготин
2026-08-30,0,Бориспільський,Переяслав,2026-08-30T08:22:14+03:00,2026-08-31T04:14:14+03:00,19.9,8,4,127898,https://t.me/kievreal1/127898,1 реактивний БпЛА на Переяслав 1 реактивний БпЛА на Українку 1 реактивний БпЛА на Вишгород
2026-08-30,0,Обухівський,Українка,2026-08-30T08:22:14+03:00,2026-08-31T04:14:14+03:00,19.9,8,4,127898,https://t.me/kievreal1/127898,1 реактивний БпЛА на Переяслав 1 реактивний БпЛА на Українку 1 реактивний БпЛА на Вишгород
2026-08-30,0,Вишгородський,Вишгород,2026-08-30T08:22:14+03:00,2026-08-31T04:14:14+03:00,19.9,8,4,127898,https://t.me/kievreal1/127898,1 реактивний БпЛА на Переяслав 1 реактивний БпЛА на Українку 1 реактивний БпЛА на Вишгород
2026-08-30,0,Вишгородський,Вишгород,2026-08-30T08:22:14+03:00,2026-08-31T04:14:14+03:00,19.9,8,4,127900,https://t.me/kievreal1/127900,Летить на Вишгород
2026-08-30,0,Обухівський,Обухів,2026-08-30T08:22:14+03:00,2026-08-31T04:14:14+03:00,19.9,8,4,127907,https://t.me/kievreal1/127907,1 реактивний БпЛА на Київ 1 реактивний БпЛА на Обухів 1 реактивний БпЛА на Васильків
2026-08-30,0,Обухівський,Васильків,2026-08-30T08:22:14+03:00,2026-08-31T04:14:14+03:00,19.9,8,4,127907,https://t.me/kievreal1/127907,1 реактивний БпЛА на Київ 1 реактивний БпЛА на Обухів 1 реактивний БпЛА на Васильків
2026-08-30,0,Броварський,Бровари,2026-08-30T08:22:14+03:00,2026-08-31T04:14:14+03:00,19.9,8,4,127908,https://t.me/kievreal1/127908,1 на Бровари
2026-08-30,0,Бучанський,Вишневе,2026-08-30T08:22:14+03:00,2026-08-31T04:14:14+03:00,19.9,8,4,127914,https://t.me/kievreal1/127914,Вишневе
2026-08-30,0,Обухівський,Обухів,2026-08-30T08:22:14+03:00,2026-08-31T04:14:14+03:00,19.9,8,4,127915,https://t.me/kievreal1/127915,Обухів
2026-08-30,0,Вишгородський,Вишгород,2026-08-30T08:22:14+03:00,2026-08-31T04:14:14+03:00,19.9,8,4,127919,https://t.me/kievreal1/127919,Ще один на Вишгород
2026-08-30,0,Броварський,Бровари,2026-08-30T08:22:14+03:00,2026-08-31T04:14:14+03:00,19.9,8,4,127924,https://t.me/kievreal1/127924,Бровари
2026-08-30,0,Броварський,Бровари,2026-08-30T08:22:14+03:00,2026-08-31T04:14:14+03:00,19.9,8,4,127927,https://t.me/kievreal1/127927,Бровари - ще тривожимось Над вами БПЛА
2026-08-30,0,Броварський,Бровари,2026-08-30T08:22:14+03:00,2026-08-31T04:14:14+03:00,19.9,8,4,127928,https://t.me/kievreal1/127928,Бровари - ще тривожимось Над вами БПЛА
2026-08-30,1,Білоцерківський,Сквира,2026-08-30T08:22:14+03:00,2026-08-31T04:14:14+03:00,19.9,8,4,127930,https://t.me/kievreal1/127930,БПЛА на Сквиру
2026-08-30,1,Бучанський,Макарів,2026-08-30T08:22:14+03:00,2026-08-31T04:14:14+03:00,19.9,8,4,127931,https://t.me/kievreal1/127931,БПЛА на Макарів
2026-08-30,3,Вишгородський,Димер,2026-08-30T08:22:14+03:00,2026-08-31T04:14:14+03:00,19.9,8,4,127933,https://t.me/kievreal1/127933,2 БПЛА на Димер
2026-08-31,4,Бориспільський,Березань,2026-08-31T04:35:54+03:00,2026-08-31T06:11:54+03:00,1.6,4,6,127936,https://t.me/kievreal1/127936,3 БПЛА на Березань
2026-08-31,4,Бориспільський,Березань,2026-08-31T04:35:54+03:00,2026-08-31T06:11:54+03:00,1.6,4,6,127937,https://t.me/kievreal1/127937,1 реактивний БпЛА на Березань 1 реактивний БпЛА на Страхолісся 2 реактивні БпЛА на Велику Димерку
2026-08-31,4,Вишгородський,Страхолісся,2026-08-31T04:35:54+03:00,2026-08-31T06:11:54+03:00,1.6,4,6,127937,https://t.me/kievreal1/127937,1 реактивний БпЛА на Березань 1 реактивний БпЛА на Страхолісся 2 реактивні БпЛА на Велику Димерку
2026-08-31,4,Броварський,Велика Димерка,2026-08-31T04:35:54+03:00,2026-08-31T06:11:54+03:00,1.6,4,6,127937,https://t.me/kievreal1/127937,1 реактивний БпЛА на Березань 1 реактивний БпЛА на Страхолісся 2 реактивні БпЛА на Велику Димерку
2026-08-31,4,Бориспільський,Бориспіль,2026-08-31T04:35:54+03:00,2026-08-31T06:11:54+03:00,1.6,4,6,127938,https://t.me/kievreal1/127938,1 на Бориспіль
2026-08-31,5,Броварський,Бровари,2026-08-31T04:35:54+03:00,2026-08-31T06:11:54+03:00,1.6,4,6,127940,https://t.me/kievreal1/127940,БПЛА на Бровари
2026-08-31,5,Вишгородський,Вишгородський,2026-08-31T04:35:54+03:00,2026-08-31T06:11:54+03:00,1.6,4,6,127941,https://t.me/kievreal1/127941,Вишгородський район
2026-08-31,5,Вишгородський,Жукин,2026-08-31T04:35:54+03:00,2026-08-31T06:11:54+03:00,1.6,4,6,127943,https://t.me/kievreal1/127943,1 реактивний БпЛА на Жукин 1 реактивний БпЛА на Страхолісся 1 реактивний БпЛА на Березань
2026-08-31,5,Вишгородський,Страхолісся,2026-08-31T04:35:54+03:00,2026-08-31T06:11:54+03:00,1.6,4,6,127943,https://t.me/kievreal1/127943,1 реактивний БпЛА на Жукин 1 реактивний БпЛА на Страхолісся 1 реактивний БпЛА на Березань
2026-08-31,5,Бориспільський,Березань,2026-08-31T04:35:54+03:00,2026-08-31T06:11:54+03:00,1.6,4,6,127943,https://t.me/kievreal1/127943,1 реактивний БпЛА на Жукин 1 реактивний БпЛА на Страхолісся 1 реактивний БпЛА на Березань
2026-08-31,5,Бучанський,Гостомель,2026-08-31T04:35:54+03:00,2026-08-31T06:11:54+03:00,1.6,4,6,127945,https://t.me/kievreal1/127945,БПЛА на Гостомель
2026-08-31,5,Броварський,Бровари,2026-08-31T04:35:54+03:00,2026-08-31T06:11:54+03:00,1.6,4,6,127946,https://t.me/kievreal1/127946,Ще один на Бровари
2026-08-31,6,Бориспільський,Бориспіль,2026-08-31T04:35:54+03:00,2026-08-31T06:11:54+03:00,1.6,4,6,127948,https://t.me/kievreal1/127948,Бориспіль
2026-08-31,6,Вишгородський,Вишгород,2026-08-31T04:35:54+03:00,2026-08-31T06:11:54+03:00,1.6,4,6,127951,https://t.me/kievreal1/127951,1 на Вишгород
2026-08-31,7,Бориспільський,Яготин,2026-08-31T07:42:04+03:00,2026-08-31T18:40:04+03:00,11.0,7,18,127957,https://t.me/kievreal1/127957,2 на Яготин
2026-08-31,7,Броварський,Бровари,2026-08-31T07:42:04+03:00,2026-08-31T18:40:04+03:00,11.0,7,18,127959,https://t.me/kievreal1/127959,БПЛА на Бровари
2026-08-31,8,Бучанський,Борщагівка,2026-08-31T07:42:04+03:00,2026-08-31T18:40:04+03:00,11.0,7,18,127961,https://t.me/kievreal1/127961,Святошин/Борщагівка
2026-08-31,8,Вишгородський,Іванків,2026-08-31T07:42:04+03:00,2026-08-31T18:40:04+03:00,11.0,7,18,127965,https://t.me/kievreal1/127965,Іванків
2026-08-31,8,Бориспільський,Бориспіль,2026-08-31T07:42:04+03:00,2026-08-31T18:40:04+03:00,11.0,7,18,127966,https://t.me/kievreal1/127966,Бориспіль
2026-08-31,9,Бориспільський,Бориспіль,2026-08-31T07:42:04+03:00,2026-08-31T18:40:04+03:00,11.0,7,18,127969,https://t.me/kievreal1/127969,Бориспіль БПЛА
2026-08-31,9,Вишгородський,Вишгород,2026-08-31T07:42:04+03:00,2026-08-31T18:40:04+03:00,11.0,7,18,127972,https://t.me/kievreal1/127972,Вишгород
2026-08-31,9,Вишгородський,Славутич,2026-08-31T07:42:04+03:00,2026-08-31T18:40:04+03:00,11.0,7,18,127974,https://t.me/kievreal1/127974,Є нові на Славутич
2026-08-31,9,Вишгородський,Димер,2026-08-31T07:42:04+03:00,2026-08-31T18:40:04+03:00,11.0,7,18,127978,https://t.me/kievreal1/127978,Димер БПЛА
2026-08-31,9,Бучанський,Буча,2026-08-31T07:42:04+03:00,2026-08-31T18:40:04+03:00,11.0,7,18,127979,https://t.me/kievreal1/127979,Буча / Ірпінь
2026-08-31,9,Бучанський,Ірпінь,2026-08-31T07:42:04+03:00,2026-08-31T18:40:04+03:00,11.0,7,18,127979,https://t.me/kievreal1/127979,Буча / Ірпінь
2026-08-31,9,Броварський,Бровари,2026-08-31T07:42:04+03:00,2026-08-31T18:40:04+03:00,11.0,7,18,127981,https://t.me/kievreal1/127981,Бровари
2026-08-31,10,Броварський,Бровари,2026-08-31T07:42:04+03:00,2026-08-31T18:40:04+03:00,11.0,7,18,127986,https://t.me/kievreal1/127986,БПЛА на Бровари
2026-08-31,10,Броварський,Броварський,2026-08-31T07:42:04+03:00,2026-08-31T18:40:04+03:00,11.0,7,18,127991,https://t.me/kievreal1/127991,Після ранкової атаки ворога на Київщину травмовано четверо людей Двоє чоловіків госпіталізовані із осколковими пораненнями кінцівок. Ще дво…
2026-08-31,10,Бориспільський,Бориспільський,2026-08-31T07:42:04+03:00,2026-08-31T18:40:04+03:00,11.0,7,18,127991,https://t.me/kievreal1/127991,Після ранкової атаки ворога на Київщину травмовано четверо людей Двоє чоловіків госпіталізовані із осколковими пораненнями кінцівок. Ще дво…
2026-08-31,11,Вишгородський,Іванків,2026-08-31T07:42:04+03:00,2026-08-31T18:40:04+03:00,11.0,7,18,127994,https://t.me/kievreal1/127994,"Після атак рф у п'яти населених пунктах Київської області погіршилася якість повітря , — КОВА Мова йде про Іванків, Вишгород, Васильків, Об…"
2026-08-31,11,Вишгородський,Вишгород,2026-08-31T07:42:04+03:00,2026-08-31T18:40:04+03:00,11.0,7,18,127994,https://t.me/kievreal1/127994,"Після атак рф у п'яти населених пунктах Київської області погіршилася якість повітря , — КОВА Мова йде про Іванків, Вишгород, Васильків, Об…"
2026-08-31,11,Обухівський,Васильків,2026-08-31T07:42:04+03:00,2026-08-31T18:40:04+03:00,11.0,7,18,127994,https://t.me/kievreal1/127994,"Після атак рф у п'яти населених пунктах Київської області погіршилася якість повітря , — КОВА Мова йде про Іванків, Вишгород, Васильків, Об…"
2026-08-31,11,Обухівський,Обухів,2026-08-31T07:42:04+03:00,2026-08-31T18:40:04+03:00,11.0,7,18,127994,https://t.me/kievreal1/127994,"Після атак рф у п'яти населених пунктах Київської області погіршилася якість повітря , — КОВА Мова йде про Іванків, Вишгород, Васильків, Об…"
2026-08-31,11,Броварський,Бровари,2026-08-31T07:42:04+03:00,2026-08-31T18:40:04+03:00,11.0,7,18,127994,https://t.me/kievreal1/127994,"Після атак рф у п'яти населених пунктах Київської області погіршилася якість повітря , — КОВА Мова йде про Іванків, Вишгород, Васильків, Об…"
2026-08-31,11,Бориспільський,Яготин,2026-08-31T07:42:04+03:00,2026-08-31T18:40:04+03:00,11.0,7,18,127995,https://t.me/kievreal1/127995,"БПЛА йдуть на Яготин, Переяслав, Обухів, Бориспіль . Інші через Славутич."
2026-08-31,11,Бориспільський,Переяслав,2026-08-31T07:42:04+03:00,2026-08-31T18:40:04+03:00,11.0,7,18,127995,https://t.me/kievreal1/127995,"БПЛА йдуть на Яготин, Переяслав, Обухів, Бориспіль . Інші через Славутич."
2026-08-31,11,Обухівський,Обухів,2026-08-31T07:42:04+03:00,2026-08-31T18:40:04+03:00,11.0,7,18,127995,https://t.me/kievreal1/127995,"БПЛА йдуть на Яготин, Переяслав, Обухів, Бориспіль . Інші через Славутич."
2026-08-31,11,Бориспільський,Бориспіль,2026-08-31T07:42:04+03:00,2026-08-31T18:40:04+03:00,11.0,7,18,127995,https://t.me/kievreal1/127995,"БПЛА йдуть на Яготин, Переяслав, Обухів, Бориспіль . Інші через Славутич."
2026-08-31,11,Вишгородський,Славутич,2026-08-31T07:42:04+03:00,2026-08-31T18:40:04+03:00,11.0,7,18,127995,https://t.me/kievreal1/127995,"БПЛА йдуть на Яготин, Переяслав, Обухів, Бориспіль . Інші через Славутич."
2026-08-31,11,Бориспільський,Бориспіль,2026-08-31T07:42:04+03:00,2026-08-31T18:40:04+03:00,11.0,7,18,127998,https://t.me/kievreal1/127998,Бориспіль
2026-08-31,11,Броварський,Бровари,2026-08-31T07:42:04+03:00,2026-08-31T18:40:04+03:00,11.0,7,18,127999,https://t.me/kievreal1/127999,Нові на Бровари
2026-08-31,12,Броварський,Броварський,2026-08-31T07:42:04+03:00,2026-08-31T18:40:04+03:00,11.0,7,18,128003,https://t.me/kievreal1/128003,"Рятувальники Київщини працюють на декількох локаціях у Броварському та Бориспільському районах, де внаслідок російських атак виникли пожежі…"
2026-08-31,12,Бориспільський,Бориспільський,2026-08-31T07:42:04+03:00,2026-08-31T18:40:04+03:00,11.0,7,18,128003,https://t.me/kievreal1/128003,"Рятувальники Київщини працюють на декількох локаціях у Броварському та Бориспільському районах, де внаслідок російських атак виникли пожежі…"
2026-08-31,13,Бориспільський,Бориспіль,2026-08-31T07:42:04+03:00,2026-08-31T18:40:04+03:00,11.0,7,18,128013,https://t.me/kievreal1/128013,Бориспіль
2026-08-31,14,Вишгородський,Вишгород,2026-08-31T07:42:04+03:00,2026-08-31T18:40:04+03:00,11.0,7,18,128016,https://t.me/kievreal1/128016,Вишгород БПЛА
2026-08-31,15,Обухівський,Українка,2026-08-31T07:42:04+03:00,2026-08-31T18:40:04+03:00,11.0,7,18,128022,https://t.me/kievreal1/128022,Українка/Трипілля БПЛА
2026-08-31,15,Бучанський,Гостомель,2026-08-31T07:42:04+03:00,2026-08-31T18:40:04+03:00,11.0,7,18,128023,https://t.me/kievreal1/128023,3 біля Гостомелю 1 в напрямку Ясногородки 1 в напрямку Десни
2026-08-31,16,Обухівський,Васильків,2026-08-31T07:42:04+03:00,2026-08-31T18:40:04+03:00,11.0,7,18,128025,https://t.me/kievreal1/128025,Васильків/Глеваха
2026-08-31,16,Обухівський,Глеваха,2026-08-31T07:42:04+03:00,2026-08-31T18:40:04+03:00,11.0,7,18,128025,https://t.me/kievreal1/128025,Васильків/Глеваха
2026-08-31,18,Бучанський,Дмитрівка,2026-08-31T07:42:04+03:00,2026-08-31T18:40:04+03:00,11.0,7,18,128036,https://t.me/kievreal1/128036,Рух транспорту обмежений починаючи від 23 км автодороги М-06 Київ - Чоп у напрямку Києва Обʼїзд у напрямку Києва здійснюється наступними ма…
2026-08-31,18,Бучанський,Буча,2026-08-31T07:42:04+03:00,2026-08-31T18:40:04+03:00,11.0,7,18,128036,https://t.me/kievreal1/128036,Рух транспорту обмежений починаючи від 23 км автодороги М-06 Київ - Чоп у напрямку Києва Обʼїзд у напрямку Києва здійснюється наступними ма…
2026-08-31,18,Бучанський,Гостомель,2026-08-31T07:42:04+03:00,2026-08-31T18:40:04+03:00,11.0,7,18,128036,https://t.me/kievreal1/128036,Рух транспорту обмежений починаючи від 23 км автодороги М-06 Київ - Чоп у напрямку Києва Обʼїзд у напрямку Києва здійснюється наступними ма…
2026-08-31,18,Бучанський,Шпитьки,2026-08-31T07:42:04+03:00,2026-08-31T18:40:04+03:00,11.0,7,18,128036,https://t.me/kievreal1/128036,Рух транспорту обмежений починаючи від 23 км автодороги М-06 Київ - Чоп у напрямку Києва Обʼїзд у напрямку Києва здійснюється наступними ма…
2026-08-31,18,Бучанський,Гостомель,2026-08-31T18:41:24+03:00,2026-09-01T00:15:24+03:00,5.6,18,0,128039,https://t.me/kievreal1/128039,Гостомель БПЛА
2026-08-31,19,Вишгородський,Димер,2026-08-31T18:41:24+03:00,2026-09-01T00:15:24+03:00,5.6,18,0,128049,https://t.me/kievreal1/128049,Димер
2026-08-31,19,Бучанський,Гостомель,2026-08-31T18:41:24+03:00,2026-09-01T00:15:24+03:00,5.6,18,0,128051,https://t.me/kievreal1/128051,Гостомель
2026-08-31,19,Бучанський,Ворзель,2026-08-31T18:41:24+03:00,2026-09-01T00:15:24+03:00,5.6,18,0,128053,https://t.me/kievreal1/128053,Ворзель
2026-08-31,19,Бучанський,Ірпінь,2026-08-31T18:41:24+03:00,2026-09-01T00:15:24+03:00,5.6,18,0,128054,https://t.me/kievreal1/128054,Ірпінь
2026-08-31,19,Бучанський,Борщагівка,2026-08-31T18:41:24+03:00,2026-09-01T00:15:24+03:00,5.6,18,0,128055,https://t.me/kievreal1/128055,Борщагівки
2026-08-31,19,Бучанський,Вишневе,2026-08-31T18:41:24+03:00,2026-09-01T00:15:24+03:00,5.6,18,0,128056,https://t.me/kievreal1/128056,Вишневе
2026-08-31,19,Фастівський,Боярка,2026-08-31T18:41:24+03:00,2026-09-01T00:15:24+03:00,5.6,18,0,128057,https://t.me/kievreal1/128057,Боярка
2026-08-31,19,Обухівський,Глеваха,2026-08-31T18:41:24+03:00,2026-09-01T00:15:24+03:00,5.6,18,0,128058,https://t.me/kievreal1/128058,Глеваха
2026-08-31,19,Обухівський,Козин,2026-08-31T18:41:24+03:00,2026-09-01T00:15:24+03:00,5.6,18,0,128059,https://t.me/kievreal1/128059,Козин
2026-08-31,20,Бучанський,Чайки,2026-08-31T18:41:24+03:00,2026-09-01T00:15:24+03:00,5.6,18,0,128068,https://t.me/kievreal1/128068,Чайки
2026-08-31,20,Бучанський,Гостомель,2026-08-31T18:41:24+03:00,2026-09-01T00:15:24+03:00,5.6,18,0,128070,https://t.me/kievreal1/128070,Гостомель / Ірпінь
2026-08-31,20,Бучанський,Ірпінь,2026-08-31T18:41:24+03:00,2026-09-01T00:15:24+03:00,5.6,18,0,128070,https://t.me/kievreal1/128070,Гостомель / Ірпінь
2026-08-31,20,Обухівський,Васильків,2026-08-31T18:41:24+03:00,2026-09-01T00:15:24+03:00,5.6,18,0,128075,https://t.me/kievreal1/128075,Васильків
2026-08-31,20,Бучанський,Борщагівка,2026-08-31T18:41:24+03:00,2026-09-01T00:15:24+03:00,5.6,18,0,128076,https://t.me/kievreal1/128076,Борщагівки
2026-08-31,20,Бучанський,Вишневе,2026-08-31T18:41:24+03:00,2026-09-01T00:15:24+03:00,5.6,18,0,128079,https://t.me/kievreal1/128079,Вишневе
2026-08-31,21,Бучанський,Ірпінь,2026-08-31T18:41:24+03:00,2026-09-01T00:15:24+03:00,5.6,18,0,128081,https://t.me/kievreal1/128081,Ірпінь / Буча
2026-08-31,21,Бучанський,Буча,2026-08-31T18:41:24+03:00,2026-09-01T00:15:24+03:00,5.6,18,0,128081,https://t.me/kievreal1/128081,Ірпінь / Буча
2026-08-31,21,Бучанський,Вишневе,2026-08-31T18:41:24+03:00,2026-09-01T00:15:24+03:00,5.6,18,0,128085,https://t.me/kievreal1/128085,Вишневе
2026-08-31,21,Бориспільський,Бориспіль,2026-08-31T18:41:24+03:00,2026-09-01T00:15:24+03:00,5.6,18,0,128090,https://t.me/kievreal1/128090,Бориспіль
2026-08-31,21,Обухівський,Українка,2026-08-31T18:41:24+03:00,2026-09-01T00:15:24+03:00,5.6,18,0,128092,https://t.me/kievreal1/128092,Є біля Українки
2026-08-31,21,Бучанський,Бучанський,2026-08-31T18:41:24+03:00,2026-09-01T00:15:24+03:00,5.6,18,0,128093,https://t.me/kievreal1/128093,"Ворог поранив ще одну людину на Київщині , – КОВА У Бучанському районі жінка отримала уламкове поранення ноги. Її госпіталізували до місцев…"
2026-08-31,21,Обухівський,Обухів,2026-08-31T18:41:24+03:00,2026-09-01T00:15:24+03:00,5.6,18,0,128094,https://t.me/kievreal1/128094,Обухів
2026-08-31,22,Білоцерківський,Біла Церква,2026-08-31T18:41:24+03:00,2026-09-01T00:15:24+03:00,5.6,18,0,128095,https://t.me/kievreal1/128095,Біла Церква
2026-08-31,22,Обухівський,Васильків,2026-08-31T18:41:24+03:00,2026-09-01T00:15:24+03:00,5.6,18,0,128096,https://t.me/kievreal1/128096,Васильків
2026-08-31,22,Фастівський,Боярка,2026-08-31T18:41:24+03:00,2026-09-01T00:15:24+03:00,5.6,18,0,128097,https://t.me/kievreal1/128097,Боярка
2026-08-31,22,Бучанський,Вишневе,2026-08-31T18:41:24+03:00,2026-09-01T00:15:24+03:00,5.6,18,0,128098,https://t.me/kievreal1/128098,Вишневе
2026-08-31,22,Білоцерківський,Біла Церква,2026-08-31T18:41:24+03:00,2026-09-01T00:15:24+03:00,5.6,18,0,128101,https://t.me/kievreal1/128101,Біла Церква БПЛА
2026-08-31,23,Обухівський,Ржищів,2026-08-31T18:41:24+03:00,2026-09-01T00:15:24+03:00,5.6,18,0,128102,https://t.me/kievreal1/128102,Київщина : Реактивний БпЛА курсом на Ржищів
2026-08-31,23,Бориспільський,Переяслав,2026-08-31T18:41:24+03:00,2026-09-01T00:15:24+03:00,5.6,18,0,128103,https://t.me/kievreal1/128103,БПЛА в районі Переяслава
2026-08-31,23,Обухівський,Обухів,2026-08-31T18:41:24+03:00,2026-09-01T00:15:24+03:00,5.6,18,0,128104,https://t.me/kievreal1/128104,Реактивний БПЛА на Обухів
2026-08-31,23,Бучанський,Гостомель,2026-08-31T18:41:24+03:00,2026-09-01T00:15:24+03:00,5.6,18,0,128106,https://t.me/kievreal1/128106,Реактивний БПЛА біля Гостомеля
2026-08-31,23,Бучанський,Пісківка,2026-08-31T18:41:24+03:00,2026-09-01T00:15:24+03:00,5.6,18,0,128108,https://t.me/kievreal1/128108,Реактивний БпЛА курсом на Пісківку
2026-09-01,0,Білоцерківський,Тараща,2026-09-01T00:30:54+03:00,2026-09-01T01:07:14+03:00,0.6,0,1,128116,https://t.me/kievreal1/128116,БпЛА курсом на Таращу
2026-09-01,2,Бориспільський,Бориспіль,2026-09-01T02:10:04+03:00,2026-09-01T03:22:04+03:00,1.2,2,3,128124,https://t.me/kievreal1/128124,Балістика на Київ Балістика на Бориспіль Балістика на Українку
2026-09-01,2,Обухівський,Українка,2026-09-01T02:10:04+03:00,2026-09-01T03:22:04+03:00,1.2,2,3,128124,https://t.me/kievreal1/128124,Балістика на Київ Балістика на Бориспіль Балістика на Українку
2026-09-01,2,Обухівський,Обухів,2026-09-01T02:10:04+03:00,2026-09-01T03:22:04+03:00,1.2,2,3,128125,https://t.me/kievreal1/128125,Калібри на Обухів / Українку з півдня
2026-09-01,2,Обухівський,Українка,2026-09-01T02:10:04+03:00,2026-09-01T03:22:04+03:00,1.2,2,3,128125,https://t.me/kievreal1/128125,Калібри на Обухів / Українку з півдня
2026-09-01,2,Бориспільський,Бориспіль,2026-09-01T02:10:04+03:00,2026-09-01T03:22:04+03:00,1.2,2,3,128126,https://t.me/kievreal1/128126,Київ та Бориспіль - вибухи
2026-09-01,2,Бориспільський,Бориспіль,2026-09-01T02:10:04+03:00,2026-09-01T03:22:04+03:00,1.2,2,3,128129,https://t.me/kievreal1/128129,2х Циркони на Бориспіль
2026-09-01,2,Обухівський,Українка,2026-09-01T02:10:04+03:00,2026-09-01T03:22:04+03:00,1.2,2,3,128132,https://t.me/kievreal1/128132,"2х Циркони на Київ Циркон на Українку 2х Цикрони на Яготин Підтримати канал, буду вдячний Вам: https://base.monobank.ua/4jYdAKEbmcrmLL ➡"
2026-09-01,2,Бориспільський,Яготин,2026-09-01T02:10:04+03:00,2026-09-01T03:22:04+03:00,1.2,2,3,128132,https://t.me/kievreal1/128132,"2х Циркони на Київ Циркон на Українку 2х Цикрони на Яготин Підтримати канал, буду вдячний Вам: https://base.monobank.ua/4jYdAKEbmcrmLL ➡"
2026-09-01,2,Обухівський,Українка,2026-09-01T02:10:04+03:00,2026-09-01T03:22:04+03:00,1.2,2,3,128136,https://t.me/kievreal1/128136,4х Циркони на Київ Циркон на Українку 2х Балістики на Київ Калібри на Васильків
2026-09-01,2,Обухівський,Васильків,2026-09-01T02:10:04+03:00,2026-09-01T03:22:04+03:00,1.2,2,3,128136,https://t.me/kievreal1/128136,4х Циркони на Київ Циркон на Українку 2х Балістики на Київ Калібри на Васильків
2026-09-01,2,Обухівський,Васильків,2026-09-01T02:10:04+03:00,2026-09-01T03:22:04+03:00,1.2,2,3,128137,https://t.me/kievreal1/128137,2х Балістики на Київ Циркон на Васильків Циркон на Вишневе Циркон на Ромни
2026-09-01,2,Бучанський,Вишневе,2026-09-01T02:10:04+03:00,2026-09-01T03:22:04+03:00,1.2,2,3,128137,https://t.me/kievreal1/128137,2х Балістики на Київ Циркон на Васильків Циркон на Вишневе Циркон на Ромни
2026-09-01,2,Бориспільський,Бориспіль,2026-09-01T02:10:04+03:00,2026-09-01T03:22:04+03:00,1.2,2,3,128139,https://t.me/kievreal1/128139,Балістика на Бориспіль
2026-09-01,2,Бориспільський,Бориспіль,2026-09-01T02:10:04+03:00,2026-09-01T03:22:04+03:00,1.2,2,3,128143,https://t.me/kievreal1/128143,2 БПЛА на Бориспіль / Бровари / Київ
2026-09-01,2,Броварський,Бровари,2026-09-01T02:10:04+03:00,2026-09-01T03:22:04+03:00,1.2,2,3,128143,https://t.me/kievreal1/128143,2 БПЛА на Бориспіль / Бровари / Київ
2026-09-01,2,Бориспільський,Бориспіль,2026-09-01T02:10:04+03:00,2026-09-01T03:22:04+03:00,1.2,2,3,128145,https://t.me/kievreal1/128145,Бориспіль
2026-09-01,6,Бориспільський,Бориспіль,2026-09-01T06:11:54+03:00,2026-09-01T07:08:04+03:00,0.9,6,7,128159,https://t.me/kievreal1/128159,2х Реактивні БпЛА курсом на Бориспіль
2026-09-01,6,Бориспільський,Бориспіль,2026-09-01T06:11:54+03:00,2026-09-01T07:08:04+03:00,0.9,6,7,128160,https://t.me/kievreal1/128160,3х Реактивні БпЛА курсом на Бориспіль
2026-09-01,6,Бориспільський,Переяслав,2026-09-01T06:11:54+03:00,2026-09-01T07:08:04+03:00,0.9,6,7,128161,https://t.me/kievreal1/128161,Реактивний БпЛА курсом на Переяслав
2026-09-01,6,Бориспільський,Бориспіль,2026-09-01T06:11:54+03:00,2026-09-01T07:08:04+03:00,0.9,6,7,128162,https://t.me/kievreal1/128162,Реактивний БпЛА курсом на Бориспіль
2026-09-01,7,Бориспільський,Яготин,2026-09-01T07:43:54+03:00,2026-09-01T10:38:14+03:00,2.9,7,10,128167,https://t.me/kievreal1/128167,"Київщина : БПЛА на Яготин з Чернігівщини Підтримати канал, буду вдячний Вам: https://base.monobank.ua/4jYdAKEbmcrmLL ➡"
2026-09-01,8,Бориспільський,Бориспіль,2026-09-01T07:43:54+03:00,2026-09-01T10:38:14+03:00,2.9,7,10,128183,https://t.me/kievreal1/128183,"😣 На Київщині внаслідок ворожої атаки вночі три людини загинули, ще 12 постраждали У місті Бориспіль виникла пожежа трьох автомобілів, пошк…"
2026-09-01,8,Броварський,Бровари,2026-09-01T07:43:54+03:00,2026-09-01T10:38:14+03:00,2.9,7,10,128191,https://t.me/kievreal1/128191,Бровари – увага по бпла
2026-09-01,8,Бориспільський,Бориспіль,2026-09-01T07:43:54+03:00,2026-09-01T10:38:14+03:00,2.9,7,10,128192,https://t.me/kievreal1/128192,"😣 На Київщині внаслідок ворожої атаки вночі три людини загинули, ще 12 постраждали У місті Бориспіль виникла пожежа трьох автомобілів, пошк…"
2026-09-01,8,Бориспільський,Бориспіль,2026-09-01T07:43:54+03:00,2026-09-01T10:38:14+03:00,2.9,7,10,128193,https://t.me/kievreal1/128193,💔 Понівечений будинок в Борисполі після атаки ворога
2026-09-01,8,Бориспільський,Бориспіль,2026-09-01T07:43:54+03:00,2026-09-01T10:38:14+03:00,2.9,7,10,128197,https://t.me/kievreal1/128197,"БпЛА курсом на Бориспіль , увага!"
2026-09-01,8,Бориспільський,Березань,2026-09-01T07:43:54+03:00,2026-09-01T10:38:14+03:00,2.9,7,10,128198,https://t.me/kievreal1/128198,"Семиполки, Березань – обережно, вашим курсом ще"
2026-09-01,8,Вишгородський,Чорнобиль,2026-09-01T07:43:54+03:00,2026-09-01T10:38:14+03:00,2.9,7,10,128199,https://t.me/kievreal1/128199,Ще бпла в Чорнобильську зону йде
2026-09-01,9,Вишгородський,Страхолісся,2026-09-01T07:43:54+03:00,2026-09-01T10:38:14+03:00,2.9,7,10,128201,https://t.me/kievreal1/128201,БпЛА на Страхолісся від водосховища БпЛА на Переяслав/ Яготин
2026-09-01,9,Бориспільський,Переяслав,2026-09-01T07:43:54+03:00,2026-09-01T10:38:14+03:00,2.9,7,10,128201,https://t.me/kievreal1/128201,БпЛА на Страхолісся від водосховища БпЛА на Переяслав/ Яготин
2026-09-01,9,Бориспільський,Яготин,2026-09-01T07:43:54+03:00,2026-09-01T10:38:14+03:00,2.9,7,10,128201,https://t.me/kievreal1/128201,БпЛА на Страхолісся від водосховища БпЛА на Переяслав/ Яготин
2026-09-01,9,Бучанський,Гостомель,2026-09-01T07:43:54+03:00,2026-09-01T10:38:14+03:00,2.9,7,10,128202,https://t.me/kievreal1/128202,Гостомель / Буча – вашим курсом
2026-09-01,9,Бучанський,Буча,2026-09-01T07:43:54+03:00,2026-09-01T10:38:14+03:00,2.9,7,10,128202,https://t.me/kievreal1/128202,Гостомель / Буча – вашим курсом
2026-09-01,9,Бучанський,Буча,2026-09-01T07:43:54+03:00,2026-09-01T10:38:14+03:00,2.9,7,10,128203,https://t.me/kievreal1/128203,Від Бучі на Ірпінь ! Онлайн-мапа руху БпЛА ⬅️
2026-09-01,9,Бучанський,Ірпінь,2026-09-01T07:43:54+03:00,2026-09-01T10:38:14+03:00,2.9,7,10,128203,https://t.me/kievreal1/128203,Від Бучі на Ірпінь ! Онлайн-мапа руху БпЛА ⬅️
2026-09-01,9,Вишгородський,Вишгород,2026-09-01T07:43:54+03:00,2026-09-01T10:38:14+03:00,2.9,7,10,128205,https://t.me/kievreal1/128205,Вишгород і Коцюбинське – увага по бпла
2026-09-01,9,Бучанський,Коцюбинське,2026-09-01T07:43:54+03:00,2026-09-01T10:38:14+03:00,2.9,7,10,128205,https://t.me/kievreal1/128205,Вишгород і Коцюбинське – увага по бпла
2026-09-01,9,Вишгородський,Димер,2026-09-01T07:43:54+03:00,2026-09-01T10:38:14+03:00,2.9,7,10,128210,https://t.me/kievreal1/128210,Димер – уважно!
2026-09-01,9,Бучанський,Стоянка,2026-09-01T07:43:54+03:00,2026-09-01T10:38:14+03:00,2.9,7,10,128212,https://t.me/kievreal1/128212,Стоянка обережно
2026-09-01,9,Бучанський,Святопетрівське,2026-09-01T07:43:54+03:00,2026-09-01T10:38:14+03:00,2.9,7,10,128213,https://t.me/kievreal1/128213,"Святопетрівське, Чайки, Вишневе – уважно !"
2026-09-01,9,Бучанський,Чайки,2026-09-01T07:43:54+03:00,2026-09-01T10:38:14+03:00,2.9,7,10,128213,https://t.me/kievreal1/128213,"Святопетрівське, Чайки, Вишневе – уважно !"
2026-09-01,9,Бучанський,Вишневе,2026-09-01T07:43:54+03:00,2026-09-01T10:38:14+03:00,2.9,7,10,128213,https://t.me/kievreal1/128213,"Святопетрівське, Чайки, Вишневе – уважно !"
2026-09-01,9,Бучанський,Гостомель,2026-09-01T07:43:54+03:00,2026-09-01T10:38:14+03:00,2.9,7,10,128215,https://t.me/kievreal1/128215,"Гостомель , Стоянка – бпла до вас"
2026-09-01,9,Бучанський,Стоянка,2026-09-01T07:43:54+03:00,2026-09-01T10:38:14+03:00,2.9,7,10,128215,https://t.me/kievreal1/128215,"Гостомель , Стоянка – бпла до вас"
2026-09-01,9,Бучанський,Ірпінь,2026-09-01T07:43:54+03:00,2026-09-01T10:38:14+03:00,2.9,7,10,128216,https://t.me/kievreal1/128216,На Ірпінь 2! Онлайн-мапа руху БпЛА ⬅️
2026-09-01,9,Бучанський,Коцюбинське,2026-09-01T07:43:54+03:00,2026-09-01T10:38:14+03:00,2.9,7,10,128218,https://t.me/kievreal1/128218,1 бпла на Коцюбинське 1 на Стоянку
2026-09-01,9,Бучанський,Стоянка,2026-09-01T07:43:54+03:00,2026-09-01T10:38:14+03:00,2.9,7,10,128218,https://t.me/kievreal1/128218,1 бпла на Коцюбинське 1 на Стоянку
2026-09-01,10,Бучанський,Борщагівка,2026-09-01T07:43:54+03:00,2026-09-01T10:38:14+03:00,2.9,7,10,128221,https://t.me/kievreal1/128221,Борщагівки! P.S про рух шахедів в онлайн-режимі пишуть тут – t.me/tryvoga_kyiv
2026-09-01,10,Бучанський,Стоянка,2026-09-01T07:43:54+03:00,2026-09-01T10:38:14+03:00,2.9,7,10,128222,https://t.me/kievreal1/128222,На Стоянку
2026-09-01,10,Бучанський,Ворзель,2026-09-01T07:43:54+03:00,2026-09-01T10:38:14+03:00,2.9,7,10,128223,https://t.me/kievreal1/128223,На Ворзель / Забуччя йде
2026-09-01,10,Бучанський,Буча,2026-09-01T07:43:54+03:00,2026-09-01T10:38:14+03:00,2.9,7,10,128224,https://t.me/kievreal1/128224,Буча / Ірпінь — у ваш бік
2026-09-01,10,Бучанський,Ірпінь,2026-09-01T07:43:54+03:00,2026-09-01T10:38:14+03:00,2.9,7,10,128224,https://t.me/kievreal1/128224,Буча / Ірпінь — у ваш бік
2026-09-01,10,Бучанський,Чайки,2026-09-01T07:43:54+03:00,2026-09-01T10:38:14+03:00,2.9,7,10,128225,https://t.me/kievreal1/128225,Знову курсом на Чайки
2026-09-01,10,Бучанський,Петропавлівська Борщагівка,2026-09-01T07:43:54+03:00,2026-09-01T10:38:14+03:00,2.9,7,10,128226,https://t.me/kievreal1/128226,Святошин / Петропавлівська Борщагівка – уважно
2026-09-01,10,Бучанський,Стоянка,2026-09-01T07:43:54+03:00,2026-09-01T10:38:14+03:00,2.9,7,10,128241,https://t.me/kievreal1/128241,Стоянка знову
2026-09-01,14,Бориспільський,Яготин,2026-09-01T14:57:04+03:00,2026-09-01T16:19:34+03:00,1.4,14,16,128287,https://t.me/kievreal1/128287,БпЛА з Черкащини в бік Яготина P.S про рух шахедів в онлайн-режимі пишуть тут – t.me/tryvoga_kyiv
2026-09-01,15,Бориспільський,Яготин,2026-09-01T14:57:04+03:00,2026-09-01T16:19:34+03:00,1.4,14,16,128288,https://t.me/kievreal1/128288,БпЛА з Черкащини в бік Яготина P.S про рух шахедів в онлайн-режимі пишуть тут – t.me/tryvoga_kyiv
2026-09-01,17,Вишгородський,Вишгородський,2026-09-01T17:13:34+03:00,2026-09-01T21:58:44+03:00,4.8,17,21,128309,https://t.me/kievreal1/128309,🚨 КИЇВСЬКА ОБЛАСТЬ - ОГОЛОШЕНА ПОВІТРЯНА ТРИВОГА Вишгородський район — загроза через бпла повз Славутич в бік Димера
2026-09-01,17,Вишгородський,Славутич,2026-09-01T17:13:34+03:00,2026-09-01T21:58:44+03:00,4.8,17,21,128309,https://t.me/kievreal1/128309,🚨 КИЇВСЬКА ОБЛАСТЬ - ОГОЛОШЕНА ПОВІТРЯНА ТРИВОГА Вишгородський район — загроза через бпла повз Славутич в бік Димера
2026-09-01,17,Вишгородський,Димер,2026-09-01T17:13:34+03:00,2026-09-01T21:58:44+03:00,4.8,17,21,128309,https://t.me/kievreal1/128309,🚨 КИЇВСЬКА ОБЛАСТЬ - ОГОЛОШЕНА ПОВІТРЯНА ТРИВОГА Вишгородський район — загроза через бпла повз Славутич в бік Димера
2026-09-01,17,Вишгородський,Лебедівка,2026-09-01T17:13:34+03:00,2026-09-01T21:58:44+03:00,4.8,17,21,128312,https://t.me/kievreal1/128312,БпЛА на Лебедівку
2026-09-01,17,Вишгородський,Лебедівка,2026-09-01T17:13:34+03:00,2026-09-01T21:58:44+03:00,4.8,17,21,128313,https://t.me/kievreal1/128313,БпЛА на Лебедівку
2026-09-01,17,Вишгородський,Лебедівка,2026-09-01T17:13:34+03:00,2026-09-01T21:58:44+03:00,4.8,17,21,128314,https://t.me/kievreal1/128314,Знову Лебедівка курсом
2026-09-01,17,Вишгородський,Димер,2026-09-01T17:13:34+03:00,2026-09-01T21:58:44+03:00,4.8,17,21,128315,https://t.me/kievreal1/128315,Димер увага
2026-09-01,17,Вишгородський,Вишгород,2026-09-01T17:13:34+03:00,2026-09-01T21:58:44+03:00,4.8,17,21,128316,https://t.me/kievreal1/128316,Вишгород - у ваш бік йде
2026-09-01,18,Бориспільський,Бориспіль,2026-09-01T17:13:34+03:00,2026-09-01T21:58:44+03:00,4.8,17,21,128324,https://t.me/kievreal1/128324,"Від Рембази в бік Борисполя, а в сторону Славутича тим часом ще йдуть до 5 бпла Мапа руху ворожих цілей ⬅️"
2026-09-01,18,Вишгородський,Славутич,2026-09-01T17:13:34+03:00,2026-09-01T21:58:44+03:00,4.8,17,21,128324,https://t.me/kievreal1/128324,"Від Рембази в бік Борисполя, а в сторону Славутича тим часом ще йдуть до 5 бпла Мапа руху ворожих цілей ⬅️"
2026-09-01,18,Вишгородський,Лебедівка,2026-09-01T17:13:34+03:00,2026-09-01T21:58:44+03:00,4.8,17,21,128331,https://t.me/kievreal1/128331,2 йдуть на Лебедівку
2026-09-01,18,Вишгородський,Лебедівка,2026-09-01T17:13:34+03:00,2026-09-01T21:58:44+03:00,4.8,17,21,128333,https://t.me/kievreal1/128333,2 йдуть на Лебедівку
2026-09-01,18,Бучанський,Чайки,2026-09-01T17:13:34+03:00,2026-09-01T21:58:44+03:00,4.8,17,21,128341,https://t.me/kievreal1/128341,Чайки - у ваш бік
2026-09-01,18,Бучанський,Стоянка,2026-09-01T17:13:34+03:00,2026-09-01T21:58:44+03:00,4.8,17,21,128343,https://t.me/kievreal1/128343,Стоянка увага
2026-09-01,18,Фастівський,Боярка,2026-09-01T17:13:34+03:00,2026-09-01T21:58:44+03:00,4.8,17,21,128344,https://t.me/kievreal1/128344,Боярка до вас
2026-09-01,18,Бучанський,Борщагівка,2026-09-01T17:13:34+03:00,2026-09-01T21:58:44+03:00,4.8,17,21,128346,https://t.me/kievreal1/128346,На Борщагівки
2026-09-01,18,Бориспільський,Яготин,2026-09-01T17:13:34+03:00,2026-09-01T21:58:44+03:00,4.8,17,21,128349,https://t.me/kievreal1/128349,"Цей на Виногродар + 3 на Яготин, 2 на Димер"
2026-09-01,18,Вишгородський,Димер,2026-09-01T17:13:34+03:00,2026-09-01T21:58:44+03:00,4.8,17,21,128349,https://t.me/kievreal1/128349,"Цей на Виногродар + 3 на Яготин, 2 на Димер"
2026-09-01,18,Бучанський,Чайки,2026-09-01T17:13:34+03:00,2026-09-01T21:58:44+03:00,4.8,17,21,128350,https://t.me/kievreal1/128350,БпЛА на Чайки
2026-09-01,18,Бучанський,Святопетрівське,2026-09-01T17:13:34+03:00,2026-09-01T21:58:44+03:00,4.8,17,21,128353,https://t.me/kievreal1/128353,Святопетрівське!
2026-09-01,18,Броварський,Бровари,2026-09-01T17:13:34+03:00,2026-09-01T21:58:44+03:00,4.8,17,21,128354,https://t.me/kievreal1/128354,На Бровари / Пухівку 4 Попередній бпла мінус
2026-09-01,18,Бориспільський,Переяслав,2026-09-01T17:13:34+03:00,2026-09-01T21:58:44+03:00,4.8,17,21,128355,https://t.me/kievreal1/128355,Переяслав 2 Русанів 1
2026-09-01,18,Бориспільський,Яготин,2026-09-01T17:13:34+03:00,2026-09-01T21:58:44+03:00,4.8,17,21,128356,https://t.me/kievreal1/128356,Від Яготина на Згурівку
2026-09-01,18,Броварський,Згурівка,2026-09-01T17:13:34+03:00,2026-09-01T21:58:44+03:00,4.8,17,21,128356,https://t.me/kievreal1/128356,Від Яготина на Згурівку
2026-09-01,18,Бориспільський,Переяслав,2026-09-01T17:13:34+03:00,2026-09-01T21:58:44+03:00,4.8,17,21,128359,https://t.me/kievreal1/128359,"2 на Переяслав, 1 на Згурівку"
2026-09-01,18,Броварський,Згурівка,2026-09-01T17:13:34+03:00,2026-09-01T21:58:44+03:00,4.8,17,21,128359,https://t.me/kievreal1/128359,"2 на Переяслав, 1 на Згурівку"
2026-09-01,18,Бучанський,Вишневе,2026-09-01T17:13:34+03:00,2026-09-01T21:58:44+03:00,4.8,17,21,128364,https://t.me/kievreal1/128364,На Вишневе бпла
2026-09-01,18,Броварський,Бровари,2026-09-01T17:13:34+03:00,2026-09-01T21:58:44+03:00,4.8,17,21,128365,https://t.me/kievreal1/128365,Бровари теж будьте обережні
2026-09-01,18,Бучанський,Чайки,2026-09-01T17:13:34+03:00,2026-09-01T21:58:44+03:00,4.8,17,21,128366,https://t.me/kievreal1/128366,Чайки по курсу
2026-09-01,18,Броварський,Баришівка,2026-09-01T17:13:34+03:00,2026-09-01T21:58:44+03:00,4.8,17,21,128367,https://t.me/kievreal1/128367,Баришівка 1 Переяслав 2
2026-09-01,18,Бориспільський,Переяслав,2026-09-01T17:13:34+03:00,2026-09-01T21:58:44+03:00,4.8,17,21,128367,https://t.me/kievreal1/128367,Баришівка 1 Переяслав 2
2026-09-01,18,Бучанський,Гостомель,2026-09-01T17:13:34+03:00,2026-09-01T21:58:44+03:00,4.8,17,21,128368,https://t.me/kievreal1/128368,На Гостомель від Коцюбинського
2026-09-01,18,Бучанський,Коцюбинське,2026-09-01T17:13:34+03:00,2026-09-01T21:58:44+03:00,4.8,17,21,128368,https://t.me/kievreal1/128368,На Гостомель від Коцюбинського
2026-09-01,18,Бориспільський,Бориспіль,2026-09-01T17:13:34+03:00,2026-09-01T21:58:44+03:00,4.8,17,21,128369,https://t.me/kievreal1/128369,"Бориспіль — уважно, до вас є"
2026-09-01,18,Вишгородський,Вишгород,2026-09-01T17:13:34+03:00,2026-09-01T21:58:44+03:00,4.8,17,21,128370,https://t.me/kievreal1/128370,1 на Вишгород
2026-09-01,18,Бориспільський,Бориспіль,2026-09-01T17:13:34+03:00,2026-09-01T21:58:44+03:00,4.8,17,21,128371,https://t.me/kievreal1/128371,Від Борисполя на Бровари і 2 біля Переяслава
2026-09-01,18,Броварський,Бровари,2026-09-01T17:13:34+03:00,2026-09-01T21:58:44+03:00,4.8,17,21,128371,https://t.me/kievreal1/128371,Від Борисполя на Бровари і 2 біля Переяслава
2026-09-01,18,Бориспільський,Переяслав,2026-09-01T17:13:34+03:00,2026-09-01T21:58:44+03:00,4.8,17,21,128371,https://t.me/kievreal1/128371,Від Борисполя на Бровари і 2 біля Переяслава
2026-09-01,18,Бориспільський,Бориспіль,2026-09-01T17:13:34+03:00,2026-09-01T21:58:44+03:00,4.8,17,21,128376,https://t.me/kievreal1/128376,Бориспіль - до вас другий
2026-09-01,18,Броварський,Бровари,2026-09-01T17:13:34+03:00,2026-09-01T21:58:44+03:00,4.8,17,21,128379,https://t.me/kievreal1/128379,"Шулявка, Лук’янівка, Бровари — увага по бпла! P.S про рух шахедів в онлайн-режимі пишуть тут – t.me/tryvoga_kyiv"
2026-09-01,18,Вишгородський,Вишгород,2026-09-01T17:13:34+03:00,2026-09-01T21:58:44+03:00,4.8,17,21,128382,https://t.me/kievreal1/128382,"На Петрівці/ Вишгород від Пущі, на Українку від Борисполя"
2026-09-01,18,Обухівський,Українка,2026-09-01T17:13:34+03:00,2026-09-01T21:58:44+03:00,4.8,17,21,128382,https://t.me/kievreal1/128382,"На Петрівці/ Вишгород від Пущі, на Українку від Борисполя"
2026-09-01,18,Бориспільський,Бориспіль,2026-09-01T17:13:34+03:00,2026-09-01T21:58:44+03:00,4.8,17,21,128382,https://t.me/kievreal1/128382,"На Петрівці/ Вишгород від Пущі, на Українку від Борисполя"
2026-09-01,18,Вишгородський,Лебедівка,2026-09-01T17:13:34+03:00,2026-09-01T21:58:44+03:00,4.8,17,21,128383,https://t.me/kievreal1/128383,Лебедівка увага І від Славутича 2
2026-09-01,18,Вишгородський,Славутич,2026-09-01T17:13:34+03:00,2026-09-01T21:58:44+03:00,4.8,17,21,128383,https://t.me/kievreal1/128383,Лебедівка увага І від Славутича 2
2026-09-01,19,Бориспільський,Бориспіль,2026-09-01T17:13:34+03:00,2026-09-01T21:58:44+03:00,4.8,17,21,128384,https://t.me/kievreal1/128384,Знову Бориспіль від Українки
2026-09-01,19,Обухівський,Українка,2026-09-01T17:13:34+03:00,2026-09-01T21:58:44+03:00,4.8,17,21,128384,https://t.me/kievreal1/128384,Знову Бориспіль від Українки
2026-09-01,19,Броварський,Бровари,2026-09-01T17:13:34+03:00,2026-09-01T21:58:44+03:00,4.8,17,21,128385,https://t.me/kievreal1/128385,"На Бровари від Борисполя Тим часом у КМВА повідомили, що в Шевченківському районі виникло загоряння травяного настилу та дерев на відкритій…"
2026-09-01,19,Бориспільський,Бориспіль,2026-09-01T17:13:34+03:00,2026-09-01T21:58:44+03:00,4.8,17,21,128385,https://t.me/kievreal1/128385,"На Бровари від Борисполя Тим часом у КМВА повідомили, що в Шевченківському районі виникло загоряння травяного настилу та дерев на відкритій…"
2026-09-01,19,Обухівський,Козин,2026-09-01T17:13:34+03:00,2026-09-01T21:58:44+03:00,4.8,17,21,128386,https://t.me/kievreal1/128386,На Козин
2026-09-01,19,Броварський,Бровари,2026-09-01T17:13:34+03:00,2026-09-01T21:58:44+03:00,4.8,17,21,128390,https://t.me/kievreal1/128390,І в сторону Броварів
2026-09-01,19,Броварський,Бровари,2026-09-01T17:13:34+03:00,2026-09-01T21:58:44+03:00,4.8,17,21,128391,https://t.me/kievreal1/128391,І в сторону Броварів
2026-09-01,19,Обухівський,Васильків,2026-09-01T17:13:34+03:00,2026-09-01T21:58:44+03:00,4.8,17,21,128399,https://t.me/kievreal1/128399,"Васильків, Українка обережно"
2026-09-01,19,Обухівський,Українка,2026-09-01T17:13:34+03:00,2026-09-01T21:58:44+03:00,4.8,17,21,128399,https://t.me/kievreal1/128399,"Васильків, Українка обережно"
2026-09-01,19,Бориспільський,Яготин,2026-09-01T17:13:34+03:00,2026-09-01T21:58:44+03:00,4.8,17,21,128400,https://t.me/kievreal1/128400,1 на Яготин
2026-09-01,19,Обухівський,Васильків,2026-09-01T17:13:34+03:00,2026-09-01T21:58:44+03:00,4.8,17,21,128401,https://t.me/kievreal1/128401,"Васильків, Українка обережно"
2026-09-01,19,Обухівський,Українка,2026-09-01T17:13:34+03:00,2026-09-01T21:58:44+03:00,4.8,17,21,128401,https://t.me/kievreal1/128401,"Васильків, Українка обережно"
2026-09-01,19,Бучанський,Гостомель,2026-09-01T17:13:34+03:00,2026-09-01T21:58:44+03:00,4.8,17,21,128408,https://t.me/kievreal1/128408,"Гостомель , Коцюбинське — увага"
2026-09-01,19,Бучанський,Коцюбинське,2026-09-01T17:13:34+03:00,2026-09-01T21:58:44+03:00,4.8,17,21,128408,https://t.me/kievreal1/128408,"Гостомель , Коцюбинське — увага"
2026-09-01,19,Вишгородський,Вишгород,2026-09-01T17:13:34+03:00,2026-09-01T21:58:44+03:00,4.8,17,21,128409,https://t.me/kievreal1/128409,Вишгород/ Петрівці 2
2026-09-01,19,Бориспільський,Бориспіль,2026-09-01T17:13:34+03:00,2026-09-01T21:58:44+03:00,4.8,17,21,128410,https://t.me/kievreal1/128410,З півночі на Бориспіль
2026-09-01,19,Вишгородський,Димер,2026-09-01T17:13:34+03:00,2026-09-01T21:58:44+03:00,4.8,17,21,128411,https://t.me/kievreal1/128411,Димер і Пуща теж увага
2026-09-01,19,Бучанський,Ірпінь,2026-09-01T17:13:34+03:00,2026-09-01T21:58:44+03:00,4.8,17,21,128412,https://t.me/kievreal1/128412,Ірпінь обережно
2026-09-01,19,Бучанський,Бородянка,2026-09-01T17:13:34+03:00,2026-09-01T21:58:44+03:00,4.8,17,21,128413,https://t.me/kievreal1/128413,"Бородянка, Бортничі, Вишневе"
2026-09-01,19,Бучанський,Вишневе,2026-09-01T17:13:34+03:00,2026-09-01T21:58:44+03:00,4.8,17,21,128413,https://t.me/kievreal1/128413,"Бородянка, Бортничі, Вишневе"
2026-09-01,19,Бучанський,Борщагівка,2026-09-01T17:13:34+03:00,2026-09-01T21:58:44+03:00,4.8,17,21,128414,https://t.me/kievreal1/128414,Борщагівки
2026-09-01,19,Бучанський,Ірпінь,2026-09-01T17:13:34+03:00,2026-09-01T21:58:44+03:00,4.8,17,21,128417,https://t.me/kievreal1/128417,"Русанівка, Воскресенка, Ірпінь уважно"
2026-09-01,19,Обухівський,Глеваха,2026-09-01T17:13:34+03:00,2026-09-01T21:58:44+03:00,4.8,17,21,128419,https://t.me/kievreal1/128419,1 на Центр 1 Глеваха
2026-09-01,19,Обухівський,Миронівка,2026-09-01T17:13:34+03:00,2026-09-01T21:58:44+03:00,4.8,17,21,128422,https://t.me/kievreal1/128422,З Черкащини на Миронівку
2026-09-01,19,Бучанський,Коцюбинське,2026-09-01T17:13:34+03:00,2026-09-01T21:58:44+03:00,4.8,17,21,128424,https://t.me/kievreal1/128424,Коцюбинське увага
2026-09-01,19,Вишгородський,Вишгород,2026-09-01T17:13:34+03:00,2026-09-01T21:58:44+03:00,4.8,17,21,128429,https://t.me/kievreal1/128429,На Вишгород
2026-09-01,19,Бучанський,Гостомель,2026-09-01T17:13:34+03:00,2026-09-01T21:58:44+03:00,4.8,17,21,128430,https://t.me/kievreal1/128430,Гостомель
2026-09-01,20,Бучанський,Гостомель,2026-09-01T17:13:34+03:00,2026-09-01T21:58:44+03:00,4.8,17,21,128431,https://t.me/kievreal1/128431,Гостомель
2026-09-01,20,Обухівський,Кагарлик,2026-09-01T17:13:34+03:00,2026-09-01T21:58:44+03:00,4.8,17,21,128432,https://t.me/kievreal1/128432,Кагарлик — увага
2026-09-01,20,Вишгородський,Вишгород,2026-09-01T17:13:34+03:00,2026-09-01T21:58:44+03:00,4.8,17,21,128434,https://t.me/kievreal1/128434,Вишгород!
2026-09-01,20,Обухівський,Васильків,2026-09-01T17:13:34+03:00,2026-09-01T21:58:44+03:00,4.8,17,21,128435,https://t.me/kievreal1/128435,"Васильків, Бровари"
2026-09-01,20,Броварський,Бровари,2026-09-01T17:13:34+03:00,2026-09-01T21:58:44+03:00,4.8,17,21,128435,https://t.me/kievreal1/128435,"Васильків, Бровари"
2026-09-01,20,Фастівський,Гатне,2026-09-01T17:13:34+03:00,2026-09-01T21:58:44+03:00,4.8,17,21,128436,https://t.me/kievreal1/128436,На Гатне!
2026-09-01,20,Бучанський,Бучанський,2026-09-01T17:13:34+03:00,2026-09-01T21:58:44+03:00,4.8,17,21,128440,https://t.me/kievreal1/128440,"Великий стовп диму видніється в Бучанському районі У Борщагівській сільській раді раніше повідомили, що від чергової ворожої атаки у Чайках…"
2026-09-01,20,Броварський,Бровари,2026-09-01T17:13:34+03:00,2026-09-01T21:58:44+03:00,4.8,17,21,128452,https://t.me/kievreal1/128452,1 бпла на Бровари 2 на Димерку
2026-09-01,20,Броварський,Бровари,2026-09-01T17:13:34+03:00,2026-09-01T21:58:44+03:00,4.8,17,21,128459,https://t.me/kievreal1/128459,Від Броварів на Дударків
2026-09-01,20,Фастівський,Гатне,2026-09-01T17:13:34+03:00,2026-09-01T21:58:44+03:00,4.8,17,21,128460,https://t.me/kievreal1/128460,"Чабани, Гатне"
2026-09-01,20,Бучанський,Чайки,2026-09-01T17:13:34+03:00,2026-09-01T21:58:44+03:00,4.8,17,21,128462,https://t.me/kievreal1/128462,Чайки! До вас
2026-09-01,20,Бучанський,Ірпінь,2026-09-01T17:13:34+03:00,2026-09-01T21:58:44+03:00,4.8,17,21,128464,https://t.me/kievreal1/128464,Ірпінь - увага!
2026-09-01,21,Фастівський,Крюківщина,2026-09-01T17:13:34+03:00,2026-09-01T21:58:44+03:00,4.8,17,21,128474,https://t.me/kievreal1/128474,Крюківщина увага!
2026-09-01,21,Вишгородський,Славутич,2026-09-01T17:13:34+03:00,2026-09-01T21:58:44+03:00,4.8,17,21,128476,https://t.me/kievreal1/128476,Від Славутича нові 2
2026-09-01,21,Вишгородський,Димер,2026-09-01T17:13:34+03:00,2026-09-01T21:58:44+03:00,4.8,17,21,128478,https://t.me/kievreal1/128478,2 бпла на Димер
2026-09-01,21,Вишгородський,Димер,2026-09-01T17:13:34+03:00,2026-09-01T21:58:44+03:00,4.8,17,21,128479,https://t.me/kievreal1/128479,2 бпла на Димер
2026-09-01,21,Вишгородський,Вишгород,2026-09-01T17:13:34+03:00,2026-09-01T21:58:44+03:00,4.8,17,21,128480,https://t.me/kievreal1/128480,Вишгород увага
2026-09-01,21,Броварський,Бровари,2026-09-01T17:13:34+03:00,2026-09-01T21:58:44+03:00,4.8,17,21,128481,https://t.me/kievreal1/128481,Бровари / Троєщина
2026-09-01,21,Бучанський,Вишневе,2026-09-01T17:13:34+03:00,2026-09-01T21:58:44+03:00,4.8,17,21,128482,https://t.me/kievreal1/128482,"У Вишневому влучання в приватному секторі в один із будинків. На місці всі служби. Потерпілим надається на місці медична допомога, – Муніци…"
2026-09-01,21,Бучанський,Бучанський,2026-09-01T17:13:34+03:00,2026-09-01T21:58:44+03:00,4.8,17,21,128484,https://t.me/kievreal1/128484,"Шосту добу не припиняються атаки на Київщину. Сьогодні у Бучанському районі рф знову вдарила по складських приміщеннях, - повідомили в КОВА…"
2026-09-01,21,Броварський,Броварський,2026-09-01T17:13:34+03:00,2026-09-01T21:58:44+03:00,4.8,17,21,128484,https://t.me/kievreal1/128484,"Шосту добу не припиняються атаки на Київщину. Сьогодні у Бучанському районі рф знову вдарила по складських приміщеннях, - повідомили в КОВА…"
2026-09-02,3,Вишгородський,Іванків,2026-09-02T03:13:34+03:00,2026-09-02T03:38:14+03:00,0.4,3,3,128496,https://t.me/kievreal1/128496,1 реактивний БпЛА на Іванків
2026-09-02,3,Вишгородський,Іванків,2026-09-02T03:13:34+03:00,2026-09-02T03:38:14+03:00,0.4,3,3,128497,https://t.me/kievreal1/128497,1 реактивний БпЛА на Іванків
2026-09-02,3,Бучанський,Гостомель,2026-09-02T03:13:34+03:00,2026-09-02T03:38:14+03:00,0.4,3,3,128499,https://t.me/kievreal1/128499,1 реактивний БпЛА на Гостомель
2026-09-02,4,Бучанський,Гостомель,2026-09-02T04:30:24+03:00,2026-09-02T06:33:44+03:00,2.1,4,6,128503,https://t.me/kievreal1/128503,1 реактивний БпЛА на Гостомель upd: без фіксації
2026-09-02,4,Вишгородський,Страхолісся,2026-09-02T04:30:24+03:00,2026-09-02T06:33:44+03:00,2.1,4,6,128504,https://t.me/kievreal1/128504,1 реактивний БпЛА на Страхолісся
2026-09-02,5,Вишгородський,Страхолісся,2026-09-02T04:30:24+03:00,2026-09-02T06:33:44+03:00,2.1,4,6,128505,https://t.me/kievreal1/128505,1 реактивний БпЛА на Страхолісся 2 реактивні БпЛА на Яготин
2026-09-02,5,Бориспільський,Яготин,2026-09-02T04:30:24+03:00,2026-09-02T06:33:44+03:00,2.1,4,6,128505,https://t.me/kievreal1/128505,1 реактивний БпЛА на Страхолісся 2 реактивні БпЛА на Яготин
2026-09-02,5,Вишгородський,Чорнобиль,2026-09-02T04:30:24+03:00,2026-09-02T06:33:44+03:00,2.1,4,6,128508,https://t.me/kievreal1/128508,3 реактивні БпЛА на Чорнобиль 2 реактивні БпЛА на Яготин
2026-09-02,5,Бориспільський,Яготин,2026-09-02T04:30:24+03:00,2026-09-02T06:33:44+03:00,2.1,4,6,128508,https://t.me/kievreal1/128508,3 реактивні БпЛА на Чорнобиль 2 реактивні БпЛА на Яготин
2026-09-02,5,Вишгородський,Чорнобиль,2026-09-02T04:30:24+03:00,2026-09-02T06:33:44+03:00,2.1,4,6,128509,https://t.me/kievreal1/128509,3 реактивні БпЛА на Чорнобиль 1 реактивний БпЛА на Переяслав 1 реактивний БпЛА на Страхолісся 1 реактивний БпЛА на Іванків 1 реактивний БпЛ…
2026-09-02,5,Бориспільський,Переяслав,2026-09-02T04:30:24+03:00,2026-09-02T06:33:44+03:00,2.1,4,6,128509,https://t.me/kievreal1/128509,3 реактивні БпЛА на Чорнобиль 1 реактивний БпЛА на Переяслав 1 реактивний БпЛА на Страхолісся 1 реактивний БпЛА на Іванків 1 реактивний БпЛ…
2026-09-02,5,Вишгородський,Страхолісся,2026-09-02T04:30:24+03:00,2026-09-02T06:33:44+03:00,2.1,4,6,128509,https://t.me/kievreal1/128509,3 реактивні БпЛА на Чорнобиль 1 реактивний БпЛА на Переяслав 1 реактивний БпЛА на Страхолісся 1 реактивний БпЛА на Іванків 1 реактивний БпЛ…
2026-09-02,5,Вишгородський,Іванків,2026-09-02T04:30:24+03:00,2026-09-02T06:33:44+03:00,2.1,4,6,128509,https://t.me/kievreal1/128509,3 реактивні БпЛА на Чорнобиль 1 реактивний БпЛА на Переяслав 1 реактивний БпЛА на Страхолісся 1 реактивний БпЛА на Іванків 1 реактивний БпЛ…
2026-09-02,5,Вишгородський,Жукин,2026-09-02T04:30:24+03:00,2026-09-02T06:33:44+03:00,2.1,4,6,128509,https://t.me/kievreal1/128509,3 реактивні БпЛА на Чорнобиль 1 реактивний БпЛА на Переяслав 1 реактивний БпЛА на Страхолісся 1 реактивний БпЛА на Іванків 1 реактивний БпЛ…
2026-09-02,5,Бучанський,Немішаєве,2026-09-02T04:30:24+03:00,2026-09-02T06:33:44+03:00,2.1,4,6,128510,https://t.me/kievreal1/128510,1 реактивний БпЛА на Немішаєве 1 реактивний БпЛА на Жукин 1 реактивний БпЛА на Трипілля 2 реактивні БпЛА на Яготин 2 реактивні БпЛА на Чорн…
2026-09-02,5,Вишгородський,Жукин,2026-09-02T04:30:24+03:00,2026-09-02T06:33:44+03:00,2.1,4,6,128510,https://t.me/kievreal1/128510,1 реактивний БпЛА на Немішаєве 1 реактивний БпЛА на Жукин 1 реактивний БпЛА на Трипілля 2 реактивні БпЛА на Яготин 2 реактивні БпЛА на Чорн…
2026-09-02,5,Бориспільський,Яготин,2026-09-02T04:30:24+03:00,2026-09-02T06:33:44+03:00,2.1,4,6,128510,https://t.me/kievreal1/128510,1 реактивний БпЛА на Немішаєве 1 реактивний БпЛА на Жукин 1 реактивний БпЛА на Трипілля 2 реактивні БпЛА на Яготин 2 реактивні БпЛА на Чорн…
2026-09-02,5,Вишгородський,Чорнобиль,2026-09-02T04:30:24+03:00,2026-09-02T06:33:44+03:00,2.1,4,6,128510,https://t.me/kievreal1/128510,1 реактивний БпЛА на Немішаєве 1 реактивний БпЛА на Жукин 1 реактивний БпЛА на Трипілля 2 реактивні БпЛА на Яготин 2 реактивні БпЛА на Чорн…
2026-09-02,6,Бучанський,Немішаєве,2026-09-02T04:30:24+03:00,2026-09-02T06:33:44+03:00,2.1,4,6,128511,https://t.me/kievreal1/128511,1 реактивний БпЛА на Немішаєве 1 реактивний БпЛА на Бородянку 1 реактивний БпЛА на Димер 2 реактивні БпЛА на Баришівку
2026-09-02,6,Бучанський,Бородянка,2026-09-02T04:30:24+03:00,2026-09-02T06:33:44+03:00,2.1,4,6,128511,https://t.me/kievreal1/128511,1 реактивний БпЛА на Немішаєве 1 реактивний БпЛА на Бородянку 1 реактивний БпЛА на Димер 2 реактивні БпЛА на Баришівку
2026-09-02,6,Вишгородський,Димер,2026-09-02T04:30:24+03:00,2026-09-02T06:33:44+03:00,2.1,4,6,128511,https://t.me/kievreal1/128511,1 реактивний БпЛА на Немішаєве 1 реактивний БпЛА на Бородянку 1 реактивний БпЛА на Димер 2 реактивні БпЛА на Баришівку
2026-09-02,6,Броварський,Баришівка,2026-09-02T04:30:24+03:00,2026-09-02T06:33:44+03:00,2.1,4,6,128511,https://t.me/kievreal1/128511,1 реактивний БпЛА на Немішаєве 1 реактивний БпЛА на Бородянку 1 реактивний БпЛА на Димер 2 реактивні БпЛА на Баришівку
2026-09-02,6,Вишгородський,Чорнобиль,2026-09-02T04:30:24+03:00,2026-09-02T06:33:44+03:00,2.1,4,6,128512,https://t.me/kievreal1/128512,1 реактивний БпЛА на Чорнобиль 2 реактивні БпЛА на Велику Димерку
2026-09-02,6,Броварський,Велика Димерка,2026-09-02T04:30:24+03:00,2026-09-02T06:33:44+03:00,2.1,4,6,128512,https://t.me/kievreal1/128512,1 реактивний БпЛА на Чорнобиль 2 реактивні БпЛА на Велику Димерку
2026-09-02,6,Вишгородський,Іванків,2026-09-02T04:30:24+03:00,2026-09-02T06:33:44+03:00,2.1,4,6,128513,https://t.me/kievreal1/128513,1 реактивний БпЛА на Іванків 2 реактивні БпЛА на Бровари
2026-09-02,6,Броварський,Бровари,2026-09-02T04:30:24+03:00,2026-09-02T06:33:44+03:00,2.1,4,6,128513,https://t.me/kievreal1/128513,1 реактивний БпЛА на Іванків 2 реактивні БпЛА на Бровари
2026-09-02,6,Вишгородський,Іванків,2026-09-02T04:30:24+03:00,2026-09-02T06:33:44+03:00,2.1,4,6,128515,https://t.me/kievreal1/128515,1 реактивний БпЛА на Іванків 1 реактивний БпЛА на Княжичі
2026-09-02,6,Броварський,Бровари,2026-09-02T04:30:24+03:00,2026-09-02T06:33:44+03:00,2.1,4,6,128516,https://t.me/kievreal1/128516,1 реактивний БпЛА на Бровари 1 реактивний БпЛА на Гостомель upd: без фіксації
2026-09-02,6,Бучанський,Гостомель,2026-09-02T04:30:24+03:00,2026-09-02T06:33:44+03:00,2.1,4,6,128516,https://t.me/kievreal1/128516,1 реактивний БпЛА на Бровари 1 реактивний БпЛА на Гостомель upd: без фіксації
2026-09-02,7,Бучанський,Гостомель,2026-09-02T06:54:14+03:00,2026-09-02T09:22:24+03:00,2.5,6,9,128520,https://t.me/kievreal1/128520,2 реактивні БпЛА на Гостомель 1 реактивний БпЛА на Миронівку
2026-09-02,7,Обухівський,Миронівка,2026-09-02T06:54:14+03:00,2026-09-02T09:22:24+03:00,2.5,6,9,128520,https://t.me/kievreal1/128520,2 реактивні БпЛА на Гостомель 1 реактивний БпЛА на Миронівку
2026-09-02,7,Бучанський,Коцюбинське,2026-09-02T06:54:14+03:00,2026-09-02T09:22:24+03:00,2.5,6,9,128522,https://t.me/kievreal1/128522,1 реактивний БпЛА на Коцюбинське 1 реактивний БпЛА на Ворзель
2026-09-02,7,Бучанський,Ворзель,2026-09-02T06:54:14+03:00,2026-09-02T09:22:24+03:00,2.5,6,9,128522,https://t.me/kievreal1/128522,1 реактивний БпЛА на Коцюбинське 1 реактивний БпЛА на Ворзель
2026-09-02,7,Бучанський,Бучанський,2026-09-02T06:54:14+03:00,2026-09-02T09:22:24+03:00,2.5,6,9,128523,https://t.me/kievreal1/128523,👩🏻‍🚒 На Київщині ліквідовано загоряння трьох складських приміщень Увечері 1 вересня ворог завдав удару по трьох складських приміщеннях у Бу…
2026-09-02,7,Бучанський,Коцюбинське,2026-09-02T06:54:14+03:00,2026-09-02T09:22:24+03:00,2.5,6,9,128530,https://t.me/kievreal1/128530,1 реактивний БпЛА на Жуляни 1 реактивний БпЛА на Коцюбинське
2026-09-02,7,Обухівський,Обухів,2026-09-02T06:54:14+03:00,2026-09-02T09:22:24+03:00,2.5,6,9,128533,https://t.me/kievreal1/128533,1 реактивний БпЛА на Обухів 1 реактивний БпЛА на Українку 1 реактивний БпЛА на Баришівку 1 реактивний БпЛА на Київ
2026-09-02,7,Обухівський,Українка,2026-09-02T06:54:14+03:00,2026-09-02T09:22:24+03:00,2.5,6,9,128533,https://t.me/kievreal1/128533,1 реактивний БпЛА на Обухів 1 реактивний БпЛА на Українку 1 реактивний БпЛА на Баришівку 1 реактивний БпЛА на Київ
2026-09-02,7,Броварський,Баришівка,2026-09-02T06:54:14+03:00,2026-09-02T09:22:24+03:00,2.5,6,9,128533,https://t.me/kievreal1/128533,1 реактивний БпЛА на Обухів 1 реактивний БпЛА на Українку 1 реактивний БпЛА на Баришівку 1 реактивний БпЛА на Київ
2026-09-02,7,Фастівський,Боярка,2026-09-02T06:54:14+03:00,2026-09-02T09:22:24+03:00,2.5,6,9,128535,https://t.me/kievreal1/128535,1 реактивний БпЛА на Боярка
2026-09-02,7,Броварський,Бровари,2026-09-02T06:54:14+03:00,2026-09-02T09:22:24+03:00,2.5,6,9,128536,https://t.me/kievreal1/128536,1 реактивний БпЛА на Бровари 1 реактивний БпЛА на Яготин
2026-09-02,7,Бориспільський,Яготин,2026-09-02T06:54:14+03:00,2026-09-02T09:22:24+03:00,2.5,6,9,128536,https://t.me/kievreal1/128536,1 реактивний БпЛА на Бровари 1 реактивний БпЛА на Яготин
2026-09-02,7,Броварський,Бровари,2026-09-02T06:54:14+03:00,2026-09-02T09:22:24+03:00,2.5,6,9,128537,https://t.me/kievreal1/128537,1 реактивний БпЛА на Бровари 1 реактивний БпЛА на Березань
2026-09-02,7,Бориспільський,Березань,2026-09-02T06:54:14+03:00,2026-09-02T09:22:24+03:00,2.5,6,9,128537,https://t.me/kievreal1/128537,1 реактивний БпЛА на Бровари 1 реактивний БпЛА на Березань
2026-09-02,7,Бориспільський,Переяслав,2026-09-02T06:54:14+03:00,2026-09-02T09:22:24+03:00,2.5,6,9,128538,https://t.me/kievreal1/128538,1 реактивний БпЛА на Переяслав
2026-09-02,7,Бориспільський,Яготин,2026-09-02T06:54:14+03:00,2026-09-02T09:22:24+03:00,2.5,6,9,128540,https://t.me/kievreal1/128540,1 реактивний БпЛА на Яготин
2026-09-02,8,Броварський,Бровари,2026-09-02T06:54:14+03:00,2026-09-02T09:22:24+03:00,2.5,6,9,128544,https://t.me/kievreal1/128544,"Бровари , Бориспіль – увага по бпла"
2026-09-02,8,Бориспільський,Бориспіль,2026-09-02T06:54:14+03:00,2026-09-02T09:22:24+03:00,2.5,6,9,128544,https://t.me/kievreal1/128544,"Бровари , Бориспіль – увага по бпла"
2026-09-02,8,Бориспільський,Бориспіль,2026-09-02T06:54:14+03:00,2026-09-02T09:22:24+03:00,2.5,6,9,128546,https://t.me/kievreal1/128546,"Переслав, Бориспіль увага"
2026-09-02,8,Бориспільський,Яготин,2026-09-02T06:54:14+03:00,2026-09-02T09:22:24+03:00,2.5,6,9,128552,https://t.me/kievreal1/128552,БпЛА на Яготин з Черкащини
2026-09-02,9,Бучанський,Бучанський,2026-09-02T06:54:14+03:00,2026-09-02T09:22:24+03:00,2.5,6,9,128555,https://t.me/kievreal1/128555,"Через атаку цим ранком у Бучанському районі чоловік отримав осколкове поранення стегна, у Броварському — жінка з уламковими пораненнями рук…"
2026-09-02,9,Броварський,Броварський,2026-09-02T06:54:14+03:00,2026-09-02T09:22:24+03:00,2.5,6,9,128555,https://t.me/kievreal1/128555,"Через атаку цим ранком у Бучанському районі чоловік отримав осколкове поранення стегна, у Броварському — жінка з уламковими пораненнями рук…"
2026-09-02,9,Бориспільський,Бориспільський,2026-09-02T06:54:14+03:00,2026-09-02T09:22:24+03:00,2.5,6,9,128555,https://t.me/kievreal1/128555,"Через атаку цим ранком у Бучанському районі чоловік отримав осколкове поранення стегна, у Броварському — жінка з уламковими пораненнями рук…"
2026-09-02,9,Броварський,Бровари,2026-09-02T06:54:14+03:00,2026-09-02T09:22:24+03:00,2.5,6,9,128557,https://t.me/kievreal1/128557,На Бровари бпла знову
2026-09-02,9,Вишгородський,Іванків,2026-09-02T09:40:54+03:00,2026-09-02T10:47:54+03:00,1.1,9,10,128568,https://t.me/kievreal1/128568,Іванків – до вас! + з брянська нові
2026-09-02,9,Бучанський,Бородянка,2026-09-02T09:40:54+03:00,2026-09-02T10:47:54+03:00,1.1,9,10,128569,https://t.me/kievreal1/128569,В бік Бородянки бпла Слідкуємо за траєкторією ⬅️
2026-09-02,10,Бучанський,Макарів,2026-09-02T09:40:54+03:00,2026-09-02T10:47:54+03:00,1.1,9,10,128570,https://t.me/kievreal1/128570,2 на Макарів 4 на Славутич 1 Страхолісся
2026-09-02,10,Вишгородський,Славутич,2026-09-02T09:40:54+03:00,2026-09-02T10:47:54+03:00,1.1,9,10,128570,https://t.me/kievreal1/128570,2 на Макарів 4 на Славутич 1 Страхолісся
2026-09-02,10,Вишгородський,Страхолісся,2026-09-02T09:40:54+03:00,2026-09-02T10:47:54+03:00,1.1,9,10,128570,https://t.me/kievreal1/128570,2 на Макарів 4 на Славутич 1 Страхолісся
2026-09-02,10,Обухівський,Глеваха,2026-09-02T09:40:54+03:00,2026-09-02T10:47:54+03:00,1.1,9,10,128572,https://t.me/kievreal1/128572,"Глеваха, Боярка уважно"
2026-09-02,10,Фастівський,Боярка,2026-09-02T09:40:54+03:00,2026-09-02T10:47:54+03:00,1.1,9,10,128572,https://t.me/kievreal1/128572,"Глеваха, Боярка уважно"
2026-09-02,10,Бучанський,Святопетрівське,2026-09-02T09:40:54+03:00,2026-09-02T10:47:54+03:00,1.1,9,10,128573,https://t.me/kievreal1/128573,На Святопетрівське
2026-09-02,10,Бучанський,Вишневе,2026-09-02T09:40:54+03:00,2026-09-02T10:47:54+03:00,1.1,9,10,128575,https://t.me/kievreal1/128575,На Вишневе бпла
2026-09-02,10,Бучанський,Вишневе,2026-09-02T09:40:54+03:00,2026-09-02T10:47:54+03:00,1.1,9,10,128576,https://t.me/kievreal1/128576,На Вишневе бпла
2026-09-02,10,Бучанський,Святопетрівське,2026-09-02T09:40:54+03:00,2026-09-02T10:47:54+03:00,1.1,9,10,128579,https://t.me/kievreal1/128579,Святопетрівське другий
2026-09-02,10,Бучанський,Святопетрівське,2026-09-02T09:40:54+03:00,2026-09-02T10:47:54+03:00,1.1,9,10,128581,https://t.me/kievreal1/128581,Святопетрівське другий
2026-09-02,10,Бучанський,Вишневе,2026-09-02T09:40:54+03:00,2026-09-02T10:47:54+03:00,1.1,9,10,128593,https://t.me/kievreal1/128593,"Вишневе, Софіївська"
2026-09-02,10,Бучанський,Святопетрівське,2026-09-02T09:40:54+03:00,2026-09-02T10:47:54+03:00,1.1,9,10,128594,https://t.me/kievreal1/128594,Феофанія і Святопетрівське уважно
2026-09-02,10,Фастівський,Гатне,2026-09-02T09:40:54+03:00,2026-09-02T10:47:54+03:00,1.1,9,10,128595,https://t.me/kievreal1/128595,Гатне
2026-09-02,10,Вишгородський,Страхолісся,2026-09-02T09:40:54+03:00,2026-09-02T10:47:54+03:00,1.1,9,10,128602,https://t.me/kievreal1/128602,2 біля Страхолісся 2 від Славутича
2026-09-02,10,Вишгородський,Славутич,2026-09-02T09:40:54+03:00,2026-09-02T10:47:54+03:00,1.1,9,10,128602,https://t.me/kievreal1/128602,2 біля Страхолісся 2 від Славутича
2026-09-02,10,Фастівський,Гатне,2026-09-02T09:40:54+03:00,2026-09-02T10:47:54+03:00,1.1,9,10,128605,https://t.me/kievreal1/128605,"Лівобережка, Гатне увага"
2026-09-02,10,Фастівський,Гатне,2026-09-02T09:40:54+03:00,2026-09-02T10:47:54+03:00,1.1,9,10,128608,https://t.me/kievreal1/128608,На Гатне 2 йдуть
2026-09-02,10,Вишгородський,Димер,2026-09-02T09:40:54+03:00,2026-09-02T10:47:54+03:00,1.1,9,10,128609,https://t.me/kievreal1/128609,З північного напрямку 2 на Димер
2026-09-02,10,Фастівський,Гатне,2026-09-02T09:40:54+03:00,2026-09-02T10:47:54+03:00,1.1,9,10,128610,https://t.me/kievreal1/128610,На Гатне 2 йдуть
2026-09-02,10,Вишгородський,Іванків,2026-09-02T09:40:54+03:00,2026-09-02T10:47:54+03:00,1.1,9,10,128613,https://t.me/kievreal1/128613,Із ЧЗВ на Іванків
2026-09-02,10,Обухівський,Васильків,2026-09-02T09:40:54+03:00,2026-09-02T10:47:54+03:00,1.1,9,10,128619,https://t.me/kievreal1/128619,Васильків увага
2026-09-02,10,Обухівський,Глеваха,2026-09-02T09:40:54+03:00,2026-09-02T10:47:54+03:00,1.1,9,10,128620,https://t.me/kievreal1/128620,2 Глеваха
2026-09-02,10,Вишгородський,Вишгород,2026-09-02T09:40:54+03:00,2026-09-02T10:47:54+03:00,1.1,9,10,128621,https://t.me/kievreal1/128621,"Попередні без фіксації, але вже на Вишгород є"
2026-09-02,10,Бучанський,Ірпінь,2026-09-02T09:40:54+03:00,2026-09-02T10:47:54+03:00,1.1,9,10,128622,https://t.me/kievreal1/128622,Ірпінь увага теж
2026-09-02,10,Бучанський,Ірпінь,2026-09-02T09:40:54+03:00,2026-09-02T10:47:54+03:00,1.1,9,10,128623,https://t.me/kievreal1/128623,Ірпінь увага теж
2026-09-02,10,Бучанський,Гостомель,2026-09-02T09:40:54+03:00,2026-09-02T10:47:54+03:00,1.1,9,10,128626,https://t.me/kievreal1/128626,1 Центр 1 Гостомель
2026-09-02,10,Вишгородський,Вишгород,2026-09-02T09:40:54+03:00,2026-09-02T10:47:54+03:00,1.1,9,10,128629,https://t.me/kievreal1/128629,В районі Вишгорода 1
2026-09-02,10,Вишгородський,Вишгород,2026-09-02T09:40:54+03:00,2026-09-02T10:47:54+03:00,1.1,9,10,128630,https://t.me/kievreal1/128630,В районі Вишгорода 1
2026-09-02,11,Бориспільський,Переяслав,2026-09-02T11:15:54+03:00,2026-09-02T11:20:44+03:00,0.1,11,11,128646,https://t.me/kievreal1/128646,🚨 КИЇВСЬКА ОБЛАСТЬ - ОГОЛОШЕНА ПОВІТРЯНА ТРИВОГА Реактивний бпла на Переяслав
2026-09-02,11,Вишгородський,Десна,2026-09-02T11:54:54+03:00,2026-09-02T13:34:24+03:00,1.7,11,13,128654,https://t.me/kievreal1/128654,🚨 КИЇВСЬКА ОБЛАСТЬ - ОГОЛОШЕНА ПОВІТРЯНА ТРИВОГА 2 бпла на Десну
2026-09-02,12,Броварський,Бровари,2026-09-02T11:54:54+03:00,2026-09-02T13:34:24+03:00,1.7,11,13,128660,https://t.me/kievreal1/128660,БпЛА на Бровари
2026-09-02,12,Бориспільський,Гнідин,2026-09-02T11:54:54+03:00,2026-09-02T13:34:24+03:00,1.7,11,13,128682,https://t.me/kievreal1/128682,Гнідин увага ще
2026-09-02,12,Бориспільський,Гнідин,2026-09-02T11:54:54+03:00,2026-09-02T13:34:24+03:00,1.7,11,13,128689,https://t.me/kievreal1/128689,Гнідин увага
2026-09-02,13,Броварський,Згурівка,2026-09-02T11:54:54+03:00,2026-09-02T13:34:24+03:00,1.7,11,13,128710,https://t.me/kievreal1/128710,На Згурівку бпла
2026-09-02,13,Бориспільський,Переяслав,2026-09-02T11:54:54+03:00,2026-09-02T13:34:24+03:00,1.7,11,13,128711,https://t.me/kievreal1/128711,"Переяслав, Березань та Баришівка — уважно по бпла"
2026-09-02,13,Бориспільський,Березань,2026-09-02T11:54:54+03:00,2026-09-02T13:34:24+03:00,1.7,11,13,128711,https://t.me/kievreal1/128711,"Переяслав, Березань та Баришівка — уважно по бпла"
2026-09-02,13,Броварський,Баришівка,2026-09-02T11:54:54+03:00,2026-09-02T13:34:24+03:00,1.7,11,13,128711,https://t.me/kievreal1/128711,"Переяслав, Березань та Баришівка — уважно по бпла"
2026-09-02,13,Броварський,Згурівка,2026-09-02T11:54:54+03:00,2026-09-02T13:34:24+03:00,1.7,11,13,128712,https://t.me/kievreal1/128712,2 на Згурівку
